ACCENUMB,y_true,y_pred,y_proba,DOI,CURATION,GENUS,SPECIES,GRIN_NAME,ORIGCTY,COLLSITE,DECLATITUDE,DECLONGITUDE,SAMPSTAT,ELEVATION,COLLSRC,MODCF_CloudForestPrediction,MODCF_meanannual,MODCF_seasonality_concentration,current_30arcsec_annualPET,current_30arcsec_aridityIndexThornthwaite,current_30arcsec_climaticMoistureIndex,current_30arcsec_continentality,AWCh1_M_sl1,AWCh1_M_sl2,AWCtS_M_sl1,CECSOL_M_sl1,CECSOL_M_sl2,CLYPPT_M_sl1,CRFVOL_M_sl1,BDRICM_M,ORCDRC_M_sl1,ORCDRC_M_sl2,OCDENS_M_sl1,OCSTHA_M_sd1,PHIHOX_M_sl1,PHIKCL_M_sl1,BDRLOG_M,SNDPPT_M_sl1,SLTPPT_M_sl1,SLGWRB,WWP_M_sl1,ACDWRB_M_ss,bio1,bio10,bio12,bio13,bio14,bio15,bio18,bio19,bio2,bio3,bio8,bio9,prec_1,prec_10,prec_11,prec_4,prec_5,prec_6,prec_7,srad_1,srad_10,srad_3,srad_4,srad_5,srad_9,wind_1,wind_10
G18651,0,0,0.00034475742218058103,10.18730/JSSK8,FULL,Phaseolus,vulgaris,Phaseolus vulgaris,BRA,RODOVIA PIRES DO RIO - PIRACANJUBA - SANTA CRUZ DE GOIÁS - GOIAS,-17.41,-48.57,0.3591811050669926,-0.6697014030809713,0.3859604233784113,-0.550771515023563,-0.2993219569045219,1.0655035224330855,1.2344954025785242,0.4813509610440204,-0.0594125245654171,-0.4857848181084257,-0.1772172155267593,-0.2768287559180501,-0.6834618765223034,-1.9975175610318168,-2.220285374835339,0.1168796762470617,-1.36242708188462,0.6071251130757639,-1.2843283119961149,-0.6772645764464376,-0.4829671360274635,-1.1605425557367202,-1.2420020469343465,-0.8323174972466213,-0.8655870010671574,1.2518822518537778,-1.358627621497615,-0.1099513511812154,-1.3597075502692766,1.582328263787768,0.9198455667020696,0.5708128561521266,0.6749588382175196,0.9160747656175,-0.4246420375889098,0.3656093750761539,0.479665555829054,-0.5946603212772971,0.0862590060751156,0.063652739352726,0.838836468810712,0.4261315281887902,3.102356485111918,0.2152767550906549,1.6966846193192695,0.3119356995130625,-0.709341541109686,-1.0333929450910544,-0.9906328513536174,0.3938065314977718,0.4947135409463399,-0.2796645524954969,-0.4545556878981193,-0.9335204612347,0.208006431071691,-0.4799814960606078,-0.1931213719943667
G20008,0,0,1.3559514944397656e-05,10.18730/JMTT~,FULL,Phaseolus,vulgaris,Phaseolus vulgaris,MKD,MARENA - KAVADARCI,41.47,22.03,0.3591811050669926,-1.4260315050283725,0.3859604233784113,-0.594617558666279,-0.6635281384741232,0.5648816012452444,-1.6694832389808616,-0.189918572905232,-0.071841027486289,1.9190269907884303,0.3085889191485086,-0.2768287559180501,-0.6834618765223034,-0.2623913707848747,0.0789124687921807,-0.9798014030943843,-0.6950773976531537,0.6071251130757639,-0.5621285724535185,-0.6772645764464376,-0.6242834331403139,-0.6324091610142625,1.337147065116156,1.6285972908933144,-1.1907209985116811,-0.4369711226493272,1.3921250203654618,-0.1099513511812154,-0.5509180671459002,-1.1698836982734446,-0.8214656495030539,0.5587135739845025,-1.1207661809145997,-1.4096362934355606,0.233874544523384,-1.6946467400686658,-1.082487614788197,-0.3890870224539171,-0.0723845262308679,-1.599806567852369,-1.6073242533123286,0.792442448328354,-0.5956033854333741,-0.7557516150814718,-0.4284219168659441,-0.5395056167616593,-0.5612536670348637,-0.747215126595492,-0.78764661739435,-1.7899785735859304,-1.716533984507182,-1.3759969901908204,-0.3228842592149871,0.5508814935972414,-0.3887975219224444,-0.6940846030272442,-0.709146619633606
G2209,1,1,0.9968423564576908,10.18730/K0W34,FULL,Phaseolus,vulgaris,Phaseolus vulgaris,GTM,SANTA CRUZ - SANTA CRUZ - ALTA VERAPAZ,15.37,-90.42,0.3591811050669926,0.0739053887402116,0.3859604233784113,0.534623537601864,1.3422365629148043,-0.7731442608386218,-0.317955682624659,-0.8156658074085125,1.5508535890050978,-0.5482974795324893,0.3085889191485086,0.2276848888251061,0.7295666500124566,0.3159840259641059,0.2141594007702701,0.2539648111647425,-0.5616074608068605,0.6071251130757639,-0.1107537352393958,0.4261902397185189,0.8157969279144467,0.4238576284306529,-1.1130445913318214,-1.6526224266266,-0.7572090019189827,-0.1771475265719264,0.0167486994339235,-0.1099513511812154,0.527467910351935,1.582328263787768,0.3451310896774893,-0.1027134921951366,2.1188751488660014,1.3354652844631338,2.1706880213242483,-0.5807864005315823,1.6088008300295933,0.5635697281910146,-0.2168634317781519,0.448919038646349,0.3207933798746159,0.3134204379411651,0.4275475668914102,1.9718561663009069,1.5184498775747033,0.2969981325608744,1.027325345767775,2.028709712811461,1.9157609530631656,0.6776702087909238,0.4429345291233705,1.3127784452796882,1.3243319302657033,0.7861791868546366,0.6253049600019033,0.5905344216189015,-0.3221277223510561
G18192,0,0,0.0002775625009816355,10.18730/JTA6N,FULL,Phaseolus,vulgaris,Phaseolus vulgaris,ESP,AGENCIA SEA DE SOLSONA - SOLSONA - LERIDA,42.0,1.53,0.3591811050669926,-0.7460412638382791,0.3859604233784113,-0.6000520116053496,-0.6687895439863646,-0.7822464775874917,-1.4825518930991184,-0.2073039315919338,0.1001233269162622,1.6341628098496297,0.7943950538237766,0.7321985335682625,-0.6834618765223034,-0.493741529484467,-0.4620752591201768,-0.5685459983413421,0.5061520339634855,0.6071251130757639,-0.5846973143142247,-0.6378554758691177,-0.1532291094308127,-0.6324091610142625,1.7240194319237316,1.300475319141323,-0.973965000215332,-1.4762655069589303,2.079813180831231,-0.1099513511812154,-0.5509180671459002,-1.1698836982734446,-1.0601805876410322,-0.0825479193489409,-0.605558167068894,-1.009308979992001,0.6212372398835568,-1.4334638513996558,-0.5234012168830755,-0.2537094842043741,-0.202698805863726,-1.3477218447321977,-0.7790093600060907,-1.7153786903562054,-0.4494389636726906,-0.4720804058177044,-0.2501871751213779,-0.1212537421003924,0.0445603632712273,-0.3656447019347424,-0.6584735594202709,-1.5502229446106377,-1.517929555597162,-0.8712584203704393,-0.0049540005102385,0.6893581264712109,-0.3495951879314726,0.4834829319433041,1.096941977785008
G12184,0,0,6.382540282169427e-05,10.18730/JHGR6,FULL,Phaseolus,vulgaris,Phaseolus vulgaris,PER,OCROS - CANGALLO - AYACUCHO,-13.39,-73.91,0.3591811050669926,0.1911935642582801,0.3859604233784113,-0.3848227768065299,-0.5448542141424553,0.5102683007520254,0.2348872963769391,0.6368323960097585,-0.7035189525428345,-0.5899725761083996,0.3085889191485086,0.7321985335682625,-0.4479571220998433,-0.0310412120852824,-0.191581395163998,-1.1168865380120652,1.306971655041245,-1.094695725588125,-0.7201097654784615,-0.4014008724051984,0.0082752301267304,-0.6324091610142625,-0.0813849465116203,0.4801703897613444,1.7354849784890352,0.7322350596989763,0.2918239636202311,-0.1099513511812154,-0.5509180671459002,0.2062222827571616,-0.7707795637458991,-1.56672561522001,-0.4938463970764594,-0.3039703801152531,-0.3471694985168752,0.3770557614905458,-0.512438738492779,-0.6598420989530029,0.9418006211041005,0.997557932792977,-0.7540767756078648,-0.6117495092459032,1.2753012131033743,-0.6793785972027653,-0.2913182693701239,-0.494692915905095,-0.9112795512117162,-1.0143144238580168,-0.9721795573573204,0.6377109372950416,0.6252250228014956,-0.225883291779593,-1.3421799169354145,-1.101550034051285,-0.5724295074591015,-0.1588267718029321,0.7099227729274225
G51465,1,1,0.9989326390863912,10.18730/K422B,FULL,Phaseolus,vulgaris,Phaseolus vulgaris,COL,"15 KM SW MESOPOTAMIA, VEREDA QUEBRADA NEGRA, FINCA EL PEÑOL - ABEJORRAL - ANTIOQUIA",5.81,-75.42,0.3591811050669926,1.65725064889178,-1.80637314900962,2.4332716016846274,1.3562669776141147,-1.1736417977888949,-0.9087978962258428,-2.789779480765997,2.077849693892844,-0.9442109632444295,1.7660073231743127,1.2367121783114188,2.6136046853921364,1.125709581412679,1.160887924616896,0.1168796762470617,-0.9620172713457402,0.6071251130757639,0.0472274577855471,3.26364548128555,2.9961055119412805,1.6913777757645514,-1.2420020469343465,-1.3245004548746084,-0.2153190061781092,-0.1771475265719264,0.0167486994339235,-0.1099513511812154,1.3362573934753113,1.582328263787768,-0.2442986633488829,-1.0988870444910943,2.28227445422807,0.925606368318537,2.3256330994683174,-1.2477416395645469,2.1678872279347146,2.358575605721992,-1.0242454515870911,1.242379253549995,-0.3274531275726151,-0.0857646229667383,0.1936844920743166,1.699095388162669,1.9708919143109105,2.6720712779587825,2.777454766652037,1.05570512992655,0.550217197337185,1.0065153611012982,0.2953998105044988,0.4701094939556333,-0.4208107488888744,-0.5383554357162992,0.4267141891265859,-1.4434457964490774,-1.4831845679862237
G4713,1,1,0.9978977812185138,10.18730/JH9Q3,FULL,Phaseolus,vulgaris,Phaseolus vulgaris,COL,FELIDIA - CALI - VALLE DEL CAUCA,3.47,-76.63,0.3591811050669926,0.0314943549861518,0.3859604233784113,1.907264262558496,1.6497364850746925,-1.3647883495151614,0.2168400317015439,-1.2505124901629066,0.7896368597514953,-0.916427571047222,1.2802011884990447,1.2367121783114188,2.1425951765472164,0.6630092640134944,0.7551471286826278,0.5281350810001041,-1.0954872081920335,-0.1076396391630694,0.2503461345319023,2.9877817772443107,2.989376164459716,2.0082578125980257,-1.3709595025368717,-1.3245004548746084,0.3807599891368515,-1.3463537089202298,0.8419744919928466,-0.1099513511812154,1.3362573934753113,1.582328263787768,0.0303870760170912,-0.7641404429871044,1.156820055050558,0.4680894386687547,1.3572263610678852,-1.101824115509389,1.159339216027437,2.318463742536941,-0.7012925572096801,1.3026305519136696,-0.1252223164096213,0.0997390827888701,0.8952737165255974,1.4808867656520786,2.0531541028084024,2.1193813007278224,0.8657749376861508,-0.0603883622061427,-0.5662070894387856,0.6211158300071342,-0.245087956743483,-0.3084245849638947,-0.8386524936798188,-0.9143814144147204,0.1894369044443886,-1.336394179158038,-1.4831845679862237
G802,1,1,0.9801903904525596,10.18730/JZRHD,FULL,Phaseolus,vulgaris,Phaseolus vulgaris,MEX,CORDOBA - CORDOBA - VERACRUZ,18.88,-96.93,0.3591811050669926,0.1445904449969781,0.3859604233784113,-0.4037857138819555,0.5062576870808881,-0.4090555908838282,0.5175485656086264,-0.582945124038748,1.345910567225145,-0.2287883616233154,-0.1772172155267593,-0.7813424006612064,-0.2124523676773833,-0.493741529484467,-0.3268283271420874,0.2539648111647425,0.2392121602708989,0.6071251130757639,0.7694271973281435,-0.5196281741371581,-1.0213149345526078,0.1069775915971782,-0.0813849465116203,-0.8323174972466213,-0.5946420031967207,0.2125878675441747,-0.395864196845538,-0.1099513511812154,-0.0117250783969826,0.2062222827571616,0.7923128680261942,0.6676070365680152,0.8750396202935217,0.925606368318537,0.6987097789555914,0.1726408245680108,0.8304648643185419,-0.2236255868155868,0.256234054385112,0.0716507117183826,0.7778902012963009,0.3415982440935854,-0.3471238684402122,0.4662166709778337,-0.1267938923751396,-0.3154421124788378,0.1926482373460496,1.6566785487672306,1.3621621331742546,-0.2660673398713861,-0.3270122836688661,-0.2543557239233068,-0.5425571955104639,-0.3931238451411604,-0.8716052142323067,-0.5870329857362047,-0.580140269276917
G8932,0,0,3.478656945072901e-05,10.18730/K30JC,FULL,Phaseolus,vulgaris,Phaseolus vulgaris,MEX,SAN JUAN DEL RIO - SAN JUAN DEL RIO - DURANGO,24.74,-104.45,0.3591811050669926,0.8500273064395072,0.3859604233784113,-0.4871522269863085,-1.180899680511197,0.3191217490257588,1.651967020534243,0.8881106878622655,-1.5525684023002044,0.5908219483171777,-1.1488294848772953,-1.790369690147519,-0.6834618765223034,-0.2623913707848747,0.2141594007702701,1.898986430176912,2.241261212965298,-2.3540431461994027,-1.3746032794389391,-0.7954918781783972,-0.7857877726978572,-1.4774225925701947,1.4661045207186814,1.6285972908933144,1.8438629776372093,-0.9566183148041288,-0.8084770931249995,-0.1099513511812154,0.2578714159774761,-1.1698836982734446,0.2282261503255882,0.55468039018266,-1.0407338680841989,-0.7233608989608871,-0.734532193877048,1.3393237892908578,-0.5672511304442615,-0.7400658253231024,2.3979209882662214,-0.1286856510386434,0.6421462730554125,0.0128576425825437,-0.8294664602504677,-0.8757663574622965,-0.9905468715988072,-1.0324453261838666,-1.0189798232661325,-0.5373513930320798,0.0058450244464224,-0.2584248562519551,0.1868766761358095,0.3775021894073924,0.6008007379792462,0.766477226892893,0.0888519685465006,0.1623282076856287,0.3229038756448727
G17070,0,0,0.00021324282368233627,10.18730/JQD76,FULL,Phaseolus,vulgaris,Phaseolus vulgaris,ECU,TULCÁN - TULCAN - CARCHI,0.8,-77.71,0.3591811050669926,1.2812061496057825,0.3859604233784113,3.244094807458671,1.9104683582368789,-1.43760608350612,-1.093302533975815,-1.2189146766927006,0.0869752920427285,-0.8400232052444557,3.2234257272001168,3.254766757284044,1.9070904221247564,0.6630092640134944,0.8903940606607171,-1.802312212600469,-0.828547334499447,0.6071251130757639,-0.313872411985751,0.5838266420277984,0.97730126747199,0.3182309494861614,-0.726172224524246,-0.5041955254946299,-0.7030200023448953,0.4724114636215755,1.254587388272308,-0.1099513511812154,0.2578714159774761,0.2062222827571616,-1.2326766882644422,-2.288648976850104,-0.0469993171067213,-0.6471080773525899,0.931127396171695,-1.3358089010571013,0.2001223568764933,-0.0581641511772565,-0.6304696834531044,0.9686568284913368,-1.0975920247414963,-0.9029198033252598,0.208300934250385,0.0952620127098302,0.5450139803543795,0.834750542839646,0.1118730333052374,-0.4896550899494861,-0.6123403244295282,0.0774077096533277,-0.4369540211011984,-1.12290870446892,-1.8228798814494624,-1.586218249110178,-1.4390074167332134,-0.0517750268964503,0.0648911749314939
G52580,0,0,0.00015988517165029903,10.18730/K54E1,FULL,Phaseolus,vulgaris,Phaseolus vulgaris,GTM,SANTIAGO SACATEPÉQUEZ - SANTIAGO SACATEPEQUEZ - SACATEPEQUEZ,14.64,-90.68,0.3591811050669926,0.0851227101093537,0.3859604233784113,0.7205301117559744,0.6506540383612919,-0.4181578076326981,-0.6325631827785347,1.3670938243317936,0.8481919994828451,-0.6594310814417155,-0.6630233502020273,-0.2768287559180501,0.7295666500124566,0.8943594227130865,0.8903940606607171,0.8023053508354656,-0.828547334499447,0.6071251130757639,1.19823329268156,-0.0073098666319996,0.0284632725714234,0.9519910231531106,-0.726172224524246,-0.996378483122617,-0.3778860049003713,-0.6967947187267279,-0.1207889326592303,-0.1099513511812154,1.0666608991008526,0.2062222827571616,-0.3007073084161045,-0.9214309957785588,0.5165615524073512,0.925606368318537,-0.5021145766609444,0.6343264757583761,0.9784583225875448,-0.5044086291109351,-0.6078062157988069,0.4661126381601992,-0.2471148250189576,-0.2454385891063409,-0.8733157867786727,0.4334853776012452,-0.4010011873667801,-0.4200050811441545,0.6099867915569123,1.685296330616787,1.0392294882390565,0.8907863234356286,0.6383471011401933,1.3708737108658515,1.366678520394952,0.6550204248236005,0.5804286039859224,1.4469471047163314,-0.0641150216376775
G9783,0,0,2.0345801334238896e-05,10.18730/K373U,FULL,Phaseolus,vulgaris,Phaseolus vulgaris,MEX,TALPA - ATOLINGA - ZACATECAS,21.8,-103.46,0.3591811050669926,0.1507243564545771,0.3859604233784113,-0.3861379519169249,-0.892691578562861,0.938072487948908,0.4068754299512592,1.073685242070603,-1.2305151446845242,0.0629374137692454,-1.1488294848772953,-1.790369690147519,-0.9189666309447634,-0.9564418468836516,-0.7325691230763556,0.9393904857531464,0.5061520339634855,-1.2989142262277915,0.7242897136067312,-0.7954918781783972,0.4322241214652815,0.2126042705416698,-0.4682573133191957,0.152048418009353,1.4645399806185984,-0.3070593246106268,-0.5334018289386918,-0.1099513511812154,-0.0117250783969826,0.2062222827571616,-0.274546776381757,-0.4374600167740117,-0.4254854632004921,0.2679257819469748,-0.6183233852689962,1.381069220641767,0.5289967085853883,-0.6046882870735595,1.7661800660444105,0.2078759623978369,0.0908597822874932,-0.2618756147031573,-0.6540691541376474,-0.6902890283282948,-0.9494157773500612,-1.0025701922794903,-0.9112795512117162,0.2639464987554944,1.0023229002464624,0.1507755523998655,0.4741437965235164,0.8598079339024233,1.0980423392625316,1.0195066841158575,0.2848636385013593,-0.0517750268964503,0.0648911749314939
G23733,0,0,7.526937901747944e-05,10.18730/PHTN8,FULL,Phaseolus,vulgaris,Phaseolus vulgaris,BOL,EN QUIROGA - CAMPERO - COCHABAMBA,-18.4,-65.17,0.3591811050669926,0.9504000863241155,-1.80637314900962,-0.5441409442065288,-1.1779766774488407,1.8391919460870216,0.5496443998166435,0.3333927102252391,-1.2305151446845242,-0.2218424845936667,-0.1772172155267593,0.2276848888251061,-1.1544713853672233,-0.9564418468836516,-1.1383099190106238,-0.7056311332590228,1.306971655041245,-1.911569728146792,-1.2391908282747026,-0.4802190735598382,-0.5704486532877995,-1.1605425557367202,0.1765299646934299,-0.0120125678666426,1.4645399806185984,0.9920586557763772,-0.395864196845538,-0.1099513511812154,-1.3597075502692766,0.2062222827571616,-0.0799777434827303,-0.4576255126950914,-0.8373184063069298,-0.5422604476411815,-0.734532193877048,0.911434807892888,-0.5727323696394098,-0.8303175174894644,1.4715565332516936,0.2169260105482686,0.1019409602639121,-0.3816310949062784,1.0706710226384175,-0.908497650838885,-0.33244936361887,-0.6590061523791642,-1.1266800953205487,-1.109707030023204,-1.0644460273388057,0.5975333091243186,0.5503937111943276,-0.0395182813843754,-0.6332053650058865,-1.0795964215224847,0.7140260316656813,-0.1588267718029321,0.5809165763582509
G52488,1,1,0.965227283360589,10.18730/K52FC,FULL,Phaseolus,vulgaris,Phaseolus vulgaris,HND,NEAR LAGO DE YOJOA - SANTA CRUZ DE YOJOA - CORTES,14.89,-87.89,0.3591811050669926,-0.7884522975923389,0.3859604233784113,-0.5044814418400109,0.5050884858559456,-0.9005752953227996,0.9164871643175952,-0.2273438529948299,1.7850740606765534,-0.506622382956579,-0.1772172155267593,-0.2768287559180501,0.4940618955899966,0.431659105313902,0.484653264726449,0.6652202159177848,-0.5616074608068605,-0.4820402236691249,-0.5395598305928124,0.1897356362545997,0.533164333688746,0.0013509126526867,-0.5972147689217209,-1.1604394689986126,0.5975159874332009,-0.047235728533226,-0.6709394610318457,-0.1099513511812154,0.527467910351935,0.2062222827571616,1.0506482366193717,0.8047322088260606,1.6170058538253629,1.2210860520506883,0.7761823180276259,-0.3218557185876449,1.0880831064905097,0.7591150612181322,-0.3273472185830137,0.3433704853015863,0.8970123361530739,0.8323609902490251,0.2813831451307267,1.4154241788989017,0.6546968983510357,-0.345317246383214,0.9734752097405668,1.570825203218562,1.6850947781094527,0.7034362964221483,0.9096549370619166,1.5776583443136318,1.6035547589304358,1.2854831435993963,1.3386842746007703,-0.4799814960606078,-0.9671593203469846
G2359,0,0,0.0003519436283832608,10.18730/K10H=,FULL,Phaseolus,vulgaris,Phaseolus vulgaris,MEX,SAN MIGUEL TENANGO - SANTO DOMINGO TEHUANTEPEC - OAXACA,16.27,-95.6,0.3591811050669926,-0.0957387462760277,0.3859604233784113,-0.4343844249566484,-0.2350158895326822,1.2202412071638729,-0.2777142231680078,1.0857224132366878,0.3211958073411554,-0.6455393936232108,-1.1488294848772953,-0.7813424006612064,0.0230523867450766,-0.2623913707848747,-0.191581395163998,1.213560755588508,-0.0277277134216875,-1.1627685591346806,1.3110770019850908,-0.0861280677866394,0.1294034847948879,1.057617702097602,-0.9840871357292964,-1.1604394689986126,1.5729179797667732,-0.6967947187267279,-0.5334018289386918,-0.1099513511812154,0.7970644047263937,0.2062222827571616,0.9419184612136328,0.5506473986936049,-0.4421588617068255,-0.1038067233934733,-0.734532193877048,1.035177055705589,-0.0574958852954743,-0.820289551693202,0.2194061524669806,0.8929259234989071,0.7751198539632224,0.6210277016331474,-0.9610144398350828,-0.504811699194293,-0.9768365068492252,-0.8531945227576094,-0.0900649767967928,0.6550561840327628,0.2641911403945809,0.4219745425522461,0.2840509859953548,0.7301001874699492,0.0761000196590262,-0.0204753452933238,-0.6724986231728977,1.2328441253651377,0.7099227729274225
G6775,0,0,4.60677681648899e-05,10.18730/JFV2V,FULL,Phaseolus,vulgaris,Phaseolus vulgaris,MEX,JOJUTLA - JOJUTLA - MORELOS,18.62,-99.19,0.3591811050669926,-0.4703695444368899,0.3859604233784113,-0.6157024244875763,-2.016293955732642,1.1838323401683934,2.350007742257989,1.2136186483361986,-1.084127284449407,-0.0968172279863322,-0.6630233502020273,-0.7813424006612064,-0.4479571220998433,0.6630092640134944,1.160887924616896,0.5281350810001041,-0.4281375239605672,0.5390522795292084,0.6114460043032005,-0.7166736770237575,-0.980938849663222,0.0013509126526867,1.5950619763212064,0.6442313756373401,-0.7030200023448953,-0.3070593246106268,-0.2583265647523842,-0.1099513511812154,0.2578714159774761,-1.1698836982734446,1.4283410795197766,1.5347216303593785,-0.2687555172409571,0.0201041117200093,-0.6957959243410308,1.225134537770864,-0.1287519948324015,-0.7450798082212337,1.3327432430238135,0.281791643303046,1.2876224331695685,0.7266943459410871,-0.844082902426536,-0.4611699746921749,-0.9494157773500612,-0.9577574914229262,-0.3458531229260313,0.7790665720475064,0.6701636083131157,0.3883476146267496,0.5688355510216865,0.8135042816283028,0.5964999124192444,0.4062128161638667,0.1786046805784622,-0.9081878376093228,-0.9671593203469846
G50914,0,0,5.450274452826066e-05,10.18730/JWH3~,FULL,Phaseolus,vulgaris,Phaseolus vulgaris,PER,"CHANCAY, TAYAPAMPA - SANTA CRUZ - CAJAMARCA",-6.59,-78.83,0.3591811050669926,1.0917701988376485,-1.80637314900962,1.7713712447395291,1.0891044977147444,-0.9005752953227996,0.4547763039776092,-0.2097895653245453,-0.7620741140876701,-0.7636188394416893,0.3085889191485086,0.2276848888251061,0.0230523867450766,0.0846338672645136,-0.0563344631859086,0.1168796762470617,-0.5616074608068605,0.6071251130757639,-0.6975410236177554,0.4261902397185189,-0.3685682288408704,-0.3155291241807879,0.4344448758984802,-0.0120125678666426,-0.1611300066040218,0.8621468577376766,-1.0835523573113073,-0.1099513511812154,-0.2813215727714414,0.2062222827571616,-0.0211165264270452,-0.7520411992820357,-0.4638342797650591,-0.4850708314349586,-0.1534881508367888,-0.6503313741380148,0.0466476594123423,-0.4743247317221478,-0.0525541895938785,1.1232105463623985,-0.0338030208159486,-0.0247127432270072,0.0329036281375648,-0.1993196276794666,-0.0993731628759756,0.4911865029393197,-0.4804784629940515,-0.861686253993717,-0.9260463223665778,0.1634402395406369,-0.1014543965496296,-0.7219938518594547,-1.1125819985783951,-1.1809207870400231,-0.9226714124573884,0.1623282076856287,0.9679354736408012
G23547A,0,0,1.7021543556525726e-05,10.18730/S548P,FULL,Phaseolus,vulgaris,Phaseolus vulgaris,MEX,LA PUNTA - NOMBRE DE DIOS - DURANGO,24.03,-104.0,-2.9470184280009937,0.8797150300673491,0.3859604233784113,-0.4570016565690064,-1.0417647347430348,0.8379481037113397,0.6430926327630733,0.6067392767671596,-1.4061805420650872,0.4519049376505459,-1.634635619552563,-1.790369690147519,-0.6834618765223034,0.3159840259641059,0.7551471286826278,1.761901295259231,0.9065618445023652,-1.1287321423614027,-1.1714846026925845,-0.7954918781783972,-0.8463519000319358,-1.2661692346812117,1.0792321539111058,1.7926582767693102,1.1394059831740744,-0.8267065167654283,-0.9460147252181532,-0.1099513511812154,0.527467910351935,-1.1698836982734446,-0.0963280850188418,0.0344116031377952,-1.034064508681665,-0.7519557070639984,-0.6957959243410308,1.117142984490857,-0.5617698912491133,-0.6899259963417902,2.1004645321480298,-0.0494870569956756,0.3097121754787122,-0.2290015299190085,-0.7856171337222626,-0.8539454952112374,-0.9357054126004792,-1.0473828931360547,-1.0189798232661325,-0.5182728717990424,-0.003381622551726,-0.1654049127697376,0.2258882603859919,0.4977191251252951,0.7572846218162349,0.804192407391088,0.1141271575669955,0.4834829319433041,0.5809165763582509
G24339,0,0,6.223998761080887e-05,10.18730/JY5XN,FULL,Phaseolus,vulgaris,Phaseolus vulgaris,MEX,4 KM CHIQUILISTLAN-TECOLOTLAN - CHIQUILISTLAN - JALISCO,20.13,-103.88,-2.9470184280009937,0.5262897487835169,0.3859604233784113,-0.439553756843523,-0.747710626669986,1.1929345569172634,0.4521609831211449,0.9994555734491766,-0.4107433193265435,-0.235734238652964,-1.634635619552563,-0.7813424006612064,-0.2124523676773833,0.8943594227130865,0.8903940606607171,1.076475620670827,2.241261212965298,-2.4221159797459584,1.017683357795911,-0.3225826712505587,-0.159958456912377,0.2126042705416698,-0.5972147689217209,-0.5041955254946299,2.65669797124852,-0.5668829206880276,-0.395864196845538,-0.1099513511812154,1.0666608991008526,0.2062222827571616,0.0197593693191508,-0.2398384721403954,-0.1186949306839554,0.496684246771866,-0.5021145766609444,1.129422627014398,0.9565333658069516,-0.6147162528698219,0.6443440704270234,0.1536027210035805,0.2376848885048,-0.0294090106618965,-0.6394527119615792,-0.2975135078092322,-0.7848914003550768,-0.9876326253273024,-0.763191677136894,0.6741347052658002,1.2237624282020267,0.2872484741754193,0.5312425698351471,0.9759984650747504,1.082824033434833,0.864424113559847,0.231218339355819,-0.5870329857362047,-0.709146619633606
G50979,0,0,0.002681736210686,10.18730/JY38A,FULL,Phaseolus,vulgaris,Phaseolus vulgaris,COL,IMUES - NARIÑO,1.05,-77.5,0.3591811050669926,1.6996616826458395,0.3859604233784113,3.591184094006972,1.8023172449296936,-1.4011972165106408,-1.0482413857346666,-1.1787904539267728,0.4675836457627866,-0.9233734149564744,0.7943950538237766,1.2367121783114188,1.9070904221247564,2.28246037491064,2.919098040332058,-1.1168865380120652,-0.9620172713457402,0.6071251130757639,1.333645743845797,2.4360543691618326,1.7175294904440632,2.113884491542517,-0.726172224524246,-0.3401345396186341,-0.1611300066040218,0.3424996655828751,0.7044368598996927,-0.1099513511812154,1.3362573934753113,0.2062222827571616,-0.9220202517043437,-1.9256708387530856,0.1047286093009135,-0.4755392287339215,0.8923911266356778,-1.1189578133612468,0.435815642267868,-0.0932620314641751,-1.2197169246478898,1.1791222566304889,-0.8621179306343651,-0.6493198726617789,0.2959995873067951,0.2480080484672434,0.9014834638435122,1.1036267479790318,0.3945862474480799,-0.5468906536485986,-0.6769268534165679,0.1446615655043207,-0.4057447537010525,-1.120320301546764,-1.509250448304715,-1.4041158477494906,-0.5476701386226982,-0.3729298787695683,-0.1931213719943667
G15841,1,1,0.9990708967737252,10.18730/JSVDX,FULL,Phaseolus,vulgaris,Phaseolus vulgaris,COL,REGIÓN DE TIERRADENTRO - LA PLATA - HUILA,2.47,-75.97,0.3591811050669926,-0.3164757537750325,-1.80637314900962,1.2418475035411796,1.0575360646412957,-0.9278819455694092,-0.1177198944841058,-2.2872230883883686,1.199522750617,-0.9581026676231325,0.3085889191485086,0.2276848888251061,1.2005761588573765,0.7786843433632905,0.7551471286826278,0.6652202159177848,-0.4281375239605672,-0.005530388843236,-0.2010287026822204,1.293190452419556,0.7148567156909822,0.6351109863196359,-1.2420020469343465,-0.996378483122617,0.2723819899886768,-0.1771475265719264,-0.5334018289386918,-0.1099513511812154,1.0666608991008526,1.582328263787768,0.0769855422807516,-0.707677100563149,0.9417332143188556,0.1821413576376406,2.71299579482849,-1.3781692541497876,0.8797960170748762,0.5635697281910146,-0.7947789526542003,1.218263278783246,-0.0615058072400776,0.1091316400523242,0.7344928525888456,0.9353652093756027,1.8612089963142544,1.5218786226402987,0.7715371996385366,-0.2607128351530363,-0.2432744445035875,0.7357530842985994,-0.0787567475313416,-0.2690233404821897,-1.1413644465568689,-1.264794845162875,0.0238586253509422,-1.2293425618669986,-1.2251718672728455
G24371,0,0,2.194080234427224e-05,10.18730/JY6SC,FULL,Phaseolus,vulgaris,Phaseolus vulgaris,MEX,TERRERO - TECALITLAN - JALISCO,19.4,-103.37,-2.9470184280009937,-0.0391907012706146,0.3859604233784113,-0.5070087020705002,-0.6050680772269961,1.4751032761322285,1.1569644119147962,1.336499044682966,-0.5571310923077175,-0.3468678074417939,-1.1488294848772953,-0.7813424006612064,-0.2124523676773833,0.3159840259641059,0.484653264726449,0.6652202159177848,1.974321339272712,-3.647426983583959,1.333645743845797,-0.4408099729825183,-0.0119128123179624,0.5294843073751444,-0.2103424021141454,-0.8323174972466213,3.4695329648598303,-0.1771475265719264,-0.395864196845538,-0.1099513511812154,0.527467910351935,0.2062222827571616,0.8094807744898208,0.6232431301619135,-0.2787595563447572,0.0963569333283064,-0.7732684634130653,1.275702277969691,0.501590512609647,-0.6448001502586093,0.68400492944166,0.4178604542663219,0.8305255853283987,0.4989241213030956,-0.5956033854333741,-0.2756926455581732,-0.867153588852569,-1.0921955939926191,-0.9247420852185184,0.426113929236313,0.8085633132853435,0.339654076137232,0.4369054661028878,0.9711092595551226,0.845947794899349,0.5781827809728004,-0.0462929196855334,-0.9081878376093228,-1.0961655169161562
G20884,0,0,6.856220945890279e-05,10.18730/JTTR~,FULL,Phaseolus,vulgaris,Phaseolus vulgaris,RWA,KIGARAMA - RUSUMO - KIBUNGO,-2.28,30.72,0.3591811050669926,0.0269999490268632,0.3859604233784113,0.2669007422614922,1.1083963179262963,-0.8641664283273202,-0.7225524572794041,-0.9480386120317504,0.5824402660928039,-0.8588158111619328,-0.6630233502020273,-0.7813424006612064,-0.4479571220998433,-0.9564418468836516,-0.867816055054445,0.6652202159177848,-0.294667587114274,0.6071251130757639,-0.6975410236177554,-0.0467189672093195,-0.4156736612118205,-0.4211558031252794,-0.8551296801267712,-0.5041955254946299,-0.5404530036226333,0.9920586557763772,-1.6337028856839226,-0.1099513511812154,-0.5509180671459002,1.582328263787768,0.3712916158645004,-0.3124342420712636,-0.23540872022829,-0.2563123666100675,-0.5795871157329789,-0.286243089523166,-0.8029444158356362,-0.3539891421669985,-0.4888236657717162,1.033629379875532,0.2072117019086218,0.3251611961030923,0.2959995873067951,-0.3084239389347617,0.6546968983510357,1.4471907878793582,-0.0362148407695847,-1.0143144238580168,-1.0275394393462116,0.28986875427351,0.179074359285773,-0.3507018326924394,-0.8704124362767551,-1.0230236507751924,0.3127179284423129,-0.1588267718029321,0.0648911749314939
G571,0,0,3.50101316579019e-05,10.18730/JZJG5,FULL,Phaseolus,vulgaris,Phaseolus vulgaris,TUR,ALPAGUT - ESKISEHIR,40.02,30.5,0.3591811050669926,-0.7641922364700048,0.3859604233784113,-0.5998498235686586,-0.732511010745733,0.8652547539579492,-0.6517086691120789,0.2155856900754216,-0.0030305975387645,1.0474882316922376,1.2802011884990447,0.7321985335682625,-0.2124523676773833,-0.3780664501346709,-0.191581395163998,-1.253971672929746,0.7730919076560719,0.6071251130757639,-0.6072660561749308,-0.4802190735598382,-0.5300725683984137,-0.738035839958754,1.4661045207186814,1.4645363050173188,-0.8655870010671574,0.0826760695054743,1.254587388272308,-0.1099513511812154,-0.8205145615203591,-1.1698836982734446,-0.8672465808677103,0.2159007587270584,-1.0123890906234316,-1.2475990475179293,-0.0760156117647542,-1.268787354730634,-1.192112398691162,-0.0180522879922068,-0.0780503566295157,-1.498508454971661,-2.405166028754333,0.6069388769348039,-0.1571101201513236,-0.7121098905793538,-0.4832633758642722,-0.4797553489529069,-0.5881787350484677,-0.7758329084450483,-0.8706864403776867,-1.5790460256896344,-0.9916278189856104,-1.1821543713538194,-0.0555714090241058,0.9609637173723908,0.997211312732043,-0.8011362203182835,-1.0961655169161562
G23160,0,0,8.366657349700193e-05,10.18730/JWYAC,FULL,Phaseolus,vulgaris,Phaseolus vulgaris,MWI,"MABULABO T.A., CHIRWA - CHIRWA - MABULABO T.A.",-12.65,33.52,0.3591811050669926,0.2463769260067217,0.3859604233784113,-0.5827263690206135,-0.2700919262809584,0.8925614042045587,0.1736831516880868,-0.3802002186863504,-0.206663323181815,-0.512747717242401,-1.1488294848772953,-1.2858560454043628,-1.860985648634604,-2.113192640381613,-2.355532306813428,-1.9393973475181496,-1.4958970187309133,0.6071251130757639,-1.4874469887424702,-0.9925373810649966,-1.1828192741101509,-1.6886759504591775,-0.2103424021141454,-0.1760735537426384,-1.2449099980857687,4.759500798898689,-3.146616838708615,-0.1099513511812154,-4.055672494013865,0.2062222827571616,0.573218331594007,0.457886248229332,-0.3504551699219912,0.1821413576376406,-0.8120047329490826,1.499457571809667,-0.2164518219547735,-0.8654153977763829,0.4885335374313344,0.0415963384476971,0.6504571301182399,-0.0012312716905041,2.181520628019612,-1.1267062733494753,-0.2638975398709599,-0.3303796794310259,-1.0593674252865384,-1.119246290639723,-1.073672674336954,0.1182404078485734,2.3140719700684835,-0.1654872235959577,-0.2104011291841707,-0.4634879878616734,2.091265923190609,-0.1588267718029321,2.1289924730634864
G10121,0,0,0.00017969613861546803,10.18730/JP4E~,FULL,Phaseolus,vulgaris,Phaseolus vulgaris,NLD,SINTJOHANNESGA - SINTJOHANNESGA - FRIESLAND,52.94,5.86,0.3591811050669926,-1.0014979295200253,0.3859604233784113,1.0325010451979857,0.7295751210449133,-1.3556861327662917,-1.5947133245588152,-1.8085494758168943,1.5073339672022807,0.58432107866435,-1.1488294848772953,-0.2768287559180501,0.4940618955899966,1.5884098988118631,1.0256409926388066,-0.7056311332590228,-0.6950773976531537,0.6071251130757639,3.567951188055704,4.721782202646385,2.356817501192672,4.7545514651548055,-0.2103424021141454,-0.8323174972466213,-1.299098997659856,0.4724114636215755,0.1542863315270773,-0.1099513511812154,1.3362573934753113,0.2062222827571616,-1.5915666145947835,-1.1674495921575614,-0.4921790572258261,-1.085561801600298,0.8923911266356778,-1.7535755202835108,-0.4631075857364448,0.1123112673592048,-1.5228391771826348,-1.554929878319573,-1.3330661320583703,-1.635541667397668,0.0182871859614965,-0.3629760945624093,0.0377304846198446,-0.4498802150485307,-0.4131657929600414,-0.4038017444008174,-0.4001274434721123,-2.5337014080939886,-3.428078580792458,-2.642588820099059,-1.63066606219092,-0.461517791865499,-3.600293988077576,3.052720981235596,2.903030575203621
G8914,0,0,2.5726272185265934e-05,10.18730/K301*,FULL,Phaseolus,vulgaris,Phaseolus vulgaris,MEX,KM 165 GUAD-SLP - SAN JUAN DE LOS LAGOS - JALISCO,21.28,-102.34,0.3591811050669926,0.5262897487835169,0.3859604233784113,-0.5422288626763995,-1.213052714197117,0.5739838179941144,1.458494395571179,0.97387624989832,-1.171960070393632,0.2157460460135893,-1.1488294848772953,-1.790369690147519,-0.6834618765223034,-0.3780664501346709,-0.191581395163998,1.4877310254238694,1.5739115287338314,-1.5031327268674584,-0.9232284422248168,-0.7166736770237575,-1.007856239589479,-1.1605425557367202,0.5634023315010054,0.8082923615133358,1.6271069793408603,-0.3070593246106268,-1.0835523573113073,-0.1099513511812154,-0.0117250783969826,-1.1698836982734446,0.073715456041695,0.0787756633941265,-0.7406126949701954,-0.1419331341976218,-0.6957959243410308,1.501346487332453,0.0904975729735283,-0.7450798082212337,2.315766407699322,0.0854791873896436,0.4620778178452555,-0.0176682748936453,-0.7856171337222626,-0.7666620462070013,-0.9905468715988072,-1.0025701922794903,-0.9247420852185184,-0.0794668834391802,0.6055770793260761,0.1800353468285442,0.6191959597810129,0.8566443303308995,1.0702523894902125,0.9708146973532626,0.4277458294947694,-0.4799814960606078,-0.3221277223510561
G2830,0,0,2.850788201704245e-05,10.18730/K1E2R,FULL,Phaseolus,vulgaris,Phaseolus vulgaris,MEX,"LOS REYES DE SALGADO, TRAIDO DE NAYARIT - LOS REYES DE SALGADO - MICHOACAN",19.58,-102.48,0.3591811050669926,0.3326126946399768,0.3859604233784113,-0.4983846361645724,-0.7465414254450434,1.848294162835892,0.8685862902912418,1.2437117675787974,-0.293633083490816,-0.3121385547751359,-1.1488294848772953,-0.7813424006612064,-0.6834618765223034,0.0846338672645136,0.484653264726449,0.6652202159177848,0.3726820971171922,0.6071251130757639,0.6791522298853189,-0.6378554758691177,-1.0347736295157364,0.0013509126526867,0.6923597871035305,0.3161094038853487,0.2723819899886768,-0.1771475265719264,-0.2583265647523842,-0.1099513511812154,-0.0117250783969826,-1.1698836982734446,0.6623277104103729,0.4982172016089341,-0.3237777323118576,0.134483344132455,-0.6183233852689962,1.1970505321666405,-0.4631075857364448,-0.6899259963417902,0.995626076483512,0.300797260613485,0.6476868884631085,0.4730944488681193,-0.6979184806658525,-0.4393491124411159,-0.8534432241029869,-1.0175077592316786,-0.7362666091232899,0.5119672747849817,0.8731498422723831,0.3210937587757567,0.5358530297919868,0.9043859842284396,0.8740685774070531,0.6066098946318875,0.1022632933328857,-0.9081878376093228,-0.8381529699902952
G7820,0,0,0.0107034826433879,10.18730/K2CE$,FULL,Phaseolus,vulgaris,Phaseolus vulgaris,HND,SANTA ROSA DE COPAN - SANTA ROSA DE COPAN - COPAN,14.78,-88.79,0.3591811050669926,-0.8560073089902046,0.3859604233784113,-0.2110147266282677,0.7646511577931895,-0.9187797288205392,0.5570798655651851,0.0269436359855052,0.116252872815146,-0.4163263127751098,-0.6630233502020273,-0.2768287559180501,0.0230523867450766,-0.3780664501346709,-0.3268283271420874,0.1168796762470617,-0.6950773976531537,0.436943029209375,1.0628208415173233,-0.3225826712505587,-0.1666878043939413,0.7407376652641275,-0.8551296801267712,-1.3245004548746084,-0.2153190061781092,0.2125878675441747,-0.5334018289386918,-0.1099513511812154,-0.0117250783969826,0.2062222827571616,0.6296270234399233,0.2763971311026268,0.6349426818023192,0.6777846980915716,0.0401931968432975,0.0573960066551244,0.8469085819039868,0.0220595751928429,-0.9817516354759462,0.1932599103982392,0.5590378345245685,0.3885611647729141,-0.4055896371444856,0.3352914974714795,0.0651512141190086,-0.5096304828572832,0.8119248016589427,1.3705007302716683,0.7532034312964524,0.5713305081434122,0.7270097926178807,1.3892801316456265,1.448394206034986,0.9604008042306268,0.9162275438296408,0.3764311870368224,-0.4511339189202276
G50885,1,1,0.9991139394202428,10.18730/PHH61,FULL,Phaseolus,vulgaris,Phaseolus vulgaris,COL,"9 KM S ABEJORRAL, EL GRANADILLO, CUENCA RÍO AURES - ABEJORRAL - ANTIOQUIA",5.75,-75.45,-1.2939186614670004,1.077633187586295,2.5782939957664426,0.6160455638338842,1.030059835855146,-1.3010728322730725,-0.7187998987975837,-2.789779480765997,2.1364047681837364,-0.9372651193351772,1.2802011884990447,0.7321985335682625,2.3780999309696766,1.935435136861252,2.242863380441611,-0.1572905935882998,-0.6950773976531537,-0.2778217230294583,-0.0430475096572774,2.711918073203072,2.895165299717816,1.3744977389310766,-1.4999169581393967,-1.1604394689986126,0.5975159874332009,0.0826760695054743,0.1542863315270773,-0.1099513511812154,1.60585388784977,1.582328263787768,-0.036649377101914,-0.8367361744554128,2.210578840650836,0.8398219440092028,3.487721185548836,-1.4048533516811306,1.3676263054430704,2.4337853491939594,-0.9732528992705404,1.2268276183795954,-0.1058304663067786,0.0433835152713813,0.6321777573563672,1.7972892682924344,2.0257333733092384,2.911072349193792,2.65629196059082,0.9698517843778812,0.6148037263242246,1.0248573217879329,0.2900800490158375,0.3004253023920863,-0.2792143381441996,-0.5465176762718786,0.2425663834058371,-1.4434457964490774,-1.6121908414491544
G3344,0,0,1.7433090838312543e-05,10.18730/K1VGA,FULL,Phaseolus,vulgaris,Phaseolus vulgaris,MEX,CUYOACO - CUYOACO - PUEBLA,19.62,-97.62,0.3591811050669926,1.6007026038863668,0.3859604233784113,0.0595537958422181,-0.2233238772832568,0.7742325864692507,-0.4069573227859974,0.0921455218960607,-0.93773942421429,-0.4024346249566051,-0.6630233502020273,-0.2768287559180501,-0.2124523676773833,-0.0310412120852824,0.0789124687921807,0.5281350810001041,1.840851402426418,0.0625424447033194,0.7694271973281435,-0.3225826712505587,-0.4224030086933848,0.1069775915971782,0.0475725090909048,-0.3401345396186341,0.6517049870072883,-0.047235728533226,-0.395864196845538,-0.1099513511812154,0.2578714159774761,0.2062222827571616,-0.9162976032223856,-1.5021961551989915,-0.8389857461575632,-0.8758665421774812,-0.463378307124927,0.0250419921694675,-0.5179199776879273,-0.7149959108324463,0.9871272592276364,0.492537146574214,-0.6931305741421676,-0.902919764136326,-0.8148500180743993,-0.4611699746921749,-0.8397328593534049,-0.5693807506660356,-0.3862407249464373,-0.1176239259052552,-0.3263142674869241,0.2252351785206076,0.2134754835791157,0.5273419585677449,0.3758344779176134,0.3822890076388923,-0.3697121751110502,0.0552764627791469,0.1938976790757006
G18550,0,0,0.00031735631469308054,10.18730/JSQ32,FULL,Phaseolus,vulgaris,Phaseolus vulgaris,BRA,KM 49 DA RODOVIA INHUMAS -GOIÁS - INHUMAS - GOIAS,-16.42,-49.45,0.3591811050669926,-0.647082185078806,0.3859604233784113,-0.5465173347571437,-0.1216033707132558,0.8197436702136,0.5043588466467578,0.7336321910542128,0.4383060758971118,-0.4857848181084257,-0.1772172155267593,-0.7813424006612064,-0.2124523676773833,-2.113192640381613,-2.220285374835339,1.213560755588508,-1.4958970187309133,0.6071251130757639,-1.3746032794389391,-0.5984463752917978,-0.5166138734352851,-1.1605425557367202,-1.2420020469343465,-0.1760735537426384,-1.299098997659856,0.2125878675441747,-1.4961652535907688,-0.1099513511812154,-0.8205145615203591,1.582328263787768,1.04901321981286,0.7039049215334481,0.9367311947669557,0.9065431629164628,-0.4246420375889098,0.2382847727029734,0.8797960170748762,-0.5746043896847722,-0.3103497191553766,0.2671757013233745,0.8471472994540523,0.6374647272299641,3.2192880225204648,0.5316792577310109,2.1765473855546404,0.7003124402699531,-0.6824164730960819,-1.0143144238580168,-0.9906328513536174,0.3813602010318412,0.6812598438153941,-0.2736249456771333,-0.4492623641319632,-0.8079908306213048,0.0403648712418777,-0.4799814960606078,-0.1931213719943667
G51626,0,0,0.0296840439659168,10.18730/K46F4,FULL,Phaseolus,vulgaris,Phaseolus vulgaris,CHN,SHANGHAI - SONGJIANG - SHANGHAI,31.17,121.43,0.3591811050669926,-1.7285635458073323,0.3859604233784113,-0.4586991755240624,0.4162291927603125,-0.7458376105920123,-0.2408009803427888,-0.9929411058539902,1.0717625975293692,-0.432921980225435,0.7943950538237766,1.7412258230545752,0.2585571411675366,-0.6094166088342632,-1.0030629870325345,-0.9798014030943843,-0.6950773976531537,0.6071251130757639,2.146120450831218,-0.5984463752917978,-0.940562764773836,1.1632443810420936,0.5634023315010054,-0.3401345396186341,-1.299098997659856,-2.1258244971524323,3.317651869669616,-0.1099513511812154,0.2578714159774761,-1.1698836982734446,-0.2369409892894087,1.3209678120690829,-0.1203622705345888,-0.3516283936204388,0.8923911266356778,-0.7654787380667396,0.7318025588058735,-0.1383878775473561,-1.6843156779828496,-2.1103328800444814,1.3928932012337627,-0.578875441257013,-0.3032745419120071,-0.7011994594538242,-0.4695530111146903,0.0729346282780528,0.0714854312848314,0.4070354080032755,0.1719246704130957,-1.1263926387444774,-0.730250204509388,-1.1056526849878812,-0.6239420484151134,-0.1400943879181958,-0.3299940209359868,1.7681020842048922,1.7419735757809365
G23651,0,0,1.824376385990513e-05,10.18730/JXVGN,FULL,Phaseolus,vulgaris,Phaseolus vulgaris,MEX,"5 KM EAST TUXPAN, P.F. - TUXPAN - MICHOACAN",19.7,-100.47,-2.9470184280009937,0.5133756369379648,0.3859604233784113,-0.3973988688276307,-0.7319264101332618,0.7560281529715112,0.2021935051331984,0.6473649686119296,-0.5571310923077175,-0.235734238652964,-1.1488294848772953,-1.2858560454043628,-0.4479571220998433,0.6630092640134944,0.7551471286826278,0.8023053508354656,0.2392121602708989,-0.7202951410820694,0.8145646810495557,-0.559037274714478,0.9369251825826042,0.5294843073751444,-0.0813849465116203,-0.0120125678666426,0.922649984877725,-0.4369711226493272,-0.395864196845538,-0.1099513511812154,0.527467910351935,0.2062222827571616,-0.3064299452033875,-0.6915447884439119,-0.2754248766434904,0.1821413576376406,-0.5021145766609444,1.0552798536606045,-0.380888997809221,-0.6548281160548717,1.0891124043859726,0.4011240934854975,-0.1335332263114211,-0.1796904419317212,-0.6394527119615792,-0.4829908369432339,-0.8945743183517331,-0.8830696566619857,-0.4939409970008535,0.3974961473867568,0.9192830772631256,0.3883476146267496,0.689771462197252,0.9619060491652354,0.929317644216307,0.6018251329268927,0.3194235908355054,-0.0517750268964503,0.1938976790757006
G50646T,1,1,0.998513259195704,10.18730/S6M62,FULL,Phaseolus,vulgaris,Phaseolus vulgaris,COL,LA UNIÓN - LA UNION - ANTIOQUIA,5.97,-75.37,-1.2939186614670004,1.65725064889178,2.5782939957664426,0.8445898433070569,0.8529258502763513,-1.264663965277593,-1.0830273424420676,-2.789779480765997,2.1071272310382905,-0.9789402159110876,1.2802011884990447,0.7321985335682625,2.6136046853921364,1.241384660762475,1.5666287205511642,0.3910499460824232,-0.294667587114274,0.6071251130757639,1.0853895833780294,4.6429640014917455,1.9328686098541208,2.3251378494315005,-1.3709595025368717,-0.8323174972466213,-0.1611300066040218,-0.9566183148041288,0.5668992278065389,-0.1099513511812154,1.875450382224229,1.582328263787768,-0.6080936957702812,-1.538493963239311,1.9204617066406329,0.9542011764216484,1.589643978283989,-1.1195769201292225,2.4803178620581647,0.5585557452928834,-0.9760857753165776,1.178950684099837,-0.5712380391133451,-0.3980681093062565,-0.0840279092709819,1.6663640947860805,1.820077902065508,2.328507238058456,2.817842368672444,0.9793910449944,0.4394974333594028,0.947559058894259,0.2914986520794805,0.4502650715524388,-0.3053501242395952,-0.5186534757545556,0.2998224238400195,-1.336394179158038,-1.4831845679862237
G18308,0,0,2.608759479139828e-05,10.18730/JTJDS,FULL,Phaseolus,vulgaris,Phaseolus vulgaris,PER,CHICLAYO - CHICLAYO - LAMBAYEQUE,-6.73,-79.86,0.3591811050669926,-1.235451250632276,0.3859604233784113,-0.6173762883106261,-1.293142998105681,-0.6639176598521838,0.3041604593276643,2.1530280781020563,-2.3137850661133497,-0.1593298562899995,-0.6630233502020273,-0.2768287559180501,-1.1544713853672233,-0.493741529484467,-0.3268283271420874,0.1168796762470617,-0.6950773976531537,0.6071251130757639,-1.2617595701354087,-0.8349009787557171,-1.1962779690732797,-1.4774225925701947,1.8529768875262569,1.4645363050173188,-1.1907209985116811,0.8621468577376766,-1.0835523573113073,-0.1099513511812154,-1.0901110558948175,-1.1698836982734446,0.825831067298123,0.949923440987332,-1.8043755196742728,-1.7718371960749717,-0.8120047329490826,0.8797923724787595,-1.5319492287903531,-0.8654153977763829,-1.044075664959822,-0.3975473553809751,1.138027111716615,0.3462945339221508,-0.9610144398350828,-1.1921688601026523,-1.1002297895954634,-1.077258027040431,-1.1805302313477566,-1.1287855512562417,-1.073672674336954,0.3545023300264123,0.190423183794917,-0.3714090560696858,-0.2600260394918839,-1.2073777047029364,-0.8035169499321979,1.8751535738804888,3.161042968341965
G24591,0,0,0.00023466786023914203,10.18730/JY9KW,FULL,Phaseolus,vulgaris,Phaseolus vulgaris,MEX,"VENUSTIANO CARRANZA, RANCHO EL REFUGIO - VENUSTIANO CARRANZA - CHIAPAS",16.33,-92.43,-2.9470184280009937,-0.4774380500625665,-2.902539935203636,-0.5284288067649034,0.0339003922041019,0.4374505667610667,1.5487667514468737,1.2086031922382274,-0.2643554590914262,-0.4718931302899211,-0.6630233502020273,-0.7813424006612064,0.0230523867450766,-0.2623913707848747,0.2141594007702701,0.8023053508354656,-0.4281375239605672,-0.8904772249484583,0.3857585856961391,-0.4014008724051984,-0.1464997619492484,0.2126042705416698,0.0475725090909048,-0.0120125678666426,0.8684609853036377,-0.6967947187267279,-0.1207889326592303,-0.1099513511812154,0.527467910351935,0.2062222827571616,1.0947941425892418,0.9257249535771972,0.463206677187084,1.0781120115351313,-0.6570596548050135,0.8897848823988608,0.8688335386845797,-0.7701497227118898,-0.0723845110339059,0.3283275926381078,0.9219448809220704,0.571716624842697,-0.9025486711308094,0.4334853776012452,-0.6477877528592566,-0.6739437193313522,0.6369118595705163,1.637600027534193,0.7532034312964524,0.4195726191289963,0.211702229749562,0.8767763530587779,0.4287677155791741,0.3409148917192307,0.0646084198941891,0.1623282076856287,-0.3221277223510561
G52603,1,1,0.9988045900330392,10.18730/K54ZJ,FULL,Phaseolus,vulgaris,Phaseolus vulgaris,CRI,"BRATSI, KATSI - TALAMANCA - LIMON",9.53,-82.93,0.3591811050669926,-0.3385426305390354,0.3859604233784113,-0.5828378978724167,1.3252831451531375,-0.9642908125648884,0.5824129927032967,-2.4366859856029106,1.6972413619862716,-0.7288895867750314,-0.1772172155267593,-0.2768287559180501,0.7295666500124566,0.0846338672645136,-0.0563344631859086,0.9393904857531464,-0.9620172713457402,0.6071251130757639,-0.1558912189608081,1.647872357615435,0.7350447581356752,0.9519910231531106,-1.3709595025368717,-1.3245004548746084,-0.7572090019189827,-0.9566183148041288,0.1542863315270773,-0.1099513511812154,0.7970644047263937,1.582328263787768,1.6785012939123516,1.4701922280321993,3.379384075944815,2.1551831167523274,2.945413412044594,-1.0900793206051294,1.6307257868101863,2.7095544085911767,-1.2338814669790168,0.5513891339554429,1.271000719043913,1.27616086051249,0.9537394852298708,2.986526260975152,2.450754680546281,2.149256434632199,1.821614852169094,1.9333171066462744,1.9249876000613144,0.8320483779034302,1.0259803882806424,1.08298578585719,1.1370806020379325,0.4084644687309231,1.1565997496163885,0.5905344216189015,-0.4511339189202276
G623,0,0,1.888570444960788e-05,10.18730/JZKM4,FULL,Phaseolus,vulgaris,Phaseolus vulgaris,TUR,SAHINDERE MAHALLESI - KARS,40.14,43.1,0.3591811050669926,-0.8234014089561033,0.3859604233784113,-0.5997852729224086,-0.5904530619152144,0.919868054451168,-0.6949333118896589,0.1577508241278136,-0.0633658203936574,1.0845397249680453,0.7943950538237766,0.7321985335682625,-0.4479571220998433,-0.2623913707848747,-0.0563344631859086,-0.8427162681767036,0.2392121602708989,0.6071251130757639,-0.9232284422248168,-0.5196281741371581,-0.2676280166174059,-0.8436625189032455,1.4661045207186814,1.9567192626453056,-0.648831002770808,-0.6967947187267279,1.5296626524586157,-0.1099513511812154,-0.5509180671459002,-1.1698836982734446,-1.6700482493146165,-0.2761363186432728,-1.1874597749399334,-1.2475990475179293,-0.1147518813007715,-0.9626255007288412,-1.0715251363979004,-0.5144365949071975,-0.3670081164343352,-1.741895010338219,-0.817793383850481,0.3556871359729579,-0.6833020384897842,-0.8103037707091194,-0.7026292118575846,-0.4498802150485307,-0.2920029868988232,-0.642283259813786,-0.8245532053869441,-1.4229210031784008,-0.8682093524486696,-0.8698204187470194,0.0344150950005472,0.8734307238280727,1.1658845129300397,-1.0152394549003625,-0.709146619633606
G7128,0,0,0.0758352022395663,10.18730/JFHYZ,FULL,Phaseolus,vulgaris,Phaseolus vulgaris,HND,SAN JERONIMO - SAN JERONIMO - COPAN,14.97,-88.86,0.3591811050669926,-0.8638004395784726,0.3859604233784113,-0.3282479055312923,0.7628973559557757,-1.0280063298069773,0.5374635908189407,-0.1791947856757172,0.5261387745873934,-0.4232721898047584,-0.1772172155267593,-0.7813424006612064,0.2585571411675366,-0.0310412120852824,0.0789124687921807,0.5281350810001041,-0.828547334499447,0.5050158627559306,-0.0881849933786897,-0.1255371683639593,1.0984295221401474,0.3182309494861614,-0.8551296801267712,-0.6682565113706256,0.2723819899886768,-0.047235728533226,-0.395864196845538,-0.1099513511812154,0.2578714159774761,0.2062222827571616,0.8707944777730242,0.5667796723502841,1.000090109091023,0.8874799575143886,0.1564020054513494,-0.0627970306801669,0.9620146050021,-0.1534298262417497,-0.8882652400314262,0.1666602079494563,0.777890148457328,0.7055610305157036,-0.2886580997359388,0.6844252934884241,0.9426145580922582,-0.5096304828572832,0.7715371996385366,1.5994429850681182,1.1222693112223932,0.5514600507328915,0.82134689635014,1.357931696255073,1.5148915858473218,1.04314903606995,1.054983173350317,-0.0517750268964503,-0.709146619633606
G311,0,0,0.000250360535251719,10.18730/JZAPE,FULL,Phaseolus,vulgaris,Phaseolus vulgaris,TUR,IZMIR - IZMIR,38.41,27.22,0.3591811050669926,-0.090873296961092,0.3859604233784113,-0.547121525821492,-1.2136373148095885,1.7026586948539744,-0.7179484178685116,0.2417169816552838,-0.295852376141407,1.2720345183086357,0.7943950538237766,0.2276848888251061,-0.2124523676773833,-0.0310412120852824,0.2141594007702701,-0.7056311332590228,0.3726820971171922,0.3688701956628195,-0.2913036701250449,-0.3619917718278785,-0.314733448988356,-0.4211558031252794,1.337147065116156,0.8082923615133358,-0.3236970053262839,-0.4369711226493272,1.254587388272308,-0.1099513511812154,-0.2813215727714414,-1.1698836982734446,-0.1658170068233561,1.1919090074147216,-0.6689170813929614,-0.5327288449401444,-0.6183233852689962,0.2922934424205638,-1.504543032814612,0.9697023429396434,-0.6503000589267756,-1.5436469789601786,-1.6294865465188857,1.2691163921791266,0.836807947821324,-0.7448411839559423,0.1748341321156649,-0.3303796794310259,-0.763191677136894,-1.0238536844745356,-1.0275394393462116,-1.382961731682519,-0.5398027432153157,-0.732347463548078,0.4168577371053229,1.320665214959653,1.3789182489599257,1.5539988496228132,1.99998596891928
G7229,1,1,0.9992797611255072,10.18730/JFFQ$,FULL,Phaseolus,vulgaris,Phaseolus vulgaris,COL,"PIJAO, FINCA LA GRAN VÍA - PIJAO - CALDAS",4.37,-75.73,0.3591811050669926,0.384919636269984,0.3859604233784113,1.4352480155597804,1.776594817980958,-1.4194016500083804,-0.1398023429085733,-1.860902814929696,1.6972413619862716,-0.9094817105777716,0.7943950538237766,0.7321985335682625,0.9650714044349166,-0.1467162914350786,0.0789124687921807,0.1168796762470617,-0.9620172713457402,0.130615278249875,0.363189843835433,1.9631451622339944,1.0176773523613758,1.3744977389310766,-1.1130445913318214,-0.6682565113706256,-0.0527520074558472,-0.047235728533226,0.0167486994339235,-0.1099513511812154,0.527467910351935,1.582328263787768,0.3843719218384765,-0.3084010967319773,1.4202597514506274,0.5252790548749775,2.1319517517882307,-1.2297811285128293,0.4687030774387575,2.1881001871855297,-1.1913876778846948,1.129798260550466,0.2182928270460677,0.3674278269538562,1.0268216961102126,1.3936033166478423,1.7515260783175977,2.6720712779587825,1.754302182135084,0.3402605836876443,-0.3816741494758153,0.8108677804438643,0.1290686012923574,0.0530890231638654,-0.7010260757597611,-0.8336033785715715,0.3307716348855236,-1.4434457964490774,-1.4831845679862237
G2167,0,0,0.0004178605850665792,10.18730/K0TT0,FULL,Phaseolus,vulgaris,Phaseolus vulgaris,HND,SABANA GRANDE - SABANA GRANDE - FRANCISCO MORAZAN,13.8,-87.27,0.3591811050669926,-1.020239418952292,0.3859604233784113,-0.4175408435833184,0.0800838405893323,0.2007929312904509,0.3458217816769198,0.6814706057948143,0.0576977112703105,-0.5552433234417415,-1.634635619552563,-1.2858560454043628,0.0230523867450766,1.0100345020628827,1.160887924616896,0.9393904857531464,-0.5616074608068605,0.1986881117964306,0.4760335531389636,-0.2831735706732388,-0.2608986691358416,0.4238576284306529,-0.5972147689217209,-0.6682565113706256,0.4349489887109389,-0.8267065167654283,-0.1207889326592303,-0.1099513511812154,1.0666608991008526,0.2062222827571616,0.7457144173554345,0.3610921447385594,0.4798800756934175,1.0971752169372055,-0.6570596548050135,0.7245768136768959,1.110008063271103,-0.5996743041754283,-0.9194275249415992,0.3167264206235108,0.5534972455363589,0.4237833496839935,-0.931781555482946,0.8699026226224258,-0.4969737406138543,-0.4200050811441545,1.52543910401945,1.2655688634899622,0.2365111994001354,1.1554346133427826,1.107195413674204,1.861519864776718,1.4225892526749753,1.2002018026221348,1.4170889425827138,0.9116891458765768,-0.3221277223510561
G51842,0,0,0.00011346167780900104,10.18730/K4CB7,FULL,Phaseolus,vulgaris,Phaseolus vulgaris,IND,CHANDPUR - CHANDPUR - UTTAR PRADESH,29.15,78.28,0.3591811050669926,-1.0325619291605044,0.3859604233784113,-0.5525887284065921,-1.1727152719365992,1.0837079559308254,0.1712697086768295,0.1597421602655375,-0.2564217673808199,0.1206613289023223,0.3085889191485086,0.2276848888251061,-1.1544713853672233,-1.1877920055832438,-1.1383099190106238,-1.1168865380120652,-1.0954872081920335,0.6071251130757639,0.8822709066316742,-0.874310079333037,-1.4250757834464658,0.2126042705416698,1.4661045207186814,0.8082923615133358,-1.0823429993635068,-0.4369711226493272,1.5296626524586157,-0.1099513511812154,-1.0901110558948175,-1.1698836982734446,1.2983558829217074,2.454266613548202,-0.168715126202956,1.135301627741354,-0.6570596548050135,1.939900149188424,0.457740599048461,-0.5545484580922473,0.5933514100431789,-1.0401844404503573,1.7336382087122646,1.466360699340929,-0.4786718480248273,-0.4611699746921749,-1.0316779658475532,-1.0473828931360547,-1.0459048912797364,-0.6327439991972672,1.8419477770779773,-0.2510007293073649,0.8376608315820344,0.7370025952623647,1.8000694037489795,1.8923035104211003,0.6402637453405635,-1.336394179158038,-1.6121908414491544
G5548,0,0,0.0028962629273311,10.18730/JGJAZ,FULL,Phaseolus,vulgaris,Phaseolus vulgaris,IRN,HASAN KIADEH - GILAN,37.42,49.9,0.3591811050669926,-1.1529623504148825,0.3859604233784113,-0.5451697602289506,-0.3647972255013041,0.1188729805506224,-1.8388555935159487,-1.3222167269964058,0.8679721404493286,1.84144636257234,1.2802011884990447,1.2367121783114188,0.9650714044349166,0.3159840259641059,0.3494063327483596,0.3910499460824232,-0.828547334499447,0.6071251130757639,-0.4041473794285756,-0.9531282804876768,0.3380132567233813,-0.4211558031252794,0.9502746983085808,0.4801703897613444,-1.1907209985116811,-2.1258244971524323,1.9422755487380767,-0.1099513511812154,0.527467910351935,-1.1698836982734446,-0.6546921690385626,0.4296546539424681,0.1347407266123138,0.2012045630397149,0.3888196226674531,-0.3486864624476394,-0.9399753957143424,0.6036815913760644,-1.245213000923885,-1.7836096900744571,-1.0560377526371012,0.5224055704459227,0.6906435260606405,1.1753946941372522,1.367635865329301,-0.4200050811441545,-0.5881787350484677,-0.823529211527642,-0.7968732643924986,-1.5480393778622286,-1.8218652619826745,-1.8157378866326224,-0.8823224147506064,0.3454181968533435,-0.907712627118728,0.1623282076856287,0.1938976790757006
G932,0,0,3.318302795032095e-05,10.18730/JZW7M,FULL,Phaseolus,vulgaris,Phaseolus vulgaris,MEX,CHAPINGO - TEXCOCO - MEXICO,19.49,-98.89,0.3591811050669926,1.6530747708173597,0.3859604233784113,-0.3933388181336511,-0.7874634683180324,1.1474234731729145,0.6903955497537031,0.3930774796315947,-1.2597926818299705,-0.2148966738048107,-0.1772172155267593,-0.7813424006612064,-0.6834618765223034,-0.1467162914350786,0.2141594007702701,0.6652202159177848,-0.6950773976531537,0.6071251130757639,-1.3520345375782332,-0.7166736770237575,0.1428621797580165,-1.1605425557367202,1.337147065116156,0.3161094038853487,-1.2449099980857687,-0.1771475265719264,-0.5334018289386918,-0.1099513511812154,-0.2813215727714414,-1.1698836982734446,-0.2671891325335229,-0.6552469804035916,-0.8973426409297304,-0.7614873097650355,-0.5795871157329789,0.6328881257618914,-0.6549509575666335,-0.7701497227118898,1.5763744193719496,0.4404359581293267,-0.1196817934701278,-0.4802532820776928,-0.8586993446026043,-0.7666620462070013,-0.9905468715988072,-0.7187564201879165,-0.5612536670348637,-0.1367024471382927,0.0058450244464224,0.4219745425522461,0.5248588560487536,0.9458004309829326,0.852564449607044,0.6229343757430466,-0.012248787535479,-0.265878261478529,-0.0641150216376775
G10991,0,0,2.513951943868329e-05,10.18730/JP759,FULL,Phaseolus,vulgaris,Phaseolus vulgaris,MEX,"0.5 KM W DE PIEDRAS AZULES, A SOLEDAD - CHALCHIHUITE - ZACATECAS",23.42,-103.95,0.3591811050669926,1.261414333853888,-1.80637314900962,-0.3132708715938671,-0.7558950352445838,0.6559037687339428,0.3948063673103482,0.4813509610440204,-1.3183477561208623,0.4032840634061758,-1.634635619552563,-1.790369690147519,-0.9189666309447634,-0.7250916881840593,-0.5973221910982662,1.213560755588508,1.4404415918875382,-1.6392783939605695,0.5437397787210821,-0.8349009787557171,0.7619621480619323,0.1069775915971782,0.3054874202959551,0.6442313756373401,1.7354849784890352,-0.3070593246106268,-0.9460147252181532,-0.1099513511812154,-0.0117250783969826,0.2062222827571616,-0.4764734930858182,-0.5463535178200816,-0.8973426409297304,-0.5613236530432557,-0.6957959243410308,1.153818443031581,-0.3699265194189245,-0.6748840476473966,1.8653321899412825,0.0519498939369635,-0.0864384180577893,-0.46616439019832,-0.7271513650179893,-0.8103037707091194,-0.9494157773500612,-1.0324453261838666,-1.0055172892593305,-0.2797913563860738,0.0796582004316106,-0.0664893390668161,0.2964637628022311,0.6084452501286266,0.8767152392901311,0.8337453473337034,0.1744781191057283,0.6975861665253832,0.7099227729274225
G950,0,0,1.0456469989028892e-05,10.18730/JZWS1,FULL,Phaseolus,vulgaris,Phaseolus vulgaris,PER,E.E. LA MOLINA - LIMA - LIMA,-12.08,-76.94,0.3591811050669926,-0.6907424059199802,0.3859604233784113,-0.6159086520708662,-1.321203827504302,-0.5182821918702664,-0.1887869285419982,2.182117876532198,-2.3137850661133497,0.0907207894062547,1.7660073231743127,1.2367121783114188,-0.6834618765223034,-1.1877920055832438,-1.1383099190106238,-1.253971672929746,1.306971655041245,-1.230841392681236,-1.0135034096676412,-0.6378554758691177,-1.4519931733727232,-1.3717959136257032,2.110891798731307,0.9723533473893315,0.760082986155463,2.03135304008598,-0.9460147252181532,-0.1099513511812154,-2.168497033392653,-1.1698836982734446,0.2895399335223999,0.3005956954378758,-1.8060428595249067,-1.8290268122811943,-0.8120047329490826,-0.0176041390317292,-1.614167816717577,-0.800233620100677,-1.6503207297841245,-0.6846598167921327,-0.2942096993213053,0.6938202947474528,-0.9756308820111512,-1.2030792912281818,-1.1002297895954634,-1.1071331609448072,-1.1805302313477566,-1.081089248173648,-1.0275394393462116,0.6931735327046267,0.8273759593706227,0.6187988618172499,-0.3225534264796024,-0.9298615258132332,-1.041310054798487,1.5539988496228132,1.870979772350108
G14248,0,0,4.843881973312909e-05,10.18730/JPHB2,FULL,Phaseolus,vulgaris,Phaseolus vulgaris,ECU,FINCA DE LA UNIVERSIDAD TECNOLÓGICA DEL CHIMBORAZO - RIOBAMBA - CHIMBORAZO,-1.67,-78.62,0.3591811050669926,2.0813609864323785,-1.80637314900962,2.222476278998736,1.1393801503872736,-1.4011972165106408,-0.3174699280533043,0.0745912342257753,-1.084127284449407,-0.8122398130472482,0.3085889191485086,0.7321985335682625,0.2585571411675366,0.6630092640134944,0.8903940606607171,-0.2943757285059805,-0.828547334499447,0.6071251130757639,-0.5846973143142247,0.3473720385638791,-0.4224030086933848,-0.2099024452362963,0.4344448758984802,-0.1760735537426384,-0.3236970053262839,-0.4369711226493272,0.7044368598996927,-0.1099513511812154,0.2578714159774761,-1.1698836982734446,-0.7094657902946498,-1.6272220452894148,-0.8790019025727636,-1.219004239414818,0.3500833531314358,-1.4787161291390425,-0.8084256550307845,-0.3038493131856863,-0.0298906679059366,0.8426968342272007,-0.6543465833221352,-0.5319124925855886,-0.4932882902008956,-0.5811847170729996,-0.4147115521163622,-0.06150347429164,-0.5612536670348637,-0.6327439991972672,-0.78764661739435,0.2237066817967214,0.3028474765886245,-0.8192027616026393,-0.98488056271988,-1.281119326274034,-0.9670319482892774,0.3764311870368224,0.7099227729274225
G4679,0,0,0.0069022353670656,10.18730/JPR1Z,FULL,Phaseolus,vulgaris,Phaseolus vulgaris,COL,"YACUANQUER, FINCA LA ESTANCIA VIEJA - YACUANQUER - NARIÑO",1.12,-77.42,0.3591811050669926,1.0917701988376485,0.3859604233784113,4.284103531754818,2.1250167830138347,-1.4558105170038598,-1.0831769457278928,-1.0784798013482615,0.49686121017509,-0.9372651193351772,1.7660073231743127,1.7412258230545752,2.1425951765472164,1.819760057511456,2.1076164484635216,-0.9798014030943843,-0.5616074608068605,0.6071251130757639,0.6565834880246127,2.239008866275233,0.687939325764725,1.1632443810420936,-0.9840871357292964,-1.1604394689986126,-0.648831002770808,0.3424996655828751,0.5668992278065389,-0.1099513511812154,1.3362573934753113,1.582328263787768,-0.9195676992070048,-1.9176046249996328,0.1930976213844811,-0.3706915990225131,0.8149185875636432,-1.058356240311809,0.4522593598533128,-0.1233459288529624,-1.2395473001215618,1.148488486783814,-0.8593476097207747,-0.6493198726617789,0.5590955464760254,0.3789332219735976,1.0660078408384963,1.1783145827399724,0.3272735774140698,-0.5564299142651172,-0.6953801474128649,0.1313418083390266,-0.388012215405515,-1.0993254778448338,-1.628019400307842,-1.4423939413894495,-0.9500098822142502,-0.4799814960606078,-0.3221277223510561
G23419A,0,0,0.0010901683081112,10.18730/S1BPC,FULL,Phaseolus,vulgaris,Phaseolus vulgaris,PER,18 KM NE DE PALCA - TARMA - JUNIN,-11.23,-75.53,-2.9470184280009937,1.2472773226025349,-2.902539935203636,2.7926538206927414,1.512355341143944,-0.7913486943363615,0.1648665731046653,-0.3487198421050694,-0.8499068127779518,-0.721943742865779,0.3085889191485086,1.2367121783114188,0.9650714044349166,1.125709581412679,0.7551471286826278,-0.2943757285059805,1.306971655041245,-1.9796425616933475,1.0853895833780294,1.8843269610793545,1.4079795062921052,1.480124417875568,-1.1130445913318214,-0.3401345396186341,1.1935949827481618,0.0826760695054743,0.429361595713385,-0.1099513511812154,1.0666608991008526,1.582328263787768,-0.7756846687405783,-1.6433543766399314,-0.5038504361802596,-0.7042976935588128,-0.1922244203728061,-0.4287084685660879,-0.358964041028628,-0.5545484580922473,1.3157459327139456,0.6947643464450357,-0.6931305741421676,-0.6469717053538205,0.7637257369409822,-0.4829908369432339,-0.1953457161230497,-0.1511288760047686,-0.7228040751164879,-0.976157381391942,-0.8706864403776867,-0.0140837371050035,0.1588592656288603,-1.1280855103132317,-1.7051034276524897,-1.2529736691858286,-0.878826696809591,0.0552764627791469,0.5809165763582509
G50952,0,0,3.739951249087163e-05,10.18730/JXRK2,FULL,Phaseolus,vulgaris,Phaseolus vulgaris,PER,CHUQUISONGO - OTUZCO - LA LIBERTAD,-7.75,-78.4,0.3591811050669926,0.9504000863241155,0.3859604233784113,0.942658911258335,0.6781302671474415,-0.0904780046733838,0.3741068370646059,0.6323186003180161,-1.4061805420650872,-0.6872144901991211,1.2802011884990447,0.7321985335682625,0.7295666500124566,-0.3780664501346709,-0.4620752591201768,-0.1572905935882998,-0.6950773976531537,0.3688701956628195,-0.7878159910605799,0.6232357426051183,0.3514719516865099,-0.1042757662918048,0.5634023315010054,-0.1760735537426384,0.2181929904145895,0.3424996655828751,-0.2583265647523842,-0.1099513511812154,-0.5509180671459002,0.2062222827571616,-0.2720942375282021,-1.115019471998004,-1.0874193839019324,-0.7996137205691841,-0.734532193877048,0.7499541353832649,-0.1287519948324015,-0.8303175174894644,0.46587009679386,1.342624457126055,-0.2803583061092403,-0.1820385980428414,0.0621365124897015,-0.7775724773325309,-0.7437603061063307,-0.3303796794310259,-1.0728299592933406,-1.0906285087901668,-1.0644460273388057,0.2665045900655352,0.4213008324028148,-0.783540321341826,-0.6077312443812605,-0.9084708264261973,-0.3397946044337297,0.3764311870368224,1.096941977785008
G6901,0,0,0.0132830069408571,10.18730/JFQQZ,FULL,Phaseolus,vulgaris,Phaseolus vulgaris,BRA,CAMPINAS - SAO PAULO,-22.88,-47.1,0.3591811050669926,-0.3770400695870832,0.3859604233784113,-0.5731278792195434,-0.2052012582966474,0.2189973647881906,0.0794887076563766,-0.8853816803381963,0.3211958073411554,-0.1871132319270088,-0.6630233502020273,-0.7813424006612064,-0.4479571220998433,-1.419142164282836,-1.544050714944892,0.6652202159177848,-1.2289571450383268,0.6071251130757639,-1.3971720212996457,-0.6378554758691177,-0.7790584252162929,-1.3717959136257032,-1.3709595025368717,-0.5041955254946299,-0.4862640040485459,0.9920586557763772,-1.7712405177770765,-0.1099513511812154,-0.8205145615203591,1.582328263787768,0.5560504563161784,0.4336876838940812,0.2797992936174154,0.2869889873490491,0.2726108140594013,-0.1622337974390225,1.444363654175146,-0.3539891421669985,-0.0242249158138604,-0.0929201432426888,0.7695793178139858,0.0480798274936231,2.342301491956364,0.0952620127098302,0.7506694515981099,-0.2855669785744616,-0.5747162010416657,-0.6995188235128984,-0.8245532053869441,0.5401055036411655,0.42378338776419,-0.329994609315193,-1.05865626271068,-1.552724917175214,-0.8143491737981243,-0.4799814960606078,0.1938976790757006
G13016,0,0,8.636696034269342e-05,10.18730/JKVQ0,FULL,Phaseolus,vulgaris,Phaseolus vulgaris,MEX,PACHIVIA - IXCATEOPAN - GUERRERO,18.4,-99.77,-2.9470184280009937,0.2152755012537445,0.3859604233784113,-0.5890991040124434,-1.3334804403661986,0.5011660840031557,1.165483133162832,1.3871560313784503,-0.4985760180168251,-0.3607594952602986,-1.1488294848772953,-0.7813424006612064,0.0230523867450766,0.2003089466143097,0.6199001967045383,1.213560755588508,2.5082010866578845,-4.294118902276236,0.859702164770968,-0.3619917718278785,-0.0119128123179624,0.1069775915971782,0.3054874202959551,-0.5041955254946299,3.306965966137568,-0.1771475265719264,-1.0835523573113073,-0.1099513511812154,0.527467910351935,0.2062222827571616,0.914940399335794,0.8289306193110801,0.0513737340806463,0.3823050143594204,-0.6957959243410308,1.2403187308421,0.1288662473395661,-0.7200098937305776,0.6075160334247776,0.3401229257452158,0.7584981662570546,0.6045906984300062,-0.887932228954741,-0.2102300588049961,-0.8397328593534049,-0.942819924470738,-0.224690316864813,1.1320192148586998,1.1130426642242446,0.452762833704811,0.559614631108007,0.9478136332557204,0.6739147724992769,0.3710307448036102,0.1022632933328857,-0.8011362203182835,-0.8381529699902952
G19118,0,0,8.182532228183349e-05,10.18730/JMHGZ,FULL,Phaseolus,vulgaris,Phaseolus vulgaris,MEX,EJIDO TAVERA - TURICATO - MICHOACAN,19.06,-101.55,0.3591811050669926,0.5969748050402833,0.3859604233784113,-0.5563662728038148,-0.9710280606340111,1.056401305684216,1.6700886307449738,1.5797526833096736,-0.6742414153973884,-0.3538136844714425,-1.1488294848772953,-1.2858560454043628,-0.2124523676773833,0.431659105313902,0.6199001967045383,1.076475620670827,0.9065618445023652,-2.1838610623330137,0.7017209717460251,-0.4802190735598382,-0.2810867115805345,0.2126042705416698,0.1765299646934299,0.3161094038853487,1.7896739780631226,-0.8267065167654283,-0.1207889326592303,-0.1099513511812154,0.7970644047263937,0.2062222827571616,0.7980355087117031,0.7523019732788317,-0.1703824660535893,0.5920002737822374,-0.6570596548050135,1.5143045569218962,-0.4631075857364448,-0.73003785952684,0.6953365957267504,0.2246148953367361,0.6449165411300305,0.6797314252617568,-0.7271513650179893,-0.4720804058177044,-0.880863953602151,-1.0473828931360547,-0.8305043471709042,0.5978206203336504,1.316028898183512,0.3529738333025261,0.5812483278285627,0.9294072124759458,0.7516604653146941,0.4276035155509026,0.1827312420511961,-0.9081878376093228,-0.9671593203469846
G13932,0,0,0.000195258856708916,10.18730/JS7PV,FULL,Phaseolus,vulgaris,Phaseolus vulgaris,GTM,LABOR OVALLE - LABOR OVALLE - QUEZALTENANGO,14.9,-91.52,0.3591811050669926,-0.3856744913422872,-1.80637314900962,1.0103554010168705,0.4209059976600827,0.4829616505054159,-0.9196331878662766,1.340009902217023,0.7896368597514953,-0.4927306951380743,-1.1488294848772953,-0.2768287559180501,0.9650714044349166,1.819760057511456,1.5666287205511642,0.8023053508354656,0.3726820971171922,-0.0736032223897916,1.5819019043135645,0.6232357426051183,2.915353342162509,2.0082578125980257,-0.8551296801267712,-0.996378483122617,0.2723819899886768,-0.6967947187267279,-0.1207889326592303,-0.1099513511812154,1.875450382224229,0.2062222827571616,-0.8827794429327047,-1.659486746453006,0.3731703252528831,0.6491898899884602,-0.6957959243410308,0.557423669226207,1.049714432124472,-0.7651357398137585,-0.0582200227364252,0.5753405448081128,-0.7485362658781127,-0.7502902271411532,-0.9463979976590144,0.4443958087267747,-0.5792359291113465,-0.345317246383214,1.1081005498085872,1.4086577727377434,0.5133106093445909,1.00695207445098,0.6674284639448748,1.4614678131413048,1.4275517437057466,0.5300537073519694,0.3668790477719449,1.6610503392984106,0.1938976790757006
G20917,0,0,0.0002604110063413589,10.18730/JTVMR,FULL,Phaseolus,vulgaris,Phaseolus vulgaris,RWA,NDERA - RUBUNGO - KIGALI,-1.95,30.2,0.3591811050669926,0.2621474352121496,0.3859604233784113,0.241568595921966,1.1428877540621012,-0.9096775120716694,-0.5606724860849549,-1.4959711361439856,1.1868869781027114,-0.9059904029327362,-1.1488294848772953,-0.7813424006612064,-0.2124523676773833,-0.493741529484467,-0.4620752591201768,0.8023053508354656,-0.4281375239605672,0.6071251130757639,-0.7652472491998737,-0.1649462689412792,-0.159958456912377,-0.526782482069771,-0.9840871357292964,-0.3401345396186341,-0.648831002770808,0.4724114636215755,-1.2210899894044611,-0.1099513511812154,-0.0117250783969826,1.582328263787768,0.4800213912702377,-0.1470774370637964,-0.1887232044105562,-0.2181859558059189,-0.463378307124927,-0.4422422605411234,-0.6330260007860405,0.5384998137003585,-0.5539807604193946,1.1356218729008511,0.2903202196979254,0.4261315281887902,0.0475200703136332,-0.1884091965539371,0.5313036156047976,1.5069410556881109,0.3811237134412779,-0.9475395995423856,-0.999859498351766,0.2184661216005402,-0.027332386474283,-0.4556759512020913,-1.0933936999260794,-1.2307386000861469,-0.0308183141627814,-0.265878261478529,0.0648911749314939
G22655,0,0,0.0001132933927946749,10.18730/K3R0P,FULL,Phaseolus,vulgaris,Phaseolus vulgaris,PRT,CARVALHAL - PONTA DO SOL - MADEIRA ISLAND,32.69,-17.09,0.3591811050669926,-0.8308633313463988,0.3859604233784113,-0.594588405822613,0.7225599136952581,-1.0098018963092377,-0.3754597458439392,-0.9731163212109202,0.5381967290105628,-0.3926167419487076,-0.1772172155267593,-0.2768287559180501,0.4940618955899966,1.0100345020628827,0.7551471286826278,0.3910499460824232,-0.0277277134216875,0.5390522795292084,0.2729148763926085,0.702053943759758,0.910007792656347,0.8463643442086191,-0.4682573133191957,0.3161094038853487,0.2723819899886768,-0.5668829206880276,0.2918239636202311,-0.1099513511812154,1.0666608991008526,0.2062222827571616,-0.0006785863503979,-0.0462501113086233,-0.7706248122815957,-0.8377401313733326,-0.6570596548050135,-0.1924252975433183,-1.2798122258135338,0.2476888056087478,-2.151747273592817,-0.9643585589932252,-0.332993690141338,0.4237834168650215,0.3836982403632052,-0.3084239389347617,0.0788615788685907,-0.494692915905095,-0.8170418131641021,-1.0238536844745356,-1.0459927333425083,-0.9696125462087212,-0.752947853527676,-0.2238700895068052,0.3457286989976008,0.7287620463946981,0.0625451391578222,2.945669491559998,2.903030575203621
G11728,1,1,0.9561593584996024,10.18730/JQHCW,FULL,Phaseolus,vulgaris,Phaseolus vulgaris,PER,"SAN LUIS DE SHUARO, ANCAPAHUACHANAN - JUNIN - JUNIN",-10.89,-75.29,0.3591811050669926,-0.3057764760413867,-1.80637314900962,-0.4891454559224826,0.6290238156998549,-0.3817489406372187,0.9518341333468404,-1.2991632178882484,0.9653022353185728,-0.7983481086685454,0.3085889191485086,0.2276848888251061,0.2585571411675366,-1.0721169262334478,-1.2735568509887132,0.1168796762470617,-1.0954872081920335,0.6071251130757639,-0.1333224771001019,0.5444175414504786,0.1966969596105309,0.3182309494861614,-1.1130445913318214,-0.5041955254946299,-0.648831002770808,0.6023232616602759,-0.6709394610318457,-0.1099513511812154,-0.5509180671459002,1.582328263787768,1.0400205299214311,0.554680428645218,0.9984227692403896,0.277457384648012,1.5509077087479717,-0.8757948693821518,1.18126417280803,0.0721994041741551,0.1287528221862612,0.9444824089680076,0.8277553436732661,0.7032128744045835,2.327685049780296,0.4443958087267747,0.9289041933426764,1.11856431493122,0.1118730333052374,-0.5468906536485986,-0.4923939134535975,0.383762124455091,-0.1755764066249762,-0.7306218615999741,-1.0030763631660415,-1.1609373705073978,-0.863352091286839,-0.5870329857362047,-0.580140269276917
G15292,0,0,0.0044834669149363,10.18730/JS0Z$,FULL,Phaseolus,vulgaris,Phaseolus vulgaris,ESP,"CEREIJEIRA, NEAR EMBALSE DE SALIME - CEREIJEIRA - ASTURIAS",43.21,-6.9,0.3591811050669926,-0.8874113763518119,-1.80637314900962,-0.4140342971818816,0.0222083799546765,-0.536486625368006,-1.956134162960118,-1.531031589464149,1.0174606644803457,2.355607307092629,0.7943950538237766,1.7412258230545752,0.4940618955899966,-0.0310412120852824,-0.5973221910982662,-1.1168865380120652,0.3726820971171922,0.6071251130757639,0.2277773926711962,0.4655993402958388,0.8225262753960111,0.5294843073751444,-0.9840871357292964,-0.6682565113706256,-0.7572090019189827,-0.4369711226493272,1.5296626524586157,-0.1099513511812154,0.2578714159774761,0.2062222827571616,-1.2858152865621308,-1.0141920693177175,0.2131056995920813,-0.3897548044245874,0.6987097789555914,-1.0381350476653342,-0.731688306298709,1.1802896246611545,-1.1828889062197083,-1.2200813810554014,-1.5629997164357508,-0.0411497464301473,1.0560545804623491,0.3352914974714795,1.0385871113393323,0.5658743377002602,0.0984104992984354,-0.5850476961146734,-0.7230600884073104,-1.917062158343326,-2.1031033193498985,-1.5845072255867043,-0.5968137641135636,0.060584147120707,-1.2956094055557117,1.0187408907830586,1.096941977785008
G14875,0,0,2.356121650951105e-05,10.18730/JNQMY,FULL,Phaseolus,vulgaris,Phaseolus vulgaris,MEX,GROWN AT IXTAPAN - IXTAPAN DE LA SAL - MEXICO,18.83,-99.68,0.3591811050669926,0.4757039461173607,0.3859604233784113,-0.5432005332141872,-1.2188987203218296,0.9303840017652056,0.6677530012225488,1.02001905824729,-0.2058003848005344,-0.3468678074417939,-1.1488294848772953,-1.2858560454043628,-0.4479571220998433,-0.3780664501346709,-0.0563344631859086,1.076475620670827,-0.1611976502679807,-0.4480038068958472,0.9725458740744988,-0.559037274714478,-0.738682340326907,0.4238576284306529,0.1765299646934299,-0.1760735537426384,1.247783982322249,-0.3070593246106268,-0.8084770931249995,-0.1099513511812154,0.2578714159774761,0.2062222827571616,0.2380363700605091,-0.0664156456922609,-0.1903905442611895,0.0582305225241579,-0.6183233852689962,1.0460986260606686,0.0192414634366011,-0.7500937911193648,0.4715359569532268,0.389230130851233,0.2072116490696487,-0.0270608993381274,-0.8148500180743993,-0.4720804058177044,-0.921995047850897,-0.778506687996669,-0.197765248851209,0.8172236145135814,0.7439767842983039,0.4318005929200859,0.5791204232330982,0.9440748290348288,0.7642321092593147,0.4543418897846975,0.068734981366923,-0.5870329857362047,-0.4511339189202276
G10123,0,0,0.00031278890774224984,10.18730/JP4G=,FULL,Phaseolus,vulgaris,Phaseolus vulgaris,NLD,WINSCHOTEN - WINSCHOTEN - GRONINGEN,53.13,7.03,0.3591811050669926,-1.0195060973302976,0.3859604233784113,0.3558053732797019,0.8061578012786497,-1.264663965277593,-1.4894129093216233,-1.9149627911223963,1.6218674036772045,0.272195860708972,-1.1488294848772953,0.2276848888251061,-0.9189666309447634,0.7786843433632905,-0.191581395163998,-0.8427162681767036,-1.0954872081920335,0.6071251130757639,1.19823329268156,2.041963363388634,-0.4156736612118205,2.0082578125980257,-0.726172224524246,-1.488561440750604,-1.299098997659856,1.2518822518537778,-0.395864196845538,-0.1099513511812154,-0.0117250783969826,0.2062222827571616,-1.6545154466366403,-1.1997143702462651,-0.5538706316992601,-1.142751417806521,0.931127396171695,-1.8069962266265245,-0.424738911370407,0.0421155067853678,-1.6673180882177114,-1.6646620403571075,-0.338534252710061,-1.713030534245085,-0.0255621405667085,-0.4502595435666454,-0.1130835276255576,-0.4200050811441545,-0.4400908609736454,-0.3942624837842987,-0.3632208554795182,-2.555973788927759,-3.48588665563591,-2.690042873671915,-1.6882309581478672,-0.515838910045735,-3.648265265198107,3.159772470911193,3.161042968341965
G20772,0,0,0.0090959623364808,10.18730/JTR1M,FULL,Phaseolus,vulgaris,Phaseolus vulgaris,RWA,BUTAMBARA - KAGANO - CYANGUGU,-2.34,29.09,0.3591811050669926,-0.7392147193948865,0.3859604233784113,-0.3441751838801825,0.5664715501654289,-0.7367353938431425,-0.4685661274261387,-0.6872569360448361,0.2039876354984299,-0.8220489913852373,-0.1772172155267593,-0.2768287559180501,0.0230523867450766,-0.7250916881840593,-0.7325691230763556,1.076475620670827,-0.9620172713457402,0.6071251130757639,-0.4944223468714001,-0.0073098666319996,0.1832382646474023,-0.1042757662918048,-1.2420020469343465,-0.8323174972466213,-0.5946420031967207,-0.1771475265719264,-0.9460147252181532,-0.1099513511812154,-0.0117250783969826,1.582328263787768,0.1963429854021815,-0.5745851890320597,0.2998073718250156,-0.3325651882183645,-0.1147518813007715,-0.8577924589760219,0.698915123634984,-0.4191709198427044,-0.942090803478132,1.2273469513060409,0.0853191932992837,0.1748797648332677,0.7637257369409822,0.3243810663459501,1.0111663818401684,1.3276902522618534,0.3541986454276739,-0.8521469933771982,-0.9168196753684292,0.1540509025224788,-0.1425938853952765,-0.5301644352952416,-1.155590254178413,-1.1775433081894389,-0.3490793677473809,-0.265878261478529,-0.4511339189202276
G18665,0,0,0.000315289534185672,10.18730/JSTE=,FULL,Phaseolus,vulgaris,Phaseolus vulgaris,BRA,"BURITI, RODOVIA PIRACANJUBA - MORRINHOS - PIRACANJUBA - GOIAS",-17.25,-48.51,0.3591811050669926,-0.6866658165825952,0.3859604233784113,-0.558185687767914,-0.2893837464925103,0.8561525372090794,1.1789716025887709,0.4417282073569358,-0.0594125245654171,-0.506622382956579,0.3085889191485086,-0.2768287559180501,-0.4479571220998433,-1.8818424816820207,-2.085038442857249,0.2539648111647425,-1.4958970187309133,0.6071251130757639,-1.3971720212996457,-0.5984463752917978,-0.4089443137302562,-1.1605425557367202,-1.1130445913318214,-0.5041955254946299,-0.5404530036226333,0.7322350596989763,-1.0835523573113073,-0.1099513511812154,-1.0901110558948175,1.582328263787768,0.8519916324673817,0.4820848894896961,0.6782935179187863,0.9160747656175,-0.4246420375889098,0.3660791073852703,0.501590512609647,-0.5996743041754283,0.0097701640918799,0.038851073768487,0.7695793442334723,0.3909092984903593,3.058507158583713,0.2370976173417139,1.7378157135680157,0.3268732664652505,-0.7228040751164879,-1.0333929450910544,-0.9906328513536174,0.3997021617184757,0.6908354144949842,-0.2644217352872461,-0.3787949914950106,-0.8865172138973972,0.3741005303492291,-0.4799814960606078,-0.1931213719943667
G24998,0,0,6.204509172720697e-05,10.18730/JVDC0,FULL,Phaseolus,vulgaris,Phaseolus vulgaris,PER,"SOROCHUCO, PAUCAPAMPA - CELENDIN - CAJAMARCA",-6.91,-78.25,0.3591811050669926,1.855168806410726,-1.80637314900962,2.7503627094277854,1.425834450498196,-1.264663965277593,0.1853047537077906,-0.3763052332986824,-0.820629188378562,-0.7844564042898426,1.2802011884990447,1.2367121783114188,1.2005761588573765,1.0100345020628827,0.6199001967045383,-0.4314608634236613,-0.0277277134216875,0.0625424447033194,-0.7201097654784615,0.6232357426051183,0.5937284610228247,0.0013509126526867,-0.4682573133191957,0.152048418009353,0.4349489887109389,0.3424996655828751,0.0167486994339235,-0.1099513511812154,0.527467910351935,0.2062222827571616,-0.4960938828532952,-1.413468188536561,-0.3954733458890918,-0.6089816665484414,-0.0372793422287369,-0.6070426713788148,-0.0903833204663638,-0.5645764238885097,0.8171521703924077,1.3166942744196832,-0.5102918112281617,-0.332320029312666,0.3252324716589318,-0.0574840230475829,0.0925719436181727,0.3567484003696268,-0.5477911330280616,-0.928461078309348,-0.8891397343739837,0.1793802768040216,0.1616964717561463,-1.14821753304111,-1.0821453869229978,-1.1702254373465055,-0.8891431004914256,0.2693796973612255,0.9679354736408012
G13125,1,1,0.998087810152286,10.18730/JND6X,FULL,Phaseolus,vulgaris,Phaseolus vulgaris,CRI,SAN ISIDRO DE EL GENERAL - SAN ISIDRO DE EL GENERAL - SAN JOSE,9.38,-83.7,0.3591811050669926,0.2148476744581865,0.3859604233784113,-0.2170670494913807,1.76373360450659,-0.9551885958160186,1.1444469955239869,-0.1109835113099477,1.8143515978219995,-0.8052939525777978,0.7943950538237766,0.2276848888251061,0.7295666500124566,-0.2623913707848747,0.0789124687921807,0.3910499460824232,-1.0954872081920335,0.6071251130757639,0.3406211019747269,0.1109174350999599,0.4187654265021529,0.5294843073751444,-0.5972147689217209,-0.1760735537426384,-1.0823429993635068,-0.047235728533226,-0.395864196845538,-0.1099513511812154,0.2578714159774761,0.2062222827571616,1.0351154249267496,0.6111437710691734,2.7541316319573084,1.9454878573295105,0.9698636657077124,-0.5218522713405123,1.7896817234694855,1.6014641881041771,-0.1885343200990761,1.0075924774933405,0.7003222196562339,0.7548721296998309,0.7783421791170506,3.1720035901091537,3.245955836022038,1.8206299616840609,3.585206807060159,2.2481127069913924,1.0392294882390565,1.0639431665844512,0.7560911554225621,1.355630893657601,0.7916912262962493,0.3977691190374051,0.9755468650001902,1.5539988496228132,0.1938976790757006
G16145,0,0,7.190939221963774e-05,10.18730/JSKF$,FULL,Phaseolus,vulgaris,Phaseolus vulgaris,PER,LUYA - LUYA - AMAZONAS,-6.18,-77.9,0.3591811050669926,0.9911693073208492,-1.80637314900962,1.2955940689292011,1.3726357947633103,-1.319277265770812,-0.0240103118950624,-0.6611875019278461,-0.6449637909979988,-0.8608607535324109,0.3085889191485086,0.7321985335682625,0.4940618955899966,0.3159840259641059,0.2141594007702701,0.1168796762470617,0.5061520339634855,-0.8564408081751805,-0.5169910887321063,0.7808721449143978,-0.0522888972073482,-0.1042757662918048,0.0475725090909048,0.152048418009353,1.085216983599987,0.6023232616602759,-0.8084770931249995,-0.1099513511812154,-0.0117250783969826,0.2062222827571616,-0.0104888041362061,-0.7560742676962068,-0.4855096978232927,-0.7710189124660727,0.233874544523384,-0.9964986250628532,-0.2931891706868491,-0.4241849027408356,-0.0723845650675527,1.037794719603071,-0.1030600661347294,-0.0106238737413112,0.1644516077221799,-0.1993196276794666,0.0377304846198446,0.2671229986564982,-0.5208660650144575,-0.8139899509111233,-0.8337798523850927,0.0985883071128937,-0.150396202245313,-0.797632737251341,-1.0556787680922175,-1.151367847097408,-0.9634212070006352,-0.265878261478529,0.3229038756448727
G16990,0,0,2.8287794064279163e-05,10.18730/JKSA$,FULL,Phaseolus,vulgaris,Phaseolus vulgaris,IRN,ABBASABAD TORBAT - AZERBAIJAN,38.92,46.83,0.3591811050669926,-1.1045016122746,0.3859604233784113,-0.5856855524167277,-0.3256289844657291,-0.7276331770942726,-1.4373042210301,-0.7523874742992523,0.4697732888926381,1.3561523603155543,0.3085889191485086,0.2276848888251061,-0.2124523676773833,0.3159840259641059,0.2141594007702701,-0.8427162681767036,0.7730919076560719,0.6071251130757639,-0.3590098957071633,-0.3619917718278785,0.4053067315390243,-0.3155291241807879,0.9502746983085808,0.6442313756373401,-0.0527520074558472,-0.8267065167654283,1.804737916644924,-0.1099513511812154,-0.0117250783969826,-1.1698836982734446,-1.445231096073545,-0.3648644391559344,-1.104092782408266,-1.1808778286106694,-0.1534881508367888,-0.8037550115284273,-1.1373000067396797,-0.5194505778053288,-0.8684348611806516,-1.7391411596571449,-0.8011716499102108,0.3181167501634054,-0.6540691541376474,-0.6902890283282948,-0.6752084823584206,-0.2556918446700854,-0.197765248851209,-0.6136654779642297,-0.9260463223665778,-1.3925694253755176,-1.2774763363096742,-1.3486749593458425,-0.5280005551535347,0.3769413327921333,0.2023324090466819,-0.3729298787695683,-0.4511339189202276
G24645,1,1,0.9942723105436124,10.18730/JYBZY,FULL,Phaseolus,vulgaris,Phaseolus vulgaris,COL,"1.5 KM W LA UNIÓN, VEREDA ROMERO - UBAQUE - CUNDINAMARCA",4.52,-73.92,-2.9470184280009937,0.4556046925267504,-2.902539935203636,3.0122603446141603,1.5597079907541167,-0.8732686450761901,-0.3798307806482988,-0.7028163232576872,0.2333631304643595,-0.8955900061990688,1.7660073231743127,1.7412258230545752,1.6715856677022964,0.431659105313902,0.484653264726449,-0.5685459983413421,-1.0954872081920335,0.6071251130757639,0.2954836182533146,1.372008653574196,2.3904642386004933,1.2688710599865851,-0.726172224524246,-0.6682565113706256,-0.5404530036226333,0.3424996655828751,0.2918239636202311,-0.1099513511812154,0.2578714159774761,0.2062222827571616,0.0557300899026217,-0.6794454678137273,1.1067998595315576,0.7540375196998687,0.5437647008115223,-0.649090738293826,0.3371533367551996,1.7117718118630638,-1.2537118154358649,1.0355259018838467,-0.0808978686988099,0.1138279746682425,-0.3471238684402122,1.808199699417964,0.9837456523410044,1.8953177964450008,1.9562401922371144,0.2830250199885319,1.1222693112223932,0.9189543344901028,0.1659522809470753,0.2221980140780444,-0.7734784448090222,-0.9537853343382076,0.1486871099011417,-1.4434457964490774,-1.4831845679862237
G52595,0,0,0.0135329914163787,10.18730/K54TD,FULL,Phaseolus,vulgaris,Phaseolus vulgaris,GTM,ALDEA PATZITE - PATZITE - QUICHE,14.96,-91.21,0.3591811050669926,-0.1156993603943083,0.3859604233784113,0.5163366677580105,0.3460771192637601,-0.1541935219154727,-0.4989108911969102,1.1639649824531717,-0.0886901053378348,-0.4857848181084257,-0.6630233502020273,-0.2768287559180501,0.9650714044349166,0.8943594227130865,0.7551471286826278,0.8023053508354656,-0.1611976502679807,0.1986881117964306,1.694745613617095,0.5838266420277984,2.2087718565982573,1.797004454709043,-0.726172224524246,-0.996378483122617,0.4891379882850262,-0.4369711226493272,-0.2583265647523842,-0.1099513511812154,1.3362573934753113,0.2062222827571616,-0.5827506896812,-1.2723099863269027,1.0734530625188905,1.0781120115351313,0.0401931968432975,0.1838812381342127,1.4553261325654423,-0.1484158433436185,-0.2423597214448404,0.4984515329153005,-0.4659672974686355,-0.4567718329348672,-0.6686855963137158,1.1644842630117227,0.0514408493694266,-0.1063161751482043,1.2831134918970135,1.837924500481087,1.103816017226096,0.8143614872413184,0.6369284980765504,1.392731335541834,1.397445964785734,0.6187125271798158,0.5159510809744559,1.3398956150407346,0.0648911749314939
G16449,0,0,2.1255047503160164e-05,10.18730/JK9QG,FULL,Phaseolus,vulgaris,Phaseolus vulgaris,IRN,MASHAD - MARKAZI,34.03,51.02,0.3591811050669926,-0.5433475846790735,0.3859604233784113,-0.5476115949843541,-1.4726153861343607,1.666249827858495,-0.7579854086000499,0.3910004218641741,-0.9209700797170218,1.726099286220139,0.7943950538237766,0.2276848888251061,-1.3899761397896833,-0.6094166088342632,-0.3268283271420874,-1.253971672929746,1.4404415918875382,0.5730886963024862,-1.4197407631603518,-1.150173783374276,-1.788460547450938,-2.0055559872926523,1.8529768875262569,1.4645363050173188,-0.4862640040485459,0.6023232616602759,0.5668992278065389,-0.1099513511812154,-1.3597075502692766,-1.1698836982734446,-0.9996843257603464,0.6313091900651395,-1.584286659390671,-1.581205142054229,-0.8120047329490826,0.2836278792676551,-1.6086865775224288,-0.5294785436015912,0.3015608816264103,-1.58262139798051,-2.660032148612609,0.8863683344743648,-0.6102198276094425,-1.1485271356005344,-0.9494157773500612,-0.778506687996669,-0.9920547552525284,-1.109707030023204,-1.073672674336954,-0.8410004647274393,0.1322604581855541,-0.4148367050969664,0.2732763299483396,1.1669899272580528,2.2207367893976344,-1.1222909445759592,-0.0641150216376775
G12064,0,0,0.00011755129521760172,10.18730/JHGZD,FULL,Phaseolus,vulgaris,Phaseolus vulgaris,PER,HUAMANGUILLA - HUANTA - AYACUCHO,-13.0,-74.17,0.3591811050669926,-0.1938005932482293,0.3859604233784113,0.1952584125023594,0.3302929027270359,0.3191217490257588,0.0113362010266022,0.4512578418014215,-0.6156862538525528,-0.6108101409565528,0.7943950538237766,0.2276848888251061,-0.2124523676773833,-0.0310412120852824,0.0789124687921807,-0.8427162681767036,1.1735017181949516,0.1646516950231528,-1.0360721515283473,0.0320992339453201,0.1495915272395808,-0.6324091610142625,0.1765299646934299,0.152048418009353,0.5433269878591136,0.3424996655828751,0.429361595713385,-0.1099513511812154,-0.5509180671459002,0.2062222827571616,-0.9023998239291768,-1.7240162641678585,-0.4688362993169592,-0.4564760233318473,-0.4246420375889098,0.0614244840371905,-0.3863702370043693,-0.6498141331567405,1.0409527146070487,0.982936213574116,-0.8538070339423085,-0.7174161199633293,1.0560545804623491,-0.5811847170729996,-0.1816353513734677,-0.3602548133354021,-0.8439668811777061,-1.0333929450910544,-0.9537262633610234,0.4529811903796519,0.8358875777524807,-1.1093914892087728,-1.4043764711877482,-1.0399110450281157,-0.8102226123253905,-0.0517750268964503,0.7099227729274225
G20652,0,0,0.0002930969179980648,10.18730/JN1T=,FULL,Phaseolus,vulgaris,Phaseolus vulgaris,IND,BALOD - MADHYA PRADESH,20.72,81.22,0.3591811050669926,-0.3540405100520399,0.3859604233784113,-0.6179385096211742,-0.9657666551217696,2.6948003204807867,-0.2794830688365208,0.1766507113280612,0.8194686393885463,-0.6511331350994438,-2.120441754227832,-2.799396979633832,-1.3899761397896833,-0.1467162914350786,0.2141594007702701,1.213560755588508,0.2392121602708989,0.6071251130757639,0.8145646810495557,-0.9925373810649966,-1.761543157524681,0.0013509126526867,0.6923597871035305,-0.0120125678666426,-0.7030200023448953,-1.086530112842829,-0.1207889326592303,-0.1099513511812154,0.2578714159774761,-1.1698836982734446,1.7250997913618102,2.688186043147252,0.3331541688376826,1.6023501600921737,-0.734532193877048,1.948936396758248,-0.4521451073461482,-0.8253035345913331,-0.0072273083189327,-0.985893395600754,1.423366440668914,0.5505833318109901,-0.9025486711308094,-0.5375429925708816,-1.0865194248458814,-0.8980072236141737,-0.9516671532321224,0.6073598809501691,2.2940534799872547,0.6757049987173558,0.9064630801687198,1.6423684173675268,2.0127948526013766,1.7971711894629667,0.0620293189737305,-1.4434457964490774,-1.2251718672728455
G6214,0,0,0.0003704759849874453,10.18730/JG3ZG,FULL,Phaseolus,vulgaris,Phaseolus vulgaris,VEN,MONTALBAN - CARABOBO,10.22,-68.32,0.3591811050669926,-0.6827361807045861,0.3859604233784113,-0.3743372196300211,1.127688138137848,-0.5182821918702664,0.8723227235762406,-0.2163096199864298,-0.6449637909979988,-0.8469690657139062,-1.1488294848772953,0.2276848888251061,-0.6834618765223034,1.357059740112271,-1.1383099190106238,-0.2943757285059805,-0.5616074608068605,0.6071251130757639,0.0020899740641348,-0.4802190735598382,-0.1666878043939413,0.0013509126526867,-0.0813849465116203,-0.5041955254946299,-0.973965000215332,0.0826760695054743,0.1542863315270773,-0.1099513511812154,0.527467910351935,0.2062222827571616,1.0514657645137513,0.5829120998571953,0.054708413781913,0.1726097549366035,-0.3859057680528925,-0.0804285028008443,-0.5234012168830755,-0.4241849027408356,-0.7777815072602124,0.9658368840574012,0.7501873620331989,0.801835072772836,-0.8294664602504677,-0.0902153164241714,0.0925719436181727,-0.0913786081960162,0.434973849468486,0.2734857593720131,0.9100564302649772,0.8119595638180687,0.6560796394357308,0.6722925222084697,-0.0565639072302601,-0.3843986914438168,0.6980356059588376,0.4834829319433041,0.0648911749314939
G15291,0,0,0.0030806173370674,10.18730/JS0RV,FULL,Phaseolus,vulgaris,Phaseolus vulgaris,ESP,"GESTOSELO, ON BORDER OF OVIEDO AND GALICIA - GESTOSELO - LUGO",43.18,-6.92,0.3591811050669926,-0.4774380500625665,-1.80637314900962,-0.4140554541329649,0.0496846087408262,-0.5910999258612251,-1.9486411592845656,-1.5401033432484197,1.035635427893629,2.3171268088120107,0.7943950538237766,1.7412258230545752,0.2585571411675366,-0.0310412120852824,-0.4620752591201768,-1.3910568078474268,0.5061520339634855,0.6071251130757639,0.5211710368603759,0.386781139141199,1.333956683994898,0.7407376652641275,-0.5972147689217209,-0.6682565113706256,-0.5946420031967207,-0.047235728533226,1.3921250203654618,-0.1099513511812154,-0.0117250783969826,0.2062222827571616,-1.3438589645160417,-1.0988870060285374,0.2464524966047483,-0.3611599963214759,0.7761823180276259,-1.0500086158936708,-0.7097633495181159,1.2254154707443357,-1.2027192529880053,-1.224208805820042,-1.610094551108869,-0.088112689503154,1.0999039069905543,0.3571123597225386,1.0385871113393323,0.5509367707480721,0.1387981013188415,-0.5755084354981548,-0.7046067944110134,-1.9205558651407804,-2.0917544948407545,-1.574728814547449,-0.5660463197227814,0.054955015703066,-1.2971568661079866,1.125792380458656,1.2259481743541794
G219,0,0,5.031052197956557e-05,10.18730/JZ835,FULL,Phaseolus,vulgaris,Phaseolus vulgaris,TUR,SULEKLER - ANTALYA,37.12,30.09,0.3591811050669926,-0.1701084482027635,0.3859604233784113,-0.5474004101860135,-0.4916555584075697,0.2189973647881906,-0.7769425739259225,0.0495325534421638,-0.1997261514641057,1.1706041958268605,0.7943950538237766,0.2276848888251061,-0.4479571220998433,-0.1467162914350786,0.2141594007702701,-1.5281419427651075,0.6396219708097787,0.6071251130757639,-0.1784599608215142,-0.4802190735598382,-0.3281921439514846,-0.3155291241807879,0.9502746983085808,1.1364143332653274,-0.5404530036226333,0.3424996655828751,1.117049756179154,-0.1099513511812154,-0.8205145615203591,-1.1698836982734446,-1.1648227569534229,-0.0583494319388054,-1.0407338680841989,-1.152283020507558,-0.3859057680528925,-0.6039707421622992,-1.345587096155313,0.1774930450349107,0.210907480426531,-1.3439550767980466,-2.5713830748594546,0.5177092582236809,0.1352187233700433,-0.8321246329601785,-0.5381048348626004,-0.494692915905095,-0.6151038030620718,-0.8712255146102357,-0.962952910359172,-1.222906289024149,-0.4376633226330199,-0.5658268755560548,0.4456401850837965,1.081990042851673,1.7157488291718277,-0.265878261478529,-0.3221277223510561
G12408,0,0,0.000109945756568593,10.18730/JREN3,FULL,Phaseolus,vulgaris,Phaseolus vulgaris,ECU,SAN JOSÉ DE YAGUARCOCHA - IBARRA - IMBABURA,0.37,-78.1,0.3591811050669926,0.4632229030953266,0.3859604233784113,1.915106968556667,1.1680255803983657,-1.1918462312866345,0.0757153296575018,0.1613599257469013,-1.1426823587402992,-0.9928319202897904,1.7660073231743127,2.245739467797732,1.2005761588573765,0.431659105313902,0.3494063327483596,-0.9798014030943843,-0.6950773976531537,0.6071251130757639,0.2954836182533146,0.6232357426051183,0.4591415113915387,0.5294843073751444,-0.2103424021141454,-0.0120125678666426,-0.1069410070299345,0.3424996655828751,0.7044368598996927,-0.1099513511812154,0.2578714159774761,0.2062222827571616,-0.2524738487352811,-1.143251104747426,-0.7722921521322291,-1.0569669934971866,-0.0372793422287369,-1.0085036117848556,-0.4850325425170377,-0.0130383050940756,-0.4859907356920346,1.3780679659557362,-0.3163719760156826,-0.1115942282206856,-0.2886580997359388,-0.4611699746921749,0.0240201198702626,0.1924351638955576,-0.5477911330280616,-0.785372169061567,-0.8983663813721323,0.4713231510662863,-0.281971636398201,-0.6503813710131443,-1.2184484739015164,-1.291814675967552,-0.902038605093719,-0.265878261478529,-0.0641150216376775
G22494,0,0,0.0001541592840432439,10.18730/JW41P,FULL,Phaseolus,vulgaris,Phaseolus vulgaris,BDI,"3 KM NE MUSHIHA, MUSHIHA, MUGERA - CANKUZO - RUYIGI",-3.03,30.69,0.3591811050669926,0.2435495237564511,0.3859604233784113,0.0334864673311388,0.9616615641960076,-0.8277575613318409,-0.1362295255718265,-0.5445825296236769,1.0723025139398028,-0.7827081815042801,-0.1772172155267593,-0.2768287559180501,-0.6834618765223034,-1.30346708493304,-1.2735568509887132,-0.4314608634236613,-0.1611976502679807,0.6071251130757639,-0.8555222166426983,-0.3225826712505587,-0.7050356029190855,-0.738035839958754,-0.8551296801267712,-0.3401345396186341,-0.7030200023448953,1.511705847931179,-1.2210899894044611,-0.1099513511812154,-1.3597075502692766,1.582328263787768,0.4661236275699255,-0.1188458043143737,-0.2487474390333568,-0.2849071747131789,-0.7732684634130653,-0.0375270013228254,-1.038637701227011,1.2003455562536796,-0.3188484823776055,0.992774554492977,0.2487659872227583,0.4120426587030942,0.5152462199478204,-0.526632561445352,0.6546968983510357,1.402378087022794,-0.211227782858011,-1.0620107269406105,-1.073672674336954,0.318473478677666,0.428039196955119,-0.3371846174322924,-0.7718242811320984,-0.945341637211746,0.7331113784770755,-0.1588267718029321,0.5809165763582509
G12876,0,0,0.0343621632637591,10.18730/PG5QG,FULL,Phaseolus,vulgaris,Phaseolus vulgaris,MEX,3.5 MI ABOVE HIGHWAY JCT ALONG ROAD TO IXTLAN DE JUAREZ - TLALIXTAC - OAXACA,17.67,-96.65,-1.2939186614670004,0.5545637712862235,0.3859604233784113,-0.5528034784480673,-0.9996734906451034,1.3294678081503108,0.2456856433034938,0.8334411832264954,0.1748079907330101,-0.3468678074417939,0.3085889191485086,0.2276848888251061,0.4940618955899966,0.3159840259641059,0.2141594007702701,0.3910499460824232,1.840851402426418,-2.660370897158902,-0.0430475096572774,0.07150833452264,0.1697795696842737,-0.1042757662918048,-0.3392998577166706,-0.3401345396186341,2.168996975081734,-0.1771475265719264,-0.2583265647523842,-0.1099513511812154,0.527467910351935,0.2062222827571616,0.4285178511976953,0.2642978873975581,1.608669154572196,1.7262609952056562,0.3500833531314358,0.4733105209833536,0.9839395617826928,-0.1985556723249307,0.2647328716409877,0.131463129565522,0.3872801835382652,0.1772279433380643,-0.464055405848759,1.0553799517564275,0.2982274148619031,-0.4498802150485307,0.1253355673120395,2.057327494661018,2.4047732439650376,0.0647430225125563,-0.0361986556220517,0.3297605355098521,-0.1935286596795483,-0.0033064944695186,-0.8793425169936827,0.1623282076856287,0.0648911749314939
G1169,0,0,0.0005270603236566352,10.18730/K01M8,FULL,Phaseolus,vulgaris,Phaseolus vulgaris,SLV,EL ROSARIO - CANTON EL ROSARIO - AHUACHAPAN,13.75,-89.89,0.3591811050669926,-0.8460781702426415,0.3859604233784113,-0.5827450239106378,0.2770942469921503,0.646801551985073,0.8406378422966623,1.5421361885927318,0.9653022353185728,-0.7636188394416893,-0.1772172155267593,-0.2768287559180501,-0.4479571220998433,-0.9564418468836516,-0.5973221910982662,-0.020205458670619,-0.1611976502679807,0.6071251130757639,0.7919959391888496,-0.3225826712505587,-0.6242834331403139,0.4238576284306529,-0.5972147689217209,-0.5041955254946299,-0.3778860049003713,-0.047235728533226,0.1542863315270773,-0.1099513511812154,-0.2813215727714414,0.2062222827571616,1.5779466805036657,1.308868568364016,1.1318099572910578,1.697666187102545,-0.6957959243410308,0.8041715474622949,-0.3644452802237763,-0.5896463383791658,-0.6361354355451769,0.6659363609482863,1.2571492994123623,1.109442358858495,-0.9025486711308094,1.1753946941372522,-0.4832633758642722,-0.3005045455266497,1.000400277754171,2.0382489734279803,1.5005618381464825,1.122244398766968,0.8490096560911784,1.302424833591065,1.2273979387979703,0.5089444645358157,0.7800510152294232,0.80463765620098,-0.1931213719943667
G6117,0,0,0.059138371970766,10.18730/JG6KT,FULL,Phaseolus,vulgaris,Phaseolus vulgaris,MEX,BEJUCAL - BEJUCAL DE OCAMPO - CHIAPAS,15.47,-92.15,0.3591811050669926,1.515880536378247,0.3859604233784113,0.4087264799607226,0.1221750846872637,0.4556550002588064,0.7758851615587803,0.9498015249113776,0.6139714678243036,-0.5899725761083996,0.7943950538237766,0.7321985335682625,1.2005761588573765,0.6630092640134944,0.2141594007702701,-0.2943757285059805,0.6396219708097787,-2.217897479106292,0.6791522298853189,1.0961449495329567,2.451028365934572,1.1632443810420936,-0.8551296801267712,-1.1604394689986126,1.4645399806185984,0.4724114636215755,-0.2583265647523842,-0.1099513511812154,0.527467910351935,0.2062222827571616,0.2968975910144201,-0.1591767192314205,1.4869533454759616,1.8597034330201765,-0.2696969594448407,0.5549846932129385,1.6965006571519654,-0.2486955013062429,0.324224160162943,0.5199536168878321,0.2570768707050734,0.1678352964999057,-0.7125349228419209,1.6009015080329032,-0.0582420686272295,-0.1810040099091449,0.9600126757337648,2.5342905254869548,1.4452019561575913,0.6512490511351765,0.2879521444203731,1.1436694543655093,0.8125336886254888,0.3941101836159384,0.1899527246284803,0.1623282076856287,-0.709146619633606
G422,0,0,3.966462581881406e-05,10.18730/JZDM$,FULL,Phaseolus,vulgaris,Phaseolus vulgaris,TUR,GARDENER IN YUSUFELI - YUSUFELI - ARTVIN,40.82,41.55,0.3591811050669926,-1.0053532584338647,0.3859604233784113,-0.6000753798982654,-0.9336136214358498,0.5830860347429841,-1.3356200294395808,-0.4008545137507582,0.2918581084336744,1.5061865281201583,0.3085889191485086,0.2276848888251061,-0.6834618765223034,0.0846338672645136,0.2141594007702701,-1.1168865380120652,1.306971655041245,-0.3118581398027361,-0.0881849933786897,-0.0467189672093195,-0.6310127806218782,-0.3155291241807879,1.0792321539111058,1.300475319141323,0.5433269878591136,0.0826760695054743,0.9795121240860004,-0.1099513511812154,-0.5509180671459002,-1.1698836982734446,-1.097786379606161,0.2199338656037849,-0.6038908272182606,-1.1236882124044467,0.8923911266356778,-1.7173129464236534,-0.7426507846890055,0.162451096340517,-0.7352875805489459,-1.7352261104698827,-1.709824780547001,0.6398129057347607,0.0036707437854281,-0.3847969568134683,-0.0719524333768115,-0.2258167107657092,-0.3189280549124272,-0.4514980474834111,-0.6584735594202709,-1.5102636731147552,-1.0597207660404742,-1.0708530457011198,-0.2163561184210963,0.6606495562412416,0.208006431071691,-0.6940846030272442,-0.8381529699902952
G13671,0,0,2.048030591215065e-05,10.18730/JRADF,FULL,Phaseolus,vulgaris,Phaseolus vulgaris,MEX,LEONCITO - VILLA DE GUADALUPE - SAN LUIS POTOSI,23.36,-100.78,0.3591811050669926,-0.2062304480065271,0.3859604233784113,-0.5462674872440564,-1.126531823551369,-0.764042044089752,1.0284310156893186,0.883596509515751,-1.5525684023002044,0.2365836771025352,-0.1772172155267593,-0.7813424006612064,-0.9189666309447634,-0.1467162914350786,0.2141594007702701,0.8023053508354656,-0.1611976502679807,0.5390522795292084,-1.464878246881764,-0.874310079333037,-0.9136453748475788,-1.5830492715146862,2.239849254333832,2.448902220273293,-0.7030200023448953,-1.086530112842829,0.429361595713385,8.092419446937457,-0.2813215727714414,-1.1698836982734446,0.1121387232751677,0.1029742661919326,-1.0924214034538324,-1.152283020507558,-0.5021145766609444,-0.1477807650744851,-0.6275447615908922,-0.6598420989530029,1.7350178689389146,0.0812996409019211,0.4205235589506037,-0.2877052647444572,-0.6979184806658525,-0.7884829084580603,-0.9494157773500612,-0.778506687996669,-0.4804784629940515,-0.5182728717990424,-0.483167266455449,-0.1682435495426691,0.2663184476998174,0.4945555215537714,0.6970730639762096,0.8382486524678162,0.4065972019470084,0.4834829319433041,0.4519103797890794
G52065,1,0,0.6693589546103976,10.18730/K4M81,FULL,Phaseolus,vulgaris,Phaseolus vulgaris,NIC,CARDENAS - RIVAS,11.15,-85.35,0.3591811050669926,-1.679084006427596,0.3859604233784113,-0.6119164732000839,0.0619612216027229,0.2098951480393207,0.9110695184973784,0.5766461575245606,1.11169009555369,-0.6594310814417155,0.3085889191485086,0.2276848888251061,1.2005761588573765,1.5884098988118631,0.6199001967045383,0.1168796762470617,0.5061520339634855,0.6071251130757639,-0.5621285724535185,0.8990994466463574,-0.1801464993570699,-0.1042757662918048,-1.2420020469343465,-0.996378483122617,-0.0527520074558472,-0.3070593246106268,0.1542863315270773,-0.1099513511812154,1.0666608991008526,1.582328263787768,1.7340924266780926,1.5306886004077678,1.732052303519064,1.993145870834696,-0.4246420375889098,0.1399287665522324,-0.2328955395402183,0.9496464113471184,-1.5341709207189544,0.5325961568583727,1.34302811169577,1.400612552166309,0.2667667029546584,2.5828403093305594,1.806367537315926,-0.5245680498094712,1.565826706039856,2.000091930961905,0.7162968433038583,1.04887655602043,1.0834338123581837,1.7013264839277424,1.8301751826689925,0.934506799709478,1.3500323186507883,1.6610503392984106,-0.3221277223510561
G24440,0,0,0.0087944334720499,10.18730/JSMT3,FULL,Phaseolus,vulgaris,Phaseolus vulgaris,BTN,NGACHANG - MONGAR DZONG - MONGAR DISTRICT,27.27,91.37,0.3591811050669926,0.2435495237564511,-1.80637314900962,0.1887007101445259,0.0046703615805384,0.3828372662678477,-0.3369850419546757,-0.2276768811947129,0.0141876233012194,-0.4831061950842357,0.3085889191485086,0.7321985335682625,0.7295666500124566,1.357059740112271,-0.5973221910982662,-0.7056311332590228,1.5739115287338314,-0.2097488894829027,1.1530958089601475,0.4655993402958388,0.4524121639099744,0.7407376652641275,-0.5972147689217209,-1.1604394689986126,0.0556259916923274,0.2125878675441747,0.5668992278065389,-0.1099513511812154,0.7970644047263937,0.2062222827571616,0.2756421464327392,0.6676070365680152,-0.0403299577041879,0.4108998224625318,-0.6183233852689962,0.3754053610152373,1.2251140863692158,-0.6548281160548717,-1.0015819839327944,-1.1241001291633477,0.935796353392593,-0.4192014471253146,-0.800233575898331,-0.3411552323113503,-0.9494157773500612,0.2671229986564982,0.3003485094004657,0.5978206203336504,1.14072260521869,0.0145209872991525,0.1879406284335417,0.3544941634326742,0.6669672850561971,0.277868619841651,-0.5120785459203686,-1.336394179158038,-1.3541782176295345
G20827,0,0,0.001058563783844,10.18730/JTSDV,FULL,Phaseolus,vulgaris,Phaseolus vulgaris,RWA,NYARURAMA - NTONGWE - GITARAMA,-1.94,29.85,0.3591811050669926,-0.0961511414198754,0.3859604233784113,0.4292531094662074,1.3001453188168728,-1.1372329307934153,-0.5294652981861908,-1.4572217785329793,1.5162595418001772,-0.9247426380562558,-0.6630233502020273,-0.7813424006612064,-0.4479571220998433,-0.9564418468836516,-0.867816055054445,0.5281350810001041,-0.5616074608068605,0.6071251130757639,-1.0360721515283473,-0.1649462689412792,-0.2003345418017628,-0.6324091610142625,-1.2420020469343465,-0.996378483122617,-0.648831002770808,0.6023232616602759,-1.0835523573113073,-0.1099513511812154,-0.5509180671459002,1.582328263787768,0.3320508070928602,-0.328566592653057,0.1030612694502802,-0.0275539017851762,-0.3471694985168752,-0.590865037251324,-0.9125691997386012,0.9897582745321682,-0.5738113520276549,1.1485635264628855,0.1379546301703545,0.334553753366547,0.2521502607785901,-0.0029318674199353,0.7232487220989459,1.8056923947318728,0.7715371996385366,-0.8330684721441607,-0.9721795573573204,0.1540509025224788,-0.1628089790521892,-0.6221965391941146,-1.3186907927230969,-1.5178243023858395,-0.2247667033812732,-0.265878261478529,-0.0641150216376775
G50931,0,0,0.0002946835405127828,10.18730/JXC28,FULL,Phaseolus,vulgaris,Phaseolus vulgaris,MEX,HUERTAS DE SAN PEDRO - HUITZILAC - MORELOS,19.0,-99.27,0.3591811050669926,1.2331403113511812,0.3859604233784113,0.506006357026833,0.005839562805481,1.101912389428565,0.5500927535665419,1.177005091776942,-0.4107433193265435,-0.3329761196232892,0.3085889191485086,0.2276848888251061,0.4940618955899966,1.125709581412679,1.2961348565949853,-0.5685459983413421,0.5061520339634855,0.4709794459826528,-0.2461661864036326,0.7808721449143978,2.6327207479368084,0.7407376652641275,-0.8551296801267712,-1.1604394689986126,0.0014369921182401,0.3424996655828751,0.0167486994339235,-0.1099513511812154,0.527467910351935,0.2062222827571616,-0.375101372248433,-0.9052987221218788,-0.0103178403927876,0.1821413576376406,-0.5795871157329789,0.9806794206210514,0.1233850081444178,-0.7500937911193648,0.0296005125487274,0.4191824517486856,-0.3246828066590247,-0.4685125575062799,-0.8148500180743993,-0.2866030766837027,-0.880863953602151,-0.7038188532357285,-0.0900649767967928,0.8744591782126938,0.9192830772631256,0.4553831138029016,0.3514346315183972,0.9322832157227856,0.7285021738377613,0.3966432927538769,-0.3599115916133073,-0.3729298787695683,-0.1931213719943667
G13686,0,0,4.5169277042752645e-05,10.18730/JRBA7,FULL,Phaseolus,vulgaris,Phaseolus vulgaris,MEX,XOCHIAPULCO - ZACAPOAXTLA - PUEBLA,19.82,-97.65,0.3591811050669926,-0.022247941123297,0.3859604233784113,1.0126201053809762,0.5179496993303135,-0.0176602706824251,-0.2778633703462526,0.2285680706275993,0.1455304099605921,-0.1593298562899995,-0.1772172155267593,0.2276848888251061,0.4940618955899966,0.5473341846636982,0.3494063327483596,0.3910499460824232,0.6396219708097787,0.1986881117964306,0.3857585856961391,-0.0073098666319996,0.5533523761334389,0.4238576284306529,-0.3392998577166706,-0.5041955254946299,0.1640039908405021,-0.1771475265719264,-0.395864196845538,-0.1099513511812154,0.527467910351935,0.2062222827571616,-0.5582251647078013,-1.0141921462428336,-0.5038504361802596,-0.3420967909194017,-0.0760156117647542,0.0580784004746496,-0.4521451073461482,-0.5746043896847722,0.2958949944502198,0.2490937508007364,-0.3745479226165051,-0.5953124836490866,-0.6833020384897842,-0.144767472051819,-0.5655255643617644,-0.5992558845704118,-0.4804784629940515,0.0827005470416383,-0.0956480925332112,0.1027370839348705,0.1553127579697528,0.3930326069403272,0.3298487276991326,0.4205671012788513,-0.3253516392791611,-0.4799814960606078,-0.4511339189202276
G22373,0,0,0.0025596995290349,10.18730/JVGJW,FULL,Phaseolus,vulgaris,Phaseolus vulgaris,GEO,"NE IMERETIA, CIATURA, UPPER COURSE KVIRILA - KVIRILA - IMERETIA",42.29,43.29,0.3591811050669926,-0.9336679329366808,0.3859604233784113,-0.554493932337685,-0.420918884298546,-0.2816245563996505,-1.9241690386754544,-1.002522488219716,0.3570005819194234,2.1445974870403584,1.7660073231743127,1.2367121783114188,0.9650714044349166,0.6630092640134944,0.6199001967045383,-0.8427162681767036,0.5061520339634855,0.5050158627559306,-0.0881849933786897,-0.0467189672093195,0.8225262753960111,0.1069775915971782,0.4344448758984802,0.3161094038853487,-0.1069410070299345,-0.8267065167654283,1.804737916644924,-0.1099513511812154,0.527467910351935,-1.1698836982734446,-1.108414065594783,0.014246299529503,-0.011985180243421,-0.7328925016619242,2.093215482252213,-1.8673199943328265,-0.2164518219547735,0.7039612493386888,-1.1403950056809893,-1.806183568073735,-2.3082060820453782,0.571716692023726,0.544479104299957,-0.1011257475497009,0.270806685362739,0.1774975969433695,-0.0496773747763868,-0.1843987502208864,-0.3170876204887756,-1.6921547832572137,-1.6966735416161798,-1.4105090291528977,-0.4985564417042916,0.407901555589159,-0.7901056251458128,-0.9081878376093228,-0.709146619633606
G733,1,1,0.979424828986115,10.18730/JZPGP,FULL,Phaseolus,vulgaris,Phaseolus vulgaris,GTM,MARTIN XUTUMUL - RABINAL - BAJA VERAPAZ,15.08,-90.47,0.3591811050669926,-0.4392681196839126,0.3859604233784113,-0.4303171225630389,0.4039525798984159,-0.4090555908838282,0.9119288251757154,0.4196599326675223,-1.0548497473039609,-0.5969184531380481,-0.1772172155267593,0.2276848888251061,0.2585571411675366,-0.1467162914350786,0.2141594007702701,0.2539648111647425,-0.0277277134216875,0.3688701956628195,0.7694271973281435,-0.2831735706732388,0.0822980524239378,0.4238576284306529,-0.4682573133191957,-0.8323174972466213,0.1098149912664148,0.2125878675441747,-0.5334018289386918,-0.1099513511812154,0.2578714159774761,0.2062222827571616,0.917392951833133,0.5667796723502841,2.027171457081167,1.8597034330201765,1.202281282923816,-0.1074782090964561,1.844494115420968,0.5485277794966209,-0.8684346754399895,0.4311253322386915,0.7612684871706449,0.6398128833410841,-0.0255621405667085,1.7536475437903165,0.8877730990939302,0.1625600299911814,1.1215630838153892,2.457976440554805,1.9434408940576111,0.7888137562849348,0.566707646426222,1.392731335541834,1.3398810688287868,0.776891120015529,0.8971421970182467,0.2693796973612255,-0.709146619633606
G20360,0,0,1.9036542833101767e-05,10.18730/JNC5~,FULL,Phaseolus,vulgaris,Phaseolus vulgaris,MKD,KRIVOLAK - NEGOTINO,41.53,22.12,0.3591811050669926,-1.558919410791093,0.3859604233784113,-0.5855959046649246,-0.6231906962136055,0.4465527835099366,-2.080435683426776,-0.4467815961553457,-0.1986549066283469,2.3988422304976176,0.7943950538237766,0.2276848888251061,-0.4479571220998433,-0.493741529484467,-0.3268283271420874,-0.8427162681767036,-0.4281375239605672,0.6071251130757639,-0.9232284422248168,-0.7166736770237575,-0.5368019158799779,-0.9492891978477372,1.4661045207186814,1.7926582767693102,-1.0281539997894191,-0.3070593246106268,1.254587388272308,-0.1099513511812154,-0.8205145615203591,-1.1698836982734446,-0.7617869113748815,0.6514746090611041,-1.1190988410639662,-1.4191678961365977,0.233874544523384,-1.7187390911970852,-1.0715251363979004,-0.3890870224539171,-0.0412223662735039,-1.5916950205649911,-1.5602294533147862,-1.6872009352893584,-0.5956033854333741,-0.7557516150814718,-0.4421322816155262,-0.5395056167616593,-0.5612536670348637,-0.7376758659789734,-0.78764661739435,-1.802424904051861,-1.7392316335254698,-1.392390208697807,-0.3572908636950015,0.5317424467772618,-0.4806135146907729,-0.6940846030272442,-0.709146619633606
G22624,1,1,0.8910442036812285,10.18730/JW7KS,FULL,Phaseolus,vulgaris,Phaseolus vulgaris,COD,"17 KM SE RUTSHURU, NORD-KIVU, DJOMBA/RUGAMBA - BWISHA - KIVU DEL NORTE",-1.25,29.5,0.3591811050669926,0.5969748050402833,0.3859604233784113,0.2680857872668914,1.3790664015004943,-1.1281307140445456,-0.7074198876624131,-1.4073960559719436,1.6328841785675323,-0.92517890412138,-1.1488294848772953,-0.7813424006612064,0.7295666500124566,0.6630092640134944,0.7551471286826278,1.898986430176912,-1.0954872081920335,0.6071251130757639,-0.4492848631499879,0.5838266420277984,0.3447426042049455,0.3182309494861614,-1.3709595025368717,-0.6682565113706256,-0.973965000215332,-1.4762655069589303,-0.395864196845538,-0.1099513511812154,1.3362573934753113,1.582328263787768,0.28381731622624,-0.4253608115315028,0.4598719974858173,-0.2753755720121417,0.9698636657077124,-1.199077759072424,0.6166965357077603,0.2326468569143541,-0.3330131868096747,1.3316296078950602,0.1213329424641855,0.252368602988786,0.2521502607785901,0.4880375332288927,1.1619803940855706,1.417315653974982,0.4080487814548819,-0.5945869567311922,-0.6584735594202709,0.1066675040820065,-0.3727622324713528,-0.7102022385474117,-1.3865115034769715,-1.3762516472321673,-0.3820918595292518,-0.265878261478529,-0.3221277223510561
G19936,0,0,4.331126779395455e-05,10.18730/JVWCU,FULL,Phaseolus,vulgaris,Phaseolus vulgaris,MEX,EL SALTO - GENERAL ZARAGOZA - NUEVO LEON,23.96,-99.77,0.3591811050669926,0.2576865350078044,-1.80637314900962,-0.4449729406049908,-0.5051013724944089,0.1825884977927112,0.7160278834634651,0.3825449070294233,-1.2597926818299705,0.3199338040135632,0.3085889191485086,0.2276848888251061,-0.2124523676773833,-0.1467162914350786,0.2141594007702701,0.5281350810001041,0.2392121602708989,0.2327245285697083,-0.7201097654784615,-0.4802190735598382,-0.4022149662486919,-0.6324091610142625,1.4661045207186814,1.1364143332653274,0.3265709895627642,-0.4369711226493272,0.0167486994339235,-0.1099513511812154,-0.0117250783969826,-1.1698836982734446,0.3345033829795489,0.4215885171141277,-0.8406530860081964,-0.7138292962598499,-0.3084332289808579,0.0500583145918499,-0.3918514761995175,-0.6046882870735595,1.972983225652916,-0.0354033773470933,0.6726194068126183,-0.2900533424777115,-0.6833020384897842,-0.7448411839559423,-0.9357054126004792,-0.6291310184747879,-0.2785404528920212,-0.4228802656338549,-0.3170876204887756,-0.2082028210385512,0.1737545977971118,0.3222829270680686,0.5223933796930595,0.749871289210852,0.4040181010265496,0.4834829319433041,0.3229038756448727
G51193,0,0,4.827871387585499e-05,10.18730/PHD2H,FULL,Phaseolus,vulgaris,Phaseolus vulgaris,PER,SANTA ROSA - SANCHEZ CARRION - LA LIBERTAD,-7.8,-78.08,0.3591811050669926,2.5054713239729773,0.3859604233784113,0.5038144271158181,0.5641331477155439,-0.536486625368006,-0.0266630335729865,-0.1270332004163187,-0.7913516512331161,-0.7427813077139324,0.3085889191485086,0.2276848888251061,0.0230523867450766,-0.3780664501346709,-0.3268283271420874,-0.5685459983413421,0.5061520339634855,-1.1968049759079582,-1.0360721515283473,0.1109174350999599,-0.1734171518755056,-0.6324091610142625,-0.4682573133191957,-0.5041955254946299,1.085216983599987,0.8621468577376766,-0.395864196845538,-0.1099513511812154,-0.8205145615203591,0.2062222827571616,-0.8181955618021629,-1.812744173136452,-0.7022638784056283,-0.656639680053627,-0.6183233852689962,0.0216347411199719,-0.4631075857364448,-0.7651357398137585,0.9871273537865192,1.2174476368538578,-0.7734687974373673,-0.5600902763443322,0.2521502607785901,-0.4066178190645274,-0.2364768103717958,0.0579970613258647,-0.8305043471709042,-1.0333929450910544,-1.03676608634436,0.3521004066031625,0.2290801172791887,-0.7809519184196703,-0.6927552573751422,-0.9619475748937872,-0.337215503513271,0.5905344216189015,1.2259481743541794
G432,0,0,3.3844161763577024e-05,10.18730/JZDY7,FULL,Phaseolus,vulgaris,Phaseolus vulgaris,TUR,GERMUS - URFA,37.13,38.77,0.3591811050669926,-0.0468621498285175,0.3859604233784113,-0.5469336205584524,-1.3966173065130958,2.221485049539555,-0.7423611476572554,0.2517409506963495,-0.4232856772031046,1.36863156951093,-0.1772172155267593,-0.7813424006612064,-1.1544713853672233,-0.1467162914350786,0.3494063327483596,-0.2943757285059805,0.5061520339634855,0.5390522795292084,-1.2391908282747026,-0.8349009787557171,-1.317406223741437,-1.4774225925701947,1.8529768875262569,2.7770241920252845,-0.7572090019189827,-0.3070593246106268,0.7044368598996927,-0.1099513511812154,-0.8205145615203591,-1.1698836982734446,0.0410147905114805,2.0791891355897256,-1.080750024499399,-1.1236882124044467,-0.7732684634130653,0.2686716515283209,-1.5867616207418358,0.2627307543031414,0.1344186283119842,-1.6542995867926662,-2.00347486996588,1.7387457781218334,0.1498351655461116,-0.9194080819644146,-0.4695530111146903,-0.3602548133354021,-0.776654211143696,-1.081089248173648,-1.073672674336954,-1.284264514654438,-0.2138786893433371,-0.5986133125700284,0.5395966819330668,1.5905820664355408,2.1774078939339288,-0.4799814960606078,-0.4511339189202276
G807,0,0,3.443710987255749e-05,10.18730/JZR51,FULL,Phaseolus,vulgaris,Phaseolus vulgaris,ETH,"60 KM SOUTH OF ADDIS ABABA, MOJO - MOJO - SHEWA",8.48,39.13,0.3591811050669926,-1.1905466257804609,0.3859604233784113,-0.617206453429308,-2.006940345933101,1.2202412071638729,0.97238703138221,1.1535018198090412,0.4009804842173717,-0.7095068890929627,-0.6630233502020273,-0.2768287559180501,-0.4479571220998433,0.6630092640134944,1.0256409926388066,0.1168796762470617,-0.0277277134216875,0.6071251130757639,0.6114460043032005,-0.4802190735598382,-1.0145855870710434,0.1069775915971782,1.5950619763212064,0.8082923615133358,-0.648831002770808,-0.047235728533226,0.0167486994339235,-0.1099513511812154,-0.0117250783969826,-1.1698836982734446,0.2650144163454504,-0.0785149278598859,-0.4738383188688592,-0.0275539017851762,-0.6183233852689962,0.6967665884229666,-0.66591343595693,1.5713802907153898,1.9418210217932133,0.8244005832766002,-0.0448841459533946,0.1255686880428174,-0.8294664602504677,-0.9521393753410032,-0.9357054126004792,-0.2258167107657092,-0.3593156569328333,-0.3847232231677799,0.7162968433038583,1.410038496207256,2.1445489039631456,1.5451595076243425,1.4953724544596212,0.90326512034157,1.5862779629648025,-0.6940846030272442,-0.9671593203469846
G50431A,0,0,0.00020091425066748572,10.18730/S47KY,FULL,Phaseolus,vulgaris,Phaseolus vulgaris,PER,"HUALGAYOC, PAMPA GRANDE - HUALGAYOC - CAJAMARCA",-6.72,-78.56,0.3591811050669926,2.2227310989459115,-1.80637314900962,1.5693752230641325,1.2697460869683668,-1.1099262805468058,-0.2577613410286534,-0.9149733305019526,-0.1472452232556987,-0.8052939525777978,0.7943950538237766,0.7321985335682625,0.2585571411675366,0.6630092640134944,0.7551471286826278,-0.5685459983413421,-0.294667587114274,0.6071251130757639,0.0472274577855471,1.4114177541515158,-0.1734171518755056,0.5294843073751444,0.1765299646934299,-0.0120125678666426,0.3807599891368515,0.3424996655828751,0.2918239636202311,-0.1099513511812154,0.2578714159774761,0.2062222827571616,-0.9449106858049616,-1.953902452271229,-0.2537494585852569,-0.5422604476411815,0.1951382749873667,-0.7280303985903421,-0.0081647325391401,-0.4592827830277541,0.7463291885685359,1.369086952779567,-0.8898207038487509,-0.6540161848840208,0.544479104299957,0.0843515815843007,0.229675591113993,0.4613113690349434,-0.5074035310076556,-0.8330684721441607,-0.8430064993832411,0.1110346375788242,-0.0447102740039097,-0.7688727047829432,-0.9858730609260344,-1.1857055487450183,-0.9133866491437372,0.6975861665253832,1.4839608750675577
G1036,0,0,3.2100469056620945e-05,10.18730/PQ1RV,FULL,Phaseolus,vulgaris,Phaseolus vulgaris,ESP,LEON - LEON,42.6,5.55,0.3591811050669926,0.2645073441533254,0.3859604233784113,-0.5058488345388478,-1.052872146379989,-0.0631713544267743,0.6652764477666392,0.730414848887246,-0.4843423599232586,-0.3354008475865078,-0.3715396693968667,-0.1759260269694192,0.6353647482434729,-0.715207285993606,-0.689777289987051,0.3910499460824232,0.1057422234246057,0.4866504797664281,-0.4829023772320996,-0.5719180857308994,-0.3508208315581634,-0.7035594620329476,-0.18455091099364,0.152048418009353,-0.759255167912527,-0.7487594379422079,0.3743465428761237,-0.1099513511812154,1.1744994968506357,-0.6838158927476775,-0.3803733129577553,0.7906332334549747,-0.8063753445667475,-0.9493603106925392,-0.3049508813609689,-0.719395836445962,-1.2358748593995712,0.2514912107559635,-0.0067061889518203,-1.3283024582582794,-1.3148227946806248,0.8416793302568709,0.1272362274897056,-0.6636979324670654,-0.3583284976026631,-0.1123855103785565,-0.4696477510080942,-0.8304609659326345,-0.8784535905539658,-1.31633200800962,-0.8275921633396847,-0.7093570509099663,0.3384770722938993,1.160923795598607,0.732818708518122,0.7832273327427723,0.5551152447719061
G3245,0,0,0.0021443599684063,10.18730/K1RGS,FULL,Phaseolus,vulgaris,Phaseolus vulgaris,GTM,GUALAN - GUALAN - ZACAPA,15.14,-89.37,0.3591811050669926,0.2383441048763489,0.3859604233784113,-0.6123102636432204,-0.4717791375835465,-0.9369841623182787,1.0679623156458773,0.1794158738234151,-0.0886901053378348,-0.506622382956579,-0.1772172155267593,0.2276848888251061,0.4940618955899966,0.0846338672645136,0.0789124687921807,0.5281350810001041,-0.5616074608068605,-0.6181858907622361,1.220802034542266,-0.4408099729825183,0.1563208747211451,0.8463643442086191,0.4344448758984802,0.152048418009353,0.5433269878591136,-0.4369711226493272,0.0167486994339235,-0.1099513511812154,0.527467910351935,-1.1698836982734446,1.7553478868526724,1.6194165670701983,0.5882571659845853,0.5348106575760146,0.1564020054513494,0.2128130429832643,0.567365382951426,-0.1083039801585687,-0.8089436300694446,0.2772547885533452,1.5203262724118238,1.2245015604298886,-0.507904732376964,0.1934558928395959,-0.0582420686272295,-0.5245680498094712,0.3138110434072678,1.246490342256925,1.2606690161946208,0.615875269810953,0.7124691112155399,1.0599777598824718,1.1119373141486912,0.7135633915670673,0.9188066447500997,-0.5870329857362047,-1.2251718672728455
G12202A,0,0,0.00014995379391461206,10.18730/S2K5H,FULL,Phaseolus,vulgaris,Phaseolus vulgaris,MEX,AYAHUALULCO - AYAHUALULCO - VERACRUZ,19.36,-97.15,0.3591811050669926,1.013835564234657,0.3859604233784113,1.529314488591071,1.0037528082939389,-0.5273844086191362,-0.1771666757585626,-0.0909213042632907,0.7018041610612138,-0.2913009899269826,-0.1772172155267593,0.2276848888251061,0.7295666500124566,0.6630092640134944,0.7551471286826278,0.6652202159177848,-0.5616074608068605,0.5730886963024862,1.1079583252387355,0.1897356362545997,0.6341045459122105,1.057617702097602,-0.5972147689217209,-1.488561440750604,-0.2153190061781092,-0.3070593246106268,-0.395864196845538,-0.1099513511812154,0.7970644047263937,0.2062222827571616,-0.8296408080891582,-1.3368393886540817,-0.2387433999295567,-0.227717558506956,0.3113470835954186,-0.2271448951493274,-0.1945268651741805,-0.3740450737595234,0.3978800450496734,0.2535653575729961,-0.6404951636905833,-0.7526383944491116,-0.4786718480248273,-0.1884091965539371,-0.4695530111146903,-0.4648177820007188,-0.2516153848784171,0.2830250199885319,0.1903779644093928,-0.0383213280123418,-0.0893962705086641,0.1287279085557516,-0.0320822848117883,-0.0021806681859904,-0.6286539075251003,-0.3729298787695683,-0.3221277223510561
G11402,0,0,1.243502054340267e-05,10.18730/JQ01W,FULL,Phaseolus,vulgaris,Phaseolus vulgaris,MEX,SAN PABLO - JACONA - MICHOACAN,19.96,-102.32,0.3591811050669926,0.7156764008051566,0.3859604233784113,-0.5287544753031154,-1.0891173843532076,1.0746057391819557,1.2706264205356137,1.0104894238028044,-0.9084618870688438,-0.0343045334418723,-1.1488294848772953,-1.2858560454043628,-0.6834618765223034,-0.0310412120852824,0.3494063327483596,1.213560755588508,-0.1611976502679807,0.6071251130757639,0.6565834880246127,-0.7166736770237575,-1.0818790618866865,0.0013509126526867,1.0792321539111058,0.4801703897613444,-0.2153190061781092,-0.5668829206880276,-0.6709394610318457,-0.1099513511812154,0.2578714159774761,-1.1698836982734446,0.4293353634991759,0.3812576021970819,-0.5221911745372264,-0.0656803125893248,-0.6570596548050135,1.3306367016939378,-0.5672511304442615,-0.7099819279343151,1.3100800995713988,0.1601371516396516,0.559037808105082,0.3580352696904015,-0.7125349228419209,-0.7011994594538242,-0.9357054126004792,-1.0175077592316786,-0.763191677136894,0.3497998443041631,0.6793902553112643,0.2695615835133075,0.565289043362579,0.926243608904422,0.9389117935424648,0.6721892756474056,0.2126488127285166,-0.6940846030272442,-0.580140269276917
G52005,0,0,0.0005905705330707415,10.18730/PH47Y,FULL,Phaseolus,vulgaris,Phaseolus vulgaris,AZE,VILL. MOLLAKEND - LANKARAN - LANKARAN SAHARI REGION,38.72,48.73,0.3591811050669926,-1.1384712947290774,0.3859604233784113,-0.5911615844837017,-0.0146214586310134,-0.0540691376779045,-1.8440014319977427,-0.93517044156665,0.2769474353102106,1.8443253118278888,0.7943950538237766,0.7321985335682625,0.0230523867450766,0.2003089466143097,-0.0563344631859086,-0.5685459983413421,0.5061520339634855,0.6071251130757639,0.0923649415069593,-0.4802190735598382,0.3582012991680742,0.0013509126526867,0.6923597871035305,0.3161094038853487,0.2181929904145895,-1.2164419108815294,1.804737916644924,-0.1099513511812154,0.2578714159774761,-1.1698836982734446,-0.8835969289211686,0.1231396851878997,-0.415481424096692,-0.3135019828162902,-0.2696969594448407,-0.4745131297807446,-1.153743724325124,0.1925349937293043,-1.0299112678441218,-1.6671480988657514,-0.5823191906702762,0.6468573516744476,-0.0109456983906401,0.5862314133586584,0.4764621566064694,-0.3154421124788378,-0.5747162010416657,-0.8426077327606795,-0.9537262633610234,-1.5714035420702033,-1.7449060457800418,-1.6555445057836469,-0.7748017757505612,0.4050869898803385,-0.5316797129158545,0.1623282076856287,0.1938976790757006
G12649,1,1,0.99863518634063,10.18730/JRWE0,FULL,Phaseolus,vulgaris,Phaseolus vulgaris,COL,RIONEGRO - RIONEGRO - ANTIOQUIA,6.16,-75.38,0.3591811050669926,-0.0995914382024518,0.3859604233784113,0.3841791763472171,0.5693945532277853,-1.273766182026463,-0.4976032307686779,-1.4631710621497076,1.7265188991317175,-0.9581026676231325,-0.1772172155267593,0.2276848888251061,0.7295666500124566,0.2003089466143097,0.3494063327483596,-0.020205458670619,-0.4281375239605672,0.6071251130757639,2.033276741527687,1.372008653574196,2.1482077292641786,2.219511170487009,-1.3709595025368717,-1.3245004548746084,-0.1069410070299345,0.0826760695054743,0.0167486994339235,-0.1099513511812154,0.7970644047263937,1.582328263787768,-0.0734375632081687,-0.8528683711869769,2.145552586476135,0.7921639305040172,2.015742943180179,-1.178412008196681,1.926712703348192,2.4087154347033035,-0.7607838997652842,1.26439774618902,-0.191709146492756,0.031642801896805,0.0767529546657699,1.7754684060413757,1.902340090563,2.4480077736759607,2.5889792905568094,0.9507732631448438,0.7439767842983039,0.9960342407089356,0.3198707133523405,0.4922547189562996,-0.3195759318611396,-0.5068322997775093,0.3281925339650648,-1.336394179158038,-1.4831845679862237
G52028,0,0,0.0002657939596769929,10.18730/PH3G7,FULL,Phaseolus,vulgaris,Phaseolus vulgaris,AZE,"R19, AZERBAIJAN - GANJA - GANCA SAHARI REGION",40.38,46.18,0.3591811050669926,-1.0528144079926454,0.3859604233784113,-0.502993357229837,1.0283060340177324,-0.9005752953227996,-1.6046532278379224,-1.633422255954808,1.244877929190935,0.9726924025140684,1.2802011884990447,1.7412258230545752,1.6715856677022964,1.241384660762475,0.7551471286826278,-1.6652270776827882,1.0400317813486584,0.130615278249875,2.4169453531596914,1.6084632570381152,1.6300479731837272,2.0082578125980257,-0.4682573133191957,-0.996378483122617,0.2181929904145895,-0.4369711226493272,2.217350812924385,-0.1099513511812154,1.3362573934753113,0.2062222827571616,-2.3845581017408266,-1.6756191739599149,-0.7356106754182954,-0.8186769259712584,0.0014569273072803,-0.6447913256342188,-0.6494697183714853,-0.5044086291109351,-0.8769335956975056,-1.672074033212929,-1.0394160517211888,-2.978681854401367,-0.6833020384897842,-0.6357368727006472,-0.7026292118575846,-0.06150347429164,0.1926482373460496,-0.0603883622061427,-0.4185807374684093,-1.4692126182446683,-1.418981991908063,-1.3337197424622755,-0.5657154869873967,0.157968120645897,-0.2185768611721724,0.6975861665253832,0.0648911749314939
G17229,0,0,0.004278145998229,10.18730/JPM2F,FULL,Phaseolus,vulgaris,Phaseolus vulgaris,ECU,YANGANA - LOJA - LOJA,-4.36,-79.18,0.3591811050669926,0.6959338837997563,-1.80637314900962,1.6310090058689624,1.627521661800784,-1.3556861327662917,0.5454970136032058,-0.5663937745261484,-0.2643554590914262,-0.8816983183805641,0.7943950538237766,1.2367121783114188,1.4360809132798364,0.7786843433632905,0.6199001967045383,-0.020205458670619,-0.294667587114274,0.0625424447033194,-0.3590098957071633,0.6232357426051183,0.5466230286518746,0.2126042705416698,-0.8551296801267712,-0.6682565113706256,0.0014369921182401,-0.1771475265719264,0.2918239636202311,-0.1099513511812154,0.7970644047263937,1.582328263787768,0.1579197201178193,-0.5907175011512968,-0.0036484809902542,-0.2753755720121417,0.8536548570996605,-0.8518945145950673,-0.3644452802237763,-0.0481361853809941,-0.1800353947759056,0.922853198671836,0.0382244510943684,0.1584427168427751,0.6321777573563672,-0.4066178190645274,-0.0993731628759756,0.9691886454093388,-0.170840180837605,-0.4801158293329673,-0.5846603834350826,0.0108089238268575,-0.2472158613389475,-0.6981230249106847,-1.3984214819508227,-1.363867558113357,-0.8478774857640871,-0.0517750268964503,0.5809165763582509
G5036,0,0,0.0005211985695915789,10.18730/JGVHY,FULL,Phaseolus,vulgaris,Phaseolus vulgaris,BRA,GUIRICEMA - MINAS GERAIS,-21.0,-42.71,0.3591811050669926,-0.6877640824778049,0.3859604233784113,-0.5988608822077934,-0.0280672727178526,-0.3544422903906092,0.8028999573396904,-0.3828252879605681,-0.117967642483281,-0.1176547265936929,-0.1772172155267593,-0.7813424006612064,-0.9189666309447634,-1.6504923229824284,-1.8145445789010708,-0.1572905935882998,-1.4958970187309133,0.6071251130757639,-1.4874469887424702,-0.7560827776010773,-0.6108247381771853,-1.3717959136257032,-0.9840871357292964,-0.3401345396186341,-0.9197760006412448,1.641617645969879,-1.6337028856839226,-0.1099513511812154,-1.6293040446437357,0.2062222827571616,0.8045756305128937,0.796665995072605,0.2614585552604485,0.4013682197614947,-0.2696969594448407,0.3193280488656447,1.2799264783206985,-0.639786167360478,0.2364036789114377,-0.1700977590217141,0.855458130097395,0.224190864017395,2.356917934132432,0.0297994259566531,1.6144224308217774,-0.2407542777178972,-0.8035792791573001,-0.976157381391942,-0.9260463223665778,0.8191653340878179,-0.240832147552554,-0.3998814882133996,-1.2032301680738178,-1.7840822184402605,-1.2801348000329595,-0.9081878376093228,-0.3221277223510561
G450,0,0,3.754149842246655e-05,10.18730/JZEFR,FULL,Phaseolus,vulgaris,Phaseolus vulgaris,TUR,ERCIS - VAN,39.05,43.37,0.3591811050669926,-0.0149482018598164,0.3859604233784113,-0.5605668150204274,-1.1300394272261969,1.4477966258856187,-0.7022077132414161,0.2400870644194578,-0.2247674507789565,1.218677920100255,-0.1772172155267593,-0.2768287559180501,-0.6834618765223034,0.431659105313902,0.8903940606607171,-0.2943757285059805,0.1057422234246057,0.6071251130757639,-0.5621285724535185,-0.4014008724051984,-0.2878160590620988,-0.526782482069771,1.208189609513631,1.300475319141323,-0.1069410070299345,-1.3463537089202298,1.9422755487380767,-0.1099513511812154,-0.0117250783969826,-1.1698836982734446,-1.868704882703291,-0.3769636443984433,-1.014056430474065,-1.1999410340127437,-0.463378307124927,-0.7427800693461144,-1.3510683353504611,-0.2135976210193244,0.0890918635470874,-1.6590350946074213,-1.9868531673987504,0.3157686164459617,-0.4055896371444856,-0.5702742859474701,-0.346159728368452,-0.0316283403872638,-0.3727781909396353,-0.823529211527642,-0.999859498351766,-1.3759743180876105,-0.7437269336139966,-0.8764352262147509,0.0595583828897885,1.1230827022004526,1.6094898712489305,-0.9081878376093228,-0.580140269276917
G602,0,0,2.2610634141467143e-05,10.18730/JZK0N,FULL,Phaseolus,vulgaris,Phaseolus vulgaris,TUR,GUVECCI - KUTAHYA,39.45,29.91,0.3591811050669926,-0.8022416073635465,0.3859604233784113,-0.5998526449226813,-0.412149875111477,0.3464283992723683,-0.9167919561155063,-0.0483391140638257,0.1861752106397853,1.0359894110461365,0.7943950538237766,0.2276848888251061,-0.6834618765223034,-0.1467162914350786,0.0789124687921807,-1.1168865380120652,-0.4281375239605672,0.6071251130757639,-0.9457971840855228,-0.6772645764464376,-0.3685682288408704,-0.8436625189032455,1.208189609513631,1.4645363050173188,-1.0281539997894191,-0.8267065167654283,1.9422755487380767,-0.1099513511812154,-0.5509180671459002,-1.1698836982734446,-1.4468661177528377,-0.5947506080280233,-0.8973426409297304,-1.0283721853940753,-0.3471694985168752,-0.7939782717550571,-1.2524060298377926,0.2426748227106165,-0.0978807804379749,-1.378198109188879,-2.7874652197906697,0.1725316311158225,0.0767529546657699,-0.7557516150814718,-0.3598700931180341,-0.3303796794310259,-0.4939409970008535,-0.7662936478285296,-0.9168196753684292,-1.602410189897609,-0.9802789944764664,-1.1119798921309287,-0.0750905404118063,0.9302849511462472,0.9327337897205764,-0.1588267718029321,-0.3221277223510561
G23438,0,0,0.001217602850861,10.18730/JX4FR,FULL,Phaseolus,vulgaris,Phaseolus vulgaris,GTM,11 KM E DE SAN PEDRO PINULA - SAN PEDRO PINULA - JALAPA,14.68,-89.8,-2.9470184280009937,0.3990566475213373,-2.902539935203636,0.0721797629651128,0.6582538463234183,-0.5273844086191362,-0.2749866998471712,0.5947021056010744,1.2288003313894176,-0.6455393936232108,-0.6630233502020273,-0.2768287559180501,0.0230523867450766,-0.0310412120852824,0.2141594007702701,0.8023053508354656,-0.4281375239605672,-0.2097488894829027,-0.0656162515179835,-0.0467189672093195,0.331283909241817,0.2126042705416698,-0.8551296801267712,-1.1604394689986126,0.3265709895627642,-0.4369711226493272,-0.2583265647523842,-0.1099513511812154,0.2578714159774761,0.2062222827571616,0.3197880601990593,-0.1712759629364891,0.6666221389643529,0.9351379710195742,-0.2309606899088233,0.4832648520616501,1.0826018672953617,-0.479338714620279,-1.2338814399621931,0.3222794322188734,0.2820093362156102,0.1161761083856867,-0.7710006915461942,0.597141844484188,-0.5243944701130183,-0.3751923802875902,0.8119248016589427,1.6948355912333055,1.2606690161946208,0.899520590429264,0.6174227059514592,1.4623306141153567,1.510259927551935,0.842751957601929,0.6902983031974617,1.125792380458656,-0.0641150216376775
G23420,0,0,0.1496542516882371,10.18730/JX06=,FULL,Phaseolus,vulgaris,Phaseolus vulgaris,PER,25 KM NE DE PALCA - TARMA - JUNIN,-11.2,-75.48,-2.9470184280009937,0.7666189400565228,-2.902539935203636,1.4089698013300762,1.0411672474921,-0.6821220933499235,0.5452352078530084,-0.5984933440662765,-0.2058003848005344,-0.73583546380468,0.7943950538237766,1.2367121783114188,1.6715856677022964,0.5473341846636982,-0.0563344631859086,0.2539648111647425,0.2392121602708989,-0.8904772249484583,0.6791522298853189,2.1601906651205933,0.8157969279144467,1.2688710599865851,-0.9840871357292964,-0.6682565113706256,0.922649984877725,-0.5668829206880276,0.2918239636202311,-0.1099513511812154,1.0666608991008526,1.582328263787768,-0.1372039359354537,-0.8811000808615147,0.4398639192782171,-0.0275539017851762,0.8149185875636432,-0.7690468023031409,0.896239734660321,-0.1784997407324058,0.4857005533180024,0.9018308203900308,-0.1418440569547621,-0.1773423306079523,1.8599589001461083,0.0516202882077122,0.3530688738602312,0.7152500072221413,-0.211227782858011,-0.7281366053624546,-0.6677002064184193,0.0291508845134919,-0.0631521138312687,-1.1105418905075088,-1.20686932816305,-1.2352419052202597,-0.8648995518391142,-0.265878261478529,0.1938976790757006
G52025,0,0,3.393876390079194e-05,10.18730/PH3KA,FULL,Phaseolus,vulgaris,Phaseolus vulgaris,AZE,YARDIMLY - YARDIMLI RAYONU REGION,38.9,48.25,0.3591811050669926,-1.135342161706078,0.3859604233784113,-0.5911904514171572,0.0263005842419754,-0.4727711081259171,-1.48854378804855,-0.8576362410380142,0.5029334171930883,1.3509049212154196,0.3085889191485086,0.2276848888251061,0.2585571411675366,1.357059740112271,1.2961348565949853,-0.1572905935882998,0.6396219708097787,0.6071251130757639,-0.5395598305928124,-0.559037274714478,0.0688393574608092,-0.526782482069771,1.337147065116156,1.300475319141323,-0.648831002770808,-1.736089103036331,1.9422755487380767,-0.1099513511812154,0.7970644047263937,-1.1698836982734446,-1.3283261586707586,-0.3608312553540919,-0.8506571251119965,-0.999777377290964,-0.1534881508367888,-1.1296807028426892,-1.1044125715687898,-0.2787793986950302,-0.6729633881198518,-1.583241373203976,-1.0366457704368282,0.3650797156300875,-0.3909731949684172,-0.1993196276794666,-0.2776079046205419,-0.3154421124788378,-0.3727781909396353,-0.7567543872120108,-0.9260463223665778,-1.497380629299143,-1.5395632523177178,-1.5281375619486446,-0.6765444533412893,0.3634314173897948,-0.2546842740585937,0.0552764627791469,-0.0641150216376775
G50683,0,0,2.5181509968497683e-05,10.18730/PHJH7,FULL,Phaseolus,vulgaris,Phaseolus vulgaris,PER,"SANTIAGO DE CHUCO, SECTOR LA VEGA-UNINGAMBAL - SANTIAGO DE CHUCO - LA LIBERTAD",-8.25,-78.42,0.3591811050669926,0.2435573233600679,-1.80637314900962,1.1550119047459924,0.4425362203215197,-0.026762487431295,-0.2075064957884526,1.0054739677048332,-1.6404010137365428,-0.7080520550472744,0.7943950538237766,0.7321985335682625,-0.2124523676773833,0.2003089466143097,0.7551471286826278,-0.7056311332590228,0.5061520339634855,-1.0266228920415694,-0.8555222166426983,-0.2437644700959189,-0.5031551784721564,-0.738035839958754,0.8213172427060557,0.9723533473893315,1.085216983599987,0.6023232616602759,0.1542863315270773,-0.1099513511812154,-0.5509180671459002,-1.1698836982734446,-0.9931442020100428,-1.974067909729751,-1.4542341510412695,-1.361978279930375,-0.6957959243410308,0.1542571746487907,-1.1373000067396797,-0.8102615858969395,1.2024291550415476,1.1161638807498844,-0.8731990425620682,-0.7174161703490998,-0.5225211745530324,-0.9957810998431212,-0.908284683101315,-0.7187564201879165,-1.0593674252865384,-1.081089248173648,-1.055219380340657,0.2852832641018513,0.167725534776629,-0.6687877917929189,-0.6133554008828013,-0.8378252271348023,-0.3882817017383526,1.2328441253651377,1.870979772350108
G6772,0,0,3.29062370702357e-05,10.18730/JFVH5,FULL,Phaseolus,vulgaris,Phaseolus vulgaris,MEX,COLIMA - COLIMA - COLIMA,19.2,-103.72,0.3591811050669926,-1.0372636956161567,0.3859604233784113,-0.612795229548469,-1.029488121881138,1.493307709629968,1.620917041004264,1.2386963114808265,-0.967016961359736,-0.4371638776232631,-1.1488294848772953,-1.2858560454043628,-0.9189666309447634,-0.1467162914350786,0.2141594007702701,0.8023053508354656,0.1057422234246057,0.1986881117964306,-0.2913036701250449,-0.7560827776010773,-1.075149714405122,-0.738035839958754,0.8213172427060557,0.3161094038853487,0.3265709895627642,-0.3070593246106268,-0.395864196845538,-0.1099513511812154,-0.0117250783969826,-1.1698836982734446,1.661333418634524,1.5266554166059227,-0.4104794045447919,0.1154201387303807,-0.8120047329490826,1.393275207079378,1.0880831064905097,-0.7450798082212337,0.8539800588021239,0.6728382344915173,1.478771960678199,1.104746091423607,-0.6686855963137158,-0.3193343700602912,-0.7574706708559128,-1.1071331609448072,-0.9920547552525284,-0.0413098409731052,0.6332570203205217,0.360834673596798,0.4429345291233705,0.9207792027354266,0.7324721666623784,0.4413948875241231,0.0372699501373273,-0.8011362203182835,-0.8381529699902952
G19163,0,0,4.075408948134906e-05,10.18730/JMJMY,FULL,Phaseolus,vulgaris,Phaseolus vulgaris,MEX,ARROYO ABOVE SAN FRANCISCO TELIXTLAHUACA - ETLA - OAXACA,17.33,-96.9,0.3591811050669926,0.6337310342938018,0.3859604233784113,-0.4398388330275934,-0.5512848208796393,1.2202412071638729,0.7892618846279269,0.5149549378206765,-0.9962946730130688,-0.3954887479269565,-0.6630233502020273,-0.7813424006612064,-0.6834618765223034,-0.2623913707848747,0.2141594007702701,0.6652202159177848,1.306971655041245,-1.5371691436407362,0.4760335531389636,-0.5196281741371581,-0.7925171201794214,-0.2099024452362963,0.5634023315010054,0.152048418009353,1.247783982322249,-0.1771475265719264,-0.6709394610318457,-0.1099513511812154,-0.0117250783969826,-1.1698836982734446,0.3557588197647781,0.0545771759839909,-0.5922194482638272,-0.3706915990225131,-0.6570596548050135,0.7327520572523385,-0.2241896484107857,-0.73003785952684,0.3072266877521333,0.3775693102678654,0.3318744785925772,0.0527761621095399,-0.931781555482946,-0.6030055793240586,-0.880863953602151,-0.7038188532357285,-0.2650779188852191,0.387956886770238,0.0981114944279076,0.2826629840037607,0.1248127921014284,0.5109487400607582,-0.1455579130487589,-0.053968677228288,-0.8143491737981243,0.2693796973612255,0.1938976790757006
G15927,0,0,6.101256203766753e-05,10.18730/JS866,FULL,Phaseolus,vulgaris,Phaseolus vulgaris,NLD,WASSENAAR - WASSENAAR - SOUTH HOLLAND,52.16,4.4,0.3591811050669926,-1.002981613577651,0.3859604233784113,1.0464475054860205,0.4244136013349103,-0.8095531278341012,-1.7910235424203311,-1.6071525429081237,1.2890287663058684,1.1638205077662929,-0.1772172155267593,0.7321985335682625,-0.9189666309447634,-0.0310412120852824,-0.5973221910982662,-1.1168865380120652,-1.0954872081920335,0.6071251130757639,-0.6072660561749308,-0.1255371683639593,-0.5098845259537208,-0.3155291241807879,0.3054874202959551,0.6442313756373401,-1.1907209985116811,1.2518822518537778,-0.1207889326592303,-0.1099513511812154,-0.8205145615203591,-1.1698836982734446,-1.5073623789026072,-1.1392179594081389,-0.4655016196156925,-0.9807141718888897,0.9698636657077124,-1.5575151881478435,-0.5398449344685202,0.1223392331554673,-1.8769540892569487,-1.6896686910256968,-1.2333359397726409,-1.175304817724345,0.0182871859614965,-0.2211404899305256,0.1885444968652469,-0.4200050811441545,-0.5477911330280616,-0.4896550899494861,-0.4554873254610034,-2.5142676640331496,-3.3656600459921657,-2.5554459217198136,-1.5386945617539585,-0.3399285532444526,-3.4254309456704783,4.979649837243419,4.838125369191406
G2980,0,0,0.00019125139914937805,10.18730/K1HBJ,FULL,Phaseolus,vulgaris,Phaseolus vulgaris,GTM,TIERRA BLANCA - JALPATAGUA - JUTIAPA,14.17,-90.05,0.3591811050669926,-0.5180078150099783,0.3859604233784113,-0.5249143213154677,-0.0011756445441742,0.6103926849895936,0.6932352755389086,1.5426374663441884,0.6139714678243036,-0.6941603341083734,-0.6630233502020273,-0.7813424006612064,-0.2124523676773833,-0.7250916881840593,-0.3268283271420874,0.8023053508354656,-0.294667587114274,-0.3118581398027361,0.2277773926711962,-0.3225826712505587,-0.5233432209168494,0.1069775915971782,-0.4682573133191957,-0.5041955254946299,0.3265709895627642,-0.4369711226493272,-0.395864196845538,-0.1099513511812154,-0.0117250783969826,0.2062222827571616,1.1814509611118185,0.8773278249066976,0.8300214443264212,1.1924912439475768,-0.7732684634130653,0.7479236458571623,-0.2767454531014043,-0.6698700647492654,-0.6672974502871178,0.60053886140267,0.9718100761380076,0.7642647093569616,-0.9756308820111512,1.2408572808904292,-0.6340773881096745,-0.3154421124788378,1.2831134918970135,1.9523956278793115,1.066909429233502,1.1569631100666689,0.7472248862747934,1.6728540517840285,1.7077670705766332,0.923529993445078,0.8868257933364121,0.4834829319433041,-0.8381529699902952
G19901,0,0,4.099314033996e-05,10.18730/JTKCK,FULL,Phaseolus,vulgaris,Phaseolus vulgaris,ARG,"16 KM S DE TAFI VALLE, EN EL MOLLAR - TAFI DEL VALLE - TUCUMAN",-26.93,-65.7,-2.9470184280009937,0.9504000863241155,-2.902539935203636,-0.4715337611426826,-0.0040986476065305,0.4465527835099366,-0.6107425401042648,0.3489409302527673,-1.2597926818299705,0.6602804536504936,0.3085889191485086,0.2276848888251061,-0.6834618765223034,-0.8407667675338554,-1.1383099190106238,-0.7056311332590228,-0.294667587114274,0.6071251130757639,-1.2617595701354087,-0.1255371683639593,-0.6242834331403139,-0.9492891978477372,-0.4682573133191957,-0.6682565113706256,-0.7030200023448953,1.2518822518537778,-0.5334018289386918,-0.1099513511812154,-1.0901110558948175,0.2062222827571616,-0.3693787354611482,-0.1430443301870673,-1.047403227486732,-0.8853981448785183,-0.6957959243410308,0.6957213523784451,-0.0574958852954743,-0.7851916714062834,1.0692819748786546,-0.4738743816616515,0.3872801835382652,-0.9428382332775506,0.544479104299957,-0.864855926336767,-0.4421322816155262,-0.8083818219010451,-1.0728299592933406,-1.0715499875571293,-1.055219380340657,1.737355151793744,1.3887881218073388,0.8183934871479305,-0.7976292344921093,-1.6242148861792551,-0.2546842740585937,0.4834829319433041,1.6129670716367297
G18630,0,0,0.00031183958004186177,10.18730/JSSE3,FULL,Phaseolus,vulgaris,Phaseolus vulgaris,BRA,"KM 25, RODOVIA GOIANÉSIA - JARAGUÁ - JARAGUÁ - GOIAS",-15.67,-49.23,0.3591811050669926,-0.7941071020928802,0.3859604233784113,-0.5538479162873682,-0.150248800724348,0.8834591874556889,0.3098773117195349,1.3851497724083075,0.7603592898858205,-0.6385935497139584,0.3085889191485086,-0.2768287559180501,-0.6834618765223034,-1.9975175610318168,-2.085038442857249,-0.1572905935882998,-1.4958970187309133,0.5390522795292084,-1.2617595701354087,-0.6378554758691177,-0.5637193058062352,-1.0549158767922286,-0.9840871357292964,-0.5041955254946299,-0.648831002770808,0.9920586557763772,-0.9460147252181532,-0.1099513511812154,-1.3597075502692766,0.2062222827571616,1.0293928544092874,0.6716402203698568,0.8483621826833881,0.8016955332050544,-0.463378307124927,0.2875393641164462,0.8359461035136903,-0.6097022699716907,-0.2536913066794596,0.1668085278630525,0.8360661743166065,0.6069388769348039,3.1315893694640544,0.5207688266054813,2.1628370208050587,0.6554997394133888,-0.749729143130092,-1.0238536844745356,-0.999859498351766,0.3999205183933166,0.7007656359404852,-0.239112906715056,-0.3602683583134644,-0.7477591244525457,0.3385089376468995,-0.5870329857362047,-0.3221277223510561
G52202,1,1,0.9959300760201892,10.18730/K4SAF,FULL,Phaseolus,vulgaris,Phaseolus vulgaris,CRI,PALMARES - PALMARES - ALAJUELA,10.08,-84.44,0.3591811050669926,-0.2865883981692971,0.3859604233784113,-0.095375233871523,1.265653882681068,-0.1906023889109521,0.2786033833683952,1.4257758469078496,1.4922984274602624,-0.7983481086685454,0.7943950538237766,0.2276848888251061,1.9070904221247564,1.357059740112271,1.5666287205511642,0.9393904857531464,-0.4281375239605672,0.5390522795292084,0.2503461345319023,0.7808721449143978,1.65023601562842,0.9519910231531106,-0.8551296801267712,-0.8323174972466213,-0.3236970053262839,-1.4762655069589303,0.7044368598996927,-0.1099513511812154,1.60585388784977,0.2062222827571616,0.6402547067485167,0.1594374163031014,2.310619231688837,2.193309527556476,-0.2696969594448407,0.1400340662126397,0.4412968814630163,0.573597693987277,-0.8769336007631601,0.8040194977069023,0.3928207725264747,0.5341462838204974,-0.7856171337222626,3.3247496258665667,1.874919361063836,0.4762489359871316,2.1447156683323425,2.0668667552775366,1.3806154271705515,1.231422736187411,1.0550617510853235,1.640067614770055,1.5578998414473395,0.6744409282144621,1.3613803627008068,2.303360043044646,0.3229038756448727
G19889,0,0,0.0001059912016023293,10.18730/JTK3A,FULL,Phaseolus,vulgaris,Phaseolus vulgaris,ARG,7 KM N DE LOS ALISOS - SAN SALVADOR DE JUJUY - JUJUY,-24.25,-65.28,-2.9470184280009937,-0.0391907012706146,-2.902539935203636,-0.2572049326131067,0.1981731643085288,0.2645084485325398,0.0112988002051459,0.124746560515031,-0.6156862538525528,0.3616089337098698,1.2802011884990447,0.7321985335682625,-0.2124523676773833,-1.1877920055832438,-1.2735568509887132,-0.8427162681767036,-0.5616074608068605,0.6071251130757639,-1.4874469887424702,-0.5984463752917978,-1.0347736295157364,-1.4774225925701947,-0.3392998577166706,-0.6682565113706256,-0.3236970053262839,1.511705847931179,-0.8084770931249995,-0.1099513511812154,-1.3597075502692766,0.2062222827571616,-0.0783426759992977,0.0949081293635931,-0.4438262015574589,-0.084743517991399,-0.5408508461969617,0.8866398476376176,1.159339216027437,-0.7250238766287087,0.1740795413602683,-0.614271540396233,0.5507269774617398,-0.4849495271189054,1.66994515185722,-0.7448411839559423,0.1199926731173367,-0.5992558845704118,-1.0324423572729344,-0.9952359026249792,-0.999859498351766,1.2115522787768902,0.8447538469002495,-0.1795796395054726,-1.2416067653784493,-1.8583867531531224,0.0558394767646297,-0.265878261478529,0.8389292770716291
G51244,0,0,0.0014464828429204,10.18730/PE5F*,FULL,Phaseolus,vulgaris,Phaseolus vulgaris,PER,TAGTA - CHACHAPOYAS - AMAZONAS,-6.48,-77.7,0.3591811050669926,1.374510423864714,0.3859604233784113,2.919707488666965,1.6047222379144044,-1.3010728322730725,-0.1671528338674291,-0.8402420014742972,-0.4107433193265435,-0.8469690657139062,1.2802011884990447,1.7412258230545752,2.3780999309696766,0.8943594227130865,0.6199001967045383,0.1168796762470617,-0.0277277134216875,-0.3799309733492916,1.739883097338507,2.554281670893792,1.2935805991055125,1.9026311336535344,-0.8551296801267712,-1.488561440750604,0.9768389844518124,-0.3070593246106268,0.2918239636202311,-0.1099513511812154,1.60585388784977,0.2062222827571616,-0.5099916426553833,-1.3529718546235507,-0.0720094148662216,-0.4850708314349586,1.047336204779747,-1.2375396306699422,0.0192414634366011,-0.0882480485660439,0.1230869350100707,1.213717488539106,-0.524143270488943,-0.3816310613157639,0.4860133355956836,0.0297994259566531,0.1748341321156649,0.6256246055090127,-0.3189280549124272,-0.6136654779642297,-0.5754337364369342,-0.0217262207244345,0.1382895212060368,-1.3322817408388556,-1.7775557967017508,-1.7804232830187938,-1.3982576221899663,-0.0517750268964503,0.5809165763582509
G20959,0,0,0.0193900803991936,10.18730/JTWTS,FULL,Phaseolus,vulgaris,Phaseolus vulgaris,RWA,KABERE II - NYAKINAMA - RUHENGERI,-1.92,29.59,0.3591811050669926,0.7237358137245354,0.3859604233784113,1.0935814555939034,1.278515096155436,-1.100824063797936,-0.5749010908619496,-0.9911659507481768,1.0203231191255409,-0.9100209141930156,-0.1772172155267593,0.2276848888251061,0.7295666500124566,-0.2623913707848747,-0.3268283271420874,0.8023053508354656,-0.828547334499447,0.6071251130757639,-0.5621285724535185,0.3079629379865593,0.620645850949082,0.1069775915971782,-1.3709595025368717,-1.6526224266266,-0.3236970053262839,0.0826760695054743,-0.9460147252181532,-0.1099513511812154,0.2578714159774761,1.582328263787768,-0.2124154964763636,-1.0666223048649464,0.2948053522731155,0.0201041117200093,-0.2309606899088233,-0.6907799917053186,0.1946411176813451,1.1502057272723674,-0.5398162721219139,1.2296961780871394,-0.3080610925333693,-0.0904608680079507,0.3544653560110685,0.1389037372119483,0.805510910596438,1.8803802294928127,1.067712947788181,-0.785372169061567,-0.9444996163628748,0.1394210053081394,-0.3521924880485294,-0.7041626317290481,-1.4940321424770169,-1.7398935368117785,-0.5873882927977617,-0.265878261478529,-0.4511339189202276
G1031,0,0,0.00010498749602785658,10.18730/JZYTX,FULL,Phaseolus,vulgaris,Phaseolus vulgaris,MKD,ON THE FOOTHILLS OF THE SAR MOUNT - TETOVO - TETOVO,42.02,20.95,0.3591811050669926,-1.085329533870758,0.3859604233784113,-0.5911784538688823,0.3226930947649093,-0.2634201229019108,-1.8681235200393256,-0.869211055726123,0.2141918205873077,1.8947943333104829,1.2802011884990447,0.7321985335682625,0.4940618955899966,0.3159840259641059,0.3494063327483596,-1.1168865380120652,0.5061520339634855,0.5390522795292084,0.0697961996462532,-0.2043553695185991,0.7081273682094179,0.1069775915971782,0.3054874202959551,0.152048418009353,-0.1069410070299345,-0.4369711226493272,1.5296626524586157,-0.1099513511812154,0.2578714159774761,-1.1698836982734446,-1.4901945338360207,-0.5544197700360951,-0.6088928467701606,-1.0569669934971866,0.8923911266356778,-1.709814083671759,-0.8303506118113775,0.0972693186648112,-0.457661580110616,-1.568364295549644,-2.0367182717977044,0.2523685805951094,-0.1132607936231186,-0.4611699746921749,0.0788615788685907,-0.1810040099091449,-0.224690316864813,-0.6136654779642297,-0.6492469124221223,-1.7674878360773192,-1.7066037630616808,-1.3334321421375916,-0.4254424071842609,0.3423221745736409,-0.5332271734681296,-0.8011362203182835,-0.709146619633606
G51361B,0,0,2.892801334720902e-05,10.18730/S3VJF,FULL,Phaseolus,vulgaris,Phaseolus vulgaris,ARG,YUNCA SUMA-RÍO CHACRA - CHICLIGASTA - TUCUMAN,-27.42,-65.98,-2.9470184280009937,0.4697417037781037,0.3859604233784113,-0.4326102115477864,0.0409155995537572,-0.1815001721620822,0.0407793135566987,0.749180219754355,-1.4940131535014256,0.9381144749837572,1.2802011884990447,1.2367121783114188,0.4940618955899966,-0.7250916881840593,-1.0030629870325345,-0.4314608634236613,1.306971655041245,-1.7754240610536804,-0.5846973143142247,0.1109174350999599,-0.5435312633615422,-0.6324091610142625,-0.5972147689217209,-0.1760735537426384,1.6271069793408603,0.4724114636215755,-0.1207889326592303,-0.1099513511812154,-0.5509180671459002,0.2062222827571616,-0.1551893118200893,0.2804301995167953,-1.0257278094284985,-0.8758665421774812,-0.5408508461969617,0.4611505434084867,-0.1287519948324015,-0.7450798082212337,1.227925410937205,-0.5577673057713691,0.6781599429618549,-0.6422754323205125,0.5590955464760254,-0.8757663574622965,-0.4695530111146903,-0.7187564201879165,-0.9920547552525284,-1.0524714663240915,-1.018312792348063,1.9109487082922485,1.057544306446699,0.4005102153821106,-0.9852113954552648,-1.8854065839577991,-0.292854967681382,0.4834829319433041,1.6129670716367297
G23916,1,1,0.9776629141205092,10.18730/JTNFC,FULL,Phaseolus,vulgaris,Phaseolus vulgaris,CRI,"SEGUNDO (SANTA CECILIA), BERLIN - LA CRUZ - GUANACASTE",11.11,-85.42,0.3591811050669926,-1.382206770149177,0.3859604233784113,-0.6052863779629564,0.3232776953773806,-0.1086824381711235,0.8549482175794816,0.5992159012928168,1.199522750617,-0.6872144901991211,-0.6630233502020273,-0.7813424006612064,-0.6834618765223034,-0.0310412120852824,0.2141594007702701,-0.1572905935882998,-0.4281375239605672,0.6071251130757639,-0.2687349282643388,-0.559037274714478,0.1428621797580165,-0.2099024452362963,-0.5972147689217209,-0.8323174972466213,0.1098149912664148,0.2125878675441747,0.0167486994339235,-0.1099513511812154,-0.2813215727714414,0.2062222827571616,1.640077927274148,1.405662671854786,1.9604778630558333,1.202022846648614,0.1951382749873667,-0.4746956826873082,-0.2219330611499218,1.812051469825688,-1.4860113254989111,0.526970976077332,1.2654601300557036,1.3254718253345583,1.4945478457443997,2.320989962317851,1.5458706070738673,-0.7187564201879165,1.4850515019990438,1.8474637610976048,1.3437088391779577,0.8947167435827645,0.9156840000823993,1.345564882293662,1.5555840122996465,0.7980003628316829,1.2613112469870105,1.9822050635560864,-0.1931213719943667
G18678,0,0,0.0002391414011871036,10.18730/JST8X,FULL,Phaseolus,vulgaris,Phaseolus vulgaris,BRA,"KM 83, CÓRREGO ACURÍ, RODOVIA BELÉM - BRASÍLIA - JARAGUÁ - GOIAS",-15.77,-49.24,0.3591811050669926,-0.7941071020928802,0.3859604233784113,-0.5684884649255458,-0.1976014503345209,0.9107658377022984,0.3530706994257604,1.3901652285062789,0.7603592898858205,-0.6385935497139584,-0.1772172155267593,-0.2768287559180501,-0.6834618765223034,-1.9975175610318168,-2.085038442857249,0.3910499460824232,-1.4958970187309133,0.6071251130757639,-1.4197407631603518,-0.7166736770237575,-0.4762377885458992,-1.2661692346812117,-1.1130445913318214,-0.6682565113706256,-1.1907209985116811,0.7322350596989763,-1.0835523573113073,-0.1099513511812154,-1.0901110558948175,1.582328263787768,1.0947941503856915,0.7563350032304449,0.8917130187998552,0.8588851494112771,-0.463378307124927,0.2894322822789659,0.8469085819039868,-0.6046882870735595,-0.236693726201352,0.1610533563437995,0.8970123361530739,0.6421610618458818,3.2192880225204648,0.5098583954799518,2.1765473855546404,0.670437306365577,-0.7362666091232899,-1.0238536844745356,-0.999859498351766,0.3938065314977718,0.6989923821109315,-0.1525452089851787,-0.3596066928426948,-0.7609875832840022,0.1167062584874542,-0.6940846030272442,-0.4511339189202276
G8209,0,0,2.60621555675778e-05,10.18730/K2HC7,FULL,Phaseolus,vulgaris,Phaseolus vulgaris,PER,ANTA - CARHUAZ - ANCASH,-9.37,-77.6,0.3591811050669926,2.314621672079708,0.3859604233784113,-0.3208856997251669,-0.5623922325165934,0.9016636209534286,0.6709662791147402,0.2536457337722271,-1.201237607539078,-0.8539149096231585,0.3085889191485086,0.2276848888251061,-0.4479571220998433,-0.2623913707848747,-0.191581395163998,-0.9798014030943843,-0.294667587114274,-0.2778217230294583,-1.103778377110466,-0.1255371683639593,-0.6646595180296997,-0.9492891978477372,0.3054874202959551,0.6442313756373401,0.4349489887109389,0.7322350596989763,0.1542863315270773,-0.1099513511812154,-0.8205145615203591,-1.1698836982734446,-0.4560355500855006,-1.3489387092842662,-0.8606611642157966,-0.7042976935588128,-0.7732684634130653,0.3632539754034196,-0.9564191132997872,0.4281921899414717,1.046618520732768,1.1629376028702354,-0.5102918508573911,-0.250134867738068,0.3983146825392735,-0.6684681660772357,-0.3872908226171981,-0.2258167107657092,-0.9516671532321224,-1.109707030023204,-1.073672674336954,0.838162364798975,0.995480422412318,0.0375586056309306,-0.5438805264520029,-0.9647621406026076,1.0518882522457669,0.80463765620098,1.354954370923351
G50775,0,0,6.0916058751506194e-05,10.18730/JXQ8~,FULL,Phaseolus,vulgaris,Phaseolus vulgaris,PER,"SONDOR, EN LAGUNAS - HUANCABAMBA - PIURA",-5.36,-79.4,0.3591811050669926,0.8090299738105826,-1.80637314900962,0.7559903794263457,1.1142423240510089,-1.3465839160174216,0.5103370486812421,0.4422298677631646,-1.2890702189754164,-0.916427571047222,1.2802011884990447,0.7321985335682625,0.0230523867450766,-0.2623913707848747,-0.3268283271420874,-0.4314608634236613,-0.5616074608068605,-0.5501130572156805,-1.0360721515283473,0.1109174350999599,-0.671388865511264,-0.738035839958754,0.6923597871035305,0.4801703897613444,0.760082986155463,0.7322350596989763,-0.2583265647523842,-0.1099513511812154,-0.5509180671459002,-1.1698836982734446,0.0344746453209429,-0.7318757033609561,-0.7706248122815957,-0.8853981448785183,0.0401931968432975,-0.7952678580218685,-0.6933196319326712,-0.4843526975184102,-0.2055318465435327,1.0536804666708004,-0.0476544404474984,0.0480798498872981,-0.0401785827427768,-0.6030055793240586,-0.4284219168659441,0.1625600299911814,-0.6151038030620718,-0.8426077327606795,-0.8799130873758353,0.0752241429049189,-0.3532564403462616,-0.6299617479605819,-1.163861072563032,-1.2414339497796645,-0.9469149611096996,0.3764311870368224,1.2259481743541794
G20706,0,0,0.0005353533426785475,10.18730/JN3ED,FULL,Phaseolus,vulgaris,Phaseolus vulgaris,IND,CHANANWARI - JAMMU AND KASHMIR,34.09,75.42,0.3591811050669926,-1.1306738028356085,0.3859604233784113,-0.5948096043545219,-0.2671689232186021,-0.536486625368006,0.1476098675730446,-0.227651839633156,-0.1816213486211337,0.00595257463498,3.2234257272001168,2.245739467797732,2.6136046853921364,0.5473341846636982,0.7551471286826278,-1.5281419427651075,1.974321339272712,-0.5841494739889583,1.0628208415173233,1.0961449495329567,0.3514719516865099,0.4238576284306529,-0.3392998577166706,-0.5041955254946299,0.4891379882850262,0.7322350596989763,0.7044368598996927,-0.1099513511812154,0.527467910351935,0.2062222827571616,-2.7483531556024605,-1.6635198533297326,-0.4271528030511254,-0.58038685844533,0.0789294663793148,-0.5396520788790821,-0.8796817645677117,0.4733180360246526,0.4970322651939818,-1.5039640140537067,-3.707199481344168,-1.4453417487917573,0.5883284308281621,-0.8321246329601785,-0.7986017651046589,0.7899378419830817,-0.0631399087831888,-0.823529211527642,-0.6031136774313797,-1.4058891825408115,-0.2752332718458967,-1.0012537671275972,0.1081907949913473,0.8703347015483701,0.3746163505333209,-1.5504973499323955,-1.0961655169161562
G50008,0,0,0.0060903901620384,10.18730/JW176,FULL,Phaseolus,vulgaris,Phaseolus vulgaris,GTM,VALLE DE SIBILA - CHIANTLA - HUEHUETENANGO,15.47,-91.49,0.3591811050669926,1.7279357051485464,-1.80637314900962,1.3116753922583957,0.9154781158107772,-0.0449669209290347,-1.5622999409398826,-0.4585599378006803,1.6972413619862716,-0.721943742865779,0.3085889191485086,1.2367121783114188,0.4940618955899966,0.431659105313902,0.484653264726449,-0.5685459983413421,0.5061520339634855,0.436943029209375,1.4464894531493275,1.1749631506875966,1.8992218724463,1.6913777757645514,-0.726172224524246,-0.8323174972466213,0.4349489887109389,0.6023232616602759,-0.1207889326592303,-0.1099513511812154,0.2578714159774761,0.2062222827571616,-1.7648802395798062,-2.720189797232537,0.5432389900174849,0.7159111088957202,-0.5021145766609444,0.4294190273802543,1.2086703687837712,-0.6949399792399215,0.012602994547025,0.3817879805051526,-1.438336979381025,-1.424208441764004,-0.8733157867786727,0.4443958087267747,-0.5655255643617644,-0.2108791438135211,1.2831134918970135,1.4754325970533746,0.7439767842983039,0.8892578267117424,0.4567659089938897,1.2552583803428927,1.1317872782717766,0.3763784196503692,-0.0406188976605244,3.373875960724156,2.1289924730634864
G24399,1,1,0.9981029356499336,10.18730/PHR52,FULL,Phaseolus,vulgaris,Phaseolus vulgaris,COL,"6 KM SE LA VEGA, ALTO MINAS, AUTOPISTA MEDELLÍN-BOGOTÁ - LA VEGA - CUNDINAMARCA",4.98,-74.35,-1.2939186614670004,0.4131936587726906,2.5782939957664426,1.0395822392743972,1.8596081049518784,-1.44670830025499,-0.3147050039110114,-0.7033179836639163,1.7557965235311073,-0.9094817105777716,0.3085889191485086,0.2276848888251061,0.9650714044349166,0.6630092640134944,0.8903940606607171,0.2539648111647425,-0.9620172713457402,0.6071251130757639,-0.7201097654784615,0.8990994466463574,0.9974893099166828,0.3182309494861614,-0.9840871357292964,-0.5041955254946299,-0.3236970053262839,-0.5668829206880276,0.2918239636202311,-0.1099513511812154,0.7970644047263937,1.582328263787768,0.5585030088135174,-0.0785149663224456,1.4419351695088611,0.7159111088957202,2.7904683339005247,-1.0536006617882656,1.7677567666888925,1.4460307182621093,-1.2338814939958405,1.0655218122910974,0.3263339424433389,0.4355240854522448,0.4275475668914102,1.764557974915846,2.354782127299207,2.477882907580337,1.754302182135084,0.168553892590307,-0.1325546805258053,0.8296464544801805,0.1219755859741424,0.1062950832304013,-0.6646344748674381,-0.7618319529966483,0.4096921230515588,-1.4434457964490774,-1.6121908414491544
G156,0,0,3.0700687685149786e-05,10.18730/JZ5KU,FULL,Phaseolus,vulgaris,Phaseolus vulgaris,TUR,STORE IN NALLIHAN - NALLIHAN - ANKARA,40.18,31.35,0.3591811050669926,-0.7977921472207151,0.3859604233784113,-0.5998565327833888,-0.5489464184297542,0.6832104189805523,-0.9111851915059924,-0.0066150172049614,0.1526089017060885,1.0687828512584951,1.2802011884990447,0.2276848888251061,0.0230523867450766,-0.1467162914350786,0.2141594007702701,-1.1168865380120652,0.3726820971171922,0.6071251130757639,-0.5395598305928124,-0.5196281741371581,-0.6646595180296997,-0.738035839958754,1.208189609513631,0.8082923615133358,-0.5404530036226333,-0.047235728533226,1.254587388272308,-0.1099513511812154,-0.5509180671459002,-1.1698836982734446,-1.0855236027447588,0.15540438635149,-1.075748004947499,-1.304788663724152,-0.1922244203728061,-1.161042257809991,-1.1811499203008653,-0.0882480485660439,-0.1545391794054804,-1.5671389549371495,-2.6877349680610965,0.6280721475728329,-0.2009594466795287,-0.886676788587826,-0.6203670233600925,-0.4797553489529069,-0.4939409970008535,-0.7185973447459358,-0.8799130873758353,-1.6100526735170402,-0.8862965415101177,-1.1424655265474304,-0.0400222704610224,0.9041094900542164,0.981736707209291,-0.3729298787695683,-0.709146619633606
G23998,1,1,0.9985361611919232,10.18730/JY0X9,FULL,Phaseolus,vulgaris,Phaseolus vulgaris,COL,"3 KM E TENA, EL ROSARIO - TENA - CUNDINAMARCA",4.66,-74.4,0.3591811050669926,0.4414676812753971,-1.80637314900962,1.0890690962265577,2.0864331425907308,-1.4740149505015994,-0.2992361153782046,-1.273082425258549,1.082412514781272,-0.9094817105777716,0.7943950538237766,0.7321985335682625,0.7295666500124566,0.431659105313902,0.484653264726449,-0.4314608634236613,-0.828547334499447,0.6071251130757639,-0.1333224771001019,0.3473720385638791,0.4053067315390243,0.3182309494861614,-0.726172224524246,-0.5041955254946299,-0.4862640040485459,-0.047235728533226,0.429361595713385,-0.1099513511812154,0.2578714159774761,0.2062222827571616,0.5127220626477885,-0.155143612354694,1.6803647681494305,0.639658287287423,3.410248646476801,-1.4334759687813812,1.334738870272181,1.997568837056544,-1.313202968873704,1.2249269826021485,0.3512664872123364,0.4284796619062344,0.6029448730042304,0.9353652093756027,1.888629725813418,2.164194001584387,2.373578746447977,0.9698517843778812,0.3749109043723632,0.6372742239453598,-0.2305472753411423,-0.0024178395001422,-1.0768520631568417,-0.8977754767326793,-0.1721530446039164,-1.4434457964490774,-1.4831845679862237
G23445C,0,0,3.425372678170156e-05,10.18730/S1DF*,FULL,Phaseolus,vulgaris,Phaseolus vulgaris,BOL,"9 KM WWS DE TOMATITAS, RINCÓN LA VICTORIA - MENDEZ - TARIJA",-21.53,-64.87,-1.2939186614670004,1.2331403113511812,2.5782939957664426,-0.2244252790203914,-0.0163752604684272,1.5206143598765776,0.1329946877178055,0.7602144527627548,-1.4940131535014256,0.2921504283765538,0.3085889191485086,0.7321985335682625,-0.4479571220998433,-0.493741529484467,-0.7325691230763556,-0.5685459983413421,1.974321339272712,-2.864589397798569,-1.1940533445532904,-0.4014008724051984,-0.6915769079559569,-1.1605425557367202,-0.4682573133191957,0.3161094038853487,2.060618975933559,0.7322350596989763,-0.2583265647523842,-0.1099513511812154,-0.8205145615203591,0.2062222827571616,-0.985786564191876,-1.4578321718677762,-1.0490705673373653,-0.8949297475795555,-0.7732684634130653,1.0010557745753044,-0.2328955395402183,-0.8353315003875956,1.2165936844974683,0.0580281316674151,-0.5435352394794729,-1.1353863407103442,0.5298626621238887,-0.9848706687175915,-0.4147115521163622,-0.8233193888532333,-1.1401426293273509,-1.1001677694066854,-1.073672674336954,0.5488397706348009,1.1316663165220455,0.14885993128363,-0.4267657381257999,-1.0494805684381052,1.035897826538923,0.1623282076856287,1.096941977785008
G22257,1,1,0.8689688976592926,10.18730/K3QXK,FULL,Phaseolus,vulgaris,Phaseolus vulgaris,RWA,CYUNYU - CYUNYU - CYANGUGU,-2.41,28.97,0.3591811050669926,-0.002728540897966,0.3859604233784113,0.3443569040757911,1.2685768857434243,-1.2282550982821137,-0.6524025151942011,-1.8281040452545176,1.6355046058644622,-0.9467688627952632,-1.1488294848772953,-0.7813424006612064,0.7295666500124566,0.8943594227130865,1.0256409926388066,2.0360715650945926,-0.6950773976531537,0.6071251130757639,-0.7201097654784615,0.2291447368319195,0.3245545617602527,-0.1042757662918048,-0.9840871357292964,-0.6682565113706256,-0.973965000215332,-1.4762655069589303,-0.5334018289386918,-0.1099513511812154,1.60585388784977,1.582328263787768,0.1521971106181092,-0.6189490954381589,0.5082248531541845,-0.151464736898659,-0.1147518813007715,-0.861800530732824,0.6879526452446875,1.4259747866695844,-0.6984596541468199,1.1834195246096555,0.0326838621061589,0.1960131250460026,0.9391230430538025,0.4334853776012452,1.2031114883343168,1.611504024353427,0.5426741215229022,-0.785372169061567,-0.9168196753684292,0.1601648894180236,-0.160326423690814,-0.563813673283267,-1.243260929055373,-1.2619802794540544,-0.4434744614361681,-0.265878261478529,-0.4511339189202276
G23467,0,0,5.323456290100504e-05,10.18730/JXCQX,FULL,Phaseolus,vulgaris,Phaseolus vulgaris,MEX,IGNACIO BASTIDA - YAUTEPEC - MORELOS,18.94,-99.02,-2.9470184280009937,0.1905038166017612,0.3859604233784113,-0.5519115122420107,-1.0645641586294143,1.602534310616406,1.7923072175428638,0.9658512140177484,-0.93773942421429,-0.3468678074417939,-0.6630233502020273,-0.7813424006612064,-0.4479571220998433,-0.0310412120852824,0.3494063327483596,0.5281350810001041,-0.0277277134216875,0.1986881117964306,0.6791522298853189,-0.559037274714478,-0.8934573324028859,0.1069775915971782,0.9502746983085808,0.8082923615133358,0.7058939865813756,-0.1771475265719264,-0.2583265647523842,-0.1099513511812154,-0.0117250783969826,-1.1698836982734446,0.8389113264934036,0.7442356826002627,-0.3421184706688245,-0.0656803125893248,-0.6957959243410308,1.1494181736416498,-0.2164518219547735,-0.7250238766287087,0.6556756826784663,0.3206259664841589,0.7363359424016491,0.3697759830649779,-0.844082902426536,-0.3957073879389978,-0.8945743183517331,-0.92788235751855,-0.4670159289872495,0.6932132264988378,0.4764040213519969,0.4038509385404525,0.5564227742148102,0.849166721889116,0.6282598550161808,0.386229399631241,0.1357916052988483,-0.8011362203182835,-0.8381529699902952
G23969,1,1,0.980505438580388,10.18730/JXZH2,FULL,Phaseolus,vulgaris,Phaseolus vulgaris,COL,EL PATICO - LA PLATA - HUILA,2.48,-75.95,0.3591811050669926,-0.1664238025327942,-1.80637314900962,0.2920652556233803,1.1148269246634803,-1.1190284972956757,0.4669197121538558,-1.538404051583591,0.643249032236607,-0.9719943720018352,0.3085889191485086,0.2276848888251061,0.4940618955899966,-0.0310412120852824,-0.191581395163998,0.3910499460824232,-0.6950773976531537,0.2327245285697083,-0.5621285724535185,0.1503265356772798,-0.0993943295782983,-0.2099024452362963,-0.726172224524246,-0.8323174972466213,0.3265709895627642,0.2125878675441747,-0.6709394610318457,-0.1099513511812154,0.2578714159774761,0.2062222827571616,0.7121962414728528,0.082808808733411,0.7049709555289199,-0.0466171071872505,2.2868968299323003,-1.3605359762194915,0.7318025588058735,0.3930943096545531,-0.5879758673419593,1.0566604958739103,0.4759292638962918,0.5599759338617972,0.3983146825392735,0.8917234848734849,1.408766959578047,1.3725029531184176,0.6907619955977244,-0.2797913563860738,-0.3078609734906271,0.7409936444947807,-0.0454195755357312,-0.1280991813870406,-0.9759480788644918,-1.2611359097414083,0.0321117482964099,-1.336394179158038,-1.3541782176295345
G13040,0,0,5.268287246390586e-05,10.18730/JH4PV,FULL,Phaseolus,vulgaris,Phaseolus vulgaris,TUR,SAHII - YUKSEKOVA - HAKKARI,37.68,44.57,0.3591811050669926,-0.4010386748560031,0.3859604233784113,-0.560705866899559,-0.7406954193203308,0.8106414534647302,-0.7613133486771436,0.0566756830714364,-0.1606694188848975,1.1418723357210252,1.2802011884990447,0.7321985335682625,0.2585571411675366,-0.1467162914350786,0.2141594007702701,-0.7056311332590228,1.4404415918875382,-0.005530388843236,0.0697961996462532,-0.2043553695185991,0.0755687049423735,-0.1042757662918048,1.208189609513631,0.8082923615133358,0.2723819899886768,-0.5668829206880276,1.254587388272308,-0.1099513511812154,-0.0117250783969826,-1.1698836982734446,-1.9749820796032205,-0.538287265604068,-0.9506975161499976,-1.0188405826930382,-0.5795871157329789,-0.2897781111528361,-1.4442494016679814,-0.0280802537884692,-0.0695516018500451,-1.6740968703245196,-2.945371387779935,0.2523686477761384,-0.2740416575598704,-0.7448411839559423,-0.2913182693701239,0.25218543170431,-0.3997032589532394,-0.9666181207754232,-1.0090861453499145,-1.1283578488180457,-0.57491316904048,-0.8557280028375045,-0.087662184356427,0.8435963273145752,1.8003433393628716,-0.6940846030272442,-0.4511339189202276
G22047,0,0,2.131611946033177e-05,10.18730/JVPZB,FULL,Phaseolus,vulgaris,Phaseolus vulgaris,MEX,EL POBLANO - CORTAZAR - GUANAJUATO,20.47,-100.99,0.3591811050669926,0.7321259819969622,-1.80637314900962,-0.5980704773423378,-1.802330131568157,0.1461796307972319,0.9479854975974692,0.3374050368381384,-1.2305151446845242,0.0351539718914435,-1.1488294848772953,-1.790369690147519,-0.6834618765223034,0.6630092640134944,1.160887924616896,1.761901295259231,-1.0954872081920335,0.6071251130757639,-0.8329534747819922,-0.7954918781783972,-0.960750807218529,-1.0549158767922286,1.7240194319237316,1.300475319141323,-1.0823429993635068,-0.9566183148041288,-0.6709394610318457,-0.1099513511812154,0.527467910351935,-1.1698836982734446,0.2061531681039679,0.1150733945093281,-0.7456147145220955,-0.437412817929773,-0.5795871157329789,1.179496273902333,0.0630913769977871,-0.7500937911193648,1.2109278304591005,0.1268607012875212,0.456537228857046,-0.1679497173603069,-0.8294664602504677,-0.7884829084580603,-0.9905468715988072,-0.942819924470738,-0.749729143130092,0.0445435045755633,0.319551022383472,0.3232773255241655,0.7294923479792559,1.0010196933222564,1.110944815942537,0.820798345073129,0.563922358094987,-0.4799814960606078,-0.1931213719943667
G20146B,0,0,1.5795155320515557e-05,10.18730/S67RB,FULL,Phaseolus,vulgaris,Phaseolus vulgaris,MKD,ROSOMAN - ROSOMAN,41.53,21.95,0.3591811050669926,-1.52357688266271,0.3859604233784113,-0.5946093819263294,-0.669958745211307,0.537574950998635,-1.665858096295744,-0.1870008451131586,-0.0710570559090594,1.9164669183469345,0.7943950538237766,0.2276848888251061,-0.6834618765223034,-0.493741529484467,-0.3268283271420874,-0.9798014030943843,-0.6950773976531537,0.6071251130757639,-0.7878159910605799,-0.7954918781783972,-0.3685682288408704,-0.8436625189032455,1.5950619763212064,1.9567192626453056,-1.353287997233943,-0.3070593246106268,1.254587388272308,-0.1099513511812154,-0.8205145615203591,-1.1698836982734446,-0.7732321279379128,0.6111436941440573,-1.117431501213333,-1.4096362934355606,0.233874544523384,-1.6923123427423288,-1.0879688539833452,-0.3790590566576546,0.0097701505834684,-1.5565660121855394,-1.5879322612047475,0.8253165443093397,-0.5809869432573057,-0.7448411839559423,-0.4284219168659441,-0.5395056167616593,-0.5612536670348637,-0.747215126595492,-0.7968732643924986,-1.794345707082748,-1.7385223319936485,-1.3731209869439809,-0.3245384228919109,0.5551033421604721,-0.3650697934542246,-0.8011362203182835,-0.709146619633606
G832,0,0,0.0002259835866503168,10.18730/JZSE5,FULL,Phaseolus,vulgaris,Phaseolus vulgaris,GTM,JALAPA - JALAPA - JALAPA,14.62,-89.99,0.3591811050669926,0.1898288810013086,0.3859604233784113,-0.0413422048933876,0.5670561507779003,-0.5455888421168759,0.079675711763658,1.0862240736429165,0.877469558441777,-0.6108101409565528,-0.6630233502020273,-0.7813424006612064,-0.2124523676773833,-0.1467162914350786,0.2141594007702701,0.5281350810001041,-0.5616074608068605,0.5730886963024862,0.4986022949996698,-0.2437644700959189,-0.1330410669861198,0.4238576284306529,-0.3392998577166706,-0.8323174972466213,-0.3778860049003713,-0.047235728533226,-0.395864196845538,-0.1099513511812154,0.2578714159774761,0.2062222827571616,0.5119045425498583,0.0747425565173974,0.5815878065820519,0.8970115602154257,-0.5795871157329789,0.6327612436729994,-0.4576263465412965,-0.5996743041754283,-0.5908088244384676,0.4842613980786615,0.4177532644564981,0.2781982082427342,-0.9025486711308094,0.6844252934884241,-0.6203670233600925,-0.345317246383214,0.7715371996385366,1.6566785487672306,1.0576827822353534,0.9401349319496688,0.5922425015717959,1.3907181332690464,1.4321834020011333,0.8117917348049033,0.6825610004360857,0.9116891458765768,-0.3221277223510561
G9654,0,0,1.9056414409455728e-05,10.18730/K35MT,FULL,Phaseolus,vulgaris,Phaseolus vulgaris,MEX,CERRO DE LAS GALLINAS - CHURINTZIO - MICHOACAN,20.13,-102.11,0.3591811050669926,0.7225717635629063,0.3859604233784113,-0.5169656503928227,-1.150500448662691,0.4010416997655874,1.0203227912621409,0.8891136260199509,-0.7620741140876701,0.0282080948617949,-2.120441754227832,-1.790369690147519,-0.4479571220998433,1.241384660762475,1.5666287205511642,1.213560755588508,0.6396219708097787,-2.0817518120131804,0.7017209717460251,-0.5196281741371581,0.0284632725714234,0.3182309494861614,-0.0813849465116203,-0.3401345396186341,1.6271069793408603,-0.5668829206880276,-0.6709394610318457,-0.1099513511812154,1.0666608991008526,0.2062222827571616,0.1579197006266968,0.082808693345737,-0.5105197955827929,0.0201041117200093,-0.6570596548050135,1.329476396480289,-0.6056198048102992,-0.7400658253231024,1.2477559214949945,0.106217260290242,0.3457258982241269,0.1772279433380643,-0.7856171337222626,-0.6248264415751177,-0.9357054126004792,-0.9726950583751144,-0.763191677136894,0.2544072381389757,0.762430078294601,0.2662862333906943,0.5897599462104207,0.9081247884493316,0.9210468258316882,0.7262289372567596,0.2791896164763502,-0.4799814960606078,-0.3221277223510561
G10201,0,0,0.0145865561229769,10.18730/JJDM5,FULL,Phaseolus,vulgaris,Phaseolus vulgaris,ESP,E ORENSE - ORENSE - ORENSE,42.33,-7.85,0.3591811050669926,-0.7519919050542203,0.3859604233784113,-0.5543101755166507,-0.4150728781738333,-0.135989088417733,-1.9931194933778704,-0.7858235881741142,0.0121044679538839,2.404209863139992,1.2802011884990447,1.7412258230545752,0.0230523867450766,-0.6094166088342632,-0.867816055054445,-1.9393973475181496,1.0400317813486584,0.6071251130757639,0.0923649415069593,-0.0467189672093195,0.5197056387256175,0.1069775915971782,-0.4682573133191957,-0.5041955254946299,-0.7030200023448953,1.641617645969879,0.1542863315270773,-0.1099513511812154,-1.3597075502692766,0.2062222827571616,-0.715188420016402,-0.0986802699307361,0.8750396202935217,0.4013682197614947,0.4275558922034704,-0.7295515030624635,-0.6933196319326712,2.268323913555629,-0.2763547042588679,-1.0939987914138216,-1.557459156343855,0.4519611558364139,2.006123321906792,0.6844252934884241,1.6966846193192695,0.7003124402699531,0.46189891748209,-0.5087336111825236,-0.78764661739435,-1.8873656505649656,-1.9183302703103984,-1.562937201235406,-0.54785051927662,0.1976534971402663,-0.925250513377847,-0.6940846030272442,-0.8381529699902952
G18994,0,0,0.00010471327223186934,10.18730/JMEHA,FULL,Phaseolus,vulgaris,Phaseolus vulgaris,GTM,EL TEJAR - CHIMALTENANGO - CHIMALTENANGO,14.65,-90.77,0.3591811050669926,1.0917701988376485,0.3859604233784113,0.0673353987618509,0.3829069578494501,-0.2361134726553013,-0.069594615529018,1.0496108997384324,0.116252872815146,-0.5830267321991472,-1.1488294848772953,-0.7813424006612064,0.7295666500124566,1.819760057511456,1.4313817885730749,1.4877310254238694,-0.1611976502679807,0.3688701956628195,1.3110770019850908,0.1109174350999599,0.0890273999055021,0.9519910231531106,-0.726172224524246,-0.996378483122617,0.3807599891368515,-1.086530112842829,-0.395864196845538,-0.1099513511812154,1.875450382224229,0.2062222827571616,-0.0611748319072672,-0.6673462241086603,0.4231905207718835,0.9065431629164628,-0.6570596548050135,0.7992044099397582,-0.6823571535423747,-0.6046882870735595,-0.4180006299142005,0.52997607982858,-0.0698166643029044,-0.0153201635698766,-0.931781555482946,0.4007540842246567,-0.5381048348626004,-0.4498802150485307,0.434973849468486,1.6662178093837494,0.8546965482760861,0.959131962660826,0.7153063173428259,1.4393225881406386,1.478499984954999,0.7197554361264724,0.7269215362679747,1.125792380458656,-0.3221277223510561
G20935,0,0,0.0012932092979702,10.18730/JTWRQ,FULL,Phaseolus,vulgaris,Phaseolus vulgaris,RWA,MURAMA - BICUMBI - KIGALI,-2.27,29.7,0.3591811050669926,-0.1093563950165514,0.3859604233784113,0.2903444144283628,1.0101834150311229,-1.2282550982821137,-0.5943181948137544,-1.2635367223101797,1.5067985896311236,-0.9180966583097075,-0.6630233502020273,-0.7813424006612064,-0.6834618765223034,-1.419142164282836,-1.4088037829668023,0.1168796762470617,-0.828547334499447,0.6071251130757639,-1.148915860831878,-0.4408099729825183,-0.6848475604743927,-0.9492891978477372,-1.2420020469343465,-0.996378483122617,-0.7030200023448953,1.381794049892478,-1.6337028856839226,-0.1099513511812154,-1.0901110558948175,1.582328263787768,0.2543867408333067,-0.4092283840245916,0.183093582280681,0.0010409063179351,-0.3859057680528925,-0.608078893407733,-0.358964041028628,1.0198421719209556,-0.4463298226437475,1.084207937038943,0.0880894877933893,0.2641093835443897,0.500629777771752,-0.0574840230475829,0.7369590868485278,1.850505095588437,0.8792374716929527,-0.8807647752267544,-0.9814062043554688,0.1398577186578212,-0.1581985190953495,-0.6385897577011013,-1.3183599599877125,-1.5414666543399318,-0.352690109036023,-0.265878261478529,-0.0641150216376775
G114,0,0,1.7648717744262795e-05,10.18730/JZ4A*,FULL,Phaseolus,vulgaris,Phaseolus vulgaris,MEX,TIRINDARO - ZACAPU - MICHOACAN,19.77,-101.75,0.3591811050669926,1.416921457618774,0.3859604233784113,-0.1616724173614326,-0.3279673869156141,0.2827128820302795,0.6552734417607761,0.8650392836877806,-0.7327964896882804,-0.1107089158048368,-1.1488294848772953,-0.7813424006612064,-0.4479571220998433,0.2003089466143097,0.484653264726449,0.5281350810001041,-0.1611976502679807,0.6071251130757639,0.3180523601140207,-0.5196281741371581,0.7148567156909822,0.2126042705416698,0.0475725090909048,-0.1760735537426384,-0.2153190061781092,-0.8267065167654283,0.429361595713385,-0.1099513511812154,0.527467910351935,0.2062222827571616,-0.155189327412988,-0.3325996995297861,-0.4004753654409918,0.0963569333283064,-0.6183233852689962,1.2146246122551072,-0.6165822832005957,-0.6999539621380526,1.5792073899768695,0.1954145578150905,-0.0338029943964621,-0.0458460810460656,-0.7271513650179893,-0.4720804058177044,-0.8945743183517331,-0.9876326253273024,-0.709341541109686,0.2067109350563819,0.8362432542797891,0.3079923582853035,0.5496844096625061,0.8805151572796697,0.8571961079024306,0.5745238455513336,0.1718990181852697,-0.3729298787695683,-0.1931213719943667
G5190,1,0,0.3697137712570911,10.18730/JGR4*,FULL,Phaseolus,vulgaris,Phaseolus vulgaris,VEN,LOS CERRITOS - MIRANDA,10.2,-65.95,0.3591811050669926,-0.0038481731422314,0.3859604233784113,-0.6109032041705891,-0.1239417731631409,-1.0098018963092377,1.1680241084839678,-0.7233799993831865,0.5554163389996968,-0.6663769584713641,-0.1772172155267593,-0.2768287559180501,-0.4479571220998433,0.3159840259641059,0.2141594007702701,-0.020205458670619,-0.6950773976531537,0.6071251130757639,-0.4041473794285756,-0.4802190735598382,-0.4425910511380777,-0.4211558031252794,0.1765299646934299,-0.1760735537426384,-0.5946420031967207,0.0826760695054743,-0.1207889326592303,-0.1099513511812154,-0.0117250783969826,0.2062222827571616,1.93683664691263,1.7605747692798566,0.5899245058352187,0.0486989198231207,0.3500833531314358,-0.6983384119547452,0.2494535096328275,0.3730383780620283,-0.9222603469539896,0.5488318799311999,1.567421120294685,1.327820071020385,-0.0694114670949135,0.4553062398523042,1.2442425825830628,-0.1660664429569568,0.1118730333052374,0.6073598809501691,0.7901100192890465,0.5667450179717536,0.6043006276127614,1.0496241481938486,0.48137012050535,-0.0455249801018264,0.9714203035274565,1.4469471047163314,0.8389292770716291
G22277,1,1,0.98019972009279,10.18730/JVKRK,FULL,Phaseolus,vulgaris,Phaseolus vulgaris,COL,DABEIBA - DABEIBA - ANTIOQUIA,7.02,-76.27,0.3591811050669926,0.1021794112429182,0.3859604233784113,-0.1794761266263939,1.7584721989943486,-1.4831171672504693,0.6303138667296468,-0.5433223703516638,1.6679638248408255,-0.8678066140018613,0.3085889191485086,0.2276848888251061,0.7295666500124566,0.0846338672645136,0.0789124687921807,0.3910499460824232,-0.9620172713457402,-0.4480038068958472,0.3180523601140207,0.7808721449143978,0.8090675804328824,0.8463643442086191,-0.8551296801267712,-0.5041955254946299,0.9768389844518124,-0.5668829206880276,0.1542863315270773,-0.1099513511812154,0.527467910351935,0.2062222827571616,1.1757283360192088,0.703904844608332,1.8937842690304991,1.5260973384838763,-0.1147518813007715,-0.4142667691457066,-0.183564386783884,2.0025828199546747,-1.0270783276331283,1.193388838059216,0.8970124418310192,0.9615090613061154,-0.7271513650179893,1.764557974915846,1.2442425825830628,1.417315653974982,1.606214308060262,1.790228197398493,2.220240304002066,0.8763747828961301,0.3890276127049366,0.7059417601964951,0.3096679308406626,-0.3134716355815398,0.5855868058268398,-1.336394179158038,-1.741197191805843
G12707,0,0,0.0002481997272230299,10.18730/JNFHY,FULL,Phaseolus,vulgaris,Phaseolus vulgaris,COL,IPIALES - IPIALES - NARIÑO,0.82,-77.66,0.3591811050669926,2.3641012114594444,0.3859604233784113,3.6698757051452016,1.8759769221010736,-1.43760608350612,-1.039087306629454,-1.6422256573598522,0.2040855715054277,-0.8608607535324109,2.2518134578495808,2.750253112540888,1.6715856677022964,0.7786843433632905,1.0256409926388066,-1.802312212600469,-0.6950773976531537,0.6071251130757639,0.0246587159248409,1.2537813518422365,1.132076259547969,0.7407376652641275,-0.9840871357292964,-0.996378483122617,-0.5404530036226333,0.6023232616602759,1.254587388272308,-0.1099513511812154,0.2578714159774761,0.2062222827571616,-1.164005241728274,-2.203954155526956,-0.0670073953143216,-0.6661712827546642,1.047336204779747,-1.407977075197941,0.1453099649250108,-0.0330942366866004,-0.6984596541468199,0.9925270293031588,-1.0311051550291324,-0.8606531276871435,0.2521502607785901,0.0188889948311236,0.5175932508552155,0.8048754089352699,0.0310978292644253,-0.4991943505660048,-0.5754337364369342,0.0988066637877346,-0.4337621642080017,-1.1151434957024524,-1.816594059477152,-1.4958706898570395,-1.4250802717627369,-0.1588267718029321,0.0648911749314939
G11445,0,0,7.738486627743557e-05,10.18730/JQ1C$,FULL,Phaseolus,vulgaris,Phaseolus vulgaris,MEX,GONZALES ORTEGA - LA FRAGUA - PUEBLA,19.34,-97.27,0.3591811050669926,1.279950841517078,0.3859604233784113,-0.1963085372355997,-0.3267981856906716,0.1734862810438414,-0.5562650509001298,0.4763355049460493,-0.117967642483281,-0.4718931302899211,-1.1488294848772953,-0.2768287559180501,-0.2124523676773833,-0.0310412120852824,0.2141594007702701,0.8023053508354656,0.7730919076560719,0.436943029209375,1.6496081298956828,-0.4014008724051984,-0.382026923803999,0.8463643442086191,-0.0813849465116203,-0.1760735537426384,-0.0527520074558472,-0.6967947187267279,0.0167486994339235,-0.1099513511812154,0.527467910351935,0.2062222827571616,-1.1582826283303376,-1.853075145747336,-0.23040670067639,-0.2086543531048818,-0.2309606899088233,0.4254992796617275,-0.052014646100326,-0.6147162528698219,0.3865483922729951,0.4854087242431221,-0.9563075339318852,-1.0179789657077205,-0.7125349228419209,-0.3738865256879388,-0.7848914003550768,-0.5096304828572832,-0.211227782858011,0.5310457960180192,0.5409905503390365,0.2025260843371555,0.1163011737195704,0.4462386670068631,0.2689755043883379,0.2162296308184817,-0.5966730561114129,0.2693796973612255,0.3229038756448727
G4705,1,1,0.9987518770478068,10.18730/JPR5=,FULL,Phaseolus,vulgaris,Phaseolus vulgaris,COL,"ESCUELA AGRONÓMA SAN JORGE, COMUNIDAD SALESIANA - IBAGUE - TOLIMA",4.45,-75.25,0.3591811050669926,-0.0391907012706146,0.3859604233784113,0.4359643786842515,1.3410673616898616,-1.2009484480355042,0.2817049149037948,-2.144782001905633,1.2873554493072814,-0.9025358666685191,-0.1772172155267593,-0.2768287559180501,0.2585571411675366,0.2003089466143097,0.3494063327483596,-0.020205458670619,-0.294667587114274,0.6071251130757639,1.220802034542266,2.002554262811314,0.5802697660596962,1.9026311336535344,-0.8551296801267712,-0.8323174972466213,-0.4320750044744585,-0.3070593246106268,0.429361595713385,-0.1099513511812154,0.527467910351935,1.582328263787768,0.7187363476811448,0.1271727920646262,1.4002516732430272,1.068580408834094,1.5121714392119543,-0.8302523410449476,-0.2219330611499218,2.6694425454061266,-1.0015819569159707,1.2756205278938555,0.4177532380370116,0.6492055077855677,0.3252324716589318,1.2190364186393703,3.1362729180253823,2.477882907580337,1.9697027262439164,0.1780931532068257,-0.5293005014461916,0.6929551760297857,-0.2270007676820348,-0.0760435226192406,-1.006384690519889,-0.8493649465409664,0.0785355648646659,-1.4434457964490774,-1.4831845679862237
G17228,0,0,0.00022883679657143528,10.18730/JPMCS,FULL,Phaseolus,vulgaris,Phaseolus vulgaris,ECU,"JINBURA, COFRADIA - ESPINDOLA - LOJA",-4.6,-79.48,0.3591811050669926,1.2331403113511812,-1.80637314900962,1.1395783427044497,0.8804020790625009,-0.764042044089752,0.566495750420595,0.6759534892906144,-0.3814657821810976,-0.9581026676231325,0.3085889191485086,0.2276848888251061,-0.2124523676773833,-0.8407667675338554,-0.7325691230763556,0.1168796762470617,-0.1611976502679807,-0.9585500584950138,-0.7878159910605799,-0.1255371683639593,-0.5569899583246709,-0.6324091610142625,-0.0813849465116203,-0.0120125678666426,0.922649984877725,0.0826760695054743,-0.2583265647523842,-0.1099513511812154,-0.5509180671459002,0.2062222827571616,0.1898028558045412,-0.5624858299393196,-0.202061923215623,0.2965205900500862,-0.5795871157329789,0.6273362271385062,-1.2085561162766063,-0.5144365949071975,-0.1375416867320548,1.162694051371794,0.0354540773418051,0.1960130578649732,0.9683559274059392,-0.6684681660772357,-0.2913182693701239,1.1036267479790318,-0.4266283269668434,-1.042932205707573,-1.0275394393462116,0.3315748791681192,0.5046437623918408,-0.6981230249106847,-0.7635534627474796,-1.1955565287258902,-0.9721901501301948,0.1623282076856287,0.9679354736408012
G1449,0,0,2.0349940990757887e-05,10.18730/K08RE,FULL,Phaseolus,vulgaris,Phaseolus vulgaris,MEX,BACANORA - BACANORA - SONORA,28.98,-109.4,0.3591811050669926,-1.3115217138924105,0.3859604233784113,-0.5905113121749908,-2.085861428616723,-0.9733930293137584,1.9725901235440624,0.8339428436327241,-1.5232908651547583,1.2715152475910405,-1.1488294848772953,-1.2858560454043628,-0.9189666309447634,-0.7250916881840593,-0.5973221910982662,1.213560755588508,1.840851402426418,-0.9585500584950138,0.2729148763926085,-0.874310079333037,-1.2366540539626654,-0.6324091610142625,1.5950619763212064,1.7926582767693102,1.3561619814704238,-0.047235728533226,-1.2210899894044611,-0.1099513511812154,-0.2813215727714414,-1.1698836982734446,1.0342978931341469,2.244545748284404,-0.9607015552537976,-0.437412817929773,-0.5795871157329789,1.0246819324707932,0.0959788121686766,-0.4392268514352292,2.8568539928862124,-0.5359973904881008,1.905395727601136,0.7219980337188452,-0.5663705010812374,-0.930318513089944,-0.8123121298542408,-1.0175077592316786,-1.1132175613137465,-0.7758329084450483,0.319551022383472,-0.37546403396667,0.4780449549485346,0.4620566848644819,1.3792501643395725,1.640399879481664,1.1235872578345176,-0.1588267718029321,-0.1931213719943667
G13044,0,0,0.00033861496324043733,10.18730/JMBEP,FULL,Phaseolus,vulgaris,Phaseolus vulgaris,TZA,"ARUSHA LIMITED, ARUSHA - ARUSHA - ARUSHA REGION",-3.39,36.64,0.3591811050669926,-0.5920028691932558,0.3859604233784113,-0.54157419296484,0.0268851848544467,-0.4181578076326981,0.1792731021389887,-0.5929871557406082,-0.2060150200703018,-0.5506302482018426,-0.6630233502020273,-0.7813424006612064,-0.2124523676773833,-0.0310412120852824,-0.191581395163998,1.213560755588508,-0.9620172713457402,0.6071251130757639,-1.1940533445532904,-0.4802190735598382,-0.9136453748475788,-1.1605425557367202,0.3054874202959551,0.152048418009353,-0.9197760006412448,-0.3070593246106268,-0.9460147252181532,-0.1099513511812154,-0.0117250783969826,-1.1698836982734446,0.4718462136802879,0.1231396851878997,-0.4438262015574589,0.210736165740752,-0.5408508461969617,0.6116840510709809,-0.1068270380518085,-0.7350518424249712,-0.6786292246394988,-0.0134817235992756,0.3983612822562253,0.1513982932967646,0.0182871859614965,-0.9521393753410032,0.1062823083677547,2.179131568536575,0.2464983733732577,-0.9952359026249792,-1.018312792348063,1.0613228864863606,1.211462738851964,0.3326365387566918,-0.5647229887812424,-1.3531722084198392,0.4354831322561454,0.3764311870368224,1.4839608750675577
G24768,1,1,0.9843802538218256,10.18730/JYGAN,FULL,Phaseolus,vulgaris,Phaseolus vulgaris,COL,"6 KM N GARAGOA VÍA CHINAVITA, VEREDA CALDERA ABAJO - GARAGOA - BOYACA",5.1,-73.38,-2.9470184280009937,0.3142345800132176,-2.902539935203636,1.4340133672125348,1.7578875983818771,-1.0826196303001965,0.1884432299570694,-0.3065893603689992,0.5261387745873934,-0.8955900061990688,1.2802011884990447,1.2367121783114188,1.2005761588573765,-0.0310412120852824,-0.191581395163998,-0.1572905935882998,-0.0277277134216875,0.6071251130757639,0.2954836182533146,0.6626448431824382,0.7888795379881895,0.7407376652641275,-0.726172224524246,-0.6682565113706256,-0.3778860049003713,-0.047235728533226,0.1542863315270773,-0.1099513511812154,0.2578714159774761,0.2062222827571616,0.5674956987049478,-0.0059192733166925,2.192238102293869,1.6881345844015077,0.0014569273072803,-0.3625215591472354,0.391965728706682,4.208735295132411,-0.9420907764613085,1.0995574953668734,0.3457259246436134,0.5012721654458353,-0.6833020384897842,2.0154978908030245,0.9289041933426764,1.7907548277796843,3.2755685249037128,2.229034185758356,2.377093302970592,0.7661046621014826,0.1577953133311281,0.0461866153714499,-0.7000335775536068,-0.9135370447020742,0.2317341595399107,-1.336394179158038,-1.6121908414491544
G392,0,0,2.8139866249495843e-05,10.18730/JZCT8,FULL,Phaseolus,vulgaris,Phaseolus vulgaris,TUR,KISANTA - GUMUSHANE,40.13,39.75,0.3591811050669926,-0.7807180964532686,0.3859604233784113,-0.5998490028943326,-0.6512515256122264,0.2189973647881906,-0.676313293326787,0.1481697596530729,0.0122055829674672,1.0256521067583202,0.7943950538237766,0.2276848888251061,0.0230523867450766,0.3159840259641059,0.6199001967045383,-0.4314608634236613,-0.1611976502679807,0.6071251130757639,-1.0586408933890536,-0.0861280677866394,0.4187654265021529,-0.526782482069771,0.9502746983085808,1.6285972908933144,-0.8655870010671574,-1.606177304997631,2.079813180831231,-0.1099513511812154,0.2578714159774761,-1.1698836982734446,-2.2112445009978896,-0.9738611544006716,-1.0107217507727984,-1.152283020507558,-0.3471694985168752,-0.8134752779221657,-1.3839557705213503,-0.2637374500006366,0.2675658565985934,-1.5868500276292534,-2.1447593772876696,0.0081613527539794,-0.4055896371444856,-0.7230203217048833,-0.4695530111146903,-0.06150347429164,-0.157377646830803,-0.6709010416633422,-0.962952910359172,-1.5165960166851409,-0.8738837647032416,-1.0653886395321244,-0.1094971448918207,0.765914313751129,1.0266130632252717,-0.8011362203182835,-0.580140269276917
G5631,0,0,0.0018141201431897,10.18730/JGH7~,FULL,Phaseolus,vulgaris,Phaseolus vulgaris,HND,SANTA RITA - SANTA RITA - COPAN,14.87,-89.08,0.3591811050669926,-0.76159376564963,0.3859604233784113,-0.5510175936552846,0.1934963594087587,-0.818655344582971,0.6651746250799603,0.0685726486427327,0.5846939034120002,-0.506622382956579,-0.1772172155267593,-0.2768287559180501,0.2585571411675366,-0.1467162914350786,-0.3268283271420874,0.6652202159177848,-0.828547334499447,-0.4820402236691249,-0.2687349282643388,-0.3225826712505587,0.1024860948686307,-0.1042757662918048,0.0475725090909048,-0.6682565113706256,0.922649984877725,-0.5668829206880276,0.0167486994339235,-0.1099513511812154,0.2578714159774761,0.2062222827571616,1.0849839170069826,0.8329637261878092,0.7016362758276532,0.7921639305040172,0.0014569273072803,0.1795488847948329,0.8578710602942833,-0.0030103392978131,-0.7579509426687764,0.2291578555154475,0.98289109559751,0.7079091418394727,-0.507904732376964,0.4553062398523042,0.1611237673660828,-0.5544431837138475,0.6234493255637144,1.5517466819855246,0.9654163122538684,0.581374915186093,0.7755969475476533,1.3746125150867436,1.545328197502719,0.9902352007441242,1.0405402081957489,-0.0517750268964503,-0.8381529699902952
G6523,0,0,0.0225930705696098,10.18730/JFXBT,FULL,Phaseolus,vulgaris,Phaseolus vulgaris,VEN,RECIFE - PERNAMBUCO,-8.07,-35.01,0.3591811050669926,-0.8988431962857731,0.3859604233784113,-0.6065006085563138,0.3682919425376684,-1.4102994332595105,-0.3517701301893505,-0.0598250555356206,0.906747117400709,-0.6524852375324631,-0.1772172155267593,-0.7813424006612064,-0.9189666309447634,-1.419142164282836,-1.6792976469229814,-0.4314608634236613,-0.828547334499447,0.6071251130757639,-0.4267161212892817,-0.4802190735598382,-0.5031551784721564,-0.4211558031252794,-1.3709595025368717,-1.3245004548746084,-0.648831002770808,1.90144124204728,-1.4961652535907688,-0.1099513511812154,-1.3597075502692766,1.582328263787768,1.3555820402904095,1.0830153525184223,0.3148134304807157,0.1726097549366035,0.0014569273072803,-0.2305599717838926,-0.1013457988566603,1.7318277434555889,-1.2877069223584283,0.285336497305683,0.8997826834861508,1.1117904701822636,-0.1424936779752553,-0.8975872197133555,-0.8260224946038229,1.5218786226402987,1.1888757538493993,0.7409095295814314,0.9100564302649772,1.6275217443487784,2.1048280181811414,0.5353947676588963,-0.2861618255872795,-0.7460703850272534,1.6342492400853337,0.2693796973612255,0.8389292770716291
G52137,1,1,0.9615565455302282,10.18730/K4QDW,FULL,Phaseolus,vulgaris,Phaseolus vulgaris,CRI,GUAYABO - BAGACES - GUANACASTE,10.72,-85.24,0.3591811050669926,-0.952441628108037,0.3859604233784113,-0.5535594288008091,0.3221084941524381,0.765130369720381,0.5032751350396829,0.8133789761798387,1.580131126150544,-0.7427813077139324,0.3085889191485086,0.2276848888251061,-0.2124523676773833,-0.493741529484467,-0.191581395163998,-0.2943757285059805,-0.4281375239605672,0.6071251130757639,-0.313872411985751,-0.4014008724051984,0.1361328322764522,-0.2099024452362963,-0.4682573133191957,-0.8323174972466213,0.1098149912664148,0.3424996655828751,-0.1207889326592303,-0.1099513511812154,-0.2813215727714414,0.2062222827571616,1.182268481209748,0.8329637261878092,1.722048264415264,1.4593761195766166,-0.1534881508367888,-0.1407776601675897,0.0137602242414528,0.964688360041512,-1.2197167625469487,0.6782461714089101,0.8693095497289449,0.9121979621219896,-0.2594252153838021,2.0264083219285545,1.806367537315926,-0.1660664429569568,1.633139376073866,1.9619348884958303,1.0761360762316503,1.181419057648848,0.9149746985505778,1.8454142465944152,1.8907175732444024,0.8255831067781239,1.0405402081957489,1.8751535738804888,-0.1931213719943667
G8170,1,1,0.9981321494359268,10.18730/JP0FH,FULL,Phaseolus,vulgaris,Phaseolus vulgaris,COL,"VILLA DE LEIVA, FINCA SAN VICENTE - VILLA DE LEIVA - BOYACA",5.64,-73.57,0.3591811050669926,1.2896883563565944,0.3859604233784113,1.5399134697874308,1.1393801503872736,-0.8641664283273202,-0.2033217087535552,-0.0618313145057635,-0.4107433193265435,-0.8816983183805641,0.3085889191485086,1.2367121783114188,0.7295666500124566,0.431659105313902,0.0789124687921807,-0.5685459983413421,-0.4281375239605672,0.6071251130757639,1.3787832275672092,-0.1255371683639593,1.2464751667345622,1.057617702097602,-0.3392998577166706,-0.1760735537426384,-0.8655870010671574,0.4724114636215755,0.1542863315270773,-0.1099513511812154,0.527467910351935,0.2062222827571616,-0.0521821498122866,-0.8085044263183196,1.6870341275519636,1.4403129141745423,1.6671165173560236,-0.5987745154427929,1.3511825878576256,1.0850239495966614,-0.4888236387548931,1.2549522220985183,-0.169546869798377,0.0527761397158634,0.1059858390179066,1.982766597426436,2.423333951047117,4.10607770536884,2.454353950488789,0.0636220258086008,-0.0126082695498745,0.9257233914101703,0.2333359264701177,0.8296098998106055,-0.1151213013933616,-0.6126599704291609,0.153845311742059,-1.4434457964490774,-1.6121908414491544
G22806,0,0,0.0008380422132630309,10.18730/JR87K,FULL,Phaseolus,vulgaris,Phaseolus vulgaris,MEX,SAN MIGUEL SUCHIXTEPEC - MIAHUATLAN - OAXACA,16.09,-96.46,0.3591811050669926,1.9399908739188456,0.3859604233784113,2.5850992496742005,1.1925788061221592,-0.4090555908838282,-0.3964951271449689,0.9242225840152932,0.7018041610612138,-0.7983481086685454,0.3085889191485086,0.7321985335682625,0.9650714044349166,0.0846338672645136,0.0789124687921807,0.5281350810001041,-0.1611976502679807,0.436943029209375,0.20520865081049,1.4508268547288357,1.7175294904440632,1.057617702097602,-1.2420020469343465,-1.1604394689986126,-0.1069410070299345,-0.5668829206880276,0.0167486994339235,-0.1099513511812154,0.7970644047263937,1.582328263787768,-0.1788972972044349,-0.8085045032434356,0.2364484575009482,0.3823050143594204,-0.5408508461969617,0.6807530846356233,0.4412968814630163,-0.6648560818511341,-0.1460403959206357,0.7814982285886548,-0.2332634318068943,-0.1820385756491649,-0.887932228954741,0.1716350305885368,-0.7711810356054948,-0.5544431837138475,0.3407361114208718,1.0270873480769938,0.7901100192890465,0.5377035802179158,0.2053185159631685,0.7119813670148586,-0.0234806336917847,-0.19554133238196,-0.8618046307345638,1.3398956150407346,0.7099227729274225
G50338,1,1,0.9949711705936708,10.18730/JXT9K,FULL,Phaseolus,vulgaris,Phaseolus vulgaris,COD,"18.6 KM SE MASISI, NORD-KIVU, BIGIRI/BUHILI - OSSO - KIVU DEL NORTE",-1.46,28.89,0.3591811050669926,1.162455255094415,0.3859604233784113,0.7505839012281025,1.3925122155873335,-0.991597462811498,-0.5551150499394193,-0.9674846128410596,0.9835959859714264,-0.9105355981315764,-0.1772172155267593,0.2276848888251061,0.9650714044349166,-0.0310412120852824,-0.0563344631859086,1.3506458905061889,-1.4958970187309133,0.6071251130757639,-0.2461661864036326,0.5838266420277984,0.7081273682094179,0.5294843073751444,-1.2420020469343465,-0.996378483122617,-0.7572090019189827,-1.086530112842829,-0.395864196845538,-0.1099513511812154,0.7970644047263937,1.582328263787768,-0.0971456148623343,-0.9254641795804032,0.9367311947669557,-0.0656803125893248,1.1248087438517815,-1.2505545687037254,0.6495839708786498,0.573597693987277,-0.1517062020463556,1.3593963545225562,-0.1972497090614789,-0.0129720522461079,0.8660408321734607,0.8153504669947782,1.4773187833259571,1.7459421269231203,1.054250413781379,-0.4419587868668924,-0.6215669714276767,0.0036031535571082,-0.5468957585335307,-0.8065483473165442,-1.4685580218523906,-1.5594798748763832,-0.7302704837911718,-0.8011362203182835,-0.3221277223510561
G50895,1,1,0.9970723998217488,10.18730/JYSDG,FULL,Phaseolus,vulgaris,Phaseolus vulgaris,COL,"10 KM NE DE GINEBRA, PATIO BONITO VÍA A LA FLORESTA - GINEBRA - VALLE DEL CAUCA",3.74,-76.22,0.3591811050669926,0.483878715029457,-1.80637314900962,1.2861364795089087,1.9332677821232584,-1.5104238174970788,0.3134645978262858,-1.1893230265289445,0.7018041610612138,-0.9233734149564744,0.7943950538237766,0.2276848888251061,1.2005761588573765,1.0100345020628827,1.5666287205511642,-0.1572905935882998,-0.9620172713457402,0.436943029209375,-0.7652472491998737,1.647872357615435,1.2464751667345622,0.6351109863196359,-0.8551296801267712,-0.996378483122617,-0.2153190061781092,0.2125878675441747,-0.2583265647523842,-0.1099513511812154,0.527467910351935,0.2062222827571616,0.4514083125858877,-0.235805442188784,0.8000093270150209,-0.0275539017851762,1.589643978283989,-1.1598007242015729,0.1781974000959003,1.556338342020996,-0.7891130924948316,1.2681340728018011,0.2349145675912085,0.4190870598554282,0.3398489138350001,0.8917234848734849,1.5595809718234497,1.5816288904490512,1.3504261619310236,0.2734857593720131,-0.4554873254610034,0.71369906013967,0.060266352705672,0.0726458452423759,-0.6954019192582203,-0.9737687508708334,0.2224493962262595,-1.4434457964490774,-1.4831845679862237
G13666,0,0,1.1115550528195228e-05,10.18730/JRA57,FULL,Phaseolus,vulgaris,Phaseolus vulgaris,MEX,AHUALULCO - AHUALULCO - SAN LUIS POTOSI,22.4,-101.17,0.3591811050669926,0.91039013972891,0.3859604233784113,-0.5293070920031178,-1.0692409635291844,-0.2270112559064314,1.0151664950845376,1.2427088294211122,-1.757511336826214,-0.0551420982900256,-0.1772172155267593,-0.7813424006612064,-0.4479571220998433,-0.3780664501346709,-0.0563344631859086,1.3506458905061889,0.6396219708097787,-0.7202951410820694,-1.3746032794389391,-0.8349009787557171,-0.9338334172922718,-1.4774225925701947,1.4661045207186814,1.4645363050173188,0.5975159874332009,-0.9566183148041288,-0.2583265647523842,-0.1099513511812154,-0.0117250783969826,-1.1698836982734446,-0.0301091773362285,-0.1672428560597601,-1.1857924350893,-1.209472636713781,-0.5021145766609444,0.0857661749411765,-0.6494697183714853,-0.6999539621380526,1.2420901829113302,0.0456693583539984,0.295860808686133,-0.3252755385856276,-0.7563842493701259,-0.8757663574622965,-0.9905468715988072,-0.8681320897097976,-0.6554914050824778,-0.4514980474834111,-0.4647139724591519,0.0734772895061918,0.4840740179690174,0.745918205327568,0.9895292020563322,0.8680830489813137,0.3281925339650648,0.2693796973612255,0.3229038756448727
G441,0,0,8.445144091667518e-05,10.18730/JZE6F,FULL,Phaseolus,vulgaris,Phaseolus vulgaris,TUR,GOVERNOR'S HAKARI - HAKKARI - HAKKARI,37.56,43.74,0.3591811050669926,-0.0412316614628204,0.3859604233784113,-0.5473367608572058,-0.9681050575716548,1.038196872186476,-0.7545742427103812,0.1185732947897937,-0.2427853199873837,1.2128356045732882,1.7660073231743127,0.7321985335682625,-0.2124523676773833,-0.2623913707848747,0.2141594007702701,-1.253971672929746,1.7073814655801247,0.130615278249875,-0.8329534747819922,-0.3225826712505587,-0.3349214914330489,-0.8436625189032455,1.208189609513631,1.300475319141323,0.2181929904145895,0.4724114636215755,0.7044368598996927,-0.1099513511812154,-0.8205145615203591,-1.1698836982734446,-1.3929100134882817,0.4296546154799102,-0.6539110227372612,-0.7710189124660727,-0.6957959243410308,0.0278019723120886,-1.5264679895952051,0.4783320189227839,-0.3358460831183289,-1.8569122062452923,-2.5409099477071204,0.7947906492268271,0.208300934250385,-0.6902890283282948,0.1062823083677547,0.6405621724612007,-0.4131657929600414,-1.0238536844745356,-1.0459927333425083,-1.214608735380195,-0.4887330329241678,-0.7516166853019045,0.0284601057636216,1.125052898196627,1.9659216184563184,-0.8011362203182835,-0.3221277223510561
G12888,0,0,3.1537043457863725e-05,10.18730/JNDH3,FULL,Phaseolus,vulgaris,Phaseolus vulgaris,MEX,"30 KM FROM LA PIEDAD, 7 KM FROM YURECUARO, FLORENCIA - LA PIEDAD CAVADAS - MICHOACAN",20.33,-102.22,-2.9470184280009937,0.8090299738105826,0.3859604233784113,-0.5908149319516023,-1.5936277129159138,0.2645084485325398,1.236027011827917,1.021523656811204,-0.9084618870688438,0.0351539718914435,-2.120441754227832,-1.2858560454043628,-0.4479571220998433,1.0100345020628827,1.4313817885730749,1.4877310254238694,0.9065618445023652,-1.9456061449200688,0.7017209717460251,-0.559037274714478,-0.5233432209168494,0.1069775915971782,0.5634023315010054,-0.1760735537426384,1.6812959789149478,-0.6967947187267279,-0.6709394610318457,-0.1099513511812154,1.0666608991008526,-1.1698836982734446,0.3851893873612603,0.3489927471832622,-0.5538706316992601,0.0486989198231207,-0.6957959243410308,1.4909674328590037,-0.5836948480297063,-0.7551077740174961,1.2817508528082044,0.1130487980332263,0.5645783442543184,0.2922871001221057,-0.800233575898331,-0.7339307528304128,-0.9768365068492252,-1.0175077592316786,-0.790116745150498,0.3402605836876443,0.7901100192890465,0.2440138525569239,0.6284168796946924,0.9158899972157988,0.9865517074378696,0.7825202514331699,0.3679106881401283,-0.6940846030272442,-0.580140269276917
G2168,0,0,0.00021464713632354007,10.18730/K0TV1,FULL,Phaseolus,vulgaris,Phaseolus vulgaris,HND,13 MI E OF PESPIRE ALONG HIGHWAY TO TEGUE - PESPIRE - CHOLUTECA,13.59,-87.36,0.3591811050669926,-1.1758064058794189,0.3859604233784113,-0.6123937627807859,-0.2794455360804987,0.6650059854828128,1.9930283041471848,1.141896516436372,0.116252872815146,-0.6455393936232108,-0.6630233502020273,-0.7813424006612064,-0.4479571220998433,-0.0310412120852824,0.0789124687921807,0.1168796762470617,0.3726820971171922,0.5390522795292084,0.7468584554674373,-0.5984463752917978,-0.9943975446263504,0.1069775915971782,0.3054874202959551,0.3161094038853487,-0.1611300066040218,-0.4369711226493272,0.2918239636202311,-0.1099513511812154,0.2578714159774761,0.2062222827571616,2.0177708715283966,1.98239495517384,0.5949265253871188,1.0971752169372055,-0.6570596548050135,0.7697720627272249,-0.1890456259790323,0.6538214203573766,-0.7664496788741816,0.5181012557992342,1.4953936748038543,1.468708900239402,-0.9025486711308094,1.4590659034010196,-0.3872908226171981,-0.6590061523791642,1.740839648128282,1.3800399908881873,0.0796582004316106,1.2375367230829557,1.2323871340406984,1.8281582271133765,1.655495498385842,0.9885464613188318,1.5610027739443075,0.9116891458765768,-0.4511339189202276
G313,0,0,3.83828574721084e-05,10.18730/JZAG8,FULL,Phaseolus,vulgaris,Phaseolus vulgaris,TUR,BALIKESIR - BALIKESIR,39.66,27.88,0.3591811050669926,-0.7678740112274816,0.3859604233784113,-0.5997998054141385,-0.738941617482917,1.2020367736661333,-0.6648659347988498,0.2017353231755105,-0.0336877265836408,1.0682974441386943,0.7943950538237766,0.2276848888251061,-0.9189666309447634,-0.6094166088342632,-0.191581395163998,-0.8427162681767036,-0.0277277134216875,0.6071251130757639,-1.0586408933890536,-0.7166736770237575,-0.826163857587243,-1.1605425557367202,1.4661045207186814,1.4645363050173188,-0.3236970053262839,-0.6967947187267279,1.6672002845517695,-0.1099513511812154,-0.8205145615203591,-1.1698836982734446,-0.6824877443751677,0.5062833768998317,-0.7422800348208287,-0.7996137205691841,-0.3471694985168752,-0.447669209385904,-1.3401058569601647,0.5585557452928834,0.233570723081346,-1.3280765602373026,-1.8788120734673104,0.8699313312712247,0.4421640090674786,-0.6575577349517062,-0.0034006096289014,-0.2407542777178972,-0.6151038030620718,-0.8807647752267544,-0.9721795573573204,-1.5827580891619295,-0.917151158144353,-1.0475574194017176,0.0665058703328683,1.126178724480155,1.1602104909050306,0.1623282076856287,0.0648911749314939
G1467,0,0,2.93760406980725e-05,10.18730/K092R,FULL,Phaseolus,vulgaris,Phaseolus vulgaris,IND,PALANPUR - GUJARAT,24.17,72.43,0.3591811050669926,0.1125379536105037,0.3859604233784113,-0.6178924651291228,-1.4995070143080391,3.896292931331605,-0.0331625462507634,-0.2481541707295325,0.438332397292291,-0.6970927377374835,-2.120441754227832,-2.294883334890676,-2.567499911901983,-0.3780664501346709,-0.191581395163998,-0.020205458670619,0.6396219708097787,0.6071251130757639,1.017683357795911,-0.874310079333037,-1.606768165448702,0.2126042705416698,1.5950619763212064,1.4645363050173188,-1.0281539997894191,0.8621468577376766,-0.8084770931249995,-0.1099513511812154,-1.0901110558948175,-1.1698836982734446,1.8166616447110224,2.784980069712905,-0.762288113028429,0.630126684586386,-0.8120047329490826,2.8674757058923563,-1.3181809001795717,-0.8403454832857268,0.7463290399760057,-0.7403390858005563,1.75580035330921,1.3325163384552734,-0.9463979976590144,-1.0503332554707687,-1.0453883305971352,-1.1071331609448072,-1.1670676973409546,-0.6136654779642297,1.352935486176106,0.6154385564612712,1.6537122439426686,1.653872430354886,2.491178987967731,2.3932962065911525,0.9657462815024472,-0.6940846030272442,-0.9671593203469846
G3547,0,0,2.652192177997976e-05,10.18730/K20Z0,FULL,Phaseolus,vulgaris,Phaseolus vulgaris,MEX,FRANCISCO I. MADERO - PANUCO DE CORONADO - DURANGO,24.41,-104.31,0.3591811050669926,1.021085142580882,0.3859604233784113,-0.4575406300518674,-1.2352675374710251,0.5284727342497652,0.737064021102314,0.5610977461696464,-1.3769030049196411,0.4866341903172038,-1.634635619552563,-1.790369690147519,-1.1544713853672233,-0.2623913707848747,0.2141594007702701,1.4877310254238694,0.6396219708097787,0.5390522795292084,-1.464878246881764,-0.9137191799103568,-1.1491725367023296,-1.6886759504591775,1.4661045207186814,1.9567192626453056,-0.0527520074558472,-0.3070593246106268,-1.2210899894044611,-0.1099513511812154,-0.0117250783969826,-1.1698836982734446,-0.043189500852218,0.1473382110605924,-1.0073870710715316,-0.6661712827546642,-0.734532193877048,1.355395185640476,-0.5179199776879273,-0.7350518424249712,1.995646456910006,-0.1368394651263555,0.3872801306992923,-0.1914312112904867,-0.8294664602504677,-0.864855926336767,-0.9768365068492252,-1.0324453261838666,-1.0189798232661325,-0.5087336111825236,0.0612049064353135,-0.208639534388233,0.2085103728563652,0.4488270699290189,0.6732531070285074,0.755500420628493,0.0439756125305198,0.4834829319433041,0.4519103797890794
G51656A,1,1,0.998646072829618,10.18730/S3VDA,FULL,Phaseolus,vulgaris,Phaseolus vulgaris,CRI,"1.4 KM S SAN MIGUEL DE DESAMPARADOS, SAN MIGUEL - DESAMPARADOS - SAN JOSE",9.85,-84.07,-2.9470184280009937,0.2011384900023912,-2.902539935203636,0.4718820040417353,1.4164808406986555,-0.4363622411304377,-0.0275223402513236,0.975882508868463,1.4337432659154268,-0.7844564042898426,-0.1772172155267593,0.2276848888251061,1.4360809132798364,2.5138105336102323,1.5666287205511642,0.5281350810001041,-0.828547334499447,0.5730886963024862,0.0472274577855471,2.672508972625752,1.7175294904440632,1.6913777757645514,-1.1130445913318214,-0.5041955254946299,-0.1611300066040218,-0.6967947187267279,0.429361595713385,-0.1099513511812154,1.875450382224229,1.582328263787768,0.3434960806674269,-0.2398385106029551,2.722452174795275,2.403004786979293,0.931127396171695,-0.2732660707958365,0.6386214924883533,1.3206811458088288,-0.6248037422432671,0.9058044521174332,0.1711980320021776,0.3838648749443488,0.6467941995324354,3.69570428413457,1.285373676831809,0.1476224630389933,2.629366892577216,2.152720100826205,1.352935486176106,1.087307330792426,1.1029396044832749,1.4502514004786298,1.4212659217334362,0.5452523621796003,1.3407475553371373,2.089256553231684,0.1938976790757006
G8859,0,0,2.1091296311215373e-05,10.18730/K2ZBA,FULL,Phaseolus,vulgaris,Phaseolus vulgaris,MEX,SAHUAYO - SAHUAYO - MICHOACAN,20.05,-102.74,0.3591811050669926,0.4909472206551336,0.3859604233784113,-0.5321330092634342,-1.178561278061312,0.4101439165144572,0.6826987343625446,1.3926731478826502,-0.8791843499233977,-0.0968172279863322,-1.634635619552563,-1.790369690147519,-0.2124523676773833,0.6630092640134944,0.8903940606607171,1.4877310254238694,1.5739115287338314,-3.102844315211514,0.2954836182533146,-0.7166736770237575,-0.6512008230665711,-0.3155291241807879,-0.0813849465116203,-0.0120125678666426,2.6025089716744327,-0.6967947187267279,-0.8084770931249995,-0.1099513511812154,0.7970644047263937,0.2062222827571616,0.4677586365799878,0.3772243414701233,-0.5288605339397598,-0.008490696383102,-0.6570596548050135,1.1873373889317356,-0.490513781712186,-0.6949399792399215,0.9729626628628614,0.17003674038793,0.5701188804035555,0.372124139176098,-0.6833020384897842,-0.6139160104495881,-0.8260224946038229,-1.0175077592316786,-0.749729143130092,0.4738102323189067,0.7347501373001554,0.2662862333906943,0.548265806598863,0.92825681117721,0.9663709105793996,0.723132914977057,0.1966583870216729,-0.6940846030272442,-0.580140269276917
G13897,0,0,0.0051984584829173,10.18730/JN4D7,FULL,Phaseolus,vulgaris,Phaseolus vulgaris,IND,BHATAR - HIMACHAL PRADESH,31.08,77.78,0.3591811050669926,-0.741144531433479,0.3859604233784113,-0.5781506985011712,-1.388432897938498,0.4647572170076762,0.6955708385755106,0.6640339529602399,-1.0926026562664477,0.7231923966235284,0.3085889191485086,1.2367121783114188,0.2585571411675366,-0.2623913707848747,-0.5973221910982662,-0.7056311332590228,1.4404415918875382,-0.7543315578553472,2.371807869438279,0.5444175414504786,0.4591415113915387,1.480124417875568,-0.2103424021141454,0.152048418009353,0.5975159874332009,-1.086530112842829,1.9422755487380767,-0.1099513511812154,0.527467910351935,0.2062222827571616,-0.3644736343646927,0.0182793294811135,0.3698356455516163,0.9351379710195742,-0.1534881508367888,0.1499598570625736,0.9620146050021,0.2326468569143541,-0.6644645202074326,-1.305741948499194,0.3152528173058941,-0.630534690953841,0.3398489138350001,-0.548453423696411,-0.880863953602151,-0.2706294116222735,-0.2381528508716151,-0.1271631865217739,1.648188190116859,-0.561503920931105,0.5262774591123965,0.0919150669962024,1.249232899333364,1.5506152333702894,0.486549330481227,-1.1222909445759592,-1.0961655169161562
G11558,1,1,0.998089709450062,10.18730/JPX5A,FULL,Phaseolus,vulgaris,Phaseolus vulgaris,ECU,MACAS - MORONA - MORONA SANTIAGO,-2.32,-78.12,0.3591811050669926,-0.3219309262976804,0.3859604233784113,-0.1237856480365934,1.5871842195402663,-1.4740149505015994,0.3669327209586813,-2.789779480765997,1.7265188991317175,-0.7983481086685454,0.3085889191485086,0.2276848888251061,0.7295666500124566,-0.0310412120852824,-0.3268283271420874,0.3910499460824232,-0.9620172713457402,0.6071251130757639,-0.3815786375678694,1.0567358489556369,-0.2339812792095844,0.2126042705416698,-1.2420020469343465,-0.8323174972466213,-0.8655870010671574,-0.5668829206880276,0.2918239636202311,-0.1099513511812154,0.527467910351935,1.582328263787768,0.7726924948261719,0.2159008356521718,2.172230024086269,0.6491898899884602,4.688545541165372,-1.7220867711626229,1.1045268240759545,2.514009075564059,-0.559646620578765,0.9152297978079978,0.5396458259048074,0.689124027312564,1.5383971722726046,0.8917234848734849,1.120849299836825,2.4480077736759607,2.0100903282643223,1.4086577727377434,1.085362723229799,-0.1424774619114445,-0.3858843108100505,-1.4116594304516337,-1.9260996948895053,-1.7671948241873374,-1.1723283815577872,-0.8011362203182835,-0.580140269276917
G13933,1,0,0.1015828063030573,10.18730/JS7QW,FULL,Phaseolus,vulgaris,Phaseolus vulgaris,GTM,7 KM DE AGUACATÁN - AGUACATAN - HUEHUETENANGO,15.32,-91.27,0.3591811050669926,1.0933107199614092,-1.80637314900962,-0.4723364881844669,-0.6418979158126862,0.8015392367158602,0.1390850922166586,0.2792248659956973,0.4383060758971118,-0.6038642970473005,-0.6630233502020273,-0.2768287559180501,0.2585571411675366,0.2003089466143097,0.3494063327483596,0.8023053508354656,1.0400317813486584,-0.8564408081751805,1.2433707764029722,-0.1649462689412792,-0.0859356346151697,0.6351109863196359,-0.2103424021141454,-0.5041955254946299,1.1394059831740744,-0.1771475265719264,-0.8084770931249995,-0.1099513511812154,0.527467910351935,0.2062222827571616,0.0246644509244817,-0.5221549534848309,1.303545961906293,1.487970927679728,0.3500833531314358,0.2222254258107106,1.559469677273259,-0.1083039801585687,-0.0185590556544936,0.5387846824368582,0.0576163540361835,-0.139771922404725,-0.551754058905169,1.3499615921457244,0.0651512141190086,-0.0764410412438281,0.9330876077201607,2.2481127069913924,1.4082953681649972,0.8082475003457736,0.5447192989397556,1.3651217043721722,1.2512178957456728,0.6448879882718467,0.5943557489563993,0.5905344216189015,-0.3221277223510561
G2904,1,1,0.993459088529604,10.18730/K1G4G,FULL,Phaseolus,vulgaris,Phaseolus vulgaris,MEX,SAN JOSE CHILTEPEC - TUXTEPEC - OAXACA,17.96,-96.19,0.3591811050669926,0.6111118162916366,0.3859604233784113,-0.6092984290563531,-0.0263134708804388,-0.6639176598521838,0.5530816265299922,-0.656673514908717,2.1071272310382905,-0.0829254739270349,0.3085889191485086,-0.2768287559180501,0.2585571411675366,-0.0310412120852824,0.0789124687921807,0.2539648111647425,0.2392121602708989,-0.6181858907622361,-0.0881849933786897,-0.4014008724051984,0.2572610869446096,-0.1042757662918048,-0.5972147689217209,-0.3401345396186341,0.4349489887109389,0.0826760695054743,-0.395864196845538,-0.1099513511812154,0.2578714159774761,0.2062222827571616,1.5681364705143068,1.6960453669526778,3.346037278932148,4.004314040753531,1.43469890013992,0.4235002563150523,2.113074835983232,0.3178845661825848,-0.5681455459019349,-0.3610516024060414,1.467690835540753,1.1164867824045053,0.0913693968418382,1.982766597426436,0.9700352875914224,-0.1660664429569568,0.7446121316249326,3.40236324159016,4.619168523520681,-0.1920444271003257,0.047498925132885,0.0234661897214157,-0.2878159892642032,-0.1496639113281856,-0.4279998559134161,0.2693796973612255,0.1938976790757006
G23522,0,0,2.4405887756020095e-05,10.18730/JXBQ$,FULL,Phaseolus,vulgaris,Phaseolus vulgaris,MEX,XOCHITLAN - YECAPIXTLA - MORELOS,18.87,-98.82,-2.9470184280009937,0.7383449175538161,0.3859604233784113,-0.3642400503267876,-0.6079910802893524,1.6935564781051045,1.3171078877769395,1.292362495304139,-0.6449637909979988,-0.5760808882898949,-1.1488294848772953,-1.2858560454043628,-0.6834618765223034,-0.2623913707848747,0.0789124687921807,1.3506458905061889,0.2392121602708989,-0.5841494739889583,0.1149336833676655,-0.6378554758691177,-0.8530812475135001,-0.3155291241807879,0.5634023315010054,0.152048418009353,0.760082986155463,-0.4369711226493272,-0.9460147252181532,-0.1099513511812154,0.2578714159774761,-1.1698836982734446,0.5503278546129173,0.3812576406596398,-0.2570841382865236,-0.0370855044862134,-0.6183233852689962,1.0652154127140447,-0.117789516442105,-0.73003785952684,1.191097414460194,0.473013758266356,0.4565372552765325,0.2054056599157803,-0.844082902426536,-0.3302448011858208,-0.921995047850897,-0.8382569558054214,-0.3458531229260313,0.721831008348394,0.568670491333482,0.4018857284668846,0.4234287369982793,0.8204066894207183,0.5316566962838326,0.2404348959143381,-0.2113553785948881,-0.6940846030272442,-0.580140269276917
G50163,0,0,0.00032223296653019154,10.18730/PHN2E,FULL,Phaseolus,vulgaris,Phaseolus vulgaris,TZA,MAKERE - MAKERE - KIGOMA REGION,-4.28,30.42,0.3591811050669926,-0.6426591297922798,0.3859604233784113,-0.5096817543608073,0.4472130252212898,-0.0540691376779045,-0.0908214280696976,-0.1947001539923691,1.179152335722247,-0.7489103588884313,-0.6630233502020273,-0.7813424006612064,-0.9189666309447634,-1.9975175610318168,-1.94979151087916,0.1168796762470617,-1.2289571450383268,0.6071251130757639,-1.0812096352497598,-0.6772645764464376,-0.7319529928453428,-1.0549158767922286,-0.726172224524246,-0.8323174972466213,-1.1907209985116811,1.7715294440085794,-1.9087781498702303,-0.1099513511812154,-1.898900539018194,0.2062222827571616,0.7424443369637143,0.3086619091913314,-0.0053158208408876,-0.1609963395996961,-0.8120047329490826,0.2444187617935798,-1.148262485129976,-0.5645764238885097,0.0720942205925788,0.7249694039461931,0.5008617822458017,0.5247536817696914,1.2022190022230328,-0.548453423696411,0.8192212753460201,1.5965664574012393,-0.4131657929600414,-1.0906285087901668,-1.0828993213351026,0.213007204729518,0.6692017177744285,-0.369108253472214,-0.7420493349474706,-0.6419314538008942,1.27008019011657,-0.4799814960606078,0.4519103797890794
G15815,0,0,2.907669009047851e-05,10.18730/JRXR5,FULL,Phaseolus,vulgaris,Phaseolus vulgaris,ESP,"10-20 KM NW OF GRANADA, FARM OF JOSÉ LA TORRE - GRANADA - GRANADA",37.3,-3.81,0.3591811050669926,-0.9227539044801952,-1.80637314900962,-0.54738928014574,-1.148162046212806,0.5011660840031557,-0.7393366755004781,0.3178380452026283,-0.4372633519474438,1.3932367274509163,0.7943950538237766,0.2276848888251061,-0.9189666309447634,-0.9564418468836516,-0.7325691230763556,-0.5685459983413421,0.5061520339634855,0.6071251130757639,-0.9683659259462292,-0.7166736770237575,-1.028044282034172,-1.1605425557367202,1.7240194319237316,1.1364143332653274,-0.7030200023448953,-0.5668829206880276,1.117049756179154,-0.1099513511812154,-1.0901110558948175,-1.1698836982734446,-0.4617581644579922,0.6676070365680152,-1.0907540636031992,-1.285725458322078,-0.6957959243410308,-0.5752393395479115,-1.482618076034019,-0.0280802537884692,0.2788973498071572,-1.1950940429229495,-1.5740808415731968,0.9638572174172372,-0.1424936779752553,-0.6902890283282948,-0.33244936361887,-0.3602548133354021,-0.6824164730960819,-0.9475395995423856,-1.055219380340657,-1.104120257910707,-0.8632442417259191,-0.5684152784782106,0.4201660644591705,1.19682432377155,0.8182217088522116,0.80463765620098,1.096941977785008
G5625,0,0,3.609181787166907e-05,10.18730/JGHE3,FULL,Phaseolus,vulgaris,Phaseolus vulgaris,MEX,CUAUTLA - CUAUTLA - MORELOS,18.81,-98.97,0.3591811050669926,0.0894561011167002,0.3859604233784113,-0.5963273339527484,-1.4053863157001647,1.547921010123187,2.011038168001127,1.0415858638578608,-0.9962946730130688,-0.3260302425936406,-1.1488294848772953,-0.7813424006612064,-0.4479571220998433,0.0846338672645136,0.484653264726449,1.076475620670827,0.3726820971171922,0.6071251130757639,0.6114460043032005,-0.5984463752917978,-1.0145855870710434,0.0013509126526867,1.208189609513631,0.6442313756373401,-0.1069410070299345,-0.3070593246106268,-0.8084770931249995,-0.1099513511812154,0.2578714159774761,-1.1698836982734446,0.9607213455015228,0.8813609317834241,-0.4304874827523921,-0.084743517991399,-0.734532193877048,1.1338428097419284,-0.2219330611499218,-0.7952196372025458,1.049451477829277,0.3908178095819792,0.8609986662466316,0.5881536280458367,-0.844082902426536,-0.4502595435666454,-0.908284683101315,-0.942819924470738,-0.4400908609736454,0.6741347052658002,0.4302707863612542,0.3896577546757949,0.5078356192850376,0.8494543222138,0.626605691339257,0.4321068206850154,0.0682191611828313,-0.8011362203182835,-0.8381529699902952
G9283,0,0,3.5407395358882665e-05,10.18730/K32E=,FULL,Phaseolus,vulgaris,Phaseolus vulgaris,MEX,"70 MI SE OF OAXACA, SAN JOSE EL VIEJO - TLACOLULA DE MATAMOROS - OAXACA",16.67,-96.11,0.3591811050669926,0.5672250984465412,0.3859604233784113,-0.6015539392483864,-0.9412134293979764,1.4568988426344889,1.3555554761264268,0.3288787232061106,-1.2305151446845242,-0.2982468669566313,-0.6630233502020273,-0.7813424006612064,-0.4479571220998433,0.0846338672645136,0.484653264726449,0.5281350810001041,2.374731149811592,-3.273026399077903,0.8145646810495557,-0.5984463752917978,-0.7454116878084713,-0.2099024452362963,1.0792321539111058,0.3161094038853487,2.5483199721003453,0.3424996655828751,-0.8084770931249995,-0.1099513511812154,-0.0117250783969826,-1.1698836982734446,1.1969838117866871,1.00638678341129,-0.4388241820055589,-0.294438777414216,-0.6183233852689962,0.8786602230611452,-0.205489343564477,-0.7801776885081522,0.4573713605884518,0.566419452280037,1.021675218514975,0.6914721610300076,-0.9171651133068778,-0.5702742859474701,-0.880863953602151,-0.7486315540922928,-0.2785404528920212,0.4642709717023879,0.3841375513705117,0.2560234696731726,0.2109929282177405,0.6139096562976222,-0.0138864843656268,0.0293424677527993,-0.6265906267887335,0.4834829319433041,0.1938976790757006
G50145,0,0,0.0028431764411097,10.18730/JTGTB,FULL,Phaseolus,vulgaris,Phaseolus vulgaris,RWA,GISENYI - GISENYI - GISENYI,-1.7,29.27,0.3591811050669926,-0.1818423592220862,0.3859604233784113,-0.1455585400512567,0.9528925550089384,-0.8459619948295805,-0.6366555277323083,-1.1899893829805843,1.328400365205185,-0.924907615067834,0.3085889191485086,-0.2768287559180501,0.0230523867450766,-0.0310412120852824,0.3494063327483596,0.2539648111647425,-0.828547334499447,0.6071251130757639,-0.7426785073391676,-0.2043553695185991,0.0688393574608092,-0.3155291241807879,-0.4682573133191957,-0.1760735537426384,-1.0281539997894191,-0.6967947187267279,0.5668992278065389,-0.1099513511812154,0.2578714159774761,0.2062222827571616,0.1767226044057095,-0.566518936816046,0.3164807703313491,-0.3039703801152531,0.3888196226674531,-1.1146734166924823,0.1398287257298626,0.869422684977019,-0.6984597081804667,1.2236805340930808,0.0409946927494993,0.1960131250460026,0.2959995873067951,0.3352914974714795,1.0522974760889146,1.3725029531184176,0.4753614514888921,-0.5755084354981548,-0.7968732643924986,0.0881071867205312,-0.3486459803894218,-0.7012866284822084,-1.3931281581846666,-1.460970075067665,-0.4924773789248827,-0.3729298787695683,-0.4511339189202276
G51654,1,1,0.9884120506788115,10.18730/K46TF,FULL,Phaseolus,vulgaris,Phaseolus vulgaris,CRI,"1.2 KM W SABANA REDONDA-SAN PEDRO, LA CASCADA, RÍO MASTATE - POAS - ALAJUELA",10.12,-84.23,-2.9470184280009937,0.2152755012537445,-2.902539935203636,0.6917965607111427,1.209532223883826,-0.0631713544267743,-0.360737661294862,-0.7404328179746289,2.2242375541279613,-0.8261315008657529,0.7943950538237766,1.2367121783114188,2.3780999309696766,1.241384660762475,1.7018756525292535,1.076475620670827,-0.9620172713457402,0.6071251130757639,0.4986022949996698,1.2143722512649164,1.6704240580731131,1.1632443810420936,-0.9840871357292964,-0.8323174972466213,-0.4862640040485459,-1.4762655069589303,0.429361595713385,-0.1099513511812154,1.875450382224229,0.2062222827571616,0.1276715778482604,-0.4979563506870221,2.172230024086269,2.126588308649216,-0.3084332289808579,0.1307316542420552,0.391965728706682,0.2827866858956663,-0.7437863463040021,0.8649208340916892,-0.0144110386156752,0.1443538921444316,-0.800233575898331,3.3793017814942146,0.6409865336014537,0.2073727308477457,2.1043280663119366,2.3625838343896173,1.5374684261390763,1.1722480773055308,1.0171141191328736,1.5609775254819611,1.448394206034986,0.6201198100342261,1.2205614524437636,2.196308553369049,0.1938976790757006
G2415,0,0,2.9083223454793168e-05,10.18730/K11R0,FULL,Phaseolus,vulgaris,Phaseolus vulgaris,USA,CHINLE - ARIZONA,36.16,-109.55,0.3591811050669926,0.0921751173799293,0.3859604233784113,-0.5518122500045773,-1.570243688417063,-1.0553129800535868,-0.3280438700511213,1.40922449739525,-1.874621485407998,2.4592558477686444,0.7943950538237766,0.2276848888251061,-1.860985648634604,-1.419142164282836,-1.0030629870325345,-1.5281419427651075,-0.9620172713457402,0.6071251130757639,-1.4197407631603518,-1.0319464816423165,-1.4654518683358515,-1.6886759504591775,2.239849254333832,2.612963206149289,-0.4320750044744585,1.641617645969879,-0.1207889326592303,12.193604845996791,-2.438093527767112,-1.1698836982734446,-1.132122099219658,0.4740185988111254,-1.46924020969697,-1.581205142054229,-0.5408508461969617,-1.220532009559514,-1.2688497474232374,-0.6347721844623468,1.9503197613757213,-1.1980489257294529,0.6975519780011012,-0.1820386344325662,-0.7563842493701259,-0.930318513089944,-0.8534432241029869,-0.8980072236141737,-1.0189798232661325,-1.0620107269406105,-0.8430064993832411,-0.8794312394994352,0.0056501347554166,0.3015757036908222,1.4199425907918972,2.1931805846940136,1.4568070967577773,-0.0517750268964503,0.5809165763582509
G22786,0,0,6.748245178798231e-05,10.18730/JR6YF,FULL,Phaseolus,vulgaris,Phaseolus vulgaris,MEX,IXTENCO - IXTENCO - TLAXCALA,19.24,-97.89,0.3591811050669926,1.4208855084091874,0.3859604233784113,-0.360666349815285,-0.5863608576279155,0.9744813549443871,0.4346742746600135,-0.1801979151607882,-0.93773942421429,-0.2843551791381266,-1.1488294848772953,-0.7813424006612064,-0.9189666309447634,-0.7250916881840593,-0.5973221910982662,0.9393904857531464,-0.0277277134216875,0.6071251130757639,0.9725458740744988,-0.5984463752917978,-0.382026923803999,0.4238576284306529,0.3054874202959551,-0.5041955254946299,-0.81139800149307,-0.3070593246106268,-0.6709394610318457,-0.1099513511812154,-0.0117250783969826,-1.1698836982734446,-0.7576992967541687,-1.2844092492632475,-0.6955945190030949,-0.6280448719505157,-0.5021145766609444,0.2016061051671146,-0.1726019083935875,-0.7200098937305776,1.7746789035629051,0.5695653628851507,-0.5463055207638335,-0.811341989314083,-0.800233575898331,-0.6030055793240586,-0.921995047850897,-0.4200050811441545,-0.0227523067627827,0.130396850124232,-0.1325546805258053,0.2575519663970588,0.2911440013135698,0.5247535556455891,0.3119837599883559,0.2488785930407997,-0.339278784249638,-0.1588267718029321,0.0648911749314939
G12263,0,0,0.00014404302403728885,10.18730/JM4EM,FULL,Phaseolus,vulgaris,Phaseolus vulgaris,ECU,EL MILAGRO - IBARRA - IMBABURA,0.35,-78.15,0.3591811050669926,0.3561631399969158,0.3859604233784113,1.995102112037051,1.1481491595743427,-1.2282550982821137,0.1103890839005304,0.0615507422472323,-1.084127284449407,-0.9997777724791416,1.2802011884990447,1.2367121783114188,0.9650714044349166,0.7786843433632905,1.0256409926388066,-0.9798014030943843,0.2392121602708989,0.6071251130757639,-0.3815786375678694,0.3473720385638791,-0.1263117195045555,-0.1042757662918048,0.4344448758984802,0.152048418009353,-0.0527520074558472,-0.1771475265719264,1.254587388272308,-0.1099513511812154,0.2578714159774761,-1.1698836982734446,-0.2565614024462341,-1.1513172031132075,-0.6989291987043617,-0.999777377290964,0.0014569273072803,-1.0489660538530106,-0.358964041028628,0.0120316093965804,-0.4208337220948274,1.420507825198839,-0.3163719495961979,-0.102201558988849,-0.2594252153838021,-0.4611699746921749,0.0925719436181727,0.2820605656086862,-0.3458531229260313,-0.7281366053624546,-0.8891397343739837,0.2924890343716006,-0.5061109204537946,-0.6437665635454128,-1.4268730971939114,-1.461251531638547,-0.6709511626206225,-0.265878261478529,-0.0641150216376775
G23766A,0,0,0.00032438548457697306,10.18730/S5W6B,FULL,Phaseolus,vulgaris,Phaseolus vulgaris,PER,ARANCAY - HUAMALIES - HUANUCO,-9.18,-76.75,0.3591811050669926,2.590293391481097,0.3859604233784113,1.2848963387501082,0.8014809963788795,-0.4909755416236568,0.2857026978314073,-0.2739883217500286,-0.7620741140876701,-0.7983481086685454,1.2802011884990447,1.2367121783114188,1.6715856677022964,0.431659105313902,0.3494063327483596,-0.020205458670619,0.3726820971171922,-0.9585500584950138,-0.3364411538464572,0.702053943759758,0.7081273682094179,0.2126042705416698,-1.3709595025368717,-0.6682565113706256,0.922649984877725,-0.3070593246106268,0.2918239636202311,-0.1099513511812154,0.7970644047263937,1.582328263787768,-0.6522396368241735,-1.5465601769927644,-0.4138140842460586,-0.5994500638474043,-0.2309606899088233,-0.3959058675838685,-0.3699265194189245,-0.5996743041754283,1.278917963253755,1.080947877308781,-0.6765089128554849,-0.4473792196872218,0.4713968934196153,-0.3411552323113503,0.3256481443610671,0.0878721952302409,-0.749729143130092,-0.9666181207754232,-0.9444996163628748,0.2651944500164898,-0.0422277186425344,-1.0996130781695177,-0.982233900836802,-1.215258488687634,-0.9278296142983056,0.3764311870368224,1.096941977785008
G14252,0,0,0.00010966729862992722,10.18730/JPJF1,FULL,Phaseolus,vulgaris,Phaseolus vulgaris,ECU,GUACHANAMA - PALTAS - LOJA,-4.05,-79.89,0.3591811050669926,2.335827188956738,-1.80637314900962,3.0348460563261974,1.1861481993849752,-0.4727711081259171,-0.1862833540423223,1.0556292939940888,0.116252872815146,-0.9511568154337808,1.7660073231743127,1.7412258230545752,1.6715856677022964,0.0846338672645136,0.0789124687921807,-0.1572905935882998,-0.294667587114274,0.0285060279300417,-0.5169910887321063,0.702053943759758,0.5062469437624888,0.1069775915971782,-0.8551296801267712,-0.8323174972466213,0.3807599891368515,0.4724114636215755,-0.2583265647523842,-0.1099513511812154,0.2578714159774761,1.582328263787768,-0.2516562896551051,-1.0504899158205931,-0.4504955609599923,0.0201041117200093,-0.6957959243410308,0.8155291557062362,-1.5429117071806495,0.9546603942452496,-0.6078062157988069,0.7606680998124841,-0.3690073336282956,-0.036453456601582,0.7052599682367089,-0.7557516150814718,-0.5381048348626004,0.7600627080787056,-0.7362666091232899,-1.0620107269406105,-1.055219380340657,0.134398801786799,0.2929172551431235,-0.6184577349732228,-0.3040267932980562,-0.7421299930349047,-0.2629373970040614,0.5905344216189015,1.354954370923351
G1971,0,0,3.789269564460941e-05,10.18730/K0MDH,FULL,Phaseolus,vulgaris,Phaseolus vulgaris,GTM,VALLE DE MONJAS - MONJAS - JALAPA,14.51,-89.86,0.3591811050669926,-0.2272129509136133,0.3859604233784113,-0.4631380576312244,0.2987244696535873,-0.254317906153041,0.5759116352760049,0.9964459936665764,-0.4985760180168251,-0.5552433234417415,-0.6630233502020273,-0.7813424006612064,-0.9189666309447634,-0.8407667675338554,-0.7325691230763556,-0.020205458670619,-0.828547334499447,0.6071251130757639,0.5663085205817883,-0.6772645764464376,-0.826163857587243,0.2126042705416698,-0.0813849465116203,-0.5041955254946299,-0.9197760006412448,0.2125878675441747,-0.2583265647523842,-0.1099513511812154,-0.5509180671459002,0.2062222827571616,1.017130045143891,0.647441502184375,0.1180673281059803,0.4013682197614947,-0.734532193877048,0.7215372168730032,-0.6823571535423747,-0.6999539621380526,-0.7551180666227393,0.5606907446632082,0.8499175411091856,0.757220285810951,-0.9610144398350828,0.3352914974714795,-0.7848914003550768,-0.4349426480963426,0.4215113154616839,1.160636996708256,0.568670491333482,0.9067263606990132,0.6532424333084448,1.3625333014500165,1.467251671951917,0.7346726343832212,0.7950098005680836,0.4834829319433041,-0.709146619633606
G19682,0,0,4.375760076021763e-05,10.18730/JV9S~,FULL,Phaseolus,vulgaris,Phaseolus vulgaris,PER,"CAJABAMBA, TUCURI, MACHUCARA Y TERESA CONGA - CAJABAMBA Y CELENDIN - CAJAMARCA",-7.61,-78.03,0.3591811050669926,1.8410317951593729,-1.80637314900962,2.862412939840292,1.4170654413111268,-1.0462107633047169,-0.0376109837853663,-0.3376856090966696,-0.4985760180168251,-0.7566729955324369,1.7660073231743127,1.7412258230545752,0.7295666500124566,0.431659105313902,0.0789124687921807,-1.3910568078474268,0.9065618445023652,0.3688701956628195,-0.8329534747819922,0.4261902397185189,0.1024860948686307,-0.4211558031252794,-0.2103424021141454,0.152048418009353,0.2723819899886768,1.641617645969879,-0.395864196845538,-0.1099513511812154,-0.5509180671459002,0.2062222827571616,-0.8615239320812045,-1.84097588281099,-0.3171083729093242,-0.4088180098266616,-0.2309606899088233,-0.2877228622871403,-0.0849020812712156,-0.6247442186660844,0.9446335917090208,1.2343489912792065,-0.8233338605558733,-0.6000087622808139,0.5883284308281621,-0.144767472051819,0.0651512141190086,0.535999203795884,-0.5881787350484677,-0.9380003389258668,-0.9444996163628748,0.2178110515760175,0.1609871702243248,-1.120607901871448,-1.809646572034072,-1.1640333927871005,-0.942788399636966,0.4834829319433041,1.2259481743541794
G2831C,0,0,9.199758738808852e-05,10.18730/S4K4X,FULL,Phaseolus,vulgaris,Phaseolus vulgaris,MEX,GUADALAJARA - GUADALAJARA - JALISCO,20.67,-103.33,0.3591811050669926,0.7100708950511097,0.3859604233784113,-0.5324001492910236,-1.1598540584622314,0.938072487948908,1.111230048887435,1.5416345281865032,-0.7620741140876701,0.0073705300136416,-1.1488294848772953,-1.790369690147519,-0.6834618765223034,0.0846338672645136,0.3494063327483596,0.9393904857531464,1.840851402426418,-0.1416760559363472,0.7919959391888496,-0.9137191799103568,-1.3712410035939515,-0.3155291241807879,1.5950619763212064,1.300475319141323,0.8142719857295503,-0.047235728533226,-0.9460147252181532,-0.1099513511812154,-0.0117250783969826,-1.1698836982734446,0.7252764928716845,0.6797063187356392,-0.2754248766434904,0.4776210413697918,-0.6570596548050135,1.5411624300383242,0.8578710602942833,-0.7149959108324463,1.021122285099727,0.1866014271903335,0.8803907012858774,0.4801389172014813,-0.7417678071940575,-0.5702742859474701,-0.908284683101315,-1.0473828931360547,-0.8978170172049142,0.6168991415666878,1.2053091342057298,0.197722237490656,0.4283938477210298,0.9368848209177292,1.0682673930779036,0.8165764965098983,-0.035460695819607,-0.8011362203182835,-0.709146619633606
G18676,0,0,0.0004051323957590544,10.18730/JSTTA,FULL,Phaseolus,vulgaris,Phaseolus vulgaris,BRA,"SANTANA, ESTRADA, ITAPURANGA - CERES - ITAPURANGA - GOIAS",-15.54,-49.92,0.3591811050669926,-0.8153126189699101,0.3859604233784113,-0.5674906553718337,-0.3145215728287749,1.211138990415003,0.5034995399684207,0.6518791469584441,0.8189144187104272,-0.6316477058047062,-0.1772172155267593,-0.7813424006612064,-0.6834618765223034,-2.113192640381613,-2.220285374835339,-0.1572905935882998,-1.4958970187309133,0.6071251130757639,-1.442309505021058,-0.5984463752917978,-0.8194345101056787,-1.3717959136257032,-0.9840871357292964,-0.3401345396186341,-1.0823429993635068,1.90144124204728,-1.9087781498702303,-0.1099513511812154,-1.898900539018194,1.582328263787768,1.1659181338262994,0.8571623674481734,0.8933803586504886,0.7826323278029801,-0.5408508461969617,0.2903647561071523,0.8633522994894315,-0.6197302357679532,-0.0695516620046912,0.2662225088683108,0.955188362012354,0.7008647182934633,3.102356485111918,0.5644105511075994,2.1902577503042227,0.670437306365577,-0.7228040751164879,-1.042932205707573,-1.018312792348063,0.3627998836703659,0.5816029785944735,-0.1979860602852472,-0.433382392833495,-0.7556399084372432,-0.1412038335584124,-0.6940846030272442,-0.4511339189202276
G22572,0,0,0.0002087315311097856,10.18730/JW66H,FULL,Phaseolus,vulgaris,Phaseolus vulgaris,BDI,"2 KM SO DEL SITIO DEL IRAZ, MASHITSI, MUKOBE (KIREMERA) - GIHETA - GITEGA",-3.37,29.89,0.3591811050669926,0.5969748050402833,0.3859604233784113,0.1848631082344595,0.8850788839622711,-0.6002021426100949,-0.4137148873833595,-0.4355458421045552,-0.1911979743114762,-0.7759427466397468,-0.1772172155267593,-0.2768287559180501,-0.4479571220998433,-1.5348172436326322,-1.544050714944892,0.5281350810001041,-1.0954872081920335,0.6071251130757639,-1.2617595701354087,-0.559037274714478,-0.8396225525503715,-1.2661692346812117,-0.8551296801267712,-0.8323174972466213,-0.973965000215332,1.2518822518537778,-1.9087781498702303,-0.1099513511812154,-1.0901110558948175,1.582328263787768,0.2216860538628586,-0.4616585426467045,0.0647124528857131,-0.1895911477028075,-0.6957959243410308,-0.1929426336839111,-0.8303506118113775,-0.3239052447782112,-0.2706887790902694,0.7670558974502242,0.0936301032010835,0.1631390738523684,0.9391230430538025,-0.2756926455581732,0.8740627343443481,1.5517537565446748,0.1387981013188415,-1.0524714663240915,-1.055219380340657,0.192044963944793,0.1723359947334688,-0.5344784401655013,-1.0113471815506605,-1.243404145775839,0.3343823761741657,-0.265878261478529,0.5809165763582509
G23544,0,0,4.173156142176843e-05,10.18730/JXC8E,FULL,Phaseolus,vulgaris,Phaseolus vulgaris,MEX,TEPOZTLAN-YAUTEPEC ROAD - TEPOZTLAN - MORELOS,19.0,-99.07,-2.9470184280009937,0.5262897487835169,0.3859604233784113,0.1739570096920363,-0.091788739477221,1.3658766751457905,0.8368640081902105,1.2988825499660244,-0.6742414153973884,-0.4718931302899211,-0.6630233502020273,0.2276848888251061,0.4940618955899966,1.0100345020628827,1.0256409926388066,0.2539648111647425,1.1735017181949516,-0.005530388843236,1.1079583252387355,0.3079629379865593,2.13474903430105,1.1632443810420936,-0.5972147689217209,-0.5041955254946299,0.5975159874332009,-0.1771475265719264,-0.1207889326592303,-0.1099513511812154,0.7970644047263937,0.2062222827571616,-0.0014960986518784,-0.3930960334427965,-0.1937252239624562,-0.0180222990841391,-0.5795871157329789,1.0222591448061205,-0.0849020812712156,-0.7149959108324463,0.5026980257288115,0.4547529389952947,-0.055965244671354,-0.1867348878714067,-0.8148500180743993,-0.3302448011858208,-0.921995047850897,-0.7934442549488571,-0.2785404528920212,0.7027524871153565,0.7162968433038583,0.4213194725277234,0.3606555514320766,0.9207792027354266,0.7285021738377613,0.4231002104167898,-0.3253516392791611,-0.4799814960606078,-0.3221277223510561
G12879C,0,0,6.078889504888659e-05,10.18730/S2J3M,FULL,Phaseolus,vulgaris,Phaseolus vulgaris,MEX,8.5 MI W TELOLOAPAN - TELOLOAPAN - GUERRERO,18.35,-99.98,-1.2939186614670004,0.505084231906487,0.3859604233784113,-0.543446669058529,-0.9780432679836664,1.038196872186476,0.984976278340476,1.4664015387526197,-0.4985760180168251,-0.3954887479269565,-0.6630233502020273,-0.7813424006612064,0.2585571411675366,-0.3780664501346709,-0.0563344631859086,1.4877310254238694,1.5739115287338314,-3.511281316490847,0.7919959391888496,-0.4408099729825183,-0.3416508389146132,0.1069775915971782,0.0475725090909048,-0.5041955254946299,2.385752973378083,-0.8267065167654283,-0.5334018289386918,-0.1099513511812154,0.527467910351935,0.2062222827571616,0.8152033761930819,0.703904844608332,0.0280309761717794,0.3632418089573462,-0.6957959243410308,1.2177618980261722,0.0302039418268976,-0.6899259963417902,0.426209399880162,0.294714681820734,0.6781600222203144,0.5294499939919317,-0.8586993446026043,-0.1338570409262895,-0.7986017651046589,-0.9726950583751144,-0.3458531229260313,1.0652443905430686,1.0945893702279477,0.4267783893987456,0.5592599803420962,0.9774364666981702,0.6279290222807961,0.2438123747649228,0.0073523794600067,-0.8011362203182835,-0.8381529699902952
G13868,0,0,1.2079762110745524e-05,10.18730/JR9HR,FULL,Phaseolus,vulgaris,Phaseolus vulgaris,MEX,SALINAS - SALINAS - SAN LUIS POTOSI,22.62,-101.69,0.3591811050669926,1.35905130483101,0.3859604233784113,-0.4709789900381647,-1.1271164241638405,0.0642596800574033,0.8318199144769759,1.189543923349256,-1.7282337996807675,-0.006521157804863,-0.6630233502020273,-1.2858560454043628,-0.9189666309447634,-0.3780664501346709,-0.0563344631859086,1.3506458905061889,0.3726820971171922,0.436943029209375,-1.4874469887424702,-0.9531282804876768,-1.1491725367023296,-1.6886759504591775,1.981934343128782,2.284841234397297,-0.2695080057521966,-0.8267065167654283,-0.5334018289386918,-0.1099513511812154,-0.2813215727714414,-1.1698836982734446,-0.2148680158387932,-0.3406657978955676,-1.2358126306083006,-1.209472636713781,-0.6183233852689962,0.2317549696507563,-0.7974631766404879,-0.7149959108324463,1.4800552762113053,0.0795268842676067,0.0825489516441511,-0.1937793002205792,-0.7856171337222626,-0.864855926336767,-0.9905468715988072,-0.9577574914229262,-0.749729143130092,-0.6136654779642297,-0.4923939134535975,0.0990250204625755,0.5088995715827699,0.7680634303282343,1.049079094425588,1.0352682520852523,0.5319415066812996,0.9116891458765768,0.8389292770716291
G21111,0,0,3.973381665258912e-05,10.18730/JWCV8,FULL,Phaseolus,vulgaris,Phaseolus vulgaris,ARG,"IRUYA, + SAN ISIDRO, + SAN JUAN - IRUYA - SALTA",-22.77,-65.24,0.3591811050669926,2.2227310989459115,-1.80637314900962,-0.5154325595630755,-0.9476440361351604,1.830089729338152,0.2440039746606987,1.3184434792612243,-1.8160664111171057,0.5352551970431595,0.7943950538237766,0.2276848888251061,-0.6834618765223034,-0.7250916881840593,-0.867816055054445,-0.8427162681767036,3.709430518274524,-2.3540431461994027,-1.4197407631603518,-0.5984463752917978,-1.2164660115179724,-1.5830492715146862,0.3054874202959551,1.9567192626453056,1.5729179797667732,0.6023232616602759,0.1542863315270773,-0.1099513511812154,-1.0901110558948175,0.2062222827571616,-1.029932486059194,-1.3610380299144482,-1.3641977991070686,-1.1999410340127437,-0.8120047329490826,1.2341396786054015,-0.7590945022744502,-0.8553874319801205,1.1429377466324362,-0.056308643874383,-0.4687375655432532,-1.2621862845231613,0.0621365124897015,-1.0721541177218277,-0.7848914003550768,-0.9726950583751144,-1.1805302313477566,-1.109707030023204,-1.0828993213351026,1.3873294020238036,1.92431077833257,0.6576249056495869,-0.0013148404210062,-0.885391387613869,1.5630660546806745,0.3764311870368224,1.4839608750675577
G7118,0,0,4.327714149221081e-05,10.18730/JFJ62,FULL,Phaseolus,vulgaris,Phaseolus vulgaris,MEX,NEALTICAN - NEALTICAN - PUEBLA,19.05,-98.42,0.3591811050669926,1.1417045675578137,0.3859604233784113,-0.4885486853827217,-1.0025964937074596,0.8743569707068191,0.5468420748528943,1.2191357648403984,-0.7327964896882804,-0.3329761196232892,-0.6630233502020273,-0.7813424006612064,-0.6834618765223034,-0.6094166088342632,-0.3268283271420874,1.076475620670827,-0.294667587114274,0.6071251130757639,0.9048396484923804,-0.7560827776010773,0.3514719516865099,0.4238576284306529,0.9502746983085808,0.152048418009353,-0.2695080057521966,-0.4369711226493272,-0.6709394610318457,-0.1099513511812154,-0.0117250783969826,-1.1698836982734446,-0.2312183729678041,-0.6149160270239904,-0.3954733458890918,-0.2372491612079932,-0.5795871157329789,0.8549779982831824,-0.1287519948324015,-0.7601217569156273,1.746349683816532,0.5682190708520667,-0.1252223428291078,-0.4238977481507184,-0.844082902426536,-0.5157221303198225,-0.921995047850897,-0.7336939871401047,-0.184302714844407,0.5215065354015004,0.3933641983686602,0.3510086232289581,0.4457717352506565,0.7160077715604343,0.5210700487515205,0.3161467134816101,-0.1561626188970726,-0.3729298787695683,-0.1931213719943667
G50430,0,0,9.745326521132326e-05,10.18730/JV6M6,FULL,Phaseolus,vulgaris,Phaseolus vulgaris,PER,CHOTA - CHOTA - CAJAMARCA,-6.58,-78.65,0.3591811050669926,1.5582915701323068,-1.80637314900962,3.313128470580128,1.5807536128030824,-1.3465839160174216,0.197037208955595,-0.8638148747276249,-0.5278535551622713,-0.8052939525777978,1.2802011884990447,1.2367121783114188,0.7295666500124566,0.6630092640134944,0.484653264726449,-0.8427162681767036,-0.294667587114274,0.6071251130757639,-0.9006597003641106,0.6626448431824382,0.533164333688746,-0.1042757662918048,-0.0813849465116203,0.3161094038853487,-0.2153190061781092,0.2125878675441747,0.5668992278065389,-0.1099513511812154,-0.0117250783969826,0.2062222827571616,-0.378371405861454,-1.256177597282549,-0.3121063533574242,-0.6852344881567385,0.1564020054513494,-0.8813861553875066,-0.183564386783884,-0.4592827830277541,0.2619000766454205,1.2301786682688642,-0.3911696103226725,-0.2548311239761188,0.2667667029546584,0.0407098570821827,0.2845170501123211,0.5061240698915078,-0.3593156569328333,-0.8426077327606795,-0.8522331463813897,0.1232626113699138,-0.0369079571538732,-0.7504662840031686,-0.8102008784367299,-1.139828127691244,-0.8783108766254992,0.2693796973612255,1.096941977785008
G11033,0,0,1.6500880533022365e-05,10.18730/JP90Z,FULL,Phaseolus,vulgaris,Phaseolus vulgaris,MEX,"15 KM S DE TUITAN, EL SALTITO - NOMBRE DE DIOS - DURANGO",23.95,-104.28,-2.9470184280009937,0.8373039963132892,-2.902539935203636,-0.5071286536496901,-1.2148065160345307,0.5102683007520254,0.6646145249732734,0.6809689453885855,-1.4354580792105334,0.4935800673468534,-1.1488294848772953,-1.790369690147519,-0.6834618765223034,-0.2623913707848747,0.0789124687921807,1.898986430176912,1.306971655041245,-2.149824645559736,-1.3520345375782332,-0.8349009787557171,-0.9742095021816576,-1.4774225925701947,1.0792321539111058,1.9567192626453056,1.7354849784890352,-0.8267065167654283,-1.0835523573113073,-0.1099513511812154,0.2578714159774761,-1.1698836982734446,0.0622702000091375,0.2562317121066606,-1.0640766259930654,-0.790082117868147,-0.734532193877048,1.1558020462350391,-0.556288652053965,-0.7049679450361839,2.0891328861255567,-0.0890395540085858,0.437145273076258,-0.0998534700587578,-0.800233575898331,-0.886676788587826,-0.9631261420996432,-1.062320460088243,-1.0324423572729344,-0.4801158293329673,-0.021834916548023,-0.1494648755063529,0.2854695890589978,0.5394211722044719,0.7966537173270206,0.8832817038089446,0.2100697118080579,0.1623282076856287,0.1938976790757006
G23812Q,0,0,0.00014966706038843763,10.18730/S4AMG,FULL,Phaseolus,vulgaris,Phaseolus vulgaris,PER,"OCOBAMBA, HUMACA - ANDAHUAYLAS - APURIMAC",-13.55,-73.47,-1.2939186614670004,2.1661830539404985,2.5782939957664426,-0.53170041033778,-1.009611701057115,0.8652547539579492,0.6954400995745147,0.6162689112116452,-0.820629188378562,-0.6385935497139584,0.3085889191485086,-0.2768287559180501,-0.4479571220998433,0.3159840259641059,0.484653264726449,-0.2943757285059805,1.306971655041245,-2.149824645559736,-0.9909346678069352,0.1109174350999599,-0.4896964835090278,-0.8436625189032455,0.6923597871035305,0.4801703897613444,1.6812959789149478,-0.1771475265719264,0.429361595713385,-0.1099513511812154,-0.2813215727714414,-1.1698836982734446,-0.2737292504364897,-0.9899935819075828,-0.1753844856054894,-0.0561487098882876,-0.1534881508367888,0.2315193609224931,-0.2109705827596253,-0.569590406786641,1.5197161014549116,1.1293835069393203,-0.3717775620736835,-0.2055200695793447,1.6407122675050831,-0.5157221303198225,-0.0719524333768115,-0.1660664429569568,-0.8439668811777061,-0.9666181207754232,-0.9168196753684292,0.6632586682514252,0.7493527908702579,-0.5367792427629731,-1.3137283016923256,-1.167129415066803,-0.617821683659174,-0.3729298787695683,0.3229038756448727
G305,0,0,3.936621717694327e-05,10.18730/JZA80,FULL,Phaseolus,vulgaris,Phaseolus vulgaris,TUR,CAN - CANAKKALE,40.03,27.05,0.3591811050669926,-0.7786917729888477,0.3859604233784113,-0.5997978067094623,-0.3764892377507295,0.7560281529715112,-0.6844825859266072,0.0694104668264445,0.0875568239529196,0.9558125149241172,0.7943950538237766,0.2276848888251061,-0.2124523676773833,0.0846338672645136,0.3494063327483596,-0.4314608634236613,-0.0277277134216875,0.6071251130757639,-0.8555222166426983,-0.7166736770237575,-0.5435312633615422,-0.9492891978477372,1.4661045207186814,1.6285972908933144,-0.5946420031967207,-1.086530112842829,1.5296626524586157,-0.1099513511812154,-0.2813215727714414,-1.1698836982734446,-0.6522396085620437,0.4740186757362405,-0.6839231400486615,-0.7233608989608871,-0.2696969594448407,-0.3955071226507585,-1.3401058569601647,0.6337654887648517,-0.2961851531845293,-1.4240893320446222,-1.7818521558610707,0.8511461719569628,0.4860133355956836,-0.5811847170729996,0.1611237673660828,-0.2706294116222735,-0.6420288710756757,-0.8998432964597919,-0.9537262633610234,-1.6032836165969726,-1.057238210679099,-1.051871424271977,0.1723723456559897,1.152072729001304,1.0462142302207575,0.3764311870368224,0.4519103797890794
G52083,0,0,0.0857747562777003,10.18730/K4MTK,FULL,Phaseolus,vulgaris,Phaseolus vulgaris,NIC,CARDENAS - RIVAS,11.18,-85.5,0.3591811050669926,-1.700289523304626,0.3859604233784113,-0.6140041272998464,-0.1332953829626812,0.5557793844963747,0.9441742626695576,0.1006720268554742,1.140967632699136,-0.6733228023806165,0.3085889191485086,0.2276848888251061,0.7295666500124566,0.2003089466143097,0.2141594007702701,0.3910499460824232,-0.6950773976531537,0.2667609453429861,-0.2913036701250449,-0.4802190735598382,-0.4829671360274635,-0.526782482069771,-0.5972147689217209,-0.3401345396186341,0.4891379882850262,-0.3070593246106268,-0.1207889326592303,-0.1099513511812154,0.527467910351935,0.2062222827571616,1.7201946941635806,1.5064901129976322,1.475281966521528,1.3926549006693567,-0.3859057680528925,0.1571721261249902,-0.468588824931593,0.4482481215339965,-1.5823303538380564,0.5384552145371153,1.331946986558324,1.386523749861642,-0.2740416575598704,2.4519151358242053,0.8603523695947661,-0.5395056167616593,0.986937743747369,1.7711496761654557,1.3621621331742546,1.141241429478125,1.0203059760260704,1.551774315092074,1.592637278662739,0.826146019919888,1.3479690379144216,1.9822050635560864,-0.0641150216376775
G12283A,0,0,9.615465528416307e-05,10.18730/S404D,FULL,Phaseolus,vulgaris,Phaseolus vulgaris,ECU,COOPERATIVA HUERTOS FAMILIARES - ATUNTAQUI - IMBABURA,0.32,-78.2,0.3591811050669926,1.6388725342650206,0.3859604233784113,2.522054603651436,1.2188858336833663,-1.2373573150309836,-0.0565919006744343,-0.5317866682644209,-0.6156862538525528,-0.9928319202897904,1.2802011884990447,1.7412258230545752,1.4360809132798364,1.125709581412679,1.2961348565949853,-1.1168865380120652,-0.9620172713457402,0.6071251130757639,0.8822709066316742,2.357236168007193,0.6475632408753392,1.58575109682006,-0.0813849465116203,-0.5041955254946299,0.2181929904145895,0.3424996655828751,0.7044368598996927,-0.1099513511812154,0.7970644047263937,0.2062222827571616,-0.54841496251489,-1.5062292236131627,-0.577213389608127,-0.8472717340743697,-0.1534881508367888,-0.8346426827066947,-0.1890456259790323,0.1474091476461234,-0.2820205534426534,1.4731546074087982,-0.5656975029641084,-0.3276237170904242,-0.1278772357991869,-0.3193343700602912,0.257096320613157,0.5210616368436959,-0.2920029868988232,-0.785372169061567,-0.9260463223665778,0.237899865661379,0.0595570511738505,-0.7867039249133498,-1.0126705124921995,-1.1544638693771103,-1.316242212919381,0.0552764627791469,0.1938976790757006
G11595,0,0,0.0129285497489381,10.18730/JQ2N1,FULL,Phaseolus,vulgaris,Phaseolus vulgaris,GTM,BARBERENA - BARBERENA - SANTA ROSA,14.3,-90.35,0.3591811050669926,-0.305364948521432,0.3859604233784113,-0.2755178939817267,0.4209059976600827,-0.081375787924514,0.2882062723310866,1.0370720681661183,1.3166330300796991,-0.770564716471338,-0.6630233502020273,-0.7813424006612064,0.0230523867450766,-0.1467162914350786,-0.0563344631859086,0.3910499460824232,-0.5616074608068605,0.6071251130757639,-0.2461661864036326,-0.2043553695185991,0.1495915272395808,0.0013509126526867,-0.9840871357292964,-0.996378483122617,0.1640039908405021,-0.5668829206880276,0.1542863315270773,-0.1099513511812154,0.2578714159774761,1.582328263787768,0.7277290297761241,0.232033186233967,1.5052940838329285,1.7453242006077303,-0.5795871157329789,0.5709462406978775,0.2384910312425311,-0.479338714620279,-0.8684347564904601,0.6455825897355937,0.5341051840776266,0.4777907834840376,-0.8586993446026043,2.320989962317851,-0.33244936361887,-0.0913786081960162,2.225490872373155,2.047788234044499,1.4359753091594427,1.1213709720676044,0.6344459427151751,1.5595395238585412,1.5906522822504303,0.9111459043262676,0.8739302887341187,0.80463765620098,-0.580140269276917
G20061,0,0,3.0118313737782023e-05,10.18730/JMWC9,FULL,Phaseolus,vulgaris,Phaseolus vulgaris,MKD,RADOVIS - RADOVISH,41.63,22.47,0.3591811050669926,-1.1984256238815842,0.3859604233784113,-0.5912641955840401,-0.5127011804565355,0.0915663303040128,-2.001148586950913,-0.6223191806730068,-0.1009787027350386,2.376988538358112,0.7943950538237766,0.2276848888251061,-0.9189666309447634,-0.7250916881840593,-0.5973221910982662,-1.1168865380120652,-0.5616074608068605,0.6071251130757639,-1.0586408933890536,-0.7954918781783972,-0.6512008230665711,-1.0549158767922286,1.4661045207186814,1.6285972908933144,-0.9197760006412448,-0.1771475265719264,1.254587388272308,-0.1099513511812154,-1.0901110558948175,-1.1698836982734446,-1.019304731303451,0.3610921062760022,-1.0774153447981325,-1.4001046907345236,0.233874544523384,-1.7298940159422116,-0.9947877876658248,-0.3790590566576546,-0.1290428924826903,-1.6091825045639474,-0.2277228428186848,-1.8797489811395416,-0.5956033854333741,-0.7557516150814718,-0.4421322816155262,-0.494692915905095,-0.5074035310076556,-0.6899795628963796,-0.7415133824036074,-1.7978394138802023,-1.8005862160280297,-1.4306410518807762,-0.4667964991073552,0.3867923127730051,-0.6080211001614311,-0.6940846030272442,-0.580140269276917
G15930,0,0,0.0003601825998861861,10.18730/JS8VV,FULL,Phaseolus,vulgaris,Phaseolus vulgaris,NLD,BATHMEN - BATHMEN - OVERIJSSEL,52.25,6.27,0.3591811050669926,-1.017910208178968,0.3859604233784113,1.0260096579690463,0.8277880239400867,-1.2464595317798537,-1.6903551863627786,-1.7148329264967834,1.4076577508528625,0.8706806680489307,-1.1488294848772953,0.2276848888251061,-0.9189666309447634,0.6630092640134944,-1.1383099190106238,-3.4473338316126383,-0.9620172713457402,0.6071251130757639,1.9204330322241565,1.0567358489556369,-0.4291323561749491,1.9026311336535344,-1.3709595025368717,-2.80104932775857,-1.353287997233943,5.149236193014789,-2.046315781963384,-0.1099513511812154,-2.7076900221415707,1.582328263787768,-1.6087344947453932,-1.159383378404106,-0.5455339324460934,-1.152283020507558,0.931127396171695,-1.838928010410092,-0.468588824931593,0.0721994041741551,-1.3103702688591576,-1.4942815226327542,-2.396855167357059,-1.6472824308081138,-0.0109456983906401,-0.504811699194293,-0.1130835276255576,-0.4050675141919664,-0.3727781909396353,-0.4228802656338549,-0.3909007964739638,-2.528897561247489,-3.383392584287704,-2.626483201916756,-1.6690426594955514,-0.4843157741069452,-3.546132868747944,2.517463022395841,2.1289924730634864
G18190,0,0,0.0007110485901519088,10.18730/JTA4K,FULL,Phaseolus,vulgaris,Phaseolus vulgaris,ESP,AGENCIA SEA DE FABERO - FABERO - LEON,42.77,-6.61,0.3591811050669926,-0.8167263200950454,0.3859604233784113,-0.5952193089379674,-0.4729483388084891,-0.1906023889109521,-2.0020976910156434,-0.6254457655723403,-0.1024614391019007,2.3892673041689103,1.2802011884990447,1.2367121783114188,0.2585571411675366,-0.0310412120852824,-0.4620752591201768,-1.1168865380120652,1.1735017181949516,0.6071251130757639,0.5211710368603759,0.1503265356772798,0.7888795379881895,0.4238576284306529,0.4344448758984802,-0.3401345396186341,-0.7030200023448953,-0.3070593246106268,1.5296626524586157,-0.1099513511812154,-0.0117250783969826,0.2062222827571616,-1.2661948665834135,-0.6713793694479449,-0.0903501532231885,-0.58038685844533,0.4662921617394877,-1.0104257535045091,-0.8687192861774152,0.8794506507732814,-0.7012926298173935,-1.2961770082261654,-1.7153653241267182,0.1819242107729537,0.7344928525888456,0.1607245994630073,0.7643798163476919,0.2372478647521219,-0.0766024427899908,-0.642283259813786,-0.7784199703962016,-1.8358334753025165,-1.9346442055422923,-1.3886514044769154,-0.3840883152611666,0.3167096266233742,-0.8251813976640507,0.1623282076856287,0.4519103797890794
G50383,1,1,0.9976571389356548,10.18730/PHKVC,FULL,Phaseolus,vulgaris,Phaseolus vulgaris,COL,"3 KM N BETANIA VÍA CD. BOLIVAR, VEREDA TRAVESIAS - BETANIA - ANTIOQUIA",5.77,-75.98,-1.2939186614670004,0.4697417037781037,2.5782939957664426,-0.2066998938326952,0.4308442080720943,-0.8914730785739297,0.3531081002472133,-2.789779480765997,2.019294619601952,-0.9094817105777716,-0.6630233502020273,-0.2768287559180501,1.4360809132798364,2.28246037491064,2.7838511083539688,0.6652202159177848,-0.828547334499447,0.3348337788895417,1.4239207112886214,2.199599765697913,1.8521164400753487,2.219511170487009,-1.1130445913318214,-0.996378483122617,0.0556259916923274,-0.9566183148041288,0.1542863315270773,-0.1099513511812154,2.145046876598688,1.582328263787768,0.5413351725179367,-0.0906141331023965,1.8771108705241657,0.353710206256309,3.642666263692905,-1.633502478154234,1.6581319827859275,2.0727785805285115,-0.5454820512308137,1.222542010552304,0.4011315503308427,0.4918796529697336,0.6906435260606405,1.2626781431414882,1.5458706070738673,2.3882575058672084,1.9697027262439164,0.8363021357466188,0.5225372563427395,1.0691837267806326,0.2148940866427587,0.408850624797946,-0.1071813157441275,-0.5175276494710274,0.293116761446827,-1.4434457964490774,-1.741197191805843
G4906,0,0,0.0243521657371609,10.18730/JGZ92,FULL,Phaseolus,vulgaris,Phaseolus vulgaris,COL,"ROZO, FINCA LA ESPERANZA - PALMIRA - VALLE DEL CAUCA",3.62,-76.4,0.3591811050669926,-0.3219309262976804,0.3859604233784113,-0.3285640338650603,0.971599774608019,-1.373890566264031,0.9332267685647584,-0.6391190359110466,-0.6742414153973884,-0.9372651193351772,-1.1488294848772953,-1.2858560454043628,-0.6834618765223034,-0.8407667675338554,-0.7325691230763556,0.9393904857531464,-1.36242708188462,0.6071251130757639,-0.0881849933786897,0.1897356362545997,-0.5300725683984137,0.2126042705416698,-0.4682573133191957,-0.0120125678666426,-1.0823429993635068,-0.5668829206880276,-0.395864196845538,-0.1099513511812154,-0.0117250783969826,0.2062222827571616,1.1732757913183196,0.6514746859862193,0.3531622470452829,-0.1800595450017704,1.2797538219958506,-1.2161059400206278,-0.2383767787353665,1.2204014878462044,-0.5256517027739662,1.3271021590570362,0.8471472994540523,0.9380275897696132,-0.2009594466795287,0.7389774491160717,0.6958279925997818,1.4471907878793582,0.3676611794344759,-0.1176239259052552,-0.5385271484443401,0.836415511400248,0.056010543514743,0.1816463682976035,-0.5815954582858649,-0.8561199042421357,0.2539144274558553,-1.4434457964490774,-1.4831845679862237
G24430,1,1,0.9969056354203631,10.18730/JRA46,FULL,Phaseolus,vulgaris,Phaseolus vulgaris,MEX,"ACTIMAXAL, AL S CUETZALAN - CUETZALAN - PUEBLA",20.04,-97.52,0.3591811050669926,0.1021794112429182,0.3859604233784113,-0.3622412130094685,0.8190190147530176,-1.264663965277593,0.1313134751825874,-2.3544312332690667,2.3120701655642995,0.0420997826802995,0.7943950538237766,0.2276848888251061,0.9650714044349166,-0.0310412120852824,-0.0563344631859086,0.5281350810001041,0.6396219708097787,-0.8564408081751805,-0.5846973143142247,-0.1255371683639593,0.6542925883569035,-0.2099024452362963,-0.8551296801267712,-0.8323174972466213,0.760082986155463,-0.047235728533226,-0.395864196845538,-0.1099513511812154,0.2578714159774761,0.2062222827571616,0.561773081408788,0.4820848125645809,1.768733780232998,2.21237273295855,1.8995341345721275,-0.1797718517653573,2.156924749544418,0.3279125319788473,-0.8259410484466086,-0.5420005836850051,0.7030925141503377,0.0692131877063575,0.0767529546657699,1.3826928855223128,0.7232487220989459,0.1177473291346171,0.3407361114208718,1.5422074213690058,1.648188190116859,-0.1813449500331223,0.1283592997605359,-0.0521726956704704,0.0082793089051516,0.2260806107993535,-0.0328815948991484,-0.8011362203182835,-0.709146619633606
G2468,0,0,1.99218437108664e-05,10.18730/K13EH,FULL,Phaseolus,vulgaris,Phaseolus vulgaris,MEX,SAN JOSE - VALLE DE SANTIAGO - GUANAJUATO,20.38,-101.16,0.3591811050669926,0.780755951307876,0.3859604233784113,-0.5814548721700702,-1.549198066368097,0.0369530298107938,1.106447760924398,0.2676891639084555,-1.201237607539078,0.1046124109839668,-1.634635619552563,-1.790369690147519,-0.6834618765223034,0.431659105313902,0.8903940606607171,1.3506458905061889,-0.1611976502679807,0.3688701956628195,-0.0204787677965712,-0.7166736770237575,-1.1357138417392008,-0.526782482069771,0.9502746983085808,1.1364143332653274,0.1640039908405021,-0.5668829206880276,-0.8084770931249995,-0.1099513511812154,0.527467910351935,-1.1698836982734446,0.2699195135436807,0.2360662161855809,-0.7189372769119619,-0.4469444206308101,-0.6183233852689962,1.0395791545546793,-0.687838392737523,-0.73003785952684,1.397900580822904,0.141947307510425,0.4620778442647402,0.2500204468776658,-0.800233575898331,-0.6902890283282948,-0.921995047850897,-0.92788235751855,-0.7362666091232899,0.0636220258086008,0.282644434390878,0.2951093144696912,0.7085679527905218,0.9849140751399535,1.0222816428594228,0.7543745943449648,0.4267141891265859,-0.4799814960606078,-0.1931213719943667
G7442,1,1,0.999371024404908,10.18730/JHPWH,FULL,Phaseolus,vulgaris,Phaseolus vulgaris,COL,CORREGIMIENTO MESOPOTAMIA - LA UNION - ANTIOQUIA,5.88,-75.32,0.3591811050669926,0.1495847043892824,0.3859604233784113,0.4743708674523892,0.6746226634726139,-1.2464595317798537,-1.115945538614546,-2.789779480765997,2.2827926284188536,-0.9789402159110876,1.2802011884990447,1.2367121783114188,2.3780999309696766,1.0100345020628827,1.160887924616896,0.5281350810001041,-0.6950773976531537,0.4709794459826528,1.1305270670994416,2.908963576089671,2.935541384607202,2.113884491542517,-1.628874413741922,-0.996378483122617,0.3807599891368515,-0.3070593246106268,-0.1207889326592303,-0.1099513511812154,1.60585388784977,1.582328263787768,-0.4756559310819723,-1.3771703035711282,2.2339215985597027,0.9732643818237228,2.867940872972559,-1.3410713327984072,2.354249360569755,2.348547639925729,-1.1290633782325838,1.2711164434435327,-0.5241432440694566,-0.299445933331679,0.6467941995324354,2.059139615305143,1.76523644306718,2.821446947480663,2.2524159403867587,0.8458413963631376,0.799336666287195,0.8010417300760244,0.2262429111519027,0.2466440416761825,-0.1498587386087607,-0.5383554357162992,0.3369614770946244,-1.336394179158038,-1.4831845679862237
G14443,0,0,0.0075602452145275,10.18730/JS0NR,FULL,Phaseolus,vulgaris,Phaseolus vulgaris,ESP,AT FONTANEIRA - FONTANEIRA - LUGO,43.04,-7.2,0.3591811050669926,-0.4208900050571534,-1.80637314900962,-0.4561554795859629,0.0718994320147345,-0.5546910588657457,-1.924425893065949,-1.121199611751838,0.4446781950776192,2.339562743247672,0.7943950538237766,1.7412258230545752,0.7295666500124566,0.7786843433632905,0.2141594007702701,-1.6652270776827882,0.9065618445023652,0.4709794459826528,1.6044706461742704,1.5296450558834755,1.9328686098541208,1.6913777757645514,-1.4999169581393967,-1.6526224266266,-0.3236970053262839,0.2125878675441747,1.3921250203654618,-0.1099513511812154,0.7970644047263937,1.582328263787768,-1.5163550807932595,-1.256177635745107,0.5015554937516511,-0.1419331341976218,0.8536548570996605,-1.0196149054312258,-0.6385072399811887,1.586422239409783,-1.3981907824042088,-1.3521863676736885,-2.1281376383937465,-0.1773423306079523,1.4799314035683313,0.4771271021033633,1.2031114883343168,0.7152500072221413,0.3003485094004657,-0.5087336111825236,-0.6861535004147163,-1.897846770957328,-2.046713847570089,-1.5379159729879,-0.5395797008920011,0.1436138355309123,-1.1506639338259343,1.8751535738804888,1.7419735757809365
G21139,0,0,2.8356722926515747e-05,10.18730/JVVB3,FULL,Phaseolus,vulgaris,Phaseolus vulgaris,MEX,LA CARDONA - MIER Y NORIEGA - NUEVO LEON,23.4,-99.99,0.3591811050669926,0.8373039963132892,-1.80637314900962,-0.2528629263927505,-0.4051346677618218,-0.0904780046733838,0.7451343886004516,0.876574794447637,-1.5525684023002044,0.1810167933469313,-0.1772172155267593,-0.2768287559180501,-0.9189666309447634,-0.493741529484467,-0.191581395163998,0.2539648111647425,0.3726820971171922,0.6071251130757639,-1.3971720212996457,-0.7166736770237575,-0.7992464676609857,-1.3717959136257032,1.337147065116156,1.4645363050173188,-0.4862640040485459,-0.4369711226493272,0.1542863315270773,-0.1099513511812154,-0.5509180671459002,-1.1698836982734446,0.0565476061023261,-0.1148128128253212,-1.1124294816614326,-1.2475990475179293,-0.4246420375889098,-0.2496508125111828,-0.5946573264200028,-0.6748840476473966,1.7066887842766594,0.1867102542420581,0.4066720864800792,-0.2618755811126425,-0.7417678071940575,-0.8103037707091194,-0.9494157773500612,-0.7038188532357285,-0.3593156569328333,-0.4896550899494861,-0.5385271484443401,-0.1363634750158997,0.2446847509792616,0.4200670374606211,0.6808622599423567,0.7529673114905545,0.3142653889945881,0.80463765620098,0.8389292770716291
G12399,0,0,0.0003744527370766406,10.18730/JM76$,FULL,Phaseolus,vulgaris,Phaseolus vulgaris,ECU,EL ROSARIO - URCUQUI - IMBABURA,0.41,-78.26,0.3591811050669926,-0.0302019480844467,0.3859604233784113,1.7859075984686752,1.0832584915900316,-1.1918462312866345,-0.2064975858242903,-0.6737263335001601,-0.2643554590914262,-0.9928319202897904,0.3085889191485086,0.7321985335682625,1.4360809132798364,1.7040849781616596,1.5666287205511642,-1.1168865380120652,-0.4281375239605672,0.5050158627559306,2.710338997348871,4.682373102069065,1.199369734363612,3.487031317820908,-0.5972147689217209,-0.3401345396186341,0.1640039908405021,-0.1771475265719264,1.254587388272308,-0.1099513511812154,1.60585388784977,0.2062222827571616,-0.8214656382956573,-1.8208103676586287,-0.4221507834992253,-0.7519557070639984,-0.1147518813007715,-0.7985955526340858,-0.0191272109294366,-0.4943806633146727,-0.0213919857341752,1.4739421274184226,-0.7817796412904512,-0.5366087936109921,0.0475200703136332,-0.2429613521815846,0.3941999681089773,0.670437306365577,-0.224690316864813,-0.7758329084450483,-0.9168196753684292,0.1494654123508202,-0.3834017554486753,-0.6992734262094206,-1.3259691129015616,-1.2639504754502286,-0.907712627118728,0.0552764627791469,0.3229038756448727
G3377,0,0,1.3870941506373037e-05,10.18730/PE879,FULL,Phaseolus,vulgaris,Phaseolus vulgaris,MEX,PINO SUAREZ - TEPANCO - PUEBLA,18.52,-97.49,0.3591811050669926,0.5262897487835169,0.3859604233784113,-0.5453065583757402,-1.050533743930104,1.3294678081503108,0.7944555816269865,0.802345125826211,-1.5232908651547583,-0.2843551791381266,-0.6630233502020273,-0.7813424006612064,-0.6834618765223034,-0.1467162914350786,0.2141594007702701,0.8023053508354656,-1.0954872081920335,0.6071251130757639,0.363189843835433,-0.6772645764464376,-0.6915769079559569,0.1069775915971782,1.337147065116156,0.4801703897613444,-0.7572090019189827,-0.047235728533226,-0.8084770931249995,-0.1099513511812154,-0.0117250783969826,-1.1698836982734446,0.2658319364433806,0.0666763427639418,-0.9056793401828972,-0.7614873097650355,-0.5795871157329789,0.5058556459539411,-0.4959950209073342,-0.7250238766287087,1.0267880642086262,0.2063900815041122,0.3512665136318229,-0.1350756549698357,-0.844082902426536,-0.6902890283282948,-0.921995047850897,-0.7336939871401047,-0.3458531229260313,-0.0031527985070303,-0.3539942084813697,0.1614750294670689,0.0999872384876759,0.3990722137586908,0.0532725609174782,0.125319158423579,-0.5956414157432294,-0.4799814960606078,-0.4511339189202276
G1994,1,1,0.9976414289704176,10.18730/K0NJH,FULL,Phaseolus,vulgaris,Phaseolus vulgaris,GTM,BETWEEN SANTA CRUZ Y COBÁN - COBAN - ALTA VERAPAZ,15.42,-90.41,0.3591811050669926,0.2039658922526619,0.3859604233784113,0.4774429563149351,1.1592565712112968,-0.7731442608386218,-0.4377454965657824,-0.5779296679407772,1.6679638248408255,-0.5344057917139846,0.7943950538237766,0.2276848888251061,1.4360809132798364,0.7786843433632905,0.484653264726449,0.2539648111647425,-0.6950773976531537,0.6071251130757639,0.0246587159248409,1.2143722512649164,0.6273751984306463,0.6351109863196359,-1.3709595025368717,-1.3245004548746084,-0.3778860049003713,-0.4369711226493272,0.1542863315270773,-0.1099513511812154,1.0666608991008526,1.582328263787768,0.3034377284085102,-0.1390111848477828,2.245592977514136,1.3926549006693567,2.2868968299323003,-0.5926504886909701,1.6800569395665206,0.6488074374592453,-0.2480254735369129,0.4191492134041942,0.2820093626350968,0.2875908326872168,0.500629777771752,2.0482291841796134,1.5458706070738673,0.3268732664652505,1.081175481794983,2.095484537127093,2.0910672460279875,0.6757049987173558,0.4592484643552649,1.3099024420328484,1.3283019230903204,0.7515600286361442,0.6402637453405635,0.5905344216189015,-0.1931213719943667
G3017,0,0,2.1908991854474523e-05,10.18730/K1K2U,FULL,Phaseolus,vulgaris,Phaseolus vulgaris,GTM,CONCEPCIÓN LAS MINAS - CONCEPCION LAS MINAS - CHIQUIMULA,14.52,-89.45,0.3591811050669926,-0.6859946791899532,0.3859604233784113,-0.5177488268012755,0.3080780794531276,-0.1268868716688632,0.4850787231860429,0.79181255322404,-0.2058003848005344,-0.5621892004713902,-0.1772172155267593,-0.2768287559180501,-0.2124523676773833,-0.8407667675338554,-0.7325691230763556,0.2539648111647425,-0.6950773976531537,0.4029066124360972,-0.1558912189608081,-0.4014008724051984,-0.2339812792095844,-0.1042757662918048,-0.5972147689217209,-0.5041955254946299,0.3265709895627642,-0.1771475265719264,0.0167486994339235,-0.1099513511812154,-0.2813215727714414,0.2062222827571616,1.071903688997499,0.7644012169839004,0.0196942769186126,0.2869889873490491,-0.7732684634130653,0.853557912521449,0.3645595327309408,-0.73003785952684,-0.905262874543178,0.417860720156856,0.9108638614625696,0.7760054451252123,-0.9756308820111512,0.1389037372119483,-0.7986017651046589,-0.6141934515225999,0.1791857033392475,1.046165869310031,0.7347501373001554,0.9482141289187817,0.8706433528117341,1.6578988349004615,1.8222351970197583,0.9792583944797242,1.0302238045139138,0.3764311870368224,-0.709146619633606
G20891,0,0,0.0026936922307228,10.18730/JTTZ3,FULL,Phaseolus,vulgaris,Phaseolus vulgaris,RWA,NDARO - KIVUMU - KIBUYE,-2.0,29.6,0.3591811050669926,0.0107429593172728,0.3859604233784113,0.4505255626906312,1.1908250042847452,-1.0826196303001965,-0.5891516609890365,-1.2375262924856298,1.501662318988901,-0.9177459362267676,-0.1772172155267593,-0.2768287559180501,0.0230523867450766,-0.7250916881840593,-0.7325691230763556,0.5281350810001041,-0.9620172713457402,0.6071251130757639,-0.8555222166426983,-0.1649462689412792,0.0688393574608092,-0.4211558031252794,-1.3709595025368717,-1.816683412502596,-0.4862640040485459,0.3424996655828751,-0.8084770931249995,-0.1099513511812154,-0.2813215727714414,1.582328263787768,0.2887224056280206,-0.4293938799456713,0.1914302815338478,-0.1228699287955476,-0.1922244203728061,-0.8121297106377559,-0.7371695454938573,0.9546603942452496,-0.1403745897949127,1.2283551444973488,0.1241031841193181,0.2735019408078454,0.3398489138350001,0.0734411504587712,0.778090181097274,1.6563167252099915,0.7042245296045264,-0.7567543872120108,-0.9352729693647264,0.1509939090747064,-0.2518263212957873,-0.6360013547789455,-1.372285695855427,-1.564264636581378,-0.4914457385566993,-0.3729298787695683,-0.3221277223510561
G22389,1,1,0.9907026788484062,10.18730/JVHFM,FULL,Phaseolus,vulgaris,Phaseolus vulgaris,GEO,"SW ZUGDIDI, KVEMO KACHATI - ZUGDIDI - MEGRELIA",42.5,41.77,0.3591811050669926,-1.679084006427596,0.3859604233784113,-0.4181824441628483,-0.3583666187641202,-0.5546910588657457,-1.9397778344721373,-1.5647401226894389,1.1170880237694742,2.2046836093507225,-0.1772172155267593,0.2276848888251061,0.4940618955899966,-0.0310412120852824,-1.1383099190106238,0.1168796762470617,-0.828547334499447,0.6071251130757639,1.514195678731446,-0.0861280677866394,0.4524121639099744,1.2688710599865851,-0.726172224524246,-0.996378483122617,-0.5404530036226333,-2.1258244971524323,2.079813180831231,-0.1099513511812154,0.7970644047263937,0.2062222827571616,-0.6571447593608648,0.2199337886786698,1.0451082850581237,-0.294438777414216,3.4489849160128183,-1.9289459846002888,1.0606769105147684,1.235443436540598,-0.8797665375970501,-1.5027419636084511,0.6366056576477171,-0.5460014180554742,1.0122052539341442,0.5207688266054813,0.8740627343443481,0.7451251411265174,0.2868859753936638,0.4642709717023879,0.3749109043723632,-1.6860407963616686,-1.7583827748846503,-1.4806835083757883,-0.6894469300212946,0.2094746731173125,-1.2718816770874917,-0.5870329857362047,-0.4511339189202276
G53,0,0,7.589498603844514e-05,10.18730/PQ42V,FULL,Phaseolus,vulgaris,Phaseolus vulgaris,CAN,MIAMI - MANITOBA,49.35,-98.19,0.3591811050669926,-1.029993688471035,0.3859604233784113,-0.4268698831590558,-0.1958476484971071,-1.337481699268552,-2.3936563468521475,-0.4876499275582074,-0.5278535551622713,4.042909716375613,1.7660073231743127,1.2367121783114188,1.4360809132798364,1.241384660762475,1.0256409926388066,-0.7056311332590228,-1.4958970187309133,0.6071251130757639,-0.3815786375678694,-0.1255371683639593,1.064782784732326,0.1069775915971782,1.0792321539111058,1.4645363050173188,-1.1907209985116811,0.9920586557763772,-0.395864196845538,-0.1099513511812154,-0.0117250783969826,-1.1698836982734446,-2.824382249885086,-0.6350815614076281,-0.9506975161499976,-1.0283721853940753,-0.1147518813007715,-0.5679355069483042,-0.3425203234431833,-0.5445204922959849,-0.3386789676071244,-2.0979622287007715,-0.3191422573000447,-4.049436947228508,-0.6686855963137158,-0.7666620462070013,-0.7300499413567487,-0.6739437193313522,-0.2381528508716151,-0.270252095769555,-0.3909007964739638,-2.094804491663808,-2.817015311128237,-1.340909750579375,-0.3334709067472993,0.3200871054739588,-2.129690643232044,2.303360043044646,3.290049164911137
G1720,0,0,0.000177171856877213,10.18730/K0DPR,FULL,Phaseolus,vulgaris,Phaseolus vulgaris,SLV,CUJUCUYO - TEXISTEPEQUE - SANTA ANA,14.08,-89.51,0.3591811050669926,-0.6185283552859834,0.3859604233784113,-0.6110158531382252,-0.7985708799549864,0.5557793844963747,1.2453680950404145,1.4297879821933632,0.5261387745873934,-0.6872144901991211,-0.6630233502020273,-0.7813424006612064,-0.6834618765223034,-0.7250916881840593,-0.5973221910982662,0.2539648111647425,-0.0277277134216875,0.3688701956628195,0.5437397787210821,-0.6772645764464376,-0.738682340326907,0.0013509126526867,-0.2103424021141454,-0.1760735537426384,0.0014369921182401,0.0826760695054743,-0.395864196845538,-0.1099513511812154,-0.2813215727714414,0.2062222827571616,1.408720675133956,1.1556111224492889,0.8350234638783213,0.9923275872257972,-0.6570596548050135,0.7608650832308105,-0.3041516490771455,-0.684912013443659,-0.5426491751847753,0.5636895341837628,1.1047836834653058,0.9615090613061154,-0.931781555482946,0.706246155739483,-0.7437603061063307,-0.2108791438135211,1.081175481794983,1.6662178093837494,1.620508249122413,1.1017188713319246,0.9656897580758148,1.4108501559969246,1.3077902934964656,0.6598051865285953,0.9956638521797676,0.1623282076856287,-0.9671593203469846
G18554,0,0,0.00042054865434651233,10.18730/JSQ76,FULL,Phaseolus,vulgaris,Phaseolus vulgaris,BRA,"FAZ. QUILÔMETRO, RODOVIA INHUMAS - GOIÁS - INHUMAS - GOIAS",-16.27,-49.43,0.3591811050669926,-0.647082185078806,0.3859604233784113,-0.4833062643733445,-0.0169598610808985,0.646801551985073,0.2962766398292276,0.5831662121864458,0.6725265966489103,-0.5482974795324893,0.3085889191485086,-0.2768287559180501,-0.2124523676773833,-1.7661674023322245,-1.8145445789010708,0.5281350810001041,-1.36242708188462,0.6071251130757639,-1.1714846026925845,-0.4408099729825183,-0.3618388813593061,-0.8436625189032455,-0.9840871357292964,-0.0120125678666426,-0.7572090019189827,0.8621468577376766,-1.358627621497615,-0.1099513511812154,-1.0901110558948175,0.2062222827571616,0.9141229260165612,0.5264488343583533,0.9634086323770892,0.8684167521123143,-0.3859057680528925,0.2180562279585389,0.9346084090263588,-0.569590406786641,-0.4831577785955257,0.2874878643691981,0.7086331559775202,0.564672201296686,3.2192880225204648,0.5753209822331289,2.231388844552969,0.7451251411265174,-0.6824164730960819,-1.0143144238580168,-0.9814062043554688,0.3702240106149561,0.5897599462104207,-0.1919464534668836,-0.4340440583042645,-0.798139850640433,0.0542920162123545,-0.4799814960606078,-0.1931213719943667
G15288,0,0,0.0098660738119149,10.18730/JS0KP,FULL,Phaseolus,vulgaris,Phaseolus vulgaris,ESP,"BETWEEN VILALLE & BALEIRA, IN HAMLET SOUTO DE TORRES - SOUTO DE TORRES - LUGO",43.02,-7.36,0.3591811050669926,-0.5622601175706863,-1.80637314900962,-0.4559783286330987,-0.0491128947668183,-0.4181578076326981,-1.948408140476365,-1.3353864709399157,0.7652012287230276,2.413806146945468,0.7943950538237766,2.245739467797732,0.2585571411675366,-0.493741529484467,-0.867816055054445,-1.802312212600469,0.3726820971171922,0.6071251130757639,1.19823329268156,0.7808721449143978,1.5156490659971342,1.2688710599865851,-1.1130445913318214,-1.1604394689986126,-0.5404530036226333,1.2518822518537778,0.5668992278065389,-0.1099513511812154,-0.5509180671459002,1.582328263787768,-1.105144026621702,-0.8649677302797195,0.4682086967389841,-0.1133383260945104,0.6212372398835568,-0.9184016958948664,-0.6933196319326712,1.6315480854929645,-0.9420906751482202,-1.0728624175860473,-1.740297896966419,0.0504279836047433,1.4945478457443997,0.4880375332288927,1.1756907588351526,0.6405621724612007,0.2195733053596536,-0.5850476961146734,-0.7415133824036074,-1.9168438016684848,-2.05167895829284,-1.6089532531848425,-0.590858774876638,0.1126536127338866,-1.24454320733063,0.2693796973612255,0.3229038756448727
G23533,0,0,7.302574908395894e-05,10.18730/JXCGP,FULL,Phaseolus,vulgaris,Phaseolus vulgaris,MEX,PALO GRANDE - MIACATLAN - MORELOS,18.83,-99.4,-2.9470184280009937,0.4556046925267504,0.3859604233784113,-0.6038516910523243,-1.700025024385685,0.992685788442127,1.5592658918017814,1.4628906812185627,-0.820629188378562,-0.2913009899269826,-0.6630233502020273,-0.7813424006612064,0.0230523867450766,0.3159840259641059,0.484653264726449,1.213560755588508,1.7073814655801247,-2.762480147478736,0.8371334229102618,-0.3619917718278785,0.0351926200529877,0.3182309494861614,0.5634023315010054,0.152048418009353,2.819264969970782,-0.5668829206880276,-0.6709394610318457,-0.1099513511812154,0.7970644047263937,-1.1698836982734446,0.9492761498914504,0.9176588167488596,-0.112025571281422,0.1916729603386777,-0.6957959243410308,1.226698206830489,0.0082789850463046,-0.7350518424249712,0.6811718912946843,0.2670150891979577,0.7307953534134397,0.4425685537856068,-0.8294664602504677,-0.4175282501900569,-0.921995047850897,-0.92788235751855,-0.2650779188852191,0.941234002528325,0.780883372290898,0.4132402755586106,0.6252250228014956,0.8877051653967691,0.7291638393085308,0.5041597028308207,0.2518511467194884,-0.9081878376093228,-0.8381529699902952
G524,0,0,4.1782591078582185e-05,10.18730/JZGRQ,FULL,Phaseolus,vulgaris,Phaseolus vulgaris,TUR,URFA - URFA,39.13,38.77,0.3591811050669926,-0.1188971123925702,0.3859604233784113,-0.560518977248057,-1.086778981903323,1.9939296308178087,-0.7072212851570192,0.165930626801625,-0.1417322395775162,1.14391047907029,0.3085889191485086,0.2276848888251061,-0.6834618765223034,-0.2623913707848747,-0.0563344631859086,-0.7056311332590228,1.306971655041245,-0.4139673901225694,-0.6749722817570493,-0.559037274714478,-0.7790584252162929,-0.9492891978477372,1.5950619763212064,1.6285972908933144,0.6517049870072883,-0.8267065167654283,1.5296626524586157,-0.1099513511812154,-0.5509180671459002,-1.1698836982734446,-0.9710712346504042,0.7765005376140824,-0.7923002303398293,-0.9711825691878524,-0.6957959243410308,-0.2825722701281352,-1.4497306408631296,0.3730383780620283,-0.6021404527311494,-1.8788703734572405,-2.593545331739218,1.0272572084807348,0.1936844920743166,-0.6357368727006472,-0.0308213391280654,0.0878721952302409,-0.3862407249464373,-0.8998432964597919,-1.03676608634436,-1.4982540559985065,-0.6451340206908083,-0.993200958036446,0.0913183254867249,1.1053509382348834,1.6956318419922498,-0.9081878376093228,-0.709146619633606
G8204,1,1,0.9993312491824496,10.18730/K2H83,FULL,Phaseolus,vulgaris,Phaseolus vulgaris,COL,"EL PLACER, VEREDA LAS GUACAS - POPAYAN - CAUCA",2.43,-76.52,0.3591811050669926,0.9444466677144082,0.3859604233784113,2.982770671578728,1.7993942418673374,-1.4194016500083804,-0.0618229984949469,-1.259038899458628,1.60940866329599,-0.9442109632444295,0.7943950538237766,0.7321985335682625,2.1425951765472164,2.28246037491064,2.3781103124197007,-0.2943757285059805,-1.2289571450383268,0.6071251130757639,0.7468584554674373,2.120781564543273,1.286851251623948,1.58575109682006,-1.4999169581393967,-0.996378483122617,-0.9197760006412448,-0.047235728533226,0.2918239636202311,-0.1099513511812154,1.875450382224229,1.582328263787768,-0.2271307880710551,-1.086787762323468,1.7203809245646309,0.925606368318537,2.0544792127161964,-1.0126687389927564,1.575913394858704,3.246050578691217,-0.987417522652138,1.39004062483128,-0.3357639582159571,-0.0763719537349017,1.333766981807648,1.786378837166905,2.341071762549625,2.164194001584387,1.1215630838153892,-0.0031527985070303,-0.3263142674869241,0.6604200314784937,-0.1106753164633091,-0.4237523151621698,-0.9779330752768004,-1.1308215174230185,-0.0153437086400294,-1.2293425618669986,-1.2251718672728455
G50553,0,0,0.0055840244415634,10.18730/JTKV$,FULL,Phaseolus,vulgaris,Phaseolus vulgaris,CRI,"PRIMERO, DULCE NOMBRE - NICOYA - GUANACASTE",10.08,-85.49,0.3591811050669926,-1.292763279940309,0.3859604233784113,-0.593057124937493,0.5483489311788196,0.3919394830167175,1.3651209642676618,1.0099881460513476,0.9945798160909904,-0.6872144901991211,-0.6630233502020273,-0.7813424006612064,-0.9189666309447634,-0.3780664501346709,0.0789124687921807,-0.8427162681767036,-1.0954872081920335,0.6071251130757639,0.7694271973281435,-0.4802190735598382,-0.3349214914330489,0.6351109863196359,-0.726172224524246,-0.6682565113706256,-0.7572090019189827,0.7322350596989763,-0.1207889326592303,-0.1099513511812154,-0.5509180671459002,0.2062222827571616,1.7087493971996648,1.554887164743016,1.490288025177228,1.8120454195149904,-0.6957959243410308,0.65107109506715,-0.1780831475887358,1.7318277434555889,-0.6248038232937375,0.6483728516271429,1.2626898884005704,1.3442570294361718,-0.9463979976590144,3.0192575543517406,0.4079103328585593,-0.5843183176182236,1.72737711412148,2.2099556645253178,0.9469630182575712,1.363528524466147,0.7794981059726716,1.73296251964298,1.5876747876319677,0.6001363935016004,0.8553607621068163,2.089256553231684,0.0648911749314939
G50723B,0,0,0.0012433102434533,10.18730/S1N8P,FULL,Phaseolus,vulgaris,Phaseolus vulgaris,HND,"CHAGUITE GRANDE, 4 KM ARRIBA DEL PORTON DE GUINOPE - OROPOLI - EL PARAISO",13.83,-86.92,-2.9470184280009937,0.5262897487835169,-2.902539935203636,0.5038972709900912,0.9862147899198008,-0.7458376105920123,-0.2058996287885667,0.5751411763058744,0.7310817309268886,-0.4996765059269303,-0.1772172155267593,-0.2768287559180501,0.4940618955899966,0.0846338672645136,0.0789124687921807,0.3910499460824232,-0.4281375239605672,-0.0395668056165138,0.0923649415069593,0.1897356362545997,0.687939325764725,0.4238576284306529,-0.9840871357292964,-1.1604394689986126,0.1640039908405021,-0.047235728533226,-0.395864196845538,-0.1099513511812154,0.2578714159774761,0.2062222827571616,0.234766320854589,-0.2438715790171245,0.4248578606225169,0.4409585146051147,-0.2309606899088233,0.4218431389005083,1.0003832793681378,-0.6147162528698219,-1.1432279205637108,0.2262701876476883,0.1767386209903871,0.1091316400523242,-0.7710006915461942,1.0117382272543094,-0.3872908226171981,-0.5395056167616593,1.4446638999786376,1.2083332997908498,0.1165647884242046,0.849735268565542,0.9809397410099772,1.5831227504826275,1.2856245002256872,1.1326522256104423,1.1560839294322969,1.0187408907830586,-0.0641150216376775
G18572,0,0,0.000322687464023908,10.18730/JSQGF,FULL,Phaseolus,vulgaris,Phaseolus vulgaris,BRA,"LAGOINHA, ESTRADA QUE LIGA MOSSÂMEDES A RODOVIA INHUMAS - GOIÁS - MOSSÂMEDES - GOIAS",-16.15,-50.05,0.3591811050669926,-0.866205859474782,0.3859604233784113,-0.521369920817164,-0.0602203064037724,0.928970271200038,0.4474530406934365,0.7140716444137849,0.8481919994828451,-0.5969184531380481,-0.1772172155267593,-0.7813424006612064,-0.4479571220998433,-2.113192640381613,-2.085038442857249,0.6652202159177848,-1.4958970187309133,0.6071251130757639,-1.3971720212996457,-0.6378554758691177,-0.6377421281034426,-1.2661692346812117,-1.2420020469343465,-0.5041955254946299,-1.2449099980857687,0.9920586557763772,-1.7712405177770765,-0.1099513511812154,-1.3597075502692766,1.582328263787768,1.0351154327231993,0.6837393871498104,1.0017574489416563,0.8874799575143886,-0.463378307124927,0.2221144712425683,0.9510521266118036,-0.5746043896847722,-0.1828683788892346,0.2950618326602997,0.8332958269835296,0.630420393258659,3.26313734904867,0.597141844484188,2.258809574052133,0.7451251411265174,-0.6554914050824778,-1.0238536844745356,-0.999859498351766,0.3571226101245029,0.6202599120787452,-0.2445773128840516,-0.4615031753411991,-0.803768982058074,-0.1953649528880444,-0.4799814960606078,-0.1931213719943667
G52029,0,0,0.0009148987311110594,10.18730/PH3F6,FULL,Phaseolus,vulgaris,Phaseolus vulgaris,AZE,ZAGATALA - ZAGATALA - ZAQATALA RAYONU REGION,41.6,46.63,0.3591811050669926,-0.9736557058993196,0.3859604233784113,-0.5545990702806154,-0.6500823243872839,0.0096463795641843,-1.996913115893319,-0.7720183937455798,0.001707097266346,2.405920225852147,1.2802011884990447,1.2367121783114188,0.4940618955899966,-0.0310412120852824,-0.0563344631859086,-0.7056311332590228,0.2392121602708989,0.436943029209375,0.3180523601140207,0.1109174350999599,1.9261392623725568,0.6351109863196359,0.9502746983085808,0.6442313756373401,-0.0527520074558472,-1.2164419108815294,1.804737916644924,-0.1099513511812154,-0.0117250783969826,-1.1698836982734446,-0.9089399530395385,0.48611791944131,-0.5405319128941933,-0.9044613502805926,0.505028431275505,-1.298075993542296,-0.4137764329801105,-0.3038493131856863,-0.8061107016783122,-1.753263990025925,-0.2443446097833115,-2.037074843828153,-0.4932882902008956,-0.3411552323113503,-0.1953457161230497,0.0729346282780528,0.1926482373460496,-0.2416343139199988,-0.501620560451746,-1.7279652779311188,-1.9037895889080567,-1.5522959892220989,-0.6874619336089861,0.2978520363742767,-0.8416876435549862,-0.8011362203182835,-0.709146619633606
G20901,0,0,0.0032383022202178,10.18730/JTVTY,FULL,Phaseolus,vulgaris,Phaseolus vulgaris,RWA,MARA - GISHYITA - KIBUYE,-2.11,29.29,0.3591811050669926,-0.6707652761408869,0.3859604233784113,-0.4467050626278672,0.2320799998318625,-0.7367353938431425,-0.4644627082612564,-0.801820185348232,0.4406626824874522,-0.8622234740933142,-0.1772172155267593,-0.2768287559180501,-0.2124523676773833,-0.9564418468836516,-1.0030629870325345,0.8023053508354656,-1.2289571450383268,0.6071251130757639,-0.7652472491998737,-0.2831735706732388,0.2101556545736595,-0.4211558031252794,-0.9840871357292964,-0.6682565113706256,-0.9197760006412448,0.2125878675441747,-0.9460147252181532,-0.1099513511812154,-0.2813215727714414,0.2062222827571616,0.1358467164559631,-0.6270153476541724,0.4081844621161834,-0.1133383260945104,-0.0760156117647542,-0.9290013190685714,0.0685726161929353,0.1123112673592048,-0.8004448398303919,1.3391084825872073,-0.0005595925646371,0.1607908505602188,0.6906435260606405,0.280739341843832,1.0111663818401684,1.6712542921621798,0.6099867915569123,-0.7090580841294171,-0.9075930283702808,0.1090694275052562,-0.2518263212957873,-0.6265105440643741,-1.3405257532584909,-1.4198774157188854,-0.5662396652500006,-0.265878261478529,-0.4511339189202276
G608,0,0,2.369184119149313e-05,10.18730/JZK6V,FULL,Phaseolus,vulgaris,Phaseolus vulgaris,TUR,UZUNKOPRU - EDIRNE,41.27,26.71,0.3591811050669926,-0.6425085453687118,0.3859604233784113,-0.5999959798669131,-0.4080576708241781,0.4465527835099366,-1.3333577772685006,-0.1574600548309616,0.1874334801563177,1.4646709489639906,0.3085889191485086,-0.2768287559180501,-0.6834618765223034,-0.3780664501346709,-0.0563344631859086,-0.5685459983413421,-0.4281375239605672,0.6071251130757639,-0.4944223468714001,-0.7954918781783972,-0.6848475604743927,-0.738035839958754,1.337147065116156,1.9567192626453056,-1.0281539997894191,-0.9566183148041288,1.5296626524586157,-0.1099513511812154,-0.5509180671459002,-1.1698836982734446,-0.7290862083242563,0.3893237774879794,-0.7606207731777956,-1.0188405826930382,0.0401931968432975,-1.0424214633297877,-1.148262485129976,0.2577167714050102,-0.8854322626723008,-1.6382389353716864,-1.8621903659465264,0.7478277061538214,0.0329036281375648,-0.5375429925708816,0.0514408493694266,-0.3602548133354021,-0.6016412690552697,-0.7376758659789734,-0.8614597933795382,-1.738664754998322,-1.388127375273828,-1.3374585466831674,-0.148204574931837,0.8300864119122368,0.3214868715718723,-0.265878261478529,-0.3221277223510561
G7116,0,0,0.0013197801611228,10.18730/JFJ40,FULL,Phaseolus,vulgaris,Phaseolus vulgaris,NIC,GRANADA - GRANADA - GRANADA,11.94,-85.97,0.3591811050669926,-1.3799109642846636,0.3859604233784113,-0.614608077799975,-0.4419645063475118,0.5921882514918541,0.9723845164143344,0.8419678795132957,0.2040855715054277,-0.7149978989565268,0.3085889191485086,0.7321985335682625,0.0230523867450766,-0.1467162914350786,0.2141594007702701,-0.1572905935882998,-0.0277277134216875,0.3688701956628195,0.9725458740744988,-0.6378554758691177,-0.8194345101056787,0.1069775915971782,0.1765299646934299,0.3161094038853487,-0.1069410070299345,-0.3070593246106268,0.5668992278065389,-0.1099513511812154,0.2578714159774761,0.2062222827571616,1.781508436429032,1.6194166439953137,0.6132672637440856,0.8779483548133514,-0.4246420375889098,0.4399455316129506,-0.5836948480297063,-0.2035696552230619,-1.5568340371545455,0.5376157816462626,1.3707310037978433,1.4428792278044251,-0.507904732376964,1.469976334526549,0.0788615788685907,-0.7635691210444808,0.9196250737133588,1.2655688634899622,0.4856306683501454,1.146481989674306,0.941573505993884,1.435583783919747,1.5618698342719568,0.8621724609927907,1.3077350635552665,1.2328441253651377,-0.580140269276917
G8186,1,1,0.8842983960376073,10.18730/K2GSS,FULL,Phaseolus,vulgaris,Phaseolus vulgaris,COL,"FOSCA, VEREDA CENTRO, FINCA MALPASO - FOSCA - CUNDINAMARCA",4.35,-73.94,0.3591811050669926,1.2472773226025349,0.3859604233784113,3.3248721618845387,1.555615786466818,-1.0826196303001965,-0.663911912772587,-0.4179340546285246,1.4922984274602624,-0.916427571047222,1.7660073231743127,1.2367121783114188,2.3780999309696766,1.125709581412679,1.5666287205511642,-0.5685459983413421,-0.1611976502679807,0.5050158627559306,2.19125793455263,4.918827705532984,1.0715121322138903,2.5363912073204835,-0.9840871357292964,-0.6682565113706256,-0.1069410070299345,-0.1771475265719264,0.7044368598996927,-0.1099513511812154,1.60585388784977,0.2062222827571616,-0.3579335047670521,-1.187615011153525,0.6232713028478857,0.1154201387303807,1.2410175524598337,-0.9718530170619696,-0.0081647325391401,1.5412963933266024,-1.4293528860061682,1.0375256646273283,-0.4382644317860473,-0.1796904643253974,0.0036707437854281,0.640783568986306,0.791800545846856,1.1783145827399724,1.2561884238834091,0.8744591782126938,0.4025908453668087,0.8530106186881553,0.1155918721877489,-0.0067318443704019,-0.8611491196859821,-0.9799607954302384,0.1100005960942617,-1.336394179158038,-1.4831845679862237
G20872,0,0,0.00013832730798457024,10.18730/JTTDP,FULL,Phaseolus,vulgaris,Phaseolus vulgaris,RWA,MUSAZA - RUSUMO - KIBUNGO,-2.33,30.62,0.3591811050669926,0.2440242835753195,0.3859604233784113,0.7056578055201077,1.1762099889729636,-1.0006996795603678,-0.2721170813569096,-0.748540610856534,0.1196158058784857,-0.8111070362853744,-0.6630233502020273,-0.7813424006612064,-0.2124523676773833,-0.493741529484467,-0.3268283271420874,0.6652202159177848,-0.5616074608068605,0.6071251130757639,-0.6749722817570493,-0.0467189672093195,-0.1263117195045555,-0.3155291241807879,-0.9840871357292964,-0.5041955254946299,-0.9197760006412448,0.7322350596989763,-1.358627621497615,-0.1099513511812154,-0.2813215727714414,1.582328263787768,0.3165180109931392,-0.3446989047722967,-0.168715126202956,-0.1895911477028075,-0.5408508461969617,-0.3277448701624819,-0.7426507846890055,0.7641290441162634,-0.536983233974938,1.0111965152081852,0.1490357288883145,0.2993315908491441,0.3690817981871369,-0.2538717833071142,0.6684072631006178,1.5517537565446748,0.0580228972780293,-1.004775163241498,-1.018312792348063,0.2579886797467406,0.1067256030399802,-0.3791742648361532,-0.9213606775260073,-1.0936692500665874,0.1512662108216003,-0.265878261478529,-0.1931213719943667
G52621,0,0,0.002279425854011,10.18730/K55D*,FULL,Phaseolus,vulgaris,Phaseolus vulgaris,GTM,GUALAN - ZACAPA,15.12,-89.36,0.3591811050669926,0.1388202964719119,0.3859604233784113,-0.6145688920717418,-0.5694074398662486,-1.0644151968024569,1.1414207217390768,0.128257418049088,-0.0594125245654171,-0.5135682268658314,0.3085889191485086,0.2276848888251061,0.2585571411675366,-0.3780664501346709,-0.3268283271420874,0.1168796762470617,-0.4281375239605672,0.5050158627559306,1.0628208415173233,-0.5984463752917978,-0.382026923803999,0.4238576284306529,0.6923597871035305,-0.0120125678666426,-0.1069410070299345,-0.047235728533226,-0.1207889326592303,-0.1099513511812154,-0.0117250783969826,-1.1698836982734446,1.8477273460607584,1.7726741668351549,0.5982612050883854,0.5538738629780888,0.1564020054513494,0.1751679980997347,-0.6111010440054475,-0.0982760143623063,-0.7154572616417482,0.2735495972596972,1.542488575525687,1.316079290464781,-0.4786718480248273,0.2370976173417139,-0.0582420686272295,-0.5096304828572832,0.3272735774140698,1.2178725604073686,1.279122310190918,0.6152201997864303,0.6890621606654305,1.0266161222191303,0.9514834374870856,0.5961960015092517,0.8914681749932376,-0.5870329857362047,-1.2251718672728455
G7958,0,0,0.0225930705696098,10.18730/K2ER$,FULL,Phaseolus,vulgaris,Phaseolus vulgaris,BRA,RECIFE - PERNAMBUCO,-8.07,-35.01,0.3591811050669926,-0.8988431962857731,0.3859604233784113,-0.6065006085563138,0.3682919425376684,-1.4102994332595105,-0.3517701301893505,-0.0598250555356206,0.906747117400709,-0.6524852375324631,-0.1772172155267593,-0.7813424006612064,-0.9189666309447634,-1.419142164282836,-1.6792976469229814,-0.4314608634236613,-0.828547334499447,0.6071251130757639,-0.4267161212892817,-0.4802190735598382,-0.5031551784721564,-0.4211558031252794,-1.3709595025368717,-1.3245004548746084,-0.648831002770808,1.90144124204728,-1.4961652535907688,-0.1099513511812154,-1.3597075502692766,1.582328263787768,1.3555820402904095,1.0830153525184223,0.3148134304807157,0.1726097549366035,0.0014569273072803,-0.2305599717838926,-0.1013457988566603,1.7318277434555889,-1.2877069223584283,0.285336497305683,0.8997826834861508,1.1117904701822636,-0.1424936779752553,-0.8975872197133555,-0.8260224946038229,1.5218786226402987,1.1888757538493993,0.7409095295814314,0.9100564302649772,1.6275217443487784,2.1048280181811414,0.5353947676588963,-0.2861618255872795,-0.7460703850272534,1.6342492400853337,0.2693796973612255,0.8389292770716291
G51600,0,0,4.802548822909191e-05,10.18730/K45PG,FULL,Phaseolus,vulgaris,Phaseolus vulgaris,CHN,SHANDONG HUIMIN - HUIMIN - SHANDONG,37.5,117.54,0.3591811050669926,-1.7200813390565206,0.3859604233784113,-0.6000674675541208,-0.3683048291761318,-0.6821220933499235,0.2155495662963223,-0.0353226326500709,-0.4456915227530246,0.0522671669064336,0.7943950538237766,1.7412258230545752,-1.1544713853672233,-1.0721169262334478,-1.4088037829668023,-1.9393973475181496,-0.6950773976531537,0.6071251130757639,0.1149336833676655,-0.9925373810649966,-1.6673322927827807,-0.6324091610142625,1.8529768875262569,0.152048418009353,-1.353287997233943,-1.736089103036331,3.730264765949077,-0.1099513511812154,-1.0901110558948175,-1.1698836982734446,-0.8451736149089963,1.2766039441255408,-0.8840039221246636,-0.008490696383102,-0.6570596548050135,1.6699289007809024,0.5783278613417225,-0.7952196372025458,-0.0978808175861063,-1.867196448562716,1.3624201731545025,-2.572452404937574,-0.931781555482946,-0.908497650838885,-0.921995047850897,-0.6590061523791642,-0.749729143130092,-0.4991943505660048,0.7347501373001554,-0.9899197169689236,-0.6603840036249705,-0.4191507099672261,0.424797722754557,1.0994403502463603,0.1156746181192707,0.1623282076856287,0.4519103797890794
G16159,0,0,1.917954534642011e-05,10.18730/JSN1A,FULL,Phaseolus,vulgaris,Phaseolus vulgaris,HUN,CEGLED - PEST,47.17,19.83,0.3591811050669926,-1.1010979534613154,0.3859604233784113,-0.414083381155325,0.2192187863574946,-0.7458376105920123,-2.145604381967439,-0.8615478155437296,0.2358965455266251,2.669793135001768,0.7943950538237766,1.2367121783114188,-0.9189666309447634,-0.1467162914350786,-0.191581395163998,-1.3910568078474268,-1.0954872081920335,0.6071251130757639,-0.7426785073391676,-0.6378554758691177,-0.4022149662486919,-0.738035839958754,1.4661045207186814,1.6285972908933144,-1.2449099980857687,1.1219704538150774,0.1542863315270773,-0.1099513511812154,-1.0901110558948175,-1.1698836982734446,-1.3888224104404248,-0.155143573892136,-1.0073870710715316,-1.3238518691262264,0.1564020054513494,-1.4754855702442438,-0.7481320238841537,-0.4041289711483107,-0.9789187075069514,-1.823009899040949,0.1102517909072531,-2.1380451769635545,-0.5809869432573057,-0.8212142018346489,-0.4832633758642722,-0.5096304828572832,-0.4266283269668434,-0.565969174881636,-0.6031136774313797,-2.2039828290842505,-2.3903704397376053,-1.8137246843598347,-0.8211183587044268,0.3274049763168922,-1.7072339124609146,0.2693796973612255,0.1938976790757006
G3425,0,0,1.0668967699756536e-05,10.18730/K1XFU,FULL,Phaseolus,vulgaris,Phaseolus vulgaris,MEX,ESTANCIA DE ANIMAS - VILLA GONZALEZ ORTEGA - ZACATECAS,22.49,-101.97,0.3591811050669926,0.8090299738105826,0.3859604233784113,-0.4676761340714195,-1.063394957404472,0.4374505667610667,0.8476249542953088,0.8991449208706653,-1.5818459394456506,0.0490456597099482,-0.6630233502020273,-1.2858560454043628,-0.9189666309447634,-0.6094166088342632,-0.0563344631859086,1.3506458905061889,-1.0954872081920335,0.6071251130757639,-1.442309505021058,-0.9137191799103568,-1.1357138417392008,-1.5830492715146862,1.5950619763212064,2.448902220273293,-1.0823429993635068,-0.6967947187267279,-0.6709394610318457,-0.1099513511812154,-0.2813215727714414,-1.1698836982734446,-0.1486491568839872,-0.2680702202774886,-1.222473911803234,-1.1141566097034097,-0.6570596548050135,0.3907803578894449,-0.7426507846890055,-0.6999539621380526,1.7378509003316838,0.1772409112150674,0.1074815228326351,-0.1397719447984015,-0.7563842493701259,-0.886676788587826,-0.9631261420996432,-0.9726950583751144,-0.8574294151845081,-0.604126217347711,-0.3355409144850726,0.1125631343027104,0.4670507812053014,0.7114061663654907,0.9719950670809404,0.9274703854374268,0.3101388275218542,0.80463765620098,0.7099227729274225
G20271,0,0,2.5761839150461798e-05,10.18730/JN99F,FULL,Phaseolus,vulgaris,Phaseolus vulgaris,MKD,LIPKOVO - LIPKOVO - KUMANOVO,42.15,21.59,0.3591811050669926,-1.1560145901275245,0.3859604233784113,-0.5912234798337955,-0.1712944227733137,-0.1086824381711235,-1.9573676353307805,-0.7029357498285463,0.0023181714832163,2.2171542960356803,0.7943950538237766,0.7321985335682625,-0.4479571220998433,-0.1467162914350786,-0.191581395163998,-1.1168865380120652,0.1057422234246057,0.6071251130757639,-0.3590098957071633,-0.5196281741371581,-0.0321008547626553,-0.4211558031252794,1.337147065116156,0.6442313756373401,-1.0281539997894191,-0.1771475265719264,1.254587388272308,-0.1099513511812154,-0.5509180671459002,-1.1698836982734446,-1.3307787165281575,-0.2277393053604444,-0.9406934770461975,-1.304788663724152,0.505028431275505,-1.7470522713390255,-0.8961254821531565,-0.2888073644912927,-0.4831577836611801,-1.6164663228380154,-0.5296838198479228,-2.006548924952359,-0.4932882902008956,-0.6684681660772357,-0.373580457867616,-0.3751923802875902,-0.3727781909396353,-0.604126217347711,-0.6953801474128649,-1.792598853684021,-1.8030687713894047,-1.3854878009053917,-0.4658040009012009,0.3229016711827793,-0.5636605643295419,-0.3729298787695683,-0.0641150216376775
G22401,1,1,0.9854549767043156,10.18730/JVHV*,FULL,Phaseolus,vulgaris,Phaseolus vulgaris,GEO,"NE ZUGDIDI, TAIA - ZUGDIDI - MEGRELIA",42.61,42.21,0.3591811050669926,-1.325658725143764,0.3859604233784113,-0.4180986129297273,-0.0076062512813581,-0.9551885958160186,-1.8773730733800849,-1.6225502729394343,1.1940341655440772,1.966827193535424,0.3085889191485086,1.7412258230545752,0.7295666500124566,0.7786843433632905,-0.3268283271420874,-1.253971672929746,-0.0277277134216875,0.6071251130757639,2.2589641601347483,0.2685538374092394,1.55602515088652,1.9026311336535344,-0.9840871357292964,-0.3401345396186341,0.0556259916923274,-0.3070593246106268,1.6672002845517695,-0.1099513511812154,1.0666608991008526,0.2062222827571616,-1.0013193932437787,0.014246107216713,1.1834974926606916,-0.2086543531048818,4.107501498125112,-2.009126771514412,1.1483767376371403,1.4059188550770594,-0.2876863730767849,-1.4078343117371848,0.4953211668381057,-0.8348235028387289,1.114520349166623,0.4771271021033633,0.9426145580922582,0.9990637793137152,0.5157490535092981,0.5310457960180192,0.4579507273556998,-1.7076581071709165,-1.7569641718210072,-1.481833909674524,-0.6719127950459027,0.2075044771211381,-1.211014895364667,-1.1222909445759592,-0.9671593203469846
G22826,0,0,1.7050840835422452e-05,10.18730/JR97E,FULL,Phaseolus,vulgaris,Phaseolus vulgaris,MEX,"44 KM NE DE SAN LUIS, RANCHO LA PURISIMA - VILLA HIDALGO - SAN LUIS POTOSI",22.46,-100.71,0.3591811050669926,1.045663458284173,0.3859604233784113,-0.4461452371377001,-0.7482952272824572,0.0005441628153144,1.0253294841539191,1.0771960996046597,-1.669678550881989,-0.006521157804863,-0.6630233502020273,-0.7813424006612064,-0.6834618765223034,0.2003089466143097,0.484653264726449,0.6652202159177848,0.3726820971171922,-1.0266228920415694,-1.2617595701354087,-0.6772645764464376,-0.7857877726978572,-1.2661692346812117,1.4661045207186814,1.4645363050173188,0.4349489887109389,-0.6967947187267279,0.0167486994339235,-0.1099513511812154,-0.0117250783969826,-1.1698836982734446,0.0908833566579845,-0.0260846538501016,-1.194129134342467,-1.2475990475179293,-0.5408508461969617,0.0192918982452173,-0.6933196319326712,-0.6999539621380526,1.2874168615601014,0.0181301781331996,0.2792391738189383,-0.2383941095761392,-0.7856171337222626,-0.9194080819644146,-0.9768365068492252,-0.8233193888532333,-0.6554914050824778,-0.527812132415561,-0.4647139724591519,0.0123374205507437,0.4202368801050825,0.6728677228578377,0.8972268688839858,0.7616924651878981,0.3178761302832302,0.1623282076856287,0.1938976790757006
G9516C,0,0,2.984081870567526e-05,10.18730/S63MV,FULL,Phaseolus,vulgaris,Phaseolus vulgaris,TUR,MENGEN - BOLU,40.73,31.65,0.3591811050669926,-0.8889666514122068,0.3859604233784113,-0.5999971034539718,-0.3209521795659589,0.1643840642949716,-1.330260204889338,-0.2754143421989719,0.2809185616575407,1.3497998182340667,0.3085889191485086,-0.2768287559180501,-0.6834618765223034,0.0846338672645136,0.2141594007702701,-0.4314608634236613,-0.828547334499447,0.6071251130757639,-0.8555222166426983,-0.7166736770237575,-0.4762377885458992,-0.8436625189032455,1.0792321539111058,1.300475319141323,-1.353287997233943,-1.606177304997631,2.217350812924385,-0.1099513511812154,-0.0117250783969826,-1.1698836982734446,-1.3585742970420918,-0.5100556713172067,-0.9273547582411308,-1.219004239414818,0.1176657359153321,-1.3462816565343698,-1.0715251363979004,0.0371015238872365,0.0324334595139251,-1.3537662104581802,-2.6988161262229,0.2594130713221494,-0.0547950249188452,-0.8103037707091194,-0.4832633758642722,-0.3602548133354021,-0.3997032589532394,-0.6804403022798609,-0.8060999113906471,-1.6897528598339635,-1.137743934540839,-1.30438450934451,-0.3440575542796114,0.6384144871415595,0.3560468239060185,-0.265878261478529,-0.580140269276917
G16576,0,0,2.0567179575762465e-05,10.18730/JKEKR,FULL,Phaseolus,vulgaris,Phaseolus vulgaris,IRN,KERMANSHAH CHAMCHAL - KERMANSHAH - KERMANSHAHAN,34.32,47.07,0.3591811050669926,-0.5007723426914878,0.3859604233784113,-0.5996553967638893,-1.5310754473814878,1.9302141135757205,-0.7510954772787545,0.2849157577758145,-0.4475364481659569,1.395004076814082,0.7943950538237766,0.2276848888251061,-1.1544713853672233,-0.7250916881840593,-0.3268283271420874,-0.7056311332590228,0.5061520339634855,0.6071251130757639,-1.3971720212996457,-0.7954918781783972,-0.3483801863961775,-1.2661692346812117,2.239849254333832,2.448902220273293,-0.9197760006412448,-0.3070593246106268,0.9795121240860004,8.092419446937457,-1.0901110558948175,-1.1698836982734446,-0.4960938969843599,1.062849895059898,-1.0073870710715316,-0.9521193637857782,-0.7732684634130653,0.3344572216801481,-1.6032053383272806,0.207576942423698,1.4687235981063544,-1.229574514149497,-2.058880563353044,1.135271941718767,0.0621365124897015,-0.9194080819644146,-0.2913182693701239,-0.1361913090525806,-0.7362666091232899,-1.109707030023204,-1.073672674336954,-1.15412393644927,-0.0670532722562869,-0.7461522791329089,-0.2203261112457134,0.8796227683874779,2.107256348897453,-0.3729298787695683,0.3229038756448727
G23590,1,1,0.9660531998505528,10.18730/PG75S,FULL,Phaseolus,vulgaris,Phaseolus vulgaris,MEX,COMALTEPEC - COMALTEPEC - OAXACA,17.57,-96.55,-1.2939186614670004,0.9504000863241155,0.3859604233784113,-0.2598862046358969,-0.061389507628715,0.8561525372090794,0.0206029387037674,0.7747595433052116,0.2919182483822235,-0.4024346249566051,-0.1772172155267593,0.2276848888251061,0.4940618955899966,0.3159840259641059,0.2141594007702701,-0.020205458670619,1.306971655041245,-0.3799309733492916,0.1826399089497839,0.741463044337078,2.2087718565982573,0.7407376652641275,-0.9840871357292964,-0.996378483122617,0.9768389844518124,0.0826760695054743,-0.1207889326592303,-0.1099513511812154,0.527467910351935,0.2062222827571616,-0.0979630959780168,-0.4092283840245916,2.6457545416661405,3.117874989557078,0.4275558922034704,0.4972328956730862,1.5101385245169248,0.5184438821078337,0.026767609485866,0.1461742045035485,-0.1390737888801441,-0.1280311866364737,-0.3617403106162805,2.2773482378157333,0.7232487220989459,-0.4349426480963426,0.2734234413868617,2.858625386448592,2.9952786518465424,0.1132182043272331,-0.0585416538744289,0.3599585696016698,-0.1955136560918568,-0.0522799378029957,-0.9690952290256444,0.3764311870368224,0.1938976790757006
G7253B,1,1,0.9942858198506728,10.18730/S6SX0,FULL,Phaseolus,vulgaris,Phaseolus vulgaris,COL,"PAEZ, VEREDA HIRAMA - PAEZ - CAUCA",2.67,-75.98,0.3591811050669926,0.4697417037781037,0.3859604233784113,0.8650043360766473,1.6906585279476811,-1.4649127337527297,0.3425337021418159,-1.8699307889679524,0.5846939034120002,-0.9581026676231325,-0.1772172155267593,0.2276848888251061,1.4360809132798364,3.323536089058805,3.460085768244416,-0.4314608634236613,-0.9620172713457402,0.6071251130757639,-0.2913036701250449,0.8990994466463574,2.269335983932336,0.7407376652641275,-0.9840871357292964,-0.8323174972466213,-0.2695080057521966,0.7322350596989763,-0.395864196845538,-0.1099513511812154,1.60585388784977,0.2062222827571616,0.3982696933352377,-0.3084011351945345,0.8466948428327548,0.0010409063179351,2.519314447148404,-1.4481017546440076,0.8797960170748762,0.9195625139583312,-0.8769336007631601,1.320106283396512,0.2072117019086218,0.3627315819126434,0.4713968934196153,0.9462756405011324,1.491029148075539,1.417315653974982,0.7042245296045264,0.0159257227260071,-0.1879145625146964,0.6750499286928331,-0.0248498311129077,-0.1962604583371433,-0.9309548268521652,-1.0852255529401258,0.0831779465214915,-1.336394179158038,-1.3541782176295345
G15279,0,0,0.010395137293994,10.18730/JRZV=,FULL,Phaseolus,vulgaris,Phaseolus vulgaris,ESP,"CARBALLINO, NEAR RÍO VINAO - CARBALLINO - ORENSE",42.44,-8.07,0.3591811050669926,-0.7513491091465803,-1.80637314900962,-0.5083269659584145,-0.2659997219936595,-0.3817489406372187,-1.975388506043113,-0.8224343586504167,0.0535763853822999,2.3515451309716067,1.2802011884990447,1.7412258230545752,-0.2124523676773833,-0.6094166088342632,-1.0030629870325345,-2.0764824824358303,0.5061520339634855,0.6071251130757639,0.0020899740641348,-0.0861280677866394,0.5398936811703103,0.1069775915971782,-0.8551296801267712,-0.6682565113706256,-0.7572090019189827,1.1219704538150774,0.8419744919928466,-0.1099513511812154,-1.0901110558948175,0.2062222827571616,-0.9122100426895402,-0.5947506080280233,0.8533642022352882,0.3346470008542348,0.4275558922034704,-0.7846111704290339,-0.6823571535423747,2.218184084574317,-0.8854324686755799,-1.0750227470561904,-1.5962431215700108,0.2054056823094568,1.93304111102645,0.6080522756097174,1.5732913365730314,0.685374873317765,0.4888239854956941,-0.4801158293329673,-0.78764661739435,-1.8832168737429889,-1.94280117315824,-1.5741536138980812,-0.5187372385627615,0.1438952921017944,-0.992822957493864,0.0552764627791469,-0.3221277223510561
G17147A,0,0,0.00018666287910403675,10.18730/S2KRU,FULL,Phaseolus,vulgaris,Phaseolus vulgaris,ECU,"CRUZPAMBA, EL HIGUERÓN - CELICA - LOJA",-4.15,-80.0,0.3591811050669926,0.9504000863241155,-1.80637314900962,0.1835866946743543,0.8745560729377883,0.0551574633085335,0.899411864892483,0.8038497243901251,0.0576977112703105,-0.9997777724791416,0.3085889191485086,0.7321985335682625,0.2585571411675366,0.2003089466143097,0.0789124687921807,-0.1572905935882998,-0.4281375239605672,0.3688701956628195,-0.7201097654784615,-0.1255371683639593,-0.2070638892833271,-0.526782482069771,-0.4682573133191957,-0.1760735537426384,0.0556259916923274,0.4724114636215755,-0.395864196845538,-0.1099513511812154,-0.0117250783969826,0.2062222827571616,0.6615101825159936,0.0465110006930933,-0.4271528030511254,0.5824686710812003,-0.8120047329490826,1.7333969363760666,1.756794288298596,-0.845359466183858,0.1315856712154753,1.0352562637914082,0.5174835492104302,0.5036203663443084,0.6614106417085038,-1.0939749799728868,-0.9631261420996432,1.3426278192140415,-0.5477911330280616,-1.081089248173648,-1.0828993213351026,-0.0160489471785714,-0.2145879908751586,-0.6633233856239233,-1.1641919052984169,-1.238337927499962,0.4432204350175214,-0.0517750268964503,0.7099227729274225
G7971,0,0,1.6108610160156194e-05,10.18730/K2F05,FULL,Phaseolus,vulgaris,Phaseolus vulgaris,MEX,PABELLÓN DE ARTEAGA - PABELLON DE ARTEAGA - AGUASCALIENTES,22.18,-102.35,0.3591811050669926,1.3985433429920149,0.3859604233784113,-0.5045519420914425,-1.2568977601324622,0.310019532276889,0.891751994215207,0.8484879341751809,-1.5525684023002044,0.18796267037658,-1.1488294848772953,-1.2858560454043628,-0.9189666309447634,-0.493741529484467,-0.0563344631859086,1.3506458905061889,1.0400317813486584,-1.8094604778269583,-0.3590098957071633,-0.8349009787557171,-0.8867279849213217,-0.8436625189032455,0.9502746983085808,1.300475319141323,1.5729179797667732,-0.4369711226493272,-0.9460147252181532,-0.1099513511812154,-0.0117250783969826,-1.1698836982734446,-0.0652624284986918,-0.1430443301870673,-1.0907540636031992,-0.7805505151671098,-0.734532193877048,0.9346227647084504,-0.5014762601024825,-0.6949399792399215,1.5962048623876797,0.1212270510226419,0.1684277375080738,-0.0881126671094775,-0.7271513650179893,-0.8430350640857079,-0.9768365068492252,-1.0324453261838666,-0.9112795512117162,-0.4801158293329673,-0.0126082695498745,0.1084143574807336,0.5280507129419504,0.771514634224442,1.0030933442071073,0.9710961539241448,0.3720372496128622,0.1623282076856287,0.3229038756448727
G24505,0,0,0.0005144921723951219,10.18730/PFE0$,FULL,Phaseolus,vulgaris,Phaseolus vulgaris,GIN,TARAMBALI ETHNIE PEUL - TARAMBALI - LABE,11.36,-12.15,0.3591811050669926,-1.0246609006158671,0.3859604233784113,-0.602905585616363,-0.245538700557165,1.165627906670654,0.3932893727109898,0.1776777732448336,0.9667385509584514,-0.7696687584247565,-0.1772172155267593,-0.2768287559180501,0.2585571411675366,-0.2623913707848747,-0.191581395163998,0.2539648111647425,1.0400317813486584,0.6071251130757639,0.0472274577855471,-0.6378554758691177,-0.9674801547000932,-0.6324091610142625,-1.628874413741922,-0.996378483122617,-0.5404530036226333,-0.8267065167654283,0.5668992278065389,-0.1099513511812154,0.2578714159774761,1.582328263787768,1.137305062938399,1.1999751442430613,0.7166423344833533,1.630944968195285,-0.7732684634130653,1.1144637947734255,-0.622063522395744,-0.7200098937305776,0.307226714768957,0.1283782685392305,0.7280250853388206,0.6421610842395583,-0.9756308820111512,0.3243810663459501,-0.7437603061063307,-0.494692915905095,0.5830617235433082,0.8935376994457312,1.851174424076126,1.068747013430951,0.9944164701145856,1.5621279267806971,1.4960341199303908,0.5458152753213644,0.2693890329786073,-0.0517750268964503,-0.580140269276917
G6749,0,0,0.0042880733474503,10.18730/JFW2P,FULL,Phaseolus,vulgaris,Phaseolus vulgaris,MEX,PIJIJIAPAN - PIJIJIAPAN - CHIAPAS,15.69,-93.22,0.3591811050669926,-1.1573232396750368,0.3859604233784113,-0.6144329964543244,-0.4998399669821675,1.9393163303245904,1.919308548411368,1.529597357020418,1.11169009555369,-0.6177559848658052,-0.6630233502020273,-0.2768287559180501,-0.9189666309447634,-1.0721169262334478,-1.0030629870325345,-0.1572905935882998,-0.1611976502679807,0.6071251130757639,0.7017209717460251,-0.7954918781783972,-0.8598105949950645,0.1069775915971782,-0.3392998577166706,-0.5041955254946299,-0.973965000215332,0.0826760695054743,0.0167486994339235,-0.1099513511812154,-0.5509180671459002,0.2062222827571616,2.074997075675796,1.9541631301116305,1.773735799784898,2.5173840193917387,-0.6957959243410308,0.8804835021433262,-0.0903833204663638,-0.7500937911193648,-0.0922149675580477,0.9246383252961574,1.628367440648069,1.4569681644711507,-0.9463979976590144,1.1426634007606635,-0.4147115521163622,-0.4349426480963426,1.700452046107876,2.524751264870436,2.118747187022433,0.54119728701537,0.4110159601914031,0.3585205679782499,-0.2702818542888113,0.044259666009548,0.0754406437601155,1.4469471047163314,1.2259481743541794
G20215,0,0,2.9281531469681025e-05,10.18730/JN7N0,FULL,Phaseolus,vulgaris,Phaseolus vulgaris,MKD,PSACA - KRIVA PALANKA,42.17,22.21,0.3591811050669926,-0.7743152863409856,0.3859604233784113,-0.5951713702008389,-0.1508334013368193,-0.4454644578793076,-1.9705002732207928,-0.6962810907816559,-0.0253208116675739,2.296476535548145,0.7943950538237766,0.7321985335682625,0.0230523867450766,0.431659105313902,0.3494063327483596,-1.1168865380120652,-0.294667587114274,0.6071251130757639,-0.4041473794285756,-0.4802190735598382,0.7485034530988037,-0.2099024452362963,0.6923597871035305,0.3161094038853487,-0.81139800149307,0.2125878675441747,0.9795121240860004,-0.1099513511812154,-0.2813215727714414,-1.1698836982734446,-1.423975613971453,-0.3850297812267829,-0.9673709146563312,-1.3333834718272637,0.3113470835954186,-1.7221013493181754,-0.8577568077871187,-0.3339332105744736,-0.1092124315260997,-1.469434145306893,-0.6211031550708238,-2.0746451820511425,-0.5663705010812374,-0.7121098905793538,-0.4147115521163622,-0.3751923802875902,-0.4131657929600414,-0.5850476961146734,-0.6769268534165679,-1.8222953614623816,-1.8658419569556075,-1.40705782525669,-0.5839112874335581,0.2376203302055176,-0.7514191113389329,-0.1588267718029321,0.0648911749314939
G9996,0,0,0.0001913665888331156,10.18730/JRGZ3,FULL,Phaseolus,vulgaris,Phaseolus vulgaris,MEX,ARROYO DE MIRANDILLA - TALPA DE ALLENDE - JALISCO,20.43,-104.7,-2.9470184280009937,0.3030761095446224,0.3859604233784113,-0.514920857038204,-0.855861739977171,1.1747301234195238,0.763144252454394,1.157946205542743,-0.293633083490816,-0.2148966738048107,-1.634635619552563,-1.790369690147519,-0.4479571220998433,0.2003089466143097,0.484653264726449,1.213560755588508,1.306971655041245,-1.1287321423614027,0.8822709066316742,-0.5984463752917978,-0.5973660432140567,0.1069775915971782,-0.3392998577166706,0.152048418009353,1.3561619814704238,-0.3070593246106268,-0.8084770931249995,-0.1099513511812154,0.527467910351935,0.2062222827571616,0.0352921576224234,-0.2116069547786493,0.1664201837743475,0.8112271359060915,-0.6183233852689962,1.229218353521688,1.1757829336128818,-0.5645764238885097,1.151436609479201,0.0744113881310611,0.2681579430035463,-0.0998534028777288,-0.551754058905169,-0.1338570409262895,-0.6889188471080027,-1.0175077592316786,-0.8439668811777061,0.7981450932805438,1.528241779140928,0.2363713689374929,0.5620971864693822,0.9938296852051568,1.0738915495794443,0.8613280912801444,0.2828003577649923,-0.6940846030272442,-0.8381529699902952
G51259A,0,0,2.8653055407764543e-05,10.18730/S2YF9,FULL,Phaseolus,vulgaris,Phaseolus vulgaris,PER,CALLASH - CAJABAMBA - CAJAMARCA,-7.64,-78.08,0.3591811050669926,2.0813609864323785,0.3859604233784113,0.7750027052962922,0.4647510435954279,-0.6275087928567044,0.2781924304399565,0.0394824675578191,-0.8791843499233977,-0.7427813077139324,0.7943950538237766,0.7321985335682625,-0.4479571220998433,-0.493741529484467,-1.0030629870325345,-0.9798014030943843,-0.0277277134216875,0.6071251130757639,-1.4874469887424702,-0.5984463752917978,-0.7050356029190855,-1.3717959136257032,0.1765299646934299,-0.1760735537426384,0.1640039908405021,1.381794049892478,-0.395864196845538,-0.1099513511812154,-1.3597075502692766,0.2062222827571616,-0.3628386487439808,-1.2481114604542094,-0.6605803821397945,-0.5517920503422187,-0.6183233852689962,0.10051346299175,-0.4357013897607035,-0.7701497227118898,0.2590669304311467,1.391692661956067,-0.3967102257303685,-0.229001563509523,0.2959995873067951,-0.3957073879389978,-0.2364768103717958,0.2073727308477457,-0.8439668811777061,-1.0238536844745356,-1.03676608634436,0.1547059725470014,0.4787542564803562,-0.9026068557609928,-1.3557440590861891,-1.0613017444151511,-0.8308554196890598,0.3764311870368224,0.9679354736408012
G438,0,0,7.104045553357398e-05,10.18730/JZE4D,FULL,Phaseolus,vulgaris,Phaseolus vulgaris,TUR,AKSARAY MAKALLESI - ELAZIG,38.65,39.21,0.3591811050669926,-0.0724230797949656,0.3859604233784113,-0.5603388607014884,-1.120101216814185,1.957520763822329,-0.7232429841087605,0.149704058157749,-0.1818164950531724,1.1713375276296834,-0.6630233502020273,-0.2768287559180501,-1.3899761397896833,-0.3780664501346709,-0.0563344631859086,-0.020205458670619,-0.294667587114274,0.6071251130757639,-0.7652472491998737,-0.559037274714478,-0.8799986374397574,-0.8436625189032455,1.5950619763212064,0.9723533473893315,-0.5946420031967207,-2.1258244971524323,2.079813180831231,-0.1099513511812154,-0.2813215727714414,-1.1698836982734446,-0.8598889454859355,0.9942874627811054,-0.86232850406643,-1.0760301988992609,-0.6957959243410308,-0.2761688351952169,-1.4880993152291673,0.207576942423698,0.0720942307238864,-1.7290054317439116,-1.9286772059369683,1.1352719865061196,0.0767529546657699,-0.6575577349517062,-0.1542146218743036,0.1625600299911814,-0.3458531229260313,-0.9570788601589044,-1.0459927333425083,-1.477946885238304,-0.5429946001085124,-0.8655064138767598,0.11811577705289,1.1743077981009862,1.925171823913071,-0.8011362203182835,-0.580140269276917
G51376,0,0,8.854543128305781e-05,10.18730/K3YD5,FULL,Phaseolus,vulgaris,Phaseolus vulgaris,ARG,"N DE SALTA, VAQUEROS - LA CALDERA - SALTA",-24.67,-65.37,-2.9470184280009937,0.0880423999915649,0.3859604233784113,-0.2699102651695452,0.0403309989412859,0.0369530298107938,0.1536572732496685,0.6117547328651307,-0.93773942421429,0.4241215620135375,0.7943950538237766,0.7321985335682625,0.2585571411675366,-0.6094166088342632,-1.0030629870325345,-0.2943757285059805,1.1735017181949516,-1.1287321423614027,-0.8780909585034045,-0.0073098666319996,-0.4156736612118205,-0.738035839958754,-0.5972147689217209,-0.5041955254946299,0.9768389844518124,0.2125878675441747,0.0167486994339235,-0.1099513511812154,-0.2813215727714414,0.2062222827571616,-0.187072459201484,-0.0543163635246369,-0.6439069836334611,-0.2658439693111046,-0.6183233852689962,1.0009879601015996,0.7975774291476525,-0.7902056543044146,0.0409320977833467,-0.6411379949829326,0.4482263982137039,-0.8066457610681276,1.4945478457443997,-0.8757663574622965,-0.1953457161230497,-0.6141934515225999,-1.0593674252865384,-1.0715499875571293,-1.0275394393462116,1.4548016145496374,0.8397887361774989,-0.1102679612566339,-1.3203449564000207,-1.9051085439195428,-0.1798903473652923,-0.1588267718029321,0.9679354736408012
G50583,0,0,5.812344798837247e-05,10.18730/JWJXH,FULL,Phaseolus,vulgaris,Phaseolus vulgaris,PER,"CHANCAY, MONTAMAYO - SANTA CRUZ - CAJAMARCA",-6.56,-78.81,0.3591811050669926,1.5441545588809535,-1.80637314900962,2.3631296156816664,1.0359058419798588,-0.7367353938431425,0.1955425444200814,-0.7103396987320296,-0.3814657821810976,-0.7844564042898426,0.7943950538237766,0.7321985335682625,0.4940618955899966,0.0846338672645136,0.2141594007702701,-0.1572905935882998,-0.294667587114274,-0.2437853062561805,-0.6975410236177554,0.2685538374092394,0.176508917165838,-0.2099024452362963,0.3054874202959551,-0.1760735537426384,0.8684609853036377,0.7322350596989763,-0.6709394610318457,-0.1099513511812154,-0.2813215727714414,0.2062222827571616,-0.325232825593054,-1.1835819427393566,-0.2504147788839902,-0.5327288449401444,0.1176657359153321,-0.8522763825155396,0.1727161609007521,-0.4241849027408356,-0.0582200227364252,1.1170707164788485,-0.3274530747336439,-0.2243052512872827,0.2959995873067951,0.0079785637055941,0.1474134026165008,0.7301875741743293,-0.2650779188852191,-0.8139899509111233,-0.8614597933795382,0.1354905851610034,-0.1287625055247573,-0.6917958177676371,-0.9114356954644648,-1.1713512636300336,-1.082059849341734,0.3764311870368224,1.096941977785008
G10,0,0,2.801149875144136e-05,10.18730/JZ2VP,FULL,Phaseolus,vulgaris,Phaseolus vulgaris,TUR,BAZAR IN ANKARA - ANKARA - ANKARA,39.93,32.87,0.3591811050669926,-0.819821215979373,0.3859604233784113,-0.5998111695131907,-0.4863941528953283,0.8106414534647302,-0.7058153487217919,0.0378644895479437,0.0584310022727737,0.972943315802979,0.7943950538237766,0.2276848888251061,-0.9189666309447634,-0.8407667675338554,-0.7325691230763556,-1.253971672929746,-0.4281375239605672,0.6071251130757639,-1.148915860831878,-0.7166736770237575,-0.940562764773836,-1.2661692346812117,1.7240194319237316,1.9567192626453056,-0.648831002770808,-0.1771475265719264,1.5296626524586157,-0.1099513511812154,-1.0901110558948175,-1.1698836982734446,-1.2702824507492458,0.0505440691072618,-1.194129134342467,-1.3810414853324493,-0.4246420375889098,-1.0287713915732593,-1.307218421789275,-0.273765415796899,0.1457502464733577,-1.5249074680921515,-1.2915118764661535,0.5388426184364152,-0.3617403106162805,-0.864855926336767,-0.6614981176088386,-0.4200050811441545,-0.4804784629940515,-0.8044506902946045,-0.9537262633610234,-1.5786093123399525,-0.7288316014457451,-1.094436272325206,0.0301142694405454,0.9443577796903496,1.343326656257596,-0.3729298787695683,-0.4511339189202276
G52055,1,0,0.5777406368976292,10.18730/K4KYW,FULL,Phaseolus,vulgaris,Phaseolus vulgaris,NIC,PAIWAS - MATAGALPA,12.84,-85.24,0.3591811050669926,-1.0129034251300055,0.3859604233784113,-0.5860064257581474,0.8342186306772706,-0.8095531278341012,0.6048315924132904,0.839459960136924,1.3751881916245348,-0.6316477058047062,0.3085889191485086,-0.2768287559180501,0.2585571411675366,0.0846338672645136,0.484653264726449,0.3910499460824232,-0.6950773976531537,0.436943029209375,-1.0135034096676412,-0.4802190735598382,-0.1666878043939413,-0.8436625189032455,-0.4682573133191957,-0.6682565113706256,-0.1069410070299345,-0.1771475265719264,-0.2583265647523842,-0.1099513511812154,0.2578714159774761,0.2062222827571616,1.4561367160706933,1.1959421142914506,1.3585681769771936,1.268744065555874,0.2726108140594013,-0.0247033549179922,1.159339216027437,-0.0381082195847317,-1.2112180803751904,0.4137358728305824,1.1685002983127937,1.1376201874045928,0.0329036281375648,1.3499615921457244,0.6272761688518717,-0.5245680498094712,1.054250413781379,1.7520711549324182,1.9711208350520568,0.9200461178643072,1.1203174920129015,1.5813971485345235,1.6945337611612432,1.0175364881196831,1.4764082637532632,0.6975861665253832,-0.4511339189202276
G6977,0,0,0.0005411626002382008,10.18730/JFP2F,FULL,Phaseolus,vulgaris,Phaseolus vulgaris,ECU,FINCA ALARIGUINE - ZARUMA - EL ORO,-3.69,-79.62,0.3591811050669926,0.384919636269984,0.3859604233784113,0.1416472693867166,0.8394800361895121,-0.1723979554132124,0.8374619652259306,0.7737566051475262,0.3504733881135731,-0.916427571047222,0.7943950538237766,0.7321985335682625,0.0230523867450766,-0.493741529484467,-1.0030629870325345,-0.4314608634236613,-0.1611976502679807,0.436943029209375,-1.103778377110466,-0.3619917718278785,-0.449320398619642,-0.9492891978477372,-0.3392998577166706,-0.5041955254946299,0.1098149912664148,0.6023232616602759,-0.1207889326592303,-0.1099513511812154,-0.5509180671459002,0.2062222827571616,0.933743322605932,0.3489927471832622,0.0863878709439466,0.8779483548133514,-0.6570596548050135,1.130806223930405,-1.2798122258135338,-0.3690310908613922,0.1344185742783367,1.0988908532938864,0.6975519780011012,0.747827683760145,1.5676300566247414,-0.9630498064665326,-0.7848914003550768,1.9102553633971893,-0.1169900448103969,-0.9666181207754232,-1.0459927333425083,0.0544802587950347,0.4996786516690903,-0.615294131401699,-0.7016877412305306,-1.1865499184576644,-0.1917542115994022,-0.3729298787695683,0.1938976790757006
G3194,0,0,1.2848881311525174e-05,10.18730/K1Q4J,FULL,Phaseolus,vulgaris,Phaseolus vulgaris,GTM,EL SAUCE - EL SAUCE - CHIQUIMULA,14.55,-89.67,0.3591811050669926,-0.2708599870519357,0.3859604233784113,-0.5839942400213419,-0.4478105124722245,0.3373261825234985,0.5467672732099816,1.2000768786061993,-0.7327964896882804,-0.5691350443806426,-1.1488294848772953,-0.7813424006612064,-0.2124523676773833,1.0100345020628827,1.160887924616896,0.5281350810001041,-0.4281375239605672,-0.2437853062561805,1.017683357795911,-0.4408099729825183,-0.3080041015067917,0.6351109863196359,0.0475725090909048,-0.3401345396186341,0.2723819899886768,-0.4369711226493272,-0.1207889326592303,-0.1099513511812154,0.7970644047263937,0.2062222827571616,1.0588234453951193,0.7039049215334481,-0.0186545396459544,0.2869889873490491,-0.8120047329490826,0.8755154834892293,-0.8796817645677117,-0.7601217569156273,-0.9789185703121442,0.6082251619102276,0.8887015583487041,0.7830498686712233,-0.9902473241872196,0.1934558928395959,-0.8397328593534049,-0.5843183176182236,0.1253355673120395,1.046165869310031,0.6332570203205217,1.0484398426707484,0.8394340854115881,1.6343156082763757,1.7024737468104774,0.9122717306097958,1.0503407916934917,0.4834829319433041,-0.709146619633606
G16060,0,0,1.743953591838566e-05,10.18730/JSG30,FULL,Phaseolus,vulgaris,Phaseolus vulgaris,MEX,EJIDO DÍAZ ORDAZ - VIZCAINO - BAJA CALIFORNIA SUR,27.6,-113.54,0.3591811050669926,-1.6649469951762428,-1.80637314900962,-0.5755370111903061,-2.381669338527185,0.2645084485325398,1.3019751505296655,1.842566485922037,-2.10884213158734,0.4866341903172038,-0.6630233502020273,-1.2858560454043628,-1.6254808942121433,-1.9975175610318168,-2.085038442857249,1.4877310254238694,-0.5616074608068605,0.6071251130757639,-1.4874469887424702,-1.2684010851062355,-1.9701529294531743,-2.111182666237144,2.6267216211414075,3.433268135529268,-0.5946420031967207,0.2125878675441747,-1.6337028856839226,12.193604845996791,-1.3597075502692766,-1.1698836982734446,0.618181781051154,1.2161074948248571,-1.7060024684869055,-1.724179182569786,-0.8120047329490826,0.0552792293121712,-1.4661743584485742,-0.6648560818511341,2.1401255059841664,-0.18162951346934,-0.3690073336282956,0.5388425736490629,-0.7563842493701259,-1.1376167044750047,-1.0453883305971352,-1.1071331609448072,-1.1939927653545588,-1.1287855512562417,-1.0275394393462116,-0.2134433812347325,0.5294693160055933,0.512674342008862,1.2178037894718126,1.449853780994515,1.3381684544166788,-0.1588267718029321,0.3229038756448727
G21902,0,0,2.6874377151043368e-05,10.18730/JVM1W,FULL,Phaseolus,vulgaris,Phaseolus vulgaris,TUR,KAYMAZ - ESKISEHIR,39.52,31.19,0.3591811050669926,-0.7083063389243799,0.3859604233784113,-0.5997817025224892,-0.5583000282292945,0.8925614042045587,-0.7001167808959698,0.0942871410567788,-0.0028701315646568,1.0281625574648423,0.7943950538237766,0.2276848888251061,-1.1544713853672233,-0.6094166088342632,-0.3268283271420874,-0.8427162681767036,-0.4281375239605672,0.6071251130757639,-1.2617595701354087,-0.9137191799103568,-0.9876681971447862,-1.4774225925701947,1.337147065116156,1.7926582767693102,-0.973965000215332,-0.6967947187267279,1.5296626524586157,-0.1099513511812154,-0.8205145615203591,-1.1698836982734446,-1.2858152714565103,-0.1511105439405229,-1.1457762786740997,-1.3810414853324493,-0.3471694985168752,-1.0959930478037574,-1.235962312252348,-0.2236255868155868,-0.4236665609927302,-1.5998065713370195,-1.3579987065492898,0.4519611782300904,-0.3617403106162805,-0.8539454952112374,-0.6752084823584206,-0.4200050811441545,-0.4804784629940515,-0.7376758659789734,-0.9168196753684292,-1.5633243451010903,-0.7731629471845888,-1.0231113918035797,0.1002508093421132,1.0234470761082064,1.3763391480394669,0.0552764627791469,-0.4511339189202276
G24574A,0,0,1.640875054344758e-05,10.18730/S6MRM,FULL,Phaseolus,vulgaris,Phaseolus vulgaris,MEX,6 KM S DE SAN ANTONIO XAGUIA - SAN ANTONIO XAGUIA - OAXACA,16.47,-96.53,-2.9470184280009937,0.3142345800132176,-2.902539935203636,-0.5817168594860389,-1.0546259482174027,2.003031847566679,1.1650721802343935,0.7220962976395843,-1.4647356163559797,-0.3329761196232892,-1.1488294848772953,-0.7813424006612064,-0.4479571220998433,-0.0310412120852824,0.3494063327483596,0.9393904857531464,0.9065618445023652,-1.6392783939605695,0.6565834880246127,-0.5984463752917978,-0.9338334172922718,0.0013509126526867,0.8213172427060557,0.3161094038853487,1.5729179797667732,-0.3070593246106268,-0.6709394610318457,-0.1099513511812154,0.2578714159774761,-1.1698836982734446,0.9092178132254324,0.5587136124470605,-0.757286093476529,-0.5231972422391072,-0.734532193877048,0.8108417618784584,-0.2767454531014043,-0.8102615858969395,0.3043937306556244,0.7125471904266996,0.7446467730449895,0.5411907297601845,-0.9610144398350828,-0.7557516150814718,-1.0042572363483893,-0.6888812862835404,-0.184302714844407,0.2353287169059382,-0.1048747395313597,0.3994838050436348,0.2737661137839431,0.7128441679889106,0.0053018142866888,0.0591768642662968,-0.6864257681433745,0.3764311870368224,0.0648911749314939
G51190,0,0,3.038607346794753e-05,10.18730/JXRN4,FULL,Phaseolus,vulgaris,Phaseolus vulgaris,PER,HUANGAMARCA - OTUZCO - LA LIBERTAD,-7.85,-78.52,0.3591811050669926,2.0813609864323785,0.3859604233784113,0.143481448782656,-0.0502820959917608,0.4829616505054159,-0.0690345154223311,0.4843601581718487,-1.3183477561208623,-0.7011062111380221,0.7943950538237766,1.2367121783114188,-0.4479571220998433,-0.2623913707848747,-0.3268283271420874,-1.1168865380120652,-0.0277277134216875,-1.094695725588125,-0.9457971840855228,-0.0861280677866394,-0.8530812475135001,-0.8436625189032455,0.9502746983085808,0.152048418009353,1.085216983599987,0.8621468577376766,0.1542863315270773,-0.1099513511812154,-1.0901110558948175,-1.1698836982734446,-0.8198306097944724,-1.7683802090365155,-1.2191392321019672,-1.1332198151054838,-0.734532193877048,0.1720914661645564,-0.8029444158356362,-0.8152755687950707,1.157102429113336,1.1537499445302557,-0.7346848462465626,-0.5859199151887942,-0.2301923310316654,-0.7993933395835899,-0.7437603061063307,-0.4498802150485307,-0.9785922212457264,-1.081089248173648,-1.0644460273388057,0.3125778484569621,0.5046437623918408,-0.5261380307496659,-0.5256847260058414,-0.81418287518071,-0.3635223329019494,0.9116891458765768,1.6129670716367297
G12720,1,1,0.998206756182689,10.18730/JP0WY,FULL,Phaseolus,vulgaris,Phaseolus vulgaris,COL,SAN ANTONIO - RIONEGRO - ANTIOQUIA,6.13,-75.37,0.3591811050669926,-0.1644491107611435,0.3859604233784113,0.3224782259260927,0.5097652907557157,-1.4102994332595105,-0.5207689346926399,-2.124719842690823,1.9314619209116703,-0.9372651193351772,0.3085889191485086,0.7321985335682625,1.4360809132798364,0.3159840259641059,0.3494063327483596,0.6652202159177848,-0.5616074608068605,0.6071251130757639,0.9499771322137924,2.317827067429873,2.302982721340157,1.9026311336535344,-1.3709595025368717,-0.996378483122617,-0.3778860049003713,-0.5668829206880276,-0.1207889326592303,-0.1099513511812154,1.0666608991008526,1.582328263787768,-0.073437555411719,-0.8609345464778744,2.210578840650836,1.0971752169372055,1.7833253259640751,-1.1023363651138165,2.173368467129863,2.213170101676186,-0.7324546259852655,1.345750564178828,-0.1889388519986504,-0.0035794054079493,-0.0109456983906401,2.037318753054084,1.8612089963142544,2.477882907580337,3.019780378774474,0.8172236145135814,0.8085633132853435,0.9757270699487332,0.3039114288863568,0.4048242202523703,-0.3261925865688347,-0.5042991906395708,0.3204552312036889,-1.336394179158038,-1.4831845679862237
G15994,0,0,1.4658281926848656e-05,10.18730/JSEBJ,FULL,Phaseolus,vulgaris,Phaseolus vulgaris,MEX,EJIDO ANCON - VICENTE GUERRERO - DURANGO,23.75,-104.0,0.3591811050669926,1.008913980779489,-1.80637314900962,-0.489491923852709,-1.100224795990162,0.5011660840031557,0.6936092837534715,0.6884923208629283,-1.4354580792105334,0.4866341903172038,-1.1488294848772953,-1.790369690147519,-1.1544713853672233,-0.3780664501346709,0.0789124687921807,0.9393904857531464,-0.6950773976531537,0.6071251130757639,-1.442309505021058,-0.9137191799103568,-0.980938849663222,-1.5830492715146862,1.4661045207186814,1.7926582767693102,-0.7572090019189827,0.2125878675441747,-1.2210899894044611,-0.1099513511812154,-0.5509180671459002,-1.1698836982734446,-0.0685325225341961,0.0384447100145217,-1.0557399267398988,-0.7328925016619242,-0.734532193877048,1.128408587914605,-0.5946573264200028,-0.684912013443659,2.28177139533564,0.0094573231585132,0.3180230325415391,-0.2008237573571029,-0.7417678071940575,-0.9194080819644146,-0.908284683101315,-1.062320460088243,-1.0189798232661325,-0.4991943505660048,-0.0771947985369141,-0.1309045581448776,0.2847602875271763,0.5284923598664808,0.8112103576839498,0.8607651781383804,0.2384398219331033,0.3764311870368224,0.3229038756448727
G10049,0,0,0.0002143748026176092,10.18730/JP2B3,FULL,Phaseolus,vulgaris,Phaseolus vulgaris,NLD,ROGGEL - ROGGEL - LIMBURG,51.27,5.92,0.3591811050669926,-1.0056812094158036,0.3859604233784113,1.0370694312493904,0.8424030392518684,-1.319277265770812,-1.7714703624407124,-1.6339757434484294,1.3210815726007712,1.1120750703928015,-0.1772172155267593,1.2367121783114188,-1.3899761397896833,-0.3780664501346709,-1.4088037829668023,-3.173163561777277,-0.828547334499447,0.6071251130757639,0.1600711670890778,-0.3619917718278785,-0.7655997302531642,0.0013509126526867,-0.9840871357292964,-1.3245004548746084,-1.299098997659856,4.239853606743886,-1.358627621497615,-0.1099513511812154,-2.9772865165160294,0.2062222827571616,-1.5065448578301208,-0.9899935819075828,-0.6238989054258608,-1.1904094313117066,0.8923911266356778,-1.9247393616146973,-0.5453261736636685,0.0270735580909741,-1.2905398085357744,-1.5119071908004154,-0.4354941901309165,-1.5815342755857664,-0.0694114670949135,-0.5593638548219406,-0.2227664456222138,-0.4498802150485307,-0.3458531229260313,-0.4324195262503736,-0.4739406194573004,-2.488501576401925,-3.300758955830499,-2.5692507373046443,-1.5843494792370545,-0.4257728073634784,-3.353731940081728,2.410411532720244,1.99998596891928
G16100,0,0,1.9324569541880946e-05,10.18730/JSHE6,FULL,Phaseolus,vulgaris,Phaseolus vulgaris,MEX,EJIDO SAN RAFAEL - GALEANA - NUEVO LEON,25.02,-100.61,0.3591811050669926,0.5641107082516078,-1.80637314900962,-0.5733215915484358,-0.9154910024492404,-0.4636688913770472,0.6116317003046521,0.9091758330666077,-1.5818459394456506,0.3685548107395179,0.3085889191485086,0.2276848888251061,-0.6834618765223034,-0.8407667675338554,-0.7325691230763556,0.5281350810001041,-0.5616074608068605,0.6071251130757639,-1.148915860831878,-0.7954918781783972,-1.0549616719604291,-1.2661692346812117,1.981934343128782,2.284841234397297,-1.2449099980857687,-0.9566183148041288,0.429361595713385,-0.1099513511812154,-0.5509180671459002,-1.1698836982734446,-0.3203277081727823,-0.328566592653057,-1.147443618524733,-1.295257061023115,-0.3084332289808579,-0.6820727772540925,-0.6768759143472265,-0.5746043896847722,2.780365229420617,0.1107681657853123,0.1518060365921613,-0.6469717235486817,-0.6394527119615792,-0.8321246329601785,-0.880863953602151,-0.7486315540922928,-0.6016412690552697,-0.6327439991972672,-0.5385271484443401,-0.4424995331428221,-0.0901055720404856,0.0893266640740466,0.2226589214344723,0.5773384112601542,0.1141271575669955,1.6610503392984106,1.6129670716367297
G23439,0,0,0.00035055392187209226,10.18730/PGC2$,FULL,Phaseolus,vulgaris,Phaseolus vulgaris,GTM,ORILLA N DE LA LAGUNA DE AYARZA - SAN RAFAEL LAS FLORES - SANTA ROSA,14.44,-90.13,-2.9470184280009937,0.2859605575105109,-2.902539935203636,0.0441279002918028,0.4659202448203705,-0.5091799751213965,-0.0217311423241208,1.2311729360064836,1.0238573968634082,-0.6941603341083734,-0.6630233502020273,-0.2768287559180501,0.9650714044349166,1.819760057511456,1.2961348565949853,0.3910499460824232,-0.9620172713457402,0.2327245285697083,1.017683357795911,0.1109174350999599,0.2572610869446096,0.9519910231531106,-0.8551296801267712,-1.1604394689986126,0.7058939865813756,-0.4369711226493272,0.1542863315270773,-0.1099513511812154,1.60585388784977,0.2062222827571616,0.2004305780953802,-0.3567983407901528,0.7383177525415869,1.1257700250403169,-0.734532193877048,0.7698670013428639,1.296370195906143,-0.6899259963417902,-0.6786292516563261,0.6481471442837617,0.1573466123706279,0.0551242510396321,-0.9610144398350828,0.8480817603713667,-0.7026292118575846,-0.3751923802875902,1.067712947788181,1.8856208035636808,1.279122310190918,1.1377477226806707,0.6603354486266598,1.5327926936629312,1.5423507028842562,0.8936955969315804,0.7908832390953496,1.125792380458656,-0.3221277223510561
G51617,1,1,0.9422239890676374,10.18730/K467~,FULL,Phaseolus,vulgaris,Phaseolus vulgaris,CHN,FUJIAN FUZHOU - FUZHOU - FUJIAN,26.08,119.28,0.3591811050669926,-1.6168811569216417,0.3859604233784113,-0.477898893961337,0.7096987002208901,-1.0006996795603678,-0.1924343216594764,-1.056981304701078,1.30930220749473,-0.5312731264644158,0.7943950538237766,0.7321985335682625,-0.2124523676773833,-1.0721169262334478,-1.2735568509887132,-0.5685459983413421,-0.1611976502679807,0.6071251130757639,1.536764420592152,-0.559037274714478,-0.8127051626241144,0.6351109863196359,0.4344448758984802,-0.6682565113706256,-1.0281539997894191,-1.086530112842829,1.804737916644924,-0.1099513511812154,-0.2813215727714414,0.2062222827571616,0.4677586482746613,1.639582101453836,0.429859880174417,0.5824686710812003,0.5437647008115223,-0.3952774083187613,1.2525202823449573,-0.0631781340753878,-1.531337950114035,-1.803090035395834,0.7197142282759932,-0.475556947461776,-0.3178909840880755,-0.7011994594538242,-0.6066566586105105,1.11856431493122,1.3504261619310236,1.3418829484221122,0.0796582004316106,-0.9252861412160212,-0.5305818233016363,-1.380023394736396,-1.0083696869321976,-0.6804910040117353,0.0646084198941891,0.4834829319433041,0.8389292770716291
G50042,0,0,0.0009016475558890518,10.18730/JWR83,FULL,Phaseolus,vulgaris,Phaseolus vulgaris,MWI,"MISUKU HILLS, KASAMBRA - KASAMBRA - MISUKU HILLS",-9.67,33.52,0.3591811050669926,0.376437429519172,0.3859604233784113,-0.4908714319501768,0.1104830724378383,0.8197436702136,-0.042635325132894,-0.5519413329823243,-0.0663172384222358,-0.471688173370181,-0.1772172155267593,-0.2768287559180501,-0.2124523676773833,-1.419142164282836,-1.94979151087916,0.5281350810001041,-0.6950773976531537,0.6071251130757639,-1.3520345375782332,-0.4802190735598382,-0.4964258309905922,-1.1605425557367202,-0.8551296801267712,-0.996378483122617,-0.5946420031967207,1.381794049892478,-1.9087781498702303,-0.1099513511812154,-1.0901110558948175,1.582328263787768,0.3034377362049592,0.0102131157276605,0.7166423344833533,1.1638964358444654,-0.6183233852689962,0.784483364237028,0.3645595327309408,-0.7149959108324463,-0.5483149002600278,-0.2074808033031903,0.3540367552869544,-0.0082757176301896,2.7515618728862776,-1.0612436865962982,0.4353310623577233,2.806509380528475,-0.2785404528920212,-0.9570788601589044,-0.999859498351766,-0.0961858468451766,1.914380556887069,-0.65440777555872,-0.8257500169998133,-0.884828474472105,1.8952542532357504,-0.265878261478529,1.6129670716367297
G3618,0,0,0.0238708379187981,10.18730/K2295,FULL,Phaseolus,vulgaris,Phaseolus vulgaris,COL,EL BOLO - PALMIRA - VALLE DEL CAUCA,3.46,-76.33,0.3591811050669926,-0.3219309262976804,0.3859604233784113,-0.3185089158377871,0.984460988082387,-1.2555617485287232,0.9693951873433004,-0.482133002381394,-0.5278535551622713,-0.9372651193351772,-0.6630233502020273,-1.2858560454043628,-0.2124523676773833,-0.0310412120852824,0.0789124687921807,1.213560755588508,-1.36242708188462,0.6071251130757639,-0.6298347980356369,0.1503265356772798,-0.3685682288408704,-0.1042757662918048,0.0475725090909048,-0.0120125678666426,-1.299098997659856,-1.2164419108815294,0.0167486994339235,-0.1099513511812154,0.527467910351935,0.2062222827571616,1.1789984008180296,0.6635739296912861,0.4181885012199835,-0.3135019828162902,1.086072474315764,-1.225246767315873,-0.4795513033218895,1.275555299725648,-0.551147857356533,1.3348701163599643,0.9025529779802564,0.9521164368616316,0.2521502607785901,0.5862314133586584,0.9014834638435122,1.267939984453101,0.986937743747369,-0.1843987502208864,-0.6307936184258253,0.9086915707725812,0.1070802538058909,0.0605666316056488,-0.6252653793566524,-0.9039675212920844,0.1987216677580398,-1.4434457964490774,-1.4831845679862237
G50484,1,1,0.98694535753782,10.18730/JYBSR,FULL,Phaseolus,vulgaris,Phaseolus vulgaris,COL,"3 KM N UBAQUE VÍA LAGUNA, VEREDA ROMERO ALTO - UBAQUE - CUNDINAMARCA",4.49,-73.93,0.3591811050669926,0.8938520413187023,-1.80637314900962,2.181246805117075,1.455649081734231,-0.8550642115784504,-0.3344330250140442,-0.9094562139977524,0.7310817309268886,-0.8886441622898165,1.2802011884990447,1.7412258230545752,1.6715856677022964,0.3159840259641059,0.3494063327483596,-0.1572905935882998,-0.9620172713457402,0.6071251130757639,0.9951146159352048,0.9779176478009972,2.430840323489879,1.480124417875568,-0.726172224524246,-0.5041955254946299,-0.4320750044744585,-0.1771475265719264,0.2918239636202311,-0.1099513511812154,0.7970644047263937,0.2062222827571616,0.15301461512314,-0.5584527615251484,1.303545961906293,0.563405465679126,0.7374460484916087,-0.9820803137226568,0.5235154693902401,2.218184084574317,-1.2282155798028251,1.1195589550980096,0.0022107019294666,0.1842723892777513,-0.4055896371444856,1.1644842630117227,1.1071389350872425,1.8056923947318728,1.942777658230312,0.6932132264988378,1.2883489571890665,0.9023592272021956,0.1095628091672662,0.1934379816096466,-0.753628480685937,-0.9647621406026076,0.238955642117195,-1.4434457964490774,-1.4831845679862237
G13059,0,0,3.4320909207539095e-05,10.18730/JH438,FULL,Phaseolus,vulgaris,Phaseolus vulgaris,TUR,NAZILLI - AYDIN,37.89,28.28,0.3591811050669926,-0.0666127063584846,0.3859604233784113,-0.5469100071589544,-1.4959994106332115,1.9302141135757205,-0.7633244530644451,0.2924537187081879,-0.7925056177699291,1.6197190377252233,0.3085889191485086,-0.2768287559180501,-1.1544713853672233,-0.3780664501346709,-0.191581395163998,-0.7056311332590228,-1.0954872081920335,0.6071251130757639,-0.8780909585034045,-0.7166736770237575,-0.6915769079559569,-0.9492891978477372,1.5950619763212064,0.8082923615133358,-1.353287997233943,-0.9566183148041288,1.804737916644924,-0.1099513511812154,-0.8205145615203591,-1.1698836982734446,-0.0521821495686477,1.2604715166186296,-0.8323163867550297,-0.7042976935588128,-0.6183233852689962,0.2055490322314539,-1.4661743584485742,0.7290311638293449,0.5310273526982033,-1.2084432648191723,-1.579621416526054,1.2409385636330303,0.6029448730042304,-0.8212142018346489,-0.1130835276255576,-0.4349426480963426,-0.790116745150498,-0.9666181207754232,-1.018312792348063,-1.2432134597843516,-0.3312680928597951,-0.4956523963331642,0.6457939899915728,1.510648400305038,2.1309840773656727,-0.5870329857362047,-0.3221277223510561
G19902,0,0,0.00014375485912705398,10.18730/JTKDM,FULL,Phaseolus,vulgaris,Phaseolus vulgaris,ARG,"6 KM N DE EL SUNCHAL, EN EL ASERRADERO - BURRUYACU - TUCUMAN",-26.55,-65.02,-2.9470184280009937,-0.7319042525869257,-2.902539935203636,-0.4305898904291381,-0.0134522574060708,-0.081375787924514,0.0478412271982545,-0.3938595209689678,-0.820629188378562,0.5491469511024573,1.2802011884990447,1.2367121783114188,0.7295666500124566,-0.6094166088342632,-0.867816055054445,-0.4314608634236613,-0.294667587114274,0.4709794459826528,-1.0135034096676412,-0.2831735706732388,-0.2945454065436631,-0.8436625189032455,-0.8551296801267712,-0.8323174972466213,0.7058939865813756,0.7322350596989763,-0.395864196845538,-0.1099513511812154,-0.5509180671459002,0.2062222827571616,0.2331312923534041,0.5909783136106508,-0.5922194482638272,-0.3039703801152531,-0.6183233852689962,0.7153194336241799,0.7263213196107252,-0.7851916714062834,-0.0667186373661233,-0.6980282798080549,0.8914718528428098,-0.543653261944354,1.4360820770401264,-0.7339307528304128,0.0240201198702626,-0.494692915905095,-0.9785922212457264,-1.0524714663240915,-1.03676608634436,1.917936121887157,0.8486550053252677,-0.2477409164555753,-1.5400178926954975,-2.047525568785861,-0.2299249052221905,0.0552764627791469,0.9679354736408012
G18681,0,0,0.0002393828111112471,10.18730/JSTYE,FULL,Phaseolus,vulgaris,Phaseolus vulgaris,BRA,"KM 83, CÓRREGO ACURÍ, RODOVIA BELÉM - BRASÍLIA - JARAGUÁ - GOIAS",-15.8,-49.42,0.3591811050669926,-0.7941071020928802,0.3859604233784113,-0.5681153206398061,-0.223908477895728,0.983583571693257,0.4283968660538789,0.7351367896181269,0.7310817309268886,-0.6177559848658052,-0.1772172155267593,-0.2768287559180501,-0.6834618765223034,-2.113192640381613,-2.220285374835339,0.6652202159177848,-1.4958970187309133,0.6071251130757639,-1.3971720212996457,-0.5984463752917978,-0.5704486532877995,-1.2661692346812117,-1.1130445913318214,-0.6682565113706256,-1.1365319989375942,0.6023232616602759,-1.2210899894044611,-0.1099513511812154,-1.0901110558948175,1.582328263787768,1.1585605075200778,0.8490961536947204,0.8967150383517553,0.8588851494112771,-0.5021145766609444,0.2789416983226688,0.8304648643185419,-0.5946603212772971,-0.1687037555076359,0.179488157677097,0.946877531369012,0.689124027312564,3.2192880225204648,0.5098583954799518,2.1491266560554765,0.7003124402699531,-0.7228040751164879,-1.004775163241498,-1.0090861453499145,0.3852906211789772,0.6894168114313413,-0.2117908758700781,-0.4224649125657981,-0.7705571066939919,0.0991683722283353,-0.6940846030272442,-0.4511339189202276
G50384,1,1,0.9931544526216318,10.18730/JYQM~,FULL,Phaseolus,vulgaris,Phaseolus vulgaris,GTM,"7 KM SE BUJXUP, JACALTENANGO - JACALTENANGO - HUEHUETENANGO",15.67,-91.72,-2.9470184280009937,-0.0674647237733212,-2.902539935203636,-0.0432816555107789,0.5799173642522681,0.4101439165144572,0.7553347784912862,-0.4294697567157663,1.7557965235311073,-0.6385935497139584,0.3085889191485086,0.2276848888251061,0.4940618955899966,0.2003089466143097,0.2141594007702701,0.1168796762470617,0.6396219708097787,-0.5501130572156805,0.1375024252283716,0.07150833452264,0.533164333688746,0.2126042705416698,-0.9840871357292964,-1.3245004548746084,1.247783982322249,-0.1771475265719264,0.0167486994339235,-0.1099513511812154,0.527467910351935,0.2062222827571616,0.4742987661776282,0.0989411208526481,2.8174905462813755,3.318038646278858,0.0014569273072803,0.6224337848383389,2.535130254009648,-0.2436815184081117,0.2080744591650671,0.5318327112737757,0.4703886749080823,0.2547167814935836,-0.3909731949684172,3.051988847728329,0.4627517918568874,-0.06150347429164,0.7311495976181305,4.079650745362991,3.087545121828028,0.675268285367674,0.32909163326602,1.2328255550175424,0.996476689499412,0.538778861049313,0.3343823761741657,0.0552764627791469,-0.709146619633606
G52622,0,0,8.434173216306023e-05,10.18730/K55E~,FULL,Phaseolus,vulgaris,Phaseolus vulgaris,GTM,SAN JUAN - EL PROGRESO,14.74,-90.17,0.3591811050669926,0.1322710217432953,0.3859604233784113,-0.4448129411506639,0.1771275422595631,-0.3180334233951298,0.3621125760666075,1.223148282780684,-0.293633083490816,-0.5274599478047324,-1.1488294848772953,-0.7813424006612064,0.2585571411675366,0.6630092640134944,0.7551471286826278,0.8023053508354656,0.5061520339634855,-1.0606593088148473,1.0628208415173233,-0.1649462689412792,0.2707197819077382,0.7407376652641275,-0.5972147689217209,-0.8323174972466213,1.1935949827481618,-0.5668829206880276,-0.1207889326592303,-0.1099513511812154,1.0666608991008526,0.2062222827571616,0.8904149289375421,0.5345150481118089,0.3948457433111166,0.7635691224009058,-0.6183233852689962,0.6981384400794308,-0.600138565615151,-0.5996743041754283,-1.0979014175242927,0.4925015607509889,0.7058628086444433,0.6515536638966879,-0.9171651133068778,0.4553062398523042,-0.5929462938609285,-0.3901299472397783,0.5426741215229022,1.4849718576698934,0.7532034312964524,0.9158973410423304,0.5784111217012767,1.4755602290508198,1.5754339764227316,0.8579506124295598,0.7687029711794051,0.4834829319433041,-0.709146619633606
G19855C,0,0,0.000153785362755306,10.18730/S5NQT,FULL,Phaseolus,vulgaris,Phaseolus vulgaris,PER,"DAGUAS, ESPADILLA - CHACHAPOYAS - AMAZONAS",-6.23,-77.74,0.3591811050669926,1.6289766263890733,-1.80637314900962,2.803843922682604,1.4708486976584836,-1.2828683987753329,-0.0215067373953831,-0.5593720594580346,-0.6156862538525528,-0.8539149096231585,0.7943950538237766,1.2367121783114188,0.9650714044349166,0.6630092640134944,0.2141594007702701,0.1168796762470617,-0.6950773976531537,0.6071251130757639,-0.2913036701250449,1.1749631506875966,0.8629023602853968,0.6351109863196359,0.0475725090909048,0.152048418009353,-0.2153190061781092,-0.1771475265719264,0.0167486994339235,-0.1099513511812154,0.527467910351935,0.2062222827571616,-0.1592768772257158,-0.925464102655288,-0.3421184706688245,-0.6757028854557013,0.6599735094195741,-1.1356004048130357,-0.2000081043693288,-0.2888073644912927,0.1145881988046655,1.1093518010697985,-0.2249525747440657,-0.1303793651412703,0.2521502607785901,-0.1120361786752305,0.0788615788685907,0.386623534274003,-0.4400908609736454,-0.7376758659789734,-0.732286735405459,0.0981515937632119,-0.2323205291706961,-1.045256616804246,-1.4242264353108336,-1.4148111974430084,-0.8984278638050769,-0.265878261478529,0.3229038756448727
G649,0,0,0.0026068880797881,10.18730/JZMEY,FULL,Phaseolus,vulgaris,Phaseolus vulgaris,IND,KULU - PUNJAB,31.97,77.12,0.3591811050669926,-0.3414689571534992,0.3859604233784113,-0.5784507073407087,-1.304250409742635,-0.0358647041801648,0.3500483055691964,0.1872325248799089,-0.8150854990291654,0.6248653214571674,1.2802011884990447,1.7412258230545752,0.2585571411675366,-0.493741529484467,-0.7325691230763556,-1.9393973475181496,0.7730919076560719,-0.4820402236691249,2.0784142252491,0.2685538374092394,1.5694838458496485,1.480124417875568,0.1765299646934299,1.300475319141323,0.6517049870072883,1.2518822518537778,0.7044368598996927,-0.1099513511812154,-0.5509180671459002,0.2062222827571616,0.0107666433691426,0.5748459630288557,0.3831743643566832,0.6682530953905345,0.1951382749873667,-0.2925039054155276,1.592357112444149,0.3930943096545531,0.1145880535892399,-1.1786762812475418,0.7474171203780663,-0.3511051886269276,0.5737119886520937,-0.7121098905793538,-0.7574706708559128,0.1774975969433695,-0.0631399087831888,-0.1939380108374051,1.3898420741687,-0.6645682714560033,0.4439984814211027,-0.1229223755427289,1.0752148805209836,1.4749034158030174,0.6681180352815171,-1.336394179158038,-1.3541782176295345
G21192,0,0,1.9671228279190264e-05,10.18730/JVYDV,FULL,Phaseolus,vulgaris,Phaseolus vulgaris,MEX,SANTA ROSA - ITURBIDE - NUEVO LEON,24.71,-100.14,0.3591811050669926,0.3283715912645708,-1.80637314900962,-0.4863727712773992,-0.5360852049553863,-0.1177846549199934,0.17805583595895,0.453765378523021,-1.3183477561208623,-0.0759796631381789,-0.1772172155267593,0.2276848888251061,-0.4479571220998433,-0.2623913707848747,-0.0563344631859086,0.3910499460824232,0.3726820971171922,-0.4820402236691249,-0.7652472491998737,-0.4408099729825183,-0.382026923803999,-0.6324091610142625,1.0792321539111058,0.9723533473893315,0.760082986155463,-0.1771475265719264,-0.2583265647523842,-0.1099513511812154,-0.2813215727714414,-1.1698836982734446,-0.5508675208595674,-0.8246367769001147,-1.099090762856366,-1.2761938556210408,-0.2309606899088233,-0.6433678418703217,-0.7042821103229677,-0.5946603212772971,1.3355763554670563,0.0751768306094205,-0.1723171642924826,-0.7315050230395388,-0.6833020384897842,-0.8103037707091194,-0.908284683101315,-0.6291310184747879,-0.4535533949804475,-0.5945869567311922,-0.5569804424406372,-0.3263337821274706,-0.0071172928173703,0.2147204056362609,0.3781503070653067,0.6004178500724825,0.1466238291647748,1.9822050635560864,1.870979772350108
G20932,0,0,0.0003957626816587879,10.18730/JTWQP,FULL,Phaseolus,vulgaris,Phaseolus vulgaris,RWA,KAYUMBA - KANZENZE - KIGALI,-2.1,30.06,0.3591811050669926,0.2620397016245298,0.3859604233784113,0.1509436336428504,1.1247651350754917,-1.100824063797936,-0.4397258210612109,-1.5058652497679843,1.2144832377579189,-0.8967940259937145,-0.6630233502020273,-1.2858560454043628,-0.4479571220998433,-1.30346708493304,-1.2735568509887132,0.8023053508354656,-1.0954872081920335,0.6071251130757639,-0.9683659259462292,-0.4014008724051984,-0.3012747540252274,-0.738035839958754,-0.9840871357292964,-0.3401345396186341,-1.0281539997894191,0.8621468577376766,-1.7712405177770765,-0.1099513511812154,-0.8205145615203591,1.582328263787768,0.5470578054069952,-0.086580987763112,-0.107023551729522,-0.1705279423007333,-0.5021145766609444,-0.4454368590789508,-0.6056198048102992,-0.0431222024828629,-0.5426490941343048,1.0758201150338502,0.3512664607928499,0.4637019139983412,0.1790680498982483,-0.1556779031773485,0.6135658041022897,1.5816288904490512,0.6369118595705163,-0.9189218176928294,-1.0090861453499145,0.2090767845823821,0.0226733715191326,-0.4671799641894504,-1.1324319627014805,-1.3154570279216442,0.0176687831418414,-0.265878261478529,0.4519103797890794
G10102,0,0,0.0007737360720194124,10.18730/JP3VE,FULL,Phaseolus,vulgaris,Phaseolus vulgaris,NLD,KOOTWIJK - KOOTWIJK - GELDERLAND,52.18,5.77,0.3591811050669926,-1.022224321315736,0.3859604233784113,0.3567374084915486,0.8874172864121562,-1.3465839160174216,-1.6586162736570318,-1.7469009265974036,1.442185045955763,0.7765615971404948,-1.1488294848772953,-0.2768287559180501,-0.6834618765223034,1.0100345020628827,-1.0030629870325345,-3.173163561777277,-0.828547334499447,0.6071251130757639,1.6270393880349767,0.6626448431824382,-0.5906366957324923,1.480124417875568,-1.1130445913318214,-1.816683412502596,-0.7572090019189827,5.019324394976089,-2.183853414056538,-0.1099513511812154,-2.438093527767112,1.582328263787768,-1.594836680855438,-1.1472840577739212,-0.415481424096692,-1.0760301988992609,1.2410175524598337,-1.8858574335253424,-0.4302201505655553,0.2025629595255668,-1.3811932625028878,-1.524028098303783,-2.4134768975820884,-1.6238009694187456,0.1206022811939749,-0.4066178190645274,0.0514408493694266,-0.3154421124788378,-0.3189280549124272,-0.3847232231677799,-0.4093540904702608,-2.5297709879468524,-3.390485599605918,-2.6204435950983926,-1.6822759689109417,-0.4710873152754888,-3.532205723777467,2.838618001884401,2.387005173776865
G2914,0,0,2.1526357146942175e-05,10.18730/K1FZB,FULL,Phaseolus,vulgaris,Phaseolus vulgaris,MEX,JACONA - JACONA - MICHOACAN,19.95,-102.3,0.3591811050669926,1.0917701988376485,0.3859604233784113,-0.52113998329596,-1.032995725555966,1.2020367736661333,1.0935193916051498,0.8655405614392372,-0.820629188378562,-0.0273587226530163,-1.634635619552563,-1.2858560454043628,-0.4479571220998433,0.2003089466143097,0.6199001967045383,1.3506458905061889,1.4404415918875382,-0.5501130572156805,0.8371334229102618,-0.6772645764464376,-1.1222551467760722,-0.1042757662918048,1.0792321539111058,0.3161094038853487,0.760082986155463,-0.5668829206880276,-0.8084770931249995,-0.1099513511812154,0.527467910351935,-1.1698836982734446,0.4088974429136518,0.3409266872800377,-0.5088524557321596,-0.0656803125893248,-0.6570596548050135,1.3075780895940854,-0.5727323696394098,-0.7049679450361839,1.1769328586206542,0.1498829271323608,0.5507269246227668,0.3322056420427783,-0.7271513650179893,-0.6902890283282948,-0.9357054126004792,-1.0025701922794903,-0.7362666091232899,0.3116428018380881,0.6793902553112643,0.2811344872798745,0.5674169479580435,0.9072619874752796,0.9309718078932308,0.6938614316053237,0.215743733833067,-0.6940846030272442,-0.580140269276917
G24871,0,0,0.00034712231165912743,10.18730/PHP29,FULL,Phaseolus,vulgaris,Phaseolus vulgaris,PER,HUACRACHUCO - MARAÑON - HUANUCO,-8.65,-77.08,0.3591811050669926,1.6369373233026567,-1.80637314900962,0.580553028245633,1.5035863319568747,-0.9460863790671488,-0.7677475397171327,-0.6010010721152618,-0.2058003848005344,-0.7775105603805903,1.2802011884990447,0.7321985335682625,1.4360809132798364,1.4727348194620673,1.7018756525292535,-1.5281419427651075,0.1057422234246057,-0.924513641721736,0.3406211019747269,2.4360543691618326,1.455084938663055,1.3744977389310766,-1.3709595025368717,-1.1604394689986126,0.760082986155463,0.7322350596989763,0.7044368598996927,-0.1099513511812154,0.527467910351935,1.582328263787768,-1.7460773393944682,-2.8734472960332806,-0.2687555172409571,-0.4850708314349586,-0.1534881508367888,-0.4790572302532323,0.2056035960716416,-0.5495344751941161,0.9219701449505472,1.0558358308772566,-1.5131346302001938,-1.2903640590095242,0.5883284308281621,-0.1884091965539371,0.4627517918568874,0.2820605656086862,-0.6554914050824778,-0.9666181207754232,-0.8799130873758353,0.0079702870539259,-0.0106638004764778,-1.2974821015520943,-2.018402028061852,-1.2510034731896544,-1.4209537102900027,1.0187408907830586,1.7419735757809365
G738,0,0,0.0051322549212015,10.18730/JZPNV,FULL,Phaseolus,vulgaris,Phaseolus vulgaris,GTM,TECPÁN GUATEMALA - TECPAN GUATEMALA - CHIMALTENANGO,14.77,-91.0,0.3591811050669926,1.4960887206263525,0.3859604233784113,1.701473671050722,0.6600076481608321,-0.1815001721620822,-0.6674239411288483,1.508030551409847,0.5846939034120002,-0.5274599478047324,-0.6630233502020273,0.2276848888251061,0.4940618955899966,0.5473341846636982,0.3494063327483596,0.8023053508354656,0.7730919076560719,0.3007973621162639,1.6270393880349767,0.4655993402958388,4.833217374408336,2.6420178862649752,-0.726172224524246,-1.1604394689986126,-0.1069410070299345,-0.5668829206880276,-0.2583265647523842,-0.1099513511812154,1.0666608991008526,0.2062222827571616,-0.6865753289064596,-1.3933027310780397,1.2435217272834922,1.3354652844631338,-0.3471694985168752,0.3915725835449598,1.6690944611762242,-0.6197302357679532,-0.2735217632036014,0.5186037539708296,-0.5684677974582122,-0.6117495316395809,-0.8148500180743993,1.3063198676436063,-0.0719524333768115,-0.06150347429164,1.4042762979582315,2.095484537127093,1.4636552501538882,0.9720150064764382,0.6823237961131263,1.4085493533994529,1.4338375656780569,0.6173052443254056,0.5283307653926574,1.6610503392984106,0.1938976790757006
G22486,0,0,0.00015489666160135244,10.18730/PF3EX,FULL,Phaseolus,vulgaris,Phaseolus vulgaris,RWA,"11.5 KM NW DE KANZENZE, CYUGARO COLLINE - NTARAMA SECTEUR - KIGALI",-2.13,30.03,0.3591811050669926,0.2435495237564511,0.3859604233784113,-0.0566021266321548,1.049351656066698,-1.0371085465558472,-0.4272130923645028,-0.7380041641934774,0.2968466411541047,-0.8118222047684351,-1.1488294848772953,-0.7813424006612064,-0.6834618765223034,-0.9564418468836516,-1.0030629870325345,0.5281350810001041,-0.9620172713457402,0.6071251130757639,-1.0586408933890536,-0.3619917718278785,-0.5368019158799779,-0.8436625189032455,-0.8551296801267712,-0.6682565113706256,-1.1365319989375942,1.2518822518537778,-1.9087781498702303,-0.1099513511812154,-0.8205145615203591,1.582328263787768,0.5576855043084858,-0.0744818209831594,-0.1420376885928224,-0.2658439693111046,-0.5795871157329789,-0.4604742667388744,-0.6165822832005957,-0.0832340656679126,-0.4774920265034502,1.0122191547241948,0.3651178804244003,0.4590055793824229,0.1790680498982483,-0.144767472051819,0.6135658041022897,1.43225322092717,0.5695991895365062,-0.928461078309348,-1.0275394393462116,0.2237066817967214,0.0102605947122563,-0.4640163606179266,-1.0851228815414606,-1.2726756291475725,0.0867886878101337,-0.265878261478529,0.3229038756448727
G7186,0,0,0.0007041885381777409,10.18730/JFGW$,FULL,Phaseolus,vulgaris,Phaseolus vulgaris,NIC,NANDAIME - NANDAIME - GRANADA,11.75,-86.06,0.3591811050669926,-1.563160514166499,0.3859604233784113,-0.6110386528144099,-0.2502155054569352,0.5830860347429841,1.0213317012263032,1.3946794068527932,0.4090285169381799,-0.7149978989565268,-0.6630233502020273,-0.2768287559180501,-0.6834618765223034,-0.493741529484467,-0.0563344631859086,-0.2943757285059805,-0.1611976502679807,0.6071251130757639,0.9274083903530864,-0.7166736770237575,-0.8328932050688073,0.3182309494861614,0.0475725090909048,-0.1760735537426384,-0.3778860049003713,-0.047235728533226,0.2918239636202311,-0.1099513511812154,-0.2813215727714414,0.2062222827571616,1.741450091966562,1.5911848958582202,0.6499487404580193,1.0495172034320197,-0.6957959243410308,0.7835056120608386,-0.4795513033218895,-0.3840730395557858,-1.5823305699726449,0.4612361936898628,1.334717281052428,1.318427401788548,-0.931781555482946,2.146423064309379,-0.0308213391280654,-0.8083818219010451,1.2965760259038157,1.3609614696551495,0.1165647884242046,1.2633028107141804,0.9791664871804234,1.7148436991878893,1.7388653477028002,0.9418246705524111,1.384076450800843,1.7681020842048922,-0.1931213719943667
G9458,0,0,1.9095561658573545e-05,10.18730/K32P6,FULL,Phaseolus,vulgaris,Phaseolus vulgaris,IRN,ISFAHAN - ISFAHAN,32.68,51.64,0.3591811050669926,-0.581949989286107,0.3859604233784113,-0.5511383322502111,-2.0975534408661485,1.98482741406894,-0.4180599059270696,1.198767687430176,-1.740831416174644,1.9949036144069008,0.3085889191485086,-0.2768287559180501,-1.860985648634604,-1.30346708493304,-1.2735568509887132,-0.8427162681767036,-0.4281375239605672,0.6071251130757639,-1.3971720212996457,-1.0319464816423165,-1.3981583935202089,-1.6886759504591775,1.8529768875262569,2.284841234397297,-1.353287997233943,-0.3070593246106268,1.117049756179154,-0.1099513511812154,-1.3597075502692766,-1.1698836982734446,-0.2214081164433869,1.349199637131291,-1.607629417299538,-1.6097999501573403,-0.8120047329490826,0.2794971172092221,-1.6086865775224288,-0.5395065093978536,0.2392366098353996,-1.5347945452345448,-1.77354131696164,1.2526793889759864,-0.6394527119615792,-1.159437566726064,-0.921995047850897,-0.8531945227576094,-1.0593674252865384,-1.119246290639723,-1.073672674336954,-0.7265815671108149,0.4596031151211757,-0.1879200489213079,0.3930377801576206,1.2474865065303196,2.458529894263924,-0.8011362203182835,-0.3221277223510561
G12882,0,0,8.385056245745892e-05,10.18730/PGEH2,FULL,Phaseolus,vulgaris,Phaseolus vulgaris,MEX,8 MI E ARCELIA - ARCELIA - GUERRERO,18.28,-100.15,-2.9470184280009937,-0.5297449916925737,0.3859604233784113,-0.5837897156309415,-0.8283855111910212,2.4126316012658213,1.6206556913616503,1.5852697998138734,-0.5571310923077175,-0.2913009899269826,-0.6630233502020273,-0.2768287559180501,-0.2124523676773833,-0.0310412120852824,0.2141594007702701,0.8023053508354656,0.9065618445023652,-2.5922980636123474,0.9725458740744988,-0.4408099729825183,-0.2608986691358416,0.3182309494861614,0.1765299646934299,0.152048418009353,2.331563973803996,-0.3070593246106268,-0.395864196845538,-0.1099513511812154,0.527467910351935,0.2062222827571616,1.431611159911497,1.554887241668132,-0.0520013366586214,0.3918366170604576,-0.6957959243410308,1.3909933499918303,-0.2603017355159595,-0.7350518424249712,0.9587980935149102,0.2750866767909211,1.065999666225785,1.212760824661638,-0.8733157867786727,-0.12294660980076,-0.880863953602151,-1.0324453261838666,-0.6554914050824778,0.8172236145135814,1.1222693112223932,0.4575666805513105,0.5266321098783073,0.9768612660488022,0.6907872420038993,0.3107990386348511,-0.0597042444719185,-1.0152394549003625,-1.0961655169161562
G52067,0,0,0.0005712680067428886,10.18730/K4MA3,FULL,Phaseolus,vulgaris,Phaseolus vulgaris,NIC,BELEN - RIVAS,11.5,-85.88,0.3591811050669926,-1.5560920085408223,0.3859604233784113,-0.6139919548678924,-0.2794455360804987,0.8470503204602094,0.9499659167043408,1.3405115626232518,0.2919182483822235,-0.7080520550472744,-0.6630233502020273,-0.7813424006612064,-0.9189666309447634,0.0846338672645136,0.484653264726449,-0.2943757285059805,-0.828547334499447,0.6071251130757639,-0.2461661864036326,-0.6772645764464376,-0.8799986374397574,-0.4211558031252794,0.1765299646934299,0.152048418009353,-0.5404530036226333,0.3424996655828751,0.0167486994339235,-0.1099513511812154,-0.2813215727714414,0.2062222827571616,1.7716982420325706,1.583118835954994,0.7383177525415869,0.9923275872257972,-0.734532193877048,0.757928607046496,-0.5836948480297063,-0.3138772789819488,-1.8627894591211456,0.4196407890059037,1.3735012982919488,1.3254719149092629,-0.9463979976590144,2.0700500464306724,0.0925719436181727,-0.8830696566619857,1.1215630838153892,1.6662178093837494,0.4302707863612542,1.2999867320874492,0.9578874412257784,1.7896197836057235,1.715045390755098,0.8920068575062882,1.3938770342985858,2.089256553231684,-0.0641150216376775
G10076,0,0,5.026247583998038e-05,10.18730/K3QRE,FULL,Phaseolus,vulgaris,Phaseolus vulgaris,NLD,WALCHEREN - WALCHEREN - ZEELAND,51.5,3.58,0.3591811050669926,-0.9950012243472284,0.3859604233784113,1.086758825428587,0.4460438239963473,-0.991597462811498,-1.861887107421639,-1.5333525420060048,1.2086842395523316,1.371819913834856,-0.1772172155267593,0.7321985335682625,-1.1544713853672233,-0.1467162914350786,-0.5973221910982662,-0.5685459983413421,-1.0954872081920335,0.6071251130757639,-1.2617595701354087,-0.559037274714478,-0.8530812475135001,-1.1605425557367202,1.0792321539111058,1.4645363050173188,-1.2449099980857687,-0.1771475265719264,0.8419744919928466,-0.1099513511812154,-0.5509180671459002,-1.1698836982734446,-1.421523094487204,-1.0383906721155265,-0.5905521084131938,-1.0760301988992609,0.8536548570996605,-1.6496834460249856,-0.5453261736636685,0.0170455922947117,-2.140415592532902,-1.8342868874991096,-1.1502274219833373,-1.5322232035189822,-0.1132607936231186,-0.2866030766837027,0.0103097551206805,-0.4648177820007188,-0.4939409970008535,-0.5182728717990424,-0.4923939134535975,-2.486318009653516,-3.319910097189679,-2.4634138178209404,-1.4324972536954523,-0.2833557824971602,-3.228387635347436,4.872598347567822,4.838125369191406
G9623,0,0,0.0280509226967651,10.18730/JHFM7,FULL,Phaseolus,vulgaris,Phaseolus vulgaris,COD,"35 KM NW BUKAVU, MULUNGU - BUKAVU - KIVU DEL SUR",-2.92,27.93,0.3591811050669926,0.6676598612970498,0.3859604233784113,-0.5915020626736354,0.0631304228276654,-0.254317906153041,-0.310614874085575,-0.0074346866822308,-0.6459375711018979,-0.7628117606626761,-0.1772172155267593,-0.2768287559180501,-0.2124523676773833,-1.30346708493304,-1.544050714944892,0.3910499460824232,-1.36242708188462,0.5730886963024862,-0.7878159910605799,-0.2043553695185991,0.3582012991680742,-0.3155291241807879,-1.4999169581393967,-0.996378483122617,-0.5404530036226333,0.4724114636215755,-0.9460147252181532,-0.1099513511812154,-0.5509180671459002,1.582328263787768,1.0367504495297108,0.5022502700231052,0.8800416398454217,0.1440149468334921,0.6212372398835568,-0.850651929023698,1.005864518563286,-0.1734857578342746,-0.6021404366899106,1.189563978546272,0.7806603901124588,0.7501759070522945,1.6407122675050831,0.640783568986306,1.806367537315926,1.5517537565446748,0.4080487814548819,-0.6995188235128984,-0.7415133824036074,0.1291582415906177,0.1570860117993066,-0.4154119057463344,-0.9468347981506332,-0.738471057613438,-0.1938174923357692,-0.9081878376093228,-0.580140269276917
G340,0,0,2.9068531401232595e-05,10.18730/JZB8*,FULL,Phaseolus,vulgaris,Phaseolus vulgaris,TUR,BURSA - BURSA,40.18,29.07,0.3591811050669926,-0.8520915810399229,0.3859604233784113,-0.5999144371886982,-0.4782097443207305,0.4465527835099366,-1.0899672715441189,-0.1346728916211255,0.2498553132478247,1.1195492483898135,0.3085889191485086,0.7321985335682625,-0.2124523676773833,0.3159840259641059,0.2141594007702701,-0.4314608634236613,1.0400317813486584,0.5730886963024862,-0.0204787677965712,-0.3619917718278785,0.1899676121289666,-0.2099024452362963,1.208189609513631,1.1364143332653274,-0.3236970053262839,-0.9566183148041288,1.5296626524586157,-0.1099513511812154,-0.0117250783969826,-1.1698836982734446,-0.7691445620450095,0.316728046019671,-0.8389857461575632,-1.1141566097034097,-0.1534881508367888,-0.963353023520918,-1.2524060298377926,0.252702788506879,-0.4463299053827721,-1.4425597094351712,-1.8400281222765065,0.7595683971347197,0.1936844920743166,-0.6357368727006472,-0.1679249866238857,-0.3303796794310259,-0.5612536670348637,-0.8426077327606795,-0.8891397343739837,-1.6535056518103766,-1.1331334745839992,-1.2595188586938093,-0.2077544673010927,0.8112288216631393,0.672244596754251,0.2693796973612255,0.0648911749314939
G7479K,0,0,3.574516194859752e-05,10.18730/S2E00,FULL,Phaseolus,vulgaris,Phaseolus vulgaris,MEX,"CHAPA, CARRET. IGUALA-CD. ALTAMIRANO - TELOLOAPAN - GUERRERO",18.32,-99.82,-1.2939186614670004,-0.109875757527381,0.3859604233784113,-0.54109341386127,-0.999088890032632,0.7560281529715112,1.0944909007478525,1.4398192770440776,-0.5864087167071068,-0.3815970601084518,-1.1488294848772953,-0.7813424006612064,-0.2124523676773833,-0.2623913707848747,0.0789124687921807,1.3506458905061889,0.7730919076560719,-2.7284437307054583,0.7017209717460251,-0.4802190735598382,-0.4358617036565134,0.2126042705416698,0.3054874202959551,0.152048418009353,2.006429976359472,-0.4369711226493272,-0.8084770931249995,-0.1099513511812154,0.527467910351935,0.2062222827571616,0.8920499301511541,0.8087651618525576,-0.0303259186003878,0.3251153981531977,-0.6957959243410308,1.224735631588766,0.0466476594123423,-0.7149959108324463,0.6811718912946843,0.3584811723943095,0.7391062104762665,0.5881536728331896,-0.887932228954741,-0.2320509210560551,-0.8397328593534049,-0.9577574914229262,-0.2785404528920212,1.0366266086935123,1.0576827822353534,0.4449019934105391,0.5500390604284168,0.9296948128006298,0.6229665312500248,0.2986964060869229,0.0542920162123545,-0.8011362203182835,-0.8381529699902952
G24386,0,0,3.956598521860583e-05,10.18730/JY6N8,FULL,Phaseolus,vulgaris,Phaseolus vulgaris,MEX,KM 29 GUADALAJARA-COLOTLAN - SAN CRISTOBAL BARRANCA - JALISCO,21.0,-103.42,-2.9470184280009937,-0.3219309262976804,0.3859604233784113,-0.6061450321208117,-1.605319725165339,0.0642596800574033,1.740109354017244,0.8474846133627234,-0.93773942421429,0.0212622840729388,-1.634635619552563,-1.2858560454043628,-0.2124523676773833,0.431659105313902,0.6199001967045383,1.898986430176912,3.042080834043057,-3.307062815851181,0.6340147461639066,-0.6378554758691177,-0.5637193058062352,-0.3155291241807879,0.5634023315010054,0.152048418009353,2.5483199721003453,-0.8267065167654283,-0.9460147252181532,-0.1099513511812154,0.7970644047263937,-1.1698836982734446,1.0735387058040111,1.2806368971520388,-0.5188564948359597,0.1726097549366035,-0.734532193877048,1.6472154421926637,-0.66591343595693,-0.73003785952684,2.1656217416172074,0.1662964807343923,1.2128246931846327,0.7736572890140921,-0.7417678071940575,-0.7775724773325309,-0.9494157773500612,-1.077258027040431,-0.9247420852185184,0.3307213230711256,0.9100564302649772,0.1787252067794989,0.6043006276127614,0.8750507511106741,1.0633049020471323,0.9497054545371088,0.4638532423811907,-1.0152394549003625,-0.9671593203469846
G6140,0,0,0.0002575653306596695,10.18730/JG63A,FULL,Phaseolus,vulgaris,Phaseolus vulgaris,MEX,ESPIRITU SANTO - CIUDAD DE VALLES - SAN LUIS POTOSI,21.99,-99.03,0.3591811050669926,-1.4455273753962508,0.3859604233784113,-0.6115278506656704,-0.2823685391428551,-0.7731442608386218,0.9047921098912436,0.4266814564082503,-0.2643554590914262,0.4032840634061758,-0.1772172155267593,-0.2768287559180501,-0.2124523676773833,0.2003089466143097,0.484653264726449,0.3910499460824232,-0.5616074608068605,0.5730886963024862,0.9725458740744988,-0.7166736770237575,-0.9271040698107076,0.3182309494861614,1.337147065116156,-0.1760735537426384,-0.1611300066040218,-0.3070593246106268,0.0167486994339235,-0.1099513511812154,0.2578714159774761,-1.1698836982734446,1.5436109455409064,2.014659425562084,0.2864686530199488,0.6110634791843117,-0.1147518813007715,0.559823363239408,1.5430259596878144,-0.5194505778053288,-0.0638857748284971,-0.6509153161416803,1.7308678613791866,0.6233758577442675,-0.6394527119615792,-0.12294660980076,-0.6752084823584206,-0.5245680498094712,0.1118730333052374,0.9603125237613624,1.3344821921798091,-0.1479363787824667,0.4518007982711392,0.3349373413541637,0.5084984048068998,0.5050040725434669,0.6629598334405998,-1.1222909445759592,-1.2251718672728455
G11059,0,0,4.96372408575148e-05,10.18730/JPAAU,FULL,Phaseolus,vulgaris,Phaseolus vulgaris,MEX,"4 KM E DE TEPANTLA, RCHO LA MESA - AYUTLA - JALISCO",20.17,-104.29,0.3591811050669926,0.2435495237564511,-1.80637314900962,-0.5429621997409462,-0.9552438440972868,0.8197436702136,0.85662988622228,1.233680855382855,-0.5571310923077175,-0.2635176142899733,-2.120441754227832,-1.790369690147519,-0.6834618765223034,0.6630092640134944,1.0256409926388066,1.213560755588508,0.9065618445023652,-0.8224043914019028,1.017683357795911,-0.6378554758691177,-0.7925171201794214,0.2126042705416698,-0.4682573133191957,-0.1760735537426384,1.1935949827481618,-0.6967947187267279,-0.5334018289386918,-0.1099513511812154,1.0666608991008526,0.2062222827571616,0.3058902731093994,0.1554044632766034,-0.3187757127599576,0.1821413576376406,-0.5795871157329789,1.0669543138296644,0.6824714060495393,-0.5996743041754283,1.4432272459632645,0.0849285935000954,0.5174835227909437,0.1537464718015612,-0.5663705010812374,-0.4829908369432339,-0.7437603061063307,-1.0175077592316786,-0.8035792791573001,0.5405850566345379,0.9192830772631256,0.2512196228266731,0.5436553466420233,0.9616184488405514,1.0014391805301834,0.7400203092299802,0.2219335760421678,-0.8011362203182835,-0.8381529699902952
G4718,1,1,0.9217101492859932,10.18730/JPW8J,FULL,Phaseolus,vulgaris,Phaseolus vulgaris,COL,VEREDA EL TIPLE - CANDELARIA - VALLE DEL CAUCA,3.35,-76.44,0.3591811050669926,-0.3219309262976804,0.3859604233784113,-0.438482421921078,0.6389620261118665,-1.264663965277593,0.9965591303024554,-0.6205616187556897,-0.1472452232556987,-0.916427571047222,-1.1488294848772953,-1.2858560454043628,-0.2124523676773833,-0.6094166088342632,-0.3268283271420874,1.4877310254238694,-1.36242708188462,0.6071251130757639,0.5663085205817883,0.4261902397185189,-0.3618388813593061,0.8463643442086191,-0.3392998577166706,-0.0120125678666426,-1.1365319989375942,-1.866000901075032,0.429361595713385,-0.1099513511812154,0.527467910351935,0.2062222827571616,1.2002538298068113,0.6837393871498104,0.7083056352301866,-0.0561487098882876,1.2797538219958506,-1.136264166038056,-0.4302201505655553,1.646590034187358,-0.5284844167190623,1.364254510218295,0.9247152282551484,0.9638572174172372,0.544479104299957,0.8371713292458373,1.4636084185763751,1.7608796938753084,0.986937743747369,-0.2320950533034801,-0.5846603834350826,0.8320483779034302,0.0953767785308362,0.0364082043321947,-0.5815954582858649,-0.9349277440891102,0.1177378988556377,-1.4434457964490774,-1.4831845679862237
G20877,0,0,0.0001259657947124714,10.18730/JTV59,FULL,Phaseolus,vulgaris,Phaseolus vulgaris,RWA,GITUZA - SAKE - KIBUNGO,-2.19,30.29,0.3591811050669926,-0.003480422398631,0.3859604233784113,-0.3225779346100073,0.7050218953211199,-0.6366110096055743,-0.3560344191786328,-0.1445065045718818,-0.4842716169394717,-0.7711458545745805,-0.6630233502020273,-0.7813424006612064,-0.6834618765223034,-1.5348172436326322,-1.544050714944892,0.1168796762470617,-0.9620172713457402,0.6071251130757639,-1.0360721515283473,-0.6772645764464376,-0.7521410352900356,-1.0549158767922286,-0.726172224524246,-0.8323174972466213,-1.1365319989375942,1.381794049892478,-1.6337028856839226,-0.1099513511812154,-1.3597075502692766,0.2062222827571616,0.6222693269656573,0.0021469404367629,-0.3637938887270581,-0.4850708314349586,-0.6183233852689962,-0.3928617697769422,-0.8248693726162292,-0.2938213473894239,-0.837272795782169,1.1605946554353854,0.4232938006057345,0.5083167009602267,0.1206022811939749,-0.3084239389347617,0.5450139803543795,1.0886891810268438,0.0849479652916334,-0.976157381391942,-1.03676608634436,0.2730552903107617,0.198934802176775,-0.4096598992526549,-0.9269848340275482,-1.0497620250089874,0.378227091821963,-0.265878261478529,0.4519103797890794
G2927,0,0,5.610773487203135e-05,10.18730/K1GBQ,FULL,Phaseolus,vulgaris,Phaseolus vulgaris,MEX,TUXTLA GUTIERREZ - TUXTLA GUTIERREZ - CHIAPAS,16.75,-93.04,0.3591811050669926,-0.6661884104328224,0.3859604233784113,-0.6042031410275833,-0.396950259187224,0.9107658377022984,1.4342823808615983,1.4052119794549642,-0.820629188378562,-0.4024346249566051,-0.1772172155267593,-0.2768287559180501,0.0230523867450766,0.0846338672645136,0.3494063327483596,0.6652202159177848,0.6396219708097787,-1.6392783939605695,1.017683357795911,-0.2437644700959189,-0.3887562712855633,0.4238576284306529,0.3054874202959551,-0.1760735537426384,1.7354849784890352,-0.3070593246106268,-0.2583265647523842,-0.1099513511812154,0.527467910351935,0.2062222827571616,1.497012518259495,1.4984238992441763,0.1814262424300477,0.4108998224625318,-0.2696969594448407,0.6128172299018634,0.391965728706682,-0.6147162528698219,-0.3160154712474528,0.0908198192366766,1.2765413080321224,0.949768325537864,-0.7856171337222626,-0.1120361786752305,-0.5518151996121824,-0.6291310184747879,0.1522606353256435,1.122479954242181,0.6793902553112643,0.2702166535378302,0.2677370507634604,0.5224527530481172,-0.0287739574579408,0.0200544009136916,-0.0483562004219004,0.5905344216189015,0.3229038756448727
G14691,0,0,0.00022598633451657597,10.18730/JJDF0,FULL,Phaseolus,vulgaris,Phaseolus vulgaris,ESP,N PONFERRADA - PONFERRADA - LEON,42.55,-6.58,0.3591811050669926,-1.1561540270758288,0.3859604233784113,-0.5912554989317098,-0.5910376625276856,-0.0085580539335553,-2.1065254360512684,-0.3970782024751436,-0.2587538242873066,2.485612326545459,0.7943950538237766,0.7321985335682625,-0.4479571220998433,-0.6094166088342632,-0.7325691230763556,-1.3910568078474268,0.6396219708097787,0.6071251130757639,-0.4492848631499879,-0.4408099729825183,-0.1868758468386342,-0.526782482069771,0.5634023315010054,0.9723533473893315,-0.5946420031967207,-0.047235728533226,1.3921250203654618,-0.1099513511812154,-0.5509180671459002,-1.1698836982734446,-0.9637136007913708,-0.1874083904433977,-0.2904309352991906,-0.6852344881567385,0.1951382749873667,-0.921505336836596,-1.0660438972027522,0.6939332835424263,-0.4180006451111662,-1.3166177588570076,-1.5463780221247103,0.4660500029284339,0.5152462199478204,0.0734411504587712,0.6135658041022897,0.0131843604693004,-0.2381528508716151,-0.7185973447459358,-0.8430064993832411,-1.834741691928312,-1.8853477490806985,-1.3498253606445785,-0.3364484013657621,0.3845406602059487,-0.7019003736661265,-0.5870329857362047,-0.1931213719943667
G594,0,0,0.00012744250849418693,10.18730/JZJWH,FULL,Phaseolus,vulgaris,Phaseolus vulgaris,TUR,CUKURCA - HAKKARI,37.25,43.62,0.3591811050669926,-0.0284478286846867,0.3859604233784113,-0.5473258454677031,-1.0709947653665983,1.5661254436209266,-0.7545798685198281,0.1497882785160228,-0.2898417368406837,1.2532247855679803,0.7943950538237766,0.2276848888251061,-0.2124523676773833,-0.3780664501346709,0.0789124687921807,-0.8427162681767036,1.5739115287338314,-0.3458945565760138,0.0923649415069593,-0.0467189672093195,-0.2608986691358416,-0.2099024452362963,1.0792321539111058,0.8082923615133358,0.0556259916923274,-0.3070593246106268,1.117049756179154,-0.1099513511812154,-0.5509180671459002,-1.1698836982734446,-1.263742324318914,0.5264488728209114,-0.5055177760308929,-0.5994500638474043,-0.7732684634130653,0.2957260370972825,-1.5977240991321322,0.8042409073013131,-0.205531748607546,-1.7938285587922778,-2.380233474697236,0.881672089433152,0.4713968934196153,-0.7448411839559423,0.243385955863575,0.7750002750308936,-0.3593156569328333,-1.1001677694066854,-1.073672674336954,-1.159582853320292,-0.4883783821582571,-0.7409754732885974,0.0463250734743983,1.1318078558977962,1.9979024698700056,-0.6940846030272442,-0.580140269276917
G24322,0,0,0.00010273367276968624,10.18730/PGCXR,FULL,Phaseolus,vulgaris,Phaseolus vulgaris,ARG,"14 KM ENTRADA CHICOANA, CAMINO SALTA-CACHI, QUEBRADA ESCOIPE - CHICOANA - SALTA",-25.1,-65.6,-2.9470184280009937,0.3142345800132176,0.3859604233784113,-0.2776345966946029,-0.1145881633636005,0.364632832770108,0.340553739142528,0.5831662121864458,-1.3769030049196411,0.5005259443765016,0.3085889191485086,0.7321985335682625,0.0230523867450766,-0.6094166088342632,-0.867816055054445,-0.2943757285059805,0.6396219708097787,-0.4480038068958472,-0.9457971840855228,0.07150833452264,-0.0859356346151697,-0.526782482069771,-0.8551296801267712,-0.3401345396186341,0.8684609853036377,0.3424996655828751,0.0167486994339235,-0.1099513511812154,-0.5509180671459002,0.2062222827571616,-0.161729421926605,-0.0502832181853524,-1.0123890906234316,-0.6280448719505157,-0.734532193877048,1.2780982772720817,0.1781974000959003,-0.845359466183858,0.0664285495509738,-0.5904121235687333,0.4509967191272943,-0.7596828179951222,0.9391230430538025,-1.0394228243452392,-0.5381048348626004,-0.8083818219010451,-1.1266800953205487,-1.109707030023204,-1.0644460273388057,1.5989170199446223,0.8908584464686469,-0.278226550872077,-1.3944514891262056,-1.9242475907395225,-0.0602200646560102,-0.0517750268964503,0.9679354736408012
G5020,0,0,0.0024885138158758,10.18730/JGVP=,FULL,Phaseolus,vulgaris,Phaseolus vulgaris,BRA,MUNIZ FREIRE - ESPIRITO SANTO,-20.47,-41.41,0.3591811050669926,-0.8947262120818524,0.3859604233784113,-0.478669467556728,0.6489002365238781,-0.5637932756146155,0.4975956834692719,-0.6957946081895732,-0.0301349437929994,-0.24268004944182,-0.1772172155267593,-0.7813424006612064,-0.4479571220998433,-1.5348172436326322,-1.6792976469229814,-0.020205458670619,-0.828547334499447,0.6071251130757639,-1.3746032794389391,-0.559037274714478,-0.5166138734352851,-1.2661692346812117,-1.2420020469343465,-0.5041955254946299,-0.9197760006412448,1.7715294440085794,-1.7712405177770765,-0.1099513511812154,-1.3597075502692766,1.582328263787768,0.5511453825072952,0.4417538976475368,0.1747568830275143,0.0772937279262322,0.233874544523384,-0.2210972602738296,0.655065210073798,-0.4241849027408356,0.0494309960896929,-0.1029402595758517,0.6559977191064494,0.0692131429190045,1.7722602470896982,0.1061724438353597,1.5321602423242853,0.1476224630389933,-0.5477911330280616,-0.8712255146102357,-0.8153265583887956,1.1611118868886456,-0.0737916368085911,-0.0495842927483146,-1.3180291272523277,-1.7145624454323938,-1.2625969137738406,-0.8011362203182835,-0.1931213719943667
G24315,0,0,0.00012188630636624215,10.18730/JY53*,FULL,Phaseolus,vulgaris,Phaseolus vulgaris,CHN,YONGJI - YONGJI - JILIN,43.67,126.49,0.3591811050669926,-1.4118944937770188,0.3859604233784113,-0.4596949330488962,-0.4431337075724543,-0.0358647041801648,-1.837370244152881,-1.660707104675593,1.254006199029661,1.801193868180976,1.7660073231743127,0.7321985335682625,0.7295666500124566,0.431659105313902,0.3494063327483596,-1.3910568078474268,0.2392121602708989,0.6071251130757639,0.2277773926711962,0.1897356362545997,0.3245545617602527,0.3182309494861614,-0.2103424021141454,-0.5041955254946299,-0.81139800149307,-0.9566183148041288,2.4924260771106925,-0.1099513511812154,0.2578714159774761,0.2062222827571616,-2.501463017216101,0.0505440306447047,-0.7156025972106952,-0.0942751206924362,-0.5795871157329789,1.0371801427915277,0.7592087547816148,-0.7751637056100209,-0.1148783271450509,-2.128367861567168,0.5202537908655616,-4.396962705254601,-0.9025486711308094,-0.8212142018346489,-0.880863953602151,-0.5992558845704118,-0.4266283269668434,-0.1462417077548114,0.6517103143168187,-1.5323176972736847,-1.5629702028678274,-0.693809020040425,-0.1200837924241329,0.4588451949188104,-0.7096376764275025,-0.1588267718029321,0.5809165763582509
G11053,0,0,2.622850758884976e-05,10.18730/JP9WP,FULL,Phaseolus,vulgaris,Phaseolus vulgaris,MEX,4 KM SW DE IXTLAHUACAN DEL RIO - IXTLAHUACAN DEL RIO - JALISCO,20.85,-103.27,-2.9470184280009937,0.6393858387943432,-2.902539935203636,-0.5520889857903498,-1.2966506017805086,0.8106414534647302,1.0568652182552494,0.975882508868463,-0.7913516512331161,-0.013466968593719,-1.634635619552563,-1.790369690147519,-0.6834618765223034,-0.7250916881840593,-0.3268283271420874,1.4877310254238694,1.5739115287338314,-0.5841494739889583,1.1530958089601475,-0.7560827776010773,-0.9001866798844502,0.1069775915971782,-0.2103424021141454,-0.0120125678666426,1.0310279840258996,-0.4369711226493272,-1.0835523573113073,-0.1099513511812154,0.2578714159774761,0.2062222827571616,0.4628535510764311,0.4336877992817526,-0.3938060060384584,0.3727734116583833,-0.6957959243410308,1.597091701325815,-0.556288652053965,-0.7200098937305776,1.6132024698826104,0.1873440790479076,0.644916567549517,0.3322056420427783,-0.7417678071940575,-0.6902890283282948,-0.9357054126004792,-1.062320460088243,-0.8843544831981122,0.4833494929354254,1.103816017226096,0.2029627976868373,0.5645797418307575,0.9222172043588464,1.124839790828697,0.9139604700350882,0.3756479909015043,-0.8011362203182835,-0.709146619633606
G24378,0,0,0.0005567612879602169,10.18730/JY71M,FULL,Phaseolus,vulgaris,Phaseolus vulgaris,MEX,LOS SABINOS - SOLA DE VEGA - OAXACA,16.4,-97.08,-2.9470184280009937,0.0314943549861518,0.3859604233784113,-0.5795638985210628,-0.7664178462690666,1.3203655914014412,1.551120722660728,0.9884213404407768,-0.3814657821810976,-0.4232721898047584,-1.1488294848772953,-0.7813424006612064,-0.2124523676773833,-0.2623913707848747,-0.191581395163998,0.9393904857531464,1.306971655041245,-1.3669870597743472,1.830158064781332,-0.3225826712505587,-0.314733448988356,0.8463643442086191,-0.3392998577166706,-0.5041955254946299,1.5729179797667732,-0.5668829206880276,-0.2583265647523842,-0.1099513511812154,0.527467910351935,0.2062222827571616,0.9190280076218922,0.5990444504389912,0.614934603594719,1.0113907926278711,-0.6570596548050135,0.9368358659350904,1.0223082361487308,-0.7651357398137585,0.0041042769156858,0.6092983978212775,0.7751199068021953,0.5200574367284775,-0.931781555482946,0.1279933060864188,-0.7848914003550768,-0.5395056167616593,0.7042245296045264,1.7711496761654557,1.1960824872075813,0.49687088202267,0.449318242909764,0.8097654774074111,0.0780850160713347,0.1185642007224097,-0.4187150925997649,0.2693796973612255,-0.0641150216376775
G13620,0,0,2.8529453706269156e-05,10.18730/JR7T6,FULL,Phaseolus,vulgaris,Phaseolus vulgaris,MEX,SAN SEBASTIAN PROGRESO - HUAJUAPAN DE LEON - OAXACA,17.81,-97.69,0.3591811050669926,0.5545637712862235,0.3859604233784113,-0.4598681418306483,-0.6734663488861347,1.5752276603697966,1.1185537682791882,0.7306229939263845,-1.0548497473039609,-0.270463491319622,-1.1488294848772953,-0.7813424006612064,-0.6834618765223034,-0.2623913707848747,0.2141594007702701,1.076475620670827,1.306971655041245,-1.2989142262277915,0.4760335531389636,-0.7166736770237575,-1.007856239589479,-0.3155291241807879,1.337147065116156,0.8082923615133358,1.3561619814704238,-0.1771475265719264,-0.8084770931249995,-0.1099513511812154,-0.0117250783969826,-1.1698836982734446,0.5658606818984364,0.3731913499810709,-0.8589938243651634,-0.5899184611463671,-0.6570596548050135,0.7324659731556783,-0.402813954589814,-0.8052476029988083,0.9786286040726994,0.3939074079727743,0.5202537908655616,0.165487185176137,-0.9171651133068778,-0.7011994594538242,-0.9631261420996432,-0.8083818219010451,-0.2920029868988232,0.168553892590307,-0.252501091501736,0.3291729557448695,0.1538941549061098,0.5696192062962896,0.0724608595697939,-0.021601171576852,-0.6580556580183291,-0.1588267718029321,-0.1931213719943667
G51185,0,0,5.194527576331737e-05,10.18730/PHD3J,FULL,Phaseolus,vulgaris,Phaseolus vulgaris,PER,MARCABAL GRANDE - SANCHEZ CARRION - LA LIBERTAD,-7.69,-78.04,0.3591811050669926,1.9399908739188456,0.3859604233784113,2.300014712561105,1.1154115252759516,-0.9642908125648884,-0.0178451057532967,-0.1546185916099324,-0.6156862538525528,-0.7566729955324369,1.7660073231743127,1.7412258230545752,0.7295666500124566,0.2003089466143097,-0.191581395163998,-0.9798014030943843,0.3726820971171922,0.5050158627559306,-1.103778377110466,-0.0073098666319996,0.2707197819077382,-0.6324091610142625,0.3054874202959551,0.3161094038853487,0.4349489887109389,0.8621468577376766,0.0167486994339235,-0.1099513511812154,-0.5509180671459002,0.2062222827571616,-0.8190131052894416,-1.7966118610172144,-0.4521629008106257,-0.4850708314349586,-0.3471694985168752,-0.1803664403455553,-0.2219330611499218,-0.6698700647492654,0.9389676234823562,1.2293015346755176,-0.7790093996353182,-0.5647865997634123,0.4860133355956836,-0.2429613521815846,-0.0445317038776475,0.3418108334174387,-0.6958790071028839,-0.9666181207754232,-0.9721795573573204,0.1614750294670689,-0.2074949755569436,-0.8801740304356426,-0.8723974326890637,-1.194430702442362,-0.9102917280391868,0.5905344216189015,1.2259481743541794
G52322,0,0,0.0259191219312634,10.18730/K4Y4N,FULL,Phaseolus,vulgaris,Phaseolus vulgaris,CHL,VILUCO - PURÉN - REGION IX MALLECO (REGION DE LA ARAUCANIA),-37.99,-73.11,0.3591811050669926,-0.941899200985583,0.3859604233784113,-0.5354216104569445,-0.4033808659244079,0.3373261825234985,-1.4542797550142317,0.2852436429061266,1.4630208903148163,0.1254500420729127,1.7660073231743127,2.245739467797732,1.6715856677022964,1.0100345020628827,0.7551471286826278,-1.3910568078474268,1.7073814655801247,-1.7754240610536804,0.1600711670890778,1.8843269610793545,1.4416262436999268,0.7407376652641275,-1.3709595025368717,-0.8323174972466213,0.760082986155463,1.2518822518537778,0.0167486994339235,-0.1099513511812154,0.2578714159774761,1.582328263787768,-1.3773771837663735,-1.5707587220967365,0.4281925403237836,0.6110634791843117,0.2726108140594013,0.0329029963297619,-1.0770063755930486,2.488939161073403,-0.8882652417199778,-0.8284896269465338,-1.7957035903535823,-0.339364441661837,-0.5809869432573057,-0.4284386813155864,-0.2913182693701239,0.2820605656086862,1.59275177405346,1.3705007302716683,1.0207761942427591,2.548550198827636,0.4780449549485346,-0.2747753469758693,-2.420363801554328,-3.377407866203556,-2.269477913120904,0.9116891458765768,1.096941977785008
G7806,0,0,2.0739131908820085e-05,10.18730/K2C0M,FULL,Phaseolus,vulgaris,Phaseolus vulgaris,MEX,EL CARMEN - SALAMANCA - GUANAJUATO,20.63,-101.15,0.3591811050669926,0.698761286050027,0.3859604233784113,-0.5906435694262748,-1.5912893104660286,0.364632832770108,1.07289466300232,0.8178931545263531,-1.1426823587402992,-0.006521157804863,-1.1488294848772953,-1.790369690147519,-0.6834618765223034,0.7786843433632905,1.2961348565949853,1.3506458905061889,-0.6950773976531537,0.6071251130757639,-1.0812096352497598,-0.7166736770237575,-0.9674801547000932,-1.1605425557367202,1.337147065116156,1.1364143332653274,-0.973965000215332,-0.8267065167654283,-0.5334018289386918,-0.1099513511812154,0.527467910351935,-1.1698836982734446,0.2364013415593242,0.1876691259776366,-0.7856308709372959,-0.3992864071256244,-0.6183233852689962,1.2477875896951909,0.0192414634366011,-0.7500937911193648,1.451726049710728,0.1752069297405902,0.4925509516024614,-0.1444682458238048,-0.8294664602504677,-0.8321246329601785,-0.9905468715988072,-0.942819924470738,-0.790116745150498,-0.0413098409731052,0.3564576103760661,0.3130145618066439,0.7234632849587732,1.0070593001406198,1.109621485000998,0.8216427147857751,0.57372294159273,-0.4799814960606078,-0.1931213719943667
G21245A,0,0,2.9033139673409372e-05,10.18730/S1B2X,FULL,Phaseolus,vulgaris,Phaseolus vulgaris,PER,6.5 KM NW DE LA CONGA - SAN MIGUEL - CAJAMARCA,-7.12,-78.78,-2.9470184280009937,0.7948929625592294,-2.902539935203636,4.13278393183399,1.389004611912506,-0.8004509110852314,0.0256096315955423,-0.3236421789604415,-0.4985760180168251,-0.7080520550472744,0.3085889191485086,0.2276848888251061,0.0230523867450766,0.3159840259641059,0.2141594007702701,-0.5685459983413421,-0.1611976502679807,-0.4139673901225694,-0.8555222166426983,0.6232357426051183,0.3110958667971241,-0.1042757662918048,-0.0813849465116203,-0.0120125678666426,0.8142719857295503,0.8621468577376766,-0.2583265647523842,-0.1099513511812154,-0.2813215727714414,0.2062222827571616,-0.7086483013825177,-1.651420648087224,-0.4888443775245594,-0.6089816665484414,-0.3471694985168752,-0.3564246037412097,-0.3096328882722938,-0.6548281160548717,0.6585086397749752,1.4076344964803753,-0.6765088203872824,-0.4990384637856308,0.4713968934196153,-0.166588334302878,-0.2501871751213779,0.4463738020827554,-0.5612536670348637,-0.976157381391942,-0.9721795573573204,0.1529591191482743,0.3032021273545353,-0.7895799281601896,-0.8776907564552198,-1.0570798958519207,-0.5497334193590652,0.6975861665253832,1.4839608750675577
G20947,0,0,0.0014134758393793,10.18730/JTWGF,FULL,Phaseolus,vulgaris,Phaseolus vulgaris,RWA,RUGARAMA - KIDAHO - RUHENGERI,-1.41,29.74,0.3591811050669926,0.7882292218152257,0.3859604233784113,0.9424523736988558,1.28494570289262,-1.155437364291155,-0.5743671993372791,-1.0112059166648395,1.0080849058830348,-0.9103643295529344,0.7943950538237766,0.7321985335682625,0.7295666500124566,0.2003089466143097,0.484653264726449,0.2539648111647425,-0.828547334499447,0.6071251130757639,-0.7652472491998737,0.5444175414504786,0.4254947739837172,0.0013509126526867,-0.5972147689217209,-0.0120125678666426,-0.7572090019189827,-0.3070593246106268,0.1542863315270773,-0.1099513511812154,0.2578714159774761,0.2062222827571616,-0.2532912908687178,-1.1069532197819931,0.2747972740655153,-0.1991227504038447,0.0789294663793148,-0.8831688385579745,0.2110848352667898,-0.0330942366866004,-0.5228185565596919,1.174297346777835,-0.3080610661138828,-0.1303792979602414,0.3106160294828635,0.3789332219735976,0.9426145580922582,1.5368161895924868,0.3272735774140698,-0.823529211527642,-0.8706864403776867,0.082648269849509,-0.4362447195693769,-0.7332102645221299,-1.480137167590857,-1.672343959800086,-0.6219482451319078,-0.265878261478529,-0.4511339189202276
G20577,0,0,0.0217807971638163,10.18730/JMZF$,FULL,Phaseolus,vulgaris,Phaseolus vulgaris,IND,NAGGER - HIMACHAL PRADESH,32.12,-77.17,0.3591811050669926,-0.2741722606726179,0.3859604233784113,-0.4308045582944956,-0.046189891704462,-0.9642908125648884,0.7900605357715399,-0.1538142522881552,0.5133637365982068,-0.1700329448101201,-0.3715396693968667,-0.5795369427639437,0.8708695026659329,0.6034066791042365,0.7418451043204771,0.6378031889342483,0.4260700718557095,-1.474819518660239,0.6607216743491854,0.2281663542879681,1.1025644976623303,0.6519094169045564,-0.365091348837176,-0.0120125678666426,1.2110536660731752,-0.592865280295768,0.0167486994339235,-0.1099513511812154,1.228418795725528,-0.3189018040079008,1.056366223801395,1.001136580488155,0.8931307272694159,1.19384698536185,0.3240661800963808,0.4182433909981501,0.5525286822012841,-0.2790356607931445,0.3205145048324231,0.0583314429469798,0.9997948941434626,0.6974399455943602,-0.3708541223311022,0.5378892751432014,-0.1347927240312776,-0.5391792470826456,0.0885771521975407,1.389596033219384,1.620113701426731,0.0111630921836116,0.2178290165752969,0.35206942066696,0.2648101661264817,0.3299502868316293,0.0603845404155069,1.4469471557625084,0.8647304241129531
G22718,0,0,0.0005015064712284903,10.18730/JSY45,FULL,Phaseolus,vulgaris,Phaseolus vulgaris,PRT,LIMOEIRO - SAO VICENTE - MADEIRA ISLAND,32.8,-17.03,0.3591811050669926,-1.4953028601600034,0.3859604233784113,-0.5911419412866412,1.0592898664787096,-1.4194016500083804,-0.4830783474903859,-1.172997566354046,0.7638975593543614,-0.4683278297047455,-0.6630233502020273,-0.2768287559180501,1.4360809132798364,2.5138105336102323,2.6486041763758794,-0.020205458670619,1.0400317813486584,-0.2097488894829027,2.529789062463222,2.711918073203072,2.4577577134161364,2.7476445652094665,-1.2420020469343465,-1.3245004548746084,0.922649984877725,-0.6967947187267279,0.8419744919928466,-0.1099513511812154,2.4146433709731467,1.582328263787768,-0.1339338477472858,-0.2721032502291017,-0.7706248122815957,-0.866334939476444,-0.6183233852689962,-0.2420751233301702,-1.2798122258135338,0.2476888056087478,-2.109253484498495,-0.9141914299093508,-0.4521158514175974,0.289938988798338,0.3544653560110685,-0.3302448011858208,0.1062823083677547,-0.4648177820007188,-0.8170418131641021,-1.0143144238580168,-1.03676608634436,-0.9800936666010838,-0.7589769165481588,-0.3236674021721455,0.27956215192065,0.7051196944406057,0.0646084198941891,2.945669491559998,3.032036771772793
G22724,0,0,0.0003103967174726425,10.18730/JYP1K,FULL,Phaseolus,vulgaris,Phaseolus vulgaris,PRT,PORTO MONIZ - PORTO MONIZ - MADEIRA ISLAND,32.86,-17.17,0.3591811050669926,-1.6508099839248895,0.3859604233784113,-0.5946145750068224,0.3916759670365192,-1.2555617485287232,-0.2688612312361405,-0.7737973367352623,0.3135801164459472,-0.3163767415759733,-0.1772172155267593,-0.2768287559180501,1.2005761588573765,1.5884098988118631,1.2961348565949853,0.3910499460824232,0.6396219708097787,0.3688701956628195,0.6565834880246127,1.7660996593473948,2.4577577134161364,1.58575109682006,-1.1130445913318214,-1.1604394689986126,0.4349489887109389,-0.9566183148041288,0.7044368598996927,-0.1099513511812154,1.60585388784977,1.582328263787768,-0.0579047671084464,-0.2035407410251937,-0.8106409686967961,-0.8853981448785183,-0.6183233852689962,-0.206215763809385,-1.2962559433989786,0.2176049082199604,-2.310390736668192,-1.025308354234306,-0.3579262084908496,0.3228130399919712,0.3398489138350001,-0.3738865256879388,0.0651512141190086,-0.5096304828572832,-0.8439668811777061,-1.0238536844745356,-1.03676608634436,-0.98904629026956,-0.6805990972818832,-0.2560813258714107,0.3715336523576116,0.8095400822378469,0.2657782916899651,2.945669491559998,3.290049164911137
G4843,1,1,0.992851407463087,10.18730/JH14R,FULL,Phaseolus,vulgaris,Phaseolus vulgaris,COD,YANGAMBI - YANGAMBI - TSHOPO,0.79,24.4,0.3591811050669926,-0.6692941213129245,0.3859604233784113,-0.5933211593925338,0.7693279626929597,-1.319277265770812,-0.0376466504814189,-1.0632579661375647,0.5687288599844412,-0.9438300277792976,-1.634635619552563,-1.790369690147519,-0.6834618765223034,-1.8818424816820207,-2.085038442857249,0.1168796762470617,-0.9620172713457402,0.6071251130757639,-1.0135034096676412,-0.2831735706732388,-0.4224030086933848,-0.738035839958754,-2.273661691754548,-1.3245004548746084,-1.0823429993635068,2.551000232240782,-2.871541574522307,-0.1099513511812154,-1.6293040446437357,2.958434244818374,1.341684292182996,0.966055791569128,1.1484833557973912,0.2965205900500862,2.248160560396282,-1.3508974243380465,0.7318025588058735,1.4560586840583716,-0.8882652940650729,0.9351156690965828,0.9939723264129002,1.0671756832203785,0.1644516077221799,1.2844990053925474,1.6966846193192695,1.5816288904490512,1.027325345767775,-0.0699276228226615,0.1073381414260561,0.485297978256103,-0.0620881615335364,-0.1663500245700096,-0.66198781298436,-0.9703912720202488,-0.6683720617001638,-1.1222909445759592,-1.2251718672728455
G20248,0,0,7.574248760568115e-05,10.18730/JN8JX,FULL,Phaseolus,vulgaris,Phaseolus vulgaris,MKD,ALDINCI - STUDENICHANI,41.8,21.43,0.3591811050669926,-0.4633010388112132,0.3859604233784113,-0.591108680680427,0.3823223572369789,-0.4727711081259171,-1.8220452890143608,-0.974137700142614,0.3276045421463929,1.762115343240649,1.7660073231743127,2.245739467797732,1.4360809132798364,0.7786843433632905,0.2141594007702701,-1.6652270776827882,0.3726820971171922,0.6071251130757639,1.356214485706503,0.4261902397185189,2.006891432151328,1.1632443810420936,-0.2103424021141454,-1.1604394689986126,0.1640039908405021,0.3424996655828751,1.3921250203654618,-0.1099513511812154,0.527467910351935,0.2062222827571616,-2.1859014682303326,-1.6231888999501285,-0.6222315655752275,-1.142751417806521,1.047336204779747,-1.8485494444468928,-0.7481320238841537,0.0270735580909741,-1.0497416656911005,-1.588981031064865,-2.491044831749641,-0.4309421828935657,-0.1863430045034603,-0.504811699194293,-0.0445317038776475,-0.1212537421003924,-0.184302714844407,-0.5468906536485986,-0.6123403244295282,-1.6842939429629415,-1.6714933372365166,-1.2914424947337309,-0.4681198300488942,0.1498058800903175,-0.5394170156772305,0.9116891458765768,1.354954370923351
G14378,0,0,3.247530639735393e-05,10.18730/JRA02,FULL,Phaseolus,vulgaris,Phaseolus vulgaris,MEX,SAN ISIDRO - CEDRAL - SAN LUIS POTOSI,23.87,-100.77,0.3591811050669926,0.055108374964742,0.3859604233784113,-0.4835994663970574,-1.5234756394193614,-0.7731442608386218,1.0858225762139913,1.1459090343766578,-1.698956088027435,0.2852045513469052,-0.1772172155267593,-0.2768287559180501,-1.1544713853672233,-0.3780664501346709,-0.0563344631859086,0.3910499460824232,-0.9620172713457402,0.6071251130757639,-1.442309505021058,-0.9137191799103568,-1.1357138417392008,-1.5830492715146862,2.239849254333832,2.612963206149289,-1.0823429993635068,-1.086530112842829,0.8419744919928466,8.092419446937457,-0.5509180671459002,-1.1698836982734446,0.09006580927248,0.1473382879857059,-1.2674920877703344,-1.3238518691262264,-0.463378307124927,-0.3382920806388199,-0.8742005253725634,-0.6748840476473966,2.4064199068351875,0.0385026847962933,0.4648480859198728,-0.3534533223443715,-0.7417678071940575,-0.930318513089944,-0.9768365068492252,-0.8083818219010451,-0.6420288710756757,-0.6804403022798609,-0.6307936184258253,-0.2092946044127557,0.2109929282177405,0.3973466118105869,0.5832666030038542,0.8089771690960829,0.3967966184492654,0.80463765620098,0.7099227729274225
G16055,0,0,1.7107588451914784e-05,10.18730/JSG74,FULL,Phaseolus,vulgaris,Phaseolus vulgaris,MEX,POANAS - POANAS - DURANGO,23.96,-104.13,0.3591811050669926,0.9552497293079352,-1.80637314900962,-0.5071435683129693,-1.2358521380834964,0.5648816012452444,0.6951408930028643,0.7356384500243557,-1.4647356163559797,0.4935800673468534,-1.1488294848772953,-1.2858560454043628,-1.1544713853672233,-0.8407667675338554,-0.4620752591201768,1.3506458905061889,-0.828547334499447,0.6071251130757639,-1.306897053856821,-0.9137191799103568,-1.1424431892207652,-1.4774225925701947,1.5950619763212064,1.300475319141323,-0.9197760006412448,-0.1771475265719264,-1.0835523573113073,-0.1099513511812154,-0.5509180671459002,-1.1698836982734446,-0.0440070190010335,0.1231396082627837,-1.065743965843699,-0.7805505151671098,-0.734532193877048,1.1545231040596204,-0.556288652053965,-0.7049679450361839,2.372424745878976,-0.0672828015533869,0.3817395945500558,-0.1843867541539628,-0.800233575898331,-0.886676788587826,-0.9494157773500612,-1.062320460088243,-1.0189798232661325,-0.4991943505660048,-0.0126082695498745,-0.1601643525735563,0.2656091461679958,0.4954183225278233,0.793345389973173,0.8559804164333855,0.2090380714398745,0.2693796973612255,0.3229038756448727
G11123,0,0,9.923117701811524e-05,10.18730/JPDGV,FULL,Phaseolus,vulgaris,Phaseolus vulgaris,MEX,EN DZOTZIL - HECELCHAKAN - CAMPECHE,20.17,-90.24,0.3591811050669926,-1.7144265345559793,-1.80637314900962,-0.6126872724626756,-0.0795121266153243,-1.2464595317798537,1.30459047138613,-0.0914229646695198,-0.5864087167071068,-0.201004985986306,1.2802011884990447,1.2367121783114188,1.2005761588573765,0.0846338672645136,0.3494063327483596,0.2539648111647425,1.1735017181949516,-2.1157882287864584,1.9881392578062749,0.1897356362545997,1.905951219927864,1.480124417875568,1.208189609513631,0.6442313756373401,1.7354849784890352,0.2125878675441747,-0.395864196845538,-0.1099513511812154,0.2578714159774761,-1.1698836982734446,1.766793121444992,1.8009057611220185,-0.0136525200940543,0.1440149468334921,-0.1147518813007715,0.2657917582076271,-0.1726019083935875,-0.4642967659258853,0.2279050507733274,0.213853426894485,1.55911023681237,1.3278200262330315,-0.551754058905169,0.1498141683374778,-0.4421322816155262,-0.8083818219010451,-0.1035275108035948,0.4356531898528317,0.4210441393631057,0.0389769348813318,0.2900800490158375,0.4137398303175736,0.4886484406838146,0.6226529191721646,0.6108619948473347,0.80463765620098,0.7099227729274225
G14686,0,0,4.301010727765365e-05,10.18730/JJCA0,FULL,Phaseolus,vulgaris,Phaseolus vulgaris,ESP,N SAN JUAN DE LA PEÑA - SAN JUAN DE LA PENA - HUESCA,42.57,-0.55,0.3591811050669926,-1.2634185458391465,0.3859604233784113,-0.5856266545086523,-0.7167267942090086,-0.6366110096055743,-1.6579056360089055,-0.2134952955587837,-0.0436586136077336,1.880660054463421,1.2802011884990447,1.7412258230545752,-0.2124523676773833,-0.3780664501346709,-0.867816055054445,-1.1168865380120652,-0.0277277134216875,0.6071251130757639,-0.6524035398963431,-0.3619917718278785,-0.1801464993570699,-0.526782482069771,1.0792321539111058,0.4801703897613444,-0.973965000215332,-0.6967947187267279,1.804737916644924,-0.1099513511812154,-0.5509180671459002,-1.1698836982734446,-1.2988955399100752,-0.5786182574462282,-0.6822558001980281,-1.1904094313117066,0.505028431275505,-1.6636028058104269,-0.9180504389337496,0.0772133870722863,-0.8882652248344629,-1.4741976101678511,-1.6461082210153115,0.238279733503091,-0.0547950249188452,-0.4284386813155864,-0.1130835276255576,-0.1810040099091449,-0.2381528508716151,-0.5850476961146734,-0.769193323398053,-1.7030726169992576,-1.7112142230185206,-1.095299073299258,-0.1773178556456953,0.5534146027351798,-0.5368379147567718,1.5539988496228132,2.1289924730634864
G19890,0,0,9.228085904440628e-05,10.18730/JTKAH,FULL,Phaseolus,vulgaris,Phaseolus vulgaris,ARG,"30 KM S DE EL CARMEN, EN EL UCUMAR - LA CALDERA - SALTA",-24.53,-65.35,-2.9470184280009937,0.2152755012537445,-2.902539935203636,-0.2073271674370145,0.2010961673708852,0.1552818475461017,-0.0017787162923502,0.1107031303788029,-1.113404821594853,0.3893923093468796,1.2802011884990447,1.2367121783114188,0.9650714044349166,-0.493741529484467,-0.7325691230763556,-0.2943757285059805,1.974321339272712,-1.1627685591346806,-0.3364411538464572,-0.0467189672093195,-0.1666878043939413,-0.526782482069771,-0.4682573133191957,-0.6682565113706256,1.247783982322249,0.3424996655828751,-0.1207889326592303,-0.1099513511812154,-0.2813215727714414,0.2062222827571616,-0.3374955997744263,-0.2801695024451153,-0.7239392964638619,-0.3897548044245874,-0.5795871157329789,0.9615960193387392,0.6495839708786498,-0.7651357398137585,0.0182688867888729,-0.5860757918102101,0.2930904877725427,-0.654016196080859,1.304534097455511,-0.8975872197133555,-0.2776079046205419,-0.6739437193313522,-1.0593674252865384,-1.042932205707573,-1.018312792348063,1.129886882386399,0.9085909847641844,-0.0199614593058649,-1.3034724868953982,-1.9104562187663017,-0.0107013269832038,-0.1588267718029321,0.9679354736408012
G11881,0,0,6.130775142302398e-05,10.18730/JQN0~,FULL,Phaseolus,vulgaris,Phaseolus vulgaris,NLD,WEST FRIESLAND - WEST FRIESLAND - NORTH HOLLAND,52.67,4.73,0.3591811050669926,-1.0308562724754868,0.3859604233784113,1.0398462718875583,0.581671166089682,-0.9642908125648884,-1.6881511699698477,-1.7127411942000976,1.403422632928762,0.8602402219562555,0.3085889191485086,0.7321985335682625,-0.2124523676773833,0.2003089466143097,-0.191581395163998,-0.5685459983413421,-0.9620172713457402,0.6071251130757639,-0.2235974445429265,0.4261902397185189,0.021733925089859,0.3182309494861614,0.4344448758984802,0.4801703897613444,-1.353287997233943,-0.1771475265719264,0.7044368598996927,-0.1099513511812154,-0.0117250783969826,-1.1698836982734446,-1.558048427139348,-1.2319790329472984,-0.5038504361802596,-0.9616509664868154,0.7761823180276259,-1.4042831057125216,-0.4411826289558517,0.0872413528685487,-1.956275790400709,-1.7158858705119515,-1.2305656584882805,-1.64728240316592,-0.0255621405667085,-0.1556779031773485,0.2159652263644109,-0.494692915905095,-0.5477911330280616,-0.565969174881636,-0.520073854448043,-2.5186347975299674,-3.3986425672218656,-2.599161171071778,-1.59030446847398,-0.3694814931870681,-3.4749496833432847,4.7655463474304565,4.709118557472166
G9735,0,0,1.970910747539168e-05,10.18730/JNREK,FULL,Phaseolus,vulgaris,Phaseolus vulgaris,MEX,IRAPUATO - IRAPUATO - GUANAJUATO,20.69,-101.47,0.3591811050669926,0.7236078018832537,0.3859604233784113,-0.5606427910226938,-1.3422494495532675,0.3282239657746287,0.955010010417572,0.8790827138240086,-1.1426823587402992,-0.0273587226530163,-2.120441754227832,-1.790369690147519,-0.4479571220998433,1.125709581412679,1.7018756525292535,1.4877310254238694,0.3726820971171922,-2.796516564252014,0.5663085205817883,-0.6378554758691177,-0.583907348250928,0.1069775915971782,0.3054874202959551,-0.0120125678666426,1.7354849784890352,-0.5668829206880276,-0.9460147252181532,-0.1099513511812154,1.0666608991008526,0.2062222827571616,0.2453940392472028,0.2199339425289009,-0.7789615115347625,-0.3039703801152531,-0.6570596548050135,1.250543409966818,-0.8139068942259327,-0.73003785952684,1.2789180443042256,0.0825870848575685,0.4454561301390866,0.2406278896142111,-0.7710006915461942,-0.8103037707091194,-0.9768365068492252,-0.9726950583751144,-0.790116745150498,-0.0890061440556989,0.4487240803575513,0.2551500429738091,0.6816144945813047,0.9351592189696254,1.057019080074822,0.8084142559543187,0.4416729744652462,-0.3729298787695683,-0.1931213719943667
G17210,0,0,0.00013856618040276975,10.18730/JPKN2,FULL,Phaseolus,vulgaris,Phaseolus vulgaris,ECU,BARRIO NASACA - LOJA - LOJA,-4.0,-79.2,0.3591811050669926,1.5865655926350135,-1.80637314900962,2.4567024582245387,1.7298267689832565,-1.382992783012901,-0.376243950649125,-1.230951943522479,-0.0301349437929994,-0.8816983183805641,0.7943950538237766,0.7321985335682625,0.9650714044349166,1.7040849781616596,1.4313817885730749,-0.1572905935882998,-0.4281375239605672,0.6071251130757639,-0.8780909585034045,0.3079629379865593,0.041921967534552,-0.3155291241807879,-0.0813849465116203,-0.5041955254946299,0.0014369921182401,-0.047235728533226,0.1542863315270773,-0.1099513511812154,0.7970644047263937,0.2062222827571616,-0.1993352138917338,-1.006125932489378,-0.4838423579726593,-0.7996137205691841,0.8536548570996605,-1.3762743331090872,-0.6604321967617818,-0.0431222024828629,-0.2791876503797919,0.591304465513103,-0.2388039943756172,-0.1327274540713616,0.0913693968418382,-0.548453423696411,-0.4010011873667801,0.2820605656086862,-0.3189280549124272,-0.5373513930320798,-0.520073854448043,-0.0981510569187446,-0.2950937147368987,-1.2471520447323985,-1.4950246406831709,-1.7671948241873374,-1.0867022309985594,0.0552764627791469,0.7099227729274225
G6265,0,0,0.0021929874065352,10.18730/JG2WJ,FULL,Phaseolus,vulgaris,Phaseolus vulgaris,SLV,SANTA CRUZ PORRILLO - PORRILLO - LA PAZ,13.44,-88.82,0.3591811050669926,-1.0810674000755898,0.3859604233784113,-0.6137758301717415,-0.4530719179844659,0.7287215027249015,1.6058965062213555,1.6875863287077555,0.4675836457627866,-0.7080520550472744,-1.1488294848772953,-0.7813424006612064,-0.9189666309447634,-0.3780664501346709,0.0789124687921807,0.2539648111647425,-0.4281375239605672,0.6071251130757639,0.363189843835433,-0.559037274714478,-0.9338334172922718,0.0013509126526867,-0.2103424021141454,0.4801703897613444,-0.81139800149307,-0.4369711226493272,0.1542863315270773,-0.1099513511812154,-0.0117250783969826,0.2062222827571616,1.751260270770123,1.5952180796600626,1.2735338445948927,1.8692350357212133,-0.6957959243410308,0.8518779679759664,-0.4357013897607035,0.8944925994676751,-0.6304696294194575,0.6120928252175455,1.3042440944562497,1.252679299401281,-0.9463979976590144,2.004587459677495,-0.4010011873667801,-0.6141934515225999,1.1754132198425973,2.000091930961905,1.5374684261390763,0.78269976938939,0.4053415479368311,0.6722925222084697,0.4969192590684334,0.1818919291708714,0.2193544751217091,0.6975861665253832,-0.4511339189202276
G607,0,0,5.262801252947465e-05,10.18730/JZK5T,FULL,Phaseolus,vulgaris,Phaseolus vulgaris,TUR,SELDEGIAMEN - GIRESUN,40.25,38.42,0.3591811050669926,-0.6473771963280555,0.3859604233784113,-0.599908052676008,-0.750049029119871,0.983583571693257,-0.9012509174270992,0.0919397215378189,0.0868675638917149,1.1456037530230154,0.7943950538237766,0.7321985335682625,-0.2124523676773833,-0.1467162914350786,0.2141594007702701,-0.020205458670619,0.2392121602708989,0.4029066124360972,-0.8780909585034045,-0.5196281741371581,-0.1128530245414269,-0.738035839958754,1.208189609513631,1.9567192626453056,-0.2695080057521966,-1.606177304997631,1.804737916644924,-0.1099513511812154,-0.0117250783969826,-1.1698836982734446,-1.2531146010535177,-0.0220516238984886,-0.8673305236183301,-1.219004239414818,-0.2696969594448407,-1.0438794467989698,-1.32366213937472,-0.0130383050940756,-0.3500105916784291,-1.631638650369854,-1.346917564899664,0.5623240451855659,-0.1571101201513236,-0.6357368727006472,-0.2090560808726318,-0.06150347429164,-0.2785404528920212,-0.6804403022798609,-0.9260463223665778,-1.5633243451010903,-0.9997847866015576,-1.17208835998988,-0.148204574931837,0.7467752669311494,0.7759244537566894,-1.0152394549003625,-0.9671593203469846
G4336,0,0,1.4611123983912188e-05,10.18730/JFA21,FULL,Phaseolus,vulgaris,Phaseolus vulgaris,MEX,MORELIA - MORELIA - MICHOACAN,19.74,-101.19,0.3591811050669926,1.008361832454664,0.3859604233784113,-0.424646207633518,-0.8856763712132057,0.4738594337565461,0.5772192957042371,1.0124956827729472,-0.93773942421429,-0.1384922914418462,-1.1488294848772953,-0.7813424006612064,-0.6834618765223034,0.2003089466143097,0.484653264726449,0.6652202159177848,-0.1611976502679807,0.4029066124360972,0.7017209717460251,-0.7954918781783972,-1.1357138417392008,0.0013509126526867,1.0792321539111058,0.152048418009353,-0.4862640040485459,-0.3070593246106268,-0.395864196845538,-0.1099513511812154,0.2578714159774761,-1.1698836982734446,0.0933358779695267,-0.0986803083932941,-0.5572053114005268,-0.1324015314965847,-0.5408508461969617,1.1215539894295874,-0.5836948480297063,-0.6798980305455278,1.1486037469415749,0.2560930756155259,0.20167119217887,0.1584427392364516,-0.7125349228419209,-0.6793785972027653,-0.9494157773500612,-0.942819924470738,-0.6824164730960819,0.2162501956729007,0.6148037263242246,0.2815712006295563,0.5979169138263679,0.9121511929949072,0.8320528200131893,0.543563622754308,0.2007849484944067,-0.3729298787695683,-0.1931213719943667
G3337,0,0,1.0224572948214472e-05,10.18730/K1V0Z,FULL,Phaseolus,vulgaris,Phaseolus vulgaris,MEX,CARRETERA ALCHICHICA (PUEBLA)-PEROTE (VERACRUZ) - TEPEYAHUALCO - PUEBLA,19.48,-97.38,0.3591811050669926,0.8090299738105826,0.3859604233784113,-0.4151650466136395,-0.7763560566810782,0.9744813549443871,-0.0271861889657941,0.8851011080796651,-1.5525684023002044,-0.2982468669566313,-0.6630233502020273,-0.2768287559180501,-0.9189666309447634,-0.2623913707848747,-0.191581395163998,0.1168796762470617,-0.0277277134216875,0.4709794459826528,0.6565834880246127,-0.7954918781783972,-1.162631231665458,0.0013509126526867,1.337147065116156,0.4801703897613444,-0.1069410070299345,0.3424996655828751,-0.5334018289386918,-0.1099513511812154,-0.2813215727714414,-1.1698836982734446,-0.6318017045439736,-1.1190525019496171,-1.0724133252462322,-1.0569669934971866,-0.5795871157329789,0.0827004087962274,-0.687838392737523,-0.7450798082212337,1.4290626360900769,0.4268460455394859,-0.3690073204185509,-0.7761198435919385,-0.8586993446026043,-0.8212142018346489,-0.9494157773500612,-0.6440685854269761,-0.4804784629940515,-0.2988698776191112,-0.4647139724591519,0.1878961871228161,0.2241150065564382,0.4911043176575637,0.3533378519114502,0.4064942727347487,-0.3532059292201148,-0.265878261478529,-0.1931213719943667
G20698,0,0,4.318178195759816e-05,10.18730/JN387,FULL,Phaseolus,vulgaris,Phaseolus vulgaris,IND,KISHNI - UTTAR PRADESH,27.03,79.25,0.3591811050669926,-0.6271513015123479,0.3859604233784113,-0.5921708102913417,-1.087363582515794,1.611636527365276,0.4367244949319783,0.3120496513461255,-0.4705371537285259,-0.0629477949421725,-0.1772172155267593,-0.2768287559180501,-1.860985648634604,-1.0721169262334478,-1.0030629870325345,-1.1168865380120652,-0.9620172713457402,0.6071251130757639,1.017683357795911,-0.874310079333037,-1.7346257675984238,0.3182309494861614,2.368806709936357,0.6442313756373401,-1.299098997659856,0.7322350596989763,0.429361595713385,3.991234047878121,-1.3597075502692766,-1.1698836982734446,1.604107222283576,2.938237515627634,-0.4671689594663258,0.9732643818237228,-0.734532193877048,2.2406147243811527,-0.1013457988566603,-0.6999539621380526,0.90497250305138,-1.0500680443994037,1.88046318283214,1.7739679406392348,-0.6833020384897842,-0.504811699194293,-1.0865194248458814,-1.077258027040431,-1.1132175613137465,-0.5755084354981548,0.8916031362686802,0.0765342829539642,1.160747679326727,1.1451074559889292,2.127924644515271,2.1312601390999624,1.0931538669731051,-1.336394179158038,-1.6121908414491544
G19018,0,0,1.4715470230639458e-05,10.18730/JMEYQ,FULL,Phaseolus,vulgaris,Phaseolus vulgaris,MEX,MIRAFLORES - SANTIAGO - BAJA CALIFORNIA SUR,23.37,-109.76,0.3591811050669926,-1.3680697588978237,0.3859604233784113,-0.616747851702933,-1.4024633126378083,0.3737350495189779,1.1480716824521973,1.0150036021493187,-1.6404010137365428,0.6047137023764755,-1.1488294848772953,-1.790369690147519,-1.1544713853672233,-1.0721169262334478,-1.0030629870325345,1.6248161603415503,0.9065618445023652,-0.1757124727096249,-1.329465795717527,-1.0713555822196363,-1.250112748925794,-1.6886759504591775,1.8529768875262569,1.300475319141323,0.7058939865813756,-0.3070593246106268,-1.4961652535907688,-0.1099513511812154,-0.5509180671459002,-1.1698836982734446,0.9795242921610092,1.6637807427142026,-1.1774557358361333,-0.4660076260328844,-0.7732684634130653,2.154874569356311,0.0082789850463046,-0.6899259963417902,0.3043936225883301,-0.6862040672331956,1.628367440648069,0.571716647236373,-0.7271513650179893,-0.7557516150814718,-0.8123121298542408,-1.0921955939926191,-1.1805302313477566,-1.119246290639723,-0.6953801474128649,0.0228185409431062,0.7323295541065419,0.8520427251359558,1.1840588504625675,1.2593076825073657,0.9286072282478424,0.3764311870368224,0.1938976790757006
G2480,0,0,2.9990676507701217e-05,10.18730/K13TX,FULL,Phaseolus,vulgaris,Phaseolus vulgaris,MEX,ZACOALCO - ZACOALCO DE TORRES - JALISCO,20.25,-103.56,0.3591811050669926,0.5179820210938495,0.3859604233784113,-0.5808298314442767,-1.3247114311791297,0.3555306160212382,1.0672900130748215,0.3985945961357942,-1.2890702189754164,-0.1384922914418462,-1.1488294848772953,-1.790369690147519,-0.4479571220998433,0.5473341846636982,1.0256409926388066,1.3506458905061889,0.7730919076560719,-0.9925864752682916,0.0697961996462532,-0.7954918781783972,-1.1087964518129436,-0.6324091610142625,1.337147065116156,0.6442313756373401,1.3019729818963364,-0.5668829206880276,-0.8084770931249995,-0.1099513511812154,0.527467910351935,-1.1698836982734446,0.6525174692352163,0.5950113435622622,-0.9640362349550644,-0.4469444206308101,-0.7732684634130653,1.5139759458237882,-0.9454566349094908,-0.7751637056100209,1.363905581967635,0.2395744987021566,0.7806604693709183,0.4566574232713027,-0.8148500180743993,-0.886676788587826,-1.0042572363483893,-1.0473828931360547,-0.9920547552525284,-0.1271631865217739,0.3103243753853235,0.2361530122626519,0.5780564709353659,0.9340088176708896,1.0427932724532776,0.7951857971228623,0.3183919504673219,-0.9081878376093228,-0.9671593203469846
G830,0,0,0.00017509843550850458,10.18730/JZSC3,FULL,Phaseolus,vulgaris,Phaseolus vulgaris,GTM,JUTIAPA - JUTIAPA - JUTIAPA,14.28,-89.89,0.3591811050669926,-0.4830928545631078,0.3859604233784113,-0.5575627317269747,-0.5431004123050415,0.7287215027249015,0.8801317414317681,0.9538140428516634,-0.117967642483281,-0.541351635623237,-1.1488294848772953,-1.2858560454043628,-0.2124523676773833,0.3159840259641059,0.7551471286826278,0.9393904857531464,-0.4281375239605672,0.6071251130757639,0.7694271973281435,-0.559037274714478,-0.8396225525503715,0.2126042705416698,-0.2103424021141454,-0.6682565113706256,-0.648831002770808,-0.8267065167654283,-0.1207889326592303,-0.1099513511812154,0.7970644047263937,0.2062222827571616,1.0882540129916014,0.6756732503214682,0.4065171222655501,0.6682530953905345,-0.8120047329490826,0.7610992614752599,-0.4740700641267412,-0.7450798082212337,-0.8486044350504356,0.6695789764229944,0.8720798442230505,0.7313906133759759,-0.9902473241872196,0.8917234848734849,-0.8397328593534049,-0.3303796794310259,0.8388498696725467,1.3705007302716683,0.7255234903020068,1.108706284926833,0.7798527567385823,1.575645142040844,1.599584766105819,0.8568247861460316,0.9538824172683372,0.4834829319433041,-0.8381529699902952
G15942,0,0,0.00021349440066288056,10.18730/JS94U,FULL,Phaseolus,vulgaris,Phaseolus vulgaris,NLD,VENRAY - VENRAY - LIMBURG,51.53,5.95,0.3591811050669926,-1.0082371642992496,0.3859604233784113,1.032940402742966,0.8073270025035922,-1.3101750490219424,-1.754200689061425,-1.65114878464666,1.3394547778773311,1.0606753960541506,-0.6630233502020273,-0.2768287559180501,-1.1544713853672233,-0.0310412120852824,-1.544050714944892,-3.5844189665303188,-0.9620172713457402,0.6071251130757639,1.4690581950100337,-0.0861280677866394,-0.5435312633615422,1.1632443810420936,-1.4999169581393967,-2.144805384254587,-1.1365319989375942,5.27914799105349,-2.046315781963384,-0.1099513511812154,-3.246883010890488,1.582328263787768,-1.533522937249972,-1.034357603701355,-0.6005561475169939,-1.209472636713781,0.931127396171695,-1.9267612930940528,-0.5508074128588167,0.0521434725816302,-1.299038565003798,-1.509764343497253,-2.352530650295096,-1.600319476888171,-0.0401785827427768,-0.526632561445352,-0.1542146218743036,-0.4349426480963426,-0.3862407249464373,-0.4514980474834111,-0.4647139724591519,-2.502258046916901,-3.331258921698823,-2.589957960681891,-1.6197485819232231,-0.4420972884746375,-3.402734857570442,2.624514512071438,2.1289924730634864
G3335,0,0,2.005068020708805e-05,10.18730/K1VHB,FULL,Phaseolus,vulgaris,Phaseolus vulgaris,MEX,ZACAPALA - ZACAPALA - PUEBLA,18.58,-98.06,0.3591811050669926,0.8090299738105826,0.3859604233784113,-0.593212897023774,-1.4673539806221194,1.547921010123187,1.8615808366011688,0.3659935575168236,-1.2597926818299705,-0.2148966738048107,-1.1488294848772953,-1.2858560454043628,-0.4479571220998433,0.2003089466143097,0.2141594007702701,1.213560755588508,1.1735017181949516,-2.3540431461994027,-1.103778377110466,-0.6378554758691177,-0.8665399424766288,-1.1605425557367202,0.9502746983085808,0.3161094038853487,1.8980519772112967,-0.3070593246106268,-0.9460147252181532,-0.1099513511812154,-0.0117250783969826,-1.1698836982734446,0.9010426512283812,0.8127983456544001,-0.8673305236183301,-0.6471080773525899,-0.6957959243410308,0.9275378924631276,-0.534363695273372,-0.800233620100677,0.9219700835294876,0.389162449225166,0.8249849963401892,0.3885611647729141,-0.8733157867786727,-0.7448411839559423,-1.0042572363483893,-0.8830696566619857,-0.4670159289872495,0.1113183288911945,-0.2432744445035875,0.2595171764706268,0.3400858070092532,0.5891760283748001,0.276915490037572,0.2798388158378254,-0.1891751106789436,-0.6940846030272442,-0.709146619633606
G9071,0,0,5.701938597821346e-05,10.18730/K30VN,FULL,Phaseolus,vulgaris,Phaseolus vulgaris,BOL,COCHABAMBA - COCHABAMBA - COCHABAMBA,-17.38,-66.18,0.3591811050669926,1.8806154266631616,0.3859604233784113,-0.4585238884059581,-0.8956145816252173,1.7663742120960633,0.8430292143319728,0.5836678725926746,-1.3769030049196411,-0.1523839792603508,0.3085889191485086,0.2276848888251061,-1.3899761397896833,-0.3780664501346709,-0.5973221910982662,-1.253971672929746,-0.1611976502679807,0.6071251130757639,-1.2166220864139965,-0.4408099729825183,-1.048232324478865,-1.1605425557367202,1.337147065116156,1.300475319141323,-0.3236970053262839,1.2518822518537778,-0.1207889326592303,-0.1099513511812154,-1.3597075502692766,-1.1698836982734446,-0.1028682087691458,-0.4455262305274673,-0.6188968858739607,-0.2658439693111046,-0.6183233852689962,0.7323632388795086,-0.3644452802237763,-0.7651357398137585,2.1174620923635152,0.2585569421578271,0.0548460859615644,-0.4145051684935876,1.4945478457443997,-0.7993933395835899,-0.1542146218743036,-0.5843183176182236,-1.0593674252865384,-1.081089248173648,-1.018312792348063,0.0793729197268957,0.7876550735886189,-0.1838936443757323,-0.7662001246305576,-0.8625934053724229,0.238955642117195,-0.265878261478529,0.1938976790757006
G17203A,0,0,4.199725224104667e-05,10.18730/S5H4V,FULL,Phaseolus,vulgaris,Phaseolus vulgaris,ECU,"NAMBACOLA, TINGO - GONZANAMA - LOJA",-4.14,-79.44,0.3591811050669926,0.9504000863241155,-1.80637314900962,1.3330658179059898,1.2235626385831364,-1.1827440145377646,0.7268631751038991,0.5049240256247342,-0.6742414153973884,-0.9789402159110876,0.7943950538237766,0.2276848888251061,0.2585571411675366,-0.493741529484467,-0.4620752591201768,0.2539648111647425,-0.9620172713457402,0.5390522795292084,-1.2166220864139965,-0.0467189672093195,-0.2676280166174059,-0.738035839958754,-0.3392998577166706,-0.3401345396186341,-0.2153190061781092,-0.047235728533226,-0.2583265647523842,-0.1099513511812154,-0.0117250783969826,0.2062222827571616,0.4048098073399794,-0.3164672720228749,-0.5538706316992601,0.0486989198231207,-0.6570596548050135,0.8351745623618796,-1.1318187675445313,-0.7500937911193648,0.2618998064771845,1.2945734462681502,0.2376847828268546,0.3369019094776672,0.2229173764264533,-0.8103037707091194,-0.6477877528592566,0.9393135115049628,-0.6420288710756757,-0.9952359026249792,-1.0459927333425083,0.1964120974416107,-0.1337276162475078,-0.5977505115959764,-0.4969022780273678,-1.0852255529401258,-0.985085654732488,-0.1588267718029321,0.5809165763582509
G6865,0,0,0.0006695824452671602,10.18730/JFRJN,FULL,Phaseolus,vulgaris,Phaseolus vulgaris,NIC,MASAYA - MASAYA - MASAYA,11.95,-86.09,0.3591811050669926,-1.4023750928396006,0.3859604233784113,-0.6056451261230994,-0.3215367801784302,0.5284727342497652,0.7676651907748175,1.276312806197768,0.5554163389996968,-0.7080520550472744,0.3085889191485086,0.2276848888251061,0.2585571411675366,-0.493741529484467,-0.3268283271420874,0.2539648111647425,0.7730919076560719,-0.4820402236691249,-0.313872411985751,-0.559037274714478,-0.4896964835090278,-0.526782482069771,-0.5972147689217209,-0.0120125678666426,0.7058939865813756,0.0826760695054743,-0.2583265647523842,-0.1099513511812154,-0.0117250783969826,0.2062222827571616,1.4610417742866757,1.2403060591601078,0.6399447013542192,0.925606368318537,-0.6570596548050135,0.5078718953602198,-0.4740700641267412,-0.2537094842043741,-1.5058416199221123,0.4247739430074138,1.1241756920850652,1.081264575099751,-0.887932228954741,1.5027076279031375,0.0103097551206805,-0.7336939871401047,1.2427258898766074,1.1320192148586998,0.4394974333594028,1.217884622347276,1.0139222622396769,1.8523166543868308,1.905605046336716,1.098314523962832,1.3964561352190443,1.3398956150407346,-0.4511339189202276
G18708A,0,0,6.203856796860023e-05,10.18730/S5EKM,FULL,Phaseolus,vulgaris,Phaseolus vulgaris,CAN,GLENSIDE - SASKATCHEWAN,51.45,-106.8,0.3591811050669926,-1.049016834132848,0.3859604233784113,-0.508300106480108,-0.2449540999446938,-1.0826196303001965,-2.479145958657226,0.3589718424487099,-1.0548497473039609,3.890101216612855,1.7660073231743127,0.7321985335682625,1.4360809132798364,0.6630092640134944,0.6199001967045383,-0.2943757285059805,-1.36242708188462,0.6071251130757639,-0.5621285724535185,-0.1649462689412792,0.7148567156909822,-0.1042757662918048,0.8213172427060557,1.9567192626453056,-1.299098997659856,-1.2164419108815294,1.5296626524586157,3.991234047878121,0.527467910351935,-1.1698836982734446,-2.8824259355745347,-0.8609346618655485,-1.2724941073222344,-1.304788663724152,-0.463378307124927,-0.320628046683577,-0.7645757414695985,-0.6899259963417902,-0.1262100590725781,-1.9932509599099733,-0.4576564404058087,-4.3218220120133655,-0.8148500180743993,-1.0285123932197098,-0.9494157773500612,-0.7486315540922928,-0.5612536670348637,-0.565969174881636,-0.520073854448043,-2.132798553086121,-2.6446550388956127,-1.2983449025261464,-0.1862503395010837,0.6187125271798158,-1.9254258503317176,2.303360043044646,3.290049164911137
G18558,0,0,0.0005648881296338827,10.18730/JSQBA,FULL,Phaseolus,vulgaris,Phaseolus vulgaris,BRA,"FAZ. QUILÔMETRO, RODOVIA INHUMAS - GOIÁS - INHUMAS - GOIAS",-16.23,-49.62,0.3591811050669926,-0.647082185078806,0.3859604233784113,-0.4808448773236157,-0.0321594770051515,-0.0134774467985382,0.3249352473238961,0.6167701889631019,0.7310817309268886,-0.5621892004713902,-0.1772172155267593,-0.2768287559180501,-0.4479571220998433,-1.7661674023322245,-1.94979151087916,0.6652202159177848,-1.2289571450383268,0.6071251130757639,-1.126347118971172,-0.4408099729825183,-0.4089443137302562,-0.8436625189032455,-0.726172224524246,-0.0120125678666426,-1.0823429993635068,0.6023232616602759,-1.358627621497615,-0.1099513511812154,-0.8205145615203591,0.2062222827571616,0.9263856807068112,0.5425812618652646,0.9767473511821562,0.8779483548133514,-0.4246420375889098,0.2199155344108551,0.9346084090263588,-0.569590406786641,-0.4746590423901211,0.2958261758750992,0.7280250589193341,0.564672178903011,3.248520906872601,0.5753209822331289,2.2450992093025506,0.7600627080787056,-0.6689539390892798,-1.0143144238580168,-0.9906328513536174,0.360834673596798,0.5940157554013497,-0.2339361008707444,-0.4618340080765838,-0.8012358729201355,0.0444914327146115,-0.4799814960606078,-0.1931213719943667
G413,0,0,5.416337141978681e-05,10.18730/JZDBS,FULL,Phaseolus,vulgaris,Phaseolus vulgaris,TUR,CILAVUZ - KARS,40.5,42.75,0.3591811050669926,-0.8227699863962183,0.3859604233784113,-0.599854064535018,-0.2478771030070501,-0.0540691376779045,-0.999524376728437,-0.2528003582530731,0.2387244763732729,0.9734976034380384,0.7943950538237766,0.2276848888251061,0.7295666500124566,1.241384660762475,1.7018756525292535,0.1168796762470617,-0.828547334499447,0.6071251130757639,-0.5621285724535185,0.0320992339453201,0.9907599624351184,0.1069775915971782,0.6923597871035305,0.4801703897613444,-0.8655870010671574,-1.995912699113732,2.079813180831231,-0.1099513511812154,0.7970644047263937,-1.1698836982734446,-2.5496965373194067,-1.3166739696581171,-1.0724133252462322,-1.142751417806521,-0.0372793422287369,-0.8465713142400766,-1.038637701227011,-0.5395065093978536,0.0522638856441429,-1.7052857809017397,-1.51313465661968,-3.516407539430999,-0.6979184806658525,-0.7775724773325309,-0.6889188471080027,-0.3901299472397783,-0.1439151128240009,-0.4801158293329673,-0.6769268534165679,-1.4135316661602426,-0.9394941563967302,-0.8634932116039719,-0.0664888892918027,0.7101859127164827,0.8538133015545412,-0.6940846030272442,-0.3221277223510561
G6781,0,0,4.482507706068231e-05,10.18730/JFV7*,FULL,Phaseolus,vulgaris,Phaseolus vulgaris,MEX,VILLA DE AYALA - AYALA - MORELOS,18.76,-98.99,0.3591811050669926,0.0170163296442895,0.3859604233784113,-0.6052091480770556,-1.6123349325149945,1.3931833253923998,2.0591634469562146,0.3173430211188681,-1.0548497473039609,-0.270463491319622,-0.6630233502020273,-1.2858560454043628,-0.4479571220998433,-0.1467162914350786,0.3494063327483596,1.076475620670827,1.0400317813486584,-0.788367974628625,0.5888772624424944,-0.6378554758691177,-0.8934573324028859,-0.1042757662918048,1.0792321539111058,0.6442313756373401,1.1394059831740744,-0.1771475265719264,-0.9460147252181532,-0.1099513511812154,-0.0117250783969826,-1.1698836982734446,1.0678161196936489,1.0547839120817897,-0.4421588617068255,-0.1038067233934733,-0.734532193877048,1.1831293382404655,-0.2328955395402183,-0.800233620100677,1.0352869895317962,0.3284855874566024,0.9551883884318388,0.6609462211601436,-0.8586993446026043,-0.5157221303198225,-0.9357054126004792,-0.9577574914229262,-0.4266283269668434,0.6550561840327628,0.4487240803575513,0.3940248881726126,0.5393995374510944,0.8198314887713504,0.6001390725084766,0.3583651991139179,0.1161904383033625,-0.9081878376093228,-0.8381529699902952
G50392,1,1,0.9990362746512482,10.18730/PHKTB,FULL,Phaseolus,vulgaris,Phaseolus vulgaris,COL,"5 KM E HELICONIA, FINCA EL TIROL, VEREDA MORRITOS - HELICONIA - ANTIOQUIA",6.22,-75.73,-1.2939186614670004,0.5262897487835169,2.5782939957664426,1.6719123678146028,1.8683771141389471,-1.4649127337527297,0.37249997006472,-1.1502019332480886,1.0238573968634082,-0.8886441622898165,1.2802011884990447,0.7321985335682625,2.1425951765472164,1.7040849781616596,1.972369516485432,-0.1572905935882998,-0.828547334499447,-0.3799309733492916,0.6565834880246127,2.3966452685845128,1.690612100517806,1.58575109682006,-1.3709595025368717,-0.996378483122617,0.7058939865813756,-0.1771475265719264,0.429361595713385,-0.1099513511812154,1.60585388784977,1.582328263787768,0.3819193459517891,-0.3003349214410789,2.4356697204863385,0.8874799575143886,3.332776107404767,-1.4049253113143532,2.129518553568677,3.0505052456640995,-0.6163050870883293,1.2106083216180663,0.1490357288883145,0.3697759606713014,0.5737119886520937,1.9609457351753767,2.752382705037085,2.6720712779587825,2.454353950488789,1.0366266086935123,0.7162968433038583,0.9868632603656184,0.2872428428885515,0.3760641877839725,-0.2636651995811161,-0.4617992484363811,0.6082828939268761,-1.336394179158038,-1.6121908414491544
G22654,1,1,0.9599970117289482,10.18730/K3QZN,FULL,Phaseolus,vulgaris,Phaseolus vulgaris,PRT,COVA DO PICO - PONTA DO SOL - MADEIRA ISLAND,32.69,-17.12,0.3591811050669926,-1.0994665451221113,0.3859604233784113,0.4597832547355109,0.4220751988850252,-0.8823708618250599,-0.6303622285398602,-0.7942240665027582,1.4696990286695908,-0.7896049844983486,0.3085889191485086,0.2276848888251061,0.7295666500124566,0.7786843433632905,0.3494063327483596,0.2539648111647425,-0.1611976502679807,0.6071251130757639,-0.2235974445429265,0.3473720385638791,1.0109480048798114,0.4238576284306529,-0.5972147689217209,0.3161094038853487,0.4891379882850262,-0.8267065167654283,0.7044368598996927,-0.1099513511812154,0.7970644047263937,0.2062222827571616,-0.4289406716404904,-0.8213174594321214,0.8867827321041477,0.3647168464465329,0.730545630995987,-0.6907588347493441,0.7282540528863096,0.9432632027626192,-1.254926181716396,0.0427384254820943,-0.4669350188464222,-0.1306796015072733,-0.0636407814019886,0.9973704998426332,0.7915246350584458,0.7208466845547156,0.9858517878469746,0.5330767450436711,0.2829032827466577,-0.0959404682433099,-0.5520062608727003,-0.0756219523830274,-0.049492125038872,0.0254593159092868,-0.3701257301173986,1.1043820314773598,0.5293140669730788
G50341,1,1,0.9541021100523784,10.18730/JXTAM,FULL,Phaseolus,vulgaris,Phaseolus vulgaris,RWA,"NORD-KIVU, BUTEMBO - BUTEMBO - KIVU",0.37,29.3,0.3591811050669926,0.8090299738105826,0.3859604233784113,0.2326614491221026,1.54743137789222,-1.3920949997617709,-0.4472587767032939,-1.8066680598792928,1.0745721133998976,-0.9579819465549054,-0.1772172155267593,-0.2768287559180501,0.4940618955899966,-0.6094166088342632,-0.7325691230763556,0.8023053508354656,-1.2289571450383268,0.6071251130757639,-0.6749722817570493,0.3079629379865593,0.3245545617602527,0.0013509126526867,-1.3709595025368717,-1.1604394689986126,-0.7572090019189827,0.0826760695054743,-0.8084770931249995,-0.1099513511812154,0.2578714159774761,1.582328263787768,0.6672327920157037,0.082808770270853,0.653283420159286,-0.2753755720121417,1.8607978650361097,-1.5229158632401254,0.5180342301950918,1.4811285985490277,-0.7891131465284791,1.1845518949466138,0.4177533172954711,0.5811092492871791,0.0182871859614965,0.6298731378607765,0.8192212753460201,1.282877551405289,0.3407361114208718,-0.1367024471382927,-0.0956480925332112,0.4492691269073569,-0.0727276845108589,-0.5016920031515277,-1.1016645183106983,-0.8814509956215203,-0.4986672211339836,-0.265878261478529,-0.3221277223510561
G52406,0,0,0.0154400581754367,10.18730/K50PX,FULL,Phaseolus,vulgaris,Phaseolus vulgaris,CHL,PURÉN - REGION IX MALLECO (REGION DE LA ARAUCANIA),-38.02,-73.08,0.3591811050669926,-0.9327895363775764,0.3859604233784113,-0.5118626588998021,-0.5922068637526282,0.6103926849895936,-1.1850695543870264,0.4602858158396783,1.2873554493072814,0.1949085474062286,1.2802011884990447,2.245739467797732,0.9650714044349166,0.8943594227130865,0.6199001967045383,-1.802312212600469,0.7730919076560719,0.2327245285697083,0.1600711670890778,0.8596903460690376,1.091700174658583,0.6351109863196359,-0.5972147689217209,-0.3401345396186341,-0.3778860049003713,1.90144124204728,-0.2583265647523842,-0.1099513511812154,-0.5509180671459002,0.2062222827571616,-1.1272170098178778,-1.2158467592906184,0.4365292395769504,0.5252790548749775,0.3113470835954186,0.0228378677545695,-1.0660438972027522,2.468883229480878,-0.6559659157090421,-0.8172020651814106,-1.6184054015668248,-0.132727543646067,-0.5663705010812374,-0.4284386813155864,-0.2638975398709599,0.2969981325608744,1.673526978094272,1.2846473847229998,1.103816017226096,2.599864017415244,0.4553473059302467,-0.2572317271701466,-2.561960212299003,-3.5341791761848587,-2.4195815866915984,0.5905344216189015,0.7099227729274225
G2408,0,0,3.241237306439333e-05,10.18730/K123B,FULL,Phaseolus,vulgaris,Phaseolus vulgaris,MEX,"SAN BERNARDO, RIO MAYO COASTAL LOWLANDS - ALAMOS - SONORA",27.4,-108.85,0.3591811050669926,-0.5858185102718434,0.3859604233784113,-0.5656499547896624,-2.048446989418562,-1.100824063797936,2.355835884899068,0.5189674557609621,-1.347625467774195,0.7227932144357471,-1.1488294848772953,-1.790369690147519,-0.6834618765223034,-0.9564418468836516,-0.7325691230763556,2.447326969847635,1.5739115287338314,-1.6392783939605695,0.363189843835433,-0.9137191799103568,-1.1087964518129436,-0.526782482069771,1.7240194319237316,1.7926582767693102,1.9522409767853848,-1.086530112842829,-1.2210899894044611,-0.1099513511812154,0.2578714159774761,-1.1698836982734446,1.3907353577226929,2.23647968838118,-0.667249741542328,-0.0370855044862134,-0.6183233852689962,1.357519665815606,0.6715089276592427,-0.4442408343333605,1.98998080613102,-0.4274706244206396,1.861071332729297,1.022560896258493,-0.5956033854333741,-0.7339307528304128,-0.7986017651046589,-1.0324453261838666,-1.0997550273069443,-0.7758329084450483,0.7070701963057098,-0.3252419987532662,0.5000333024350011,0.4761491007739968,1.1483289150410143,1.4003174245192738,0.997211312732043,-0.6940846030272442,-0.580140269276917
G51199,0,0,5.827333882188709e-05,10.18730/JXRYD,FULL,Phaseolus,vulgaris,Phaseolus vulgaris,PER,HUANAMBRA - CELENDIN - CAJAMARCA,-6.9,-78.16,0.3591811050669926,1.9399908739188456,0.3859604233784113,2.781083598053245,1.4042042278367588,-1.1099262805468058,0.0522504191618862,-0.5373037847686207,-0.5864087167071068,-0.7983481086685454,1.7660073231743127,1.2367121783114188,0.7295666500124566,0.3159840259641059,0.0789124687921807,-0.7056311332590228,-0.6950773976531537,0.5390522795292084,-0.6749722817570493,0.5050084408731587,0.243802391981481,-0.1042757662918048,-0.0813849465116203,-0.5041955254946299,0.5975159874332009,0.2125878675441747,0.429361595713385,-0.1099513511812154,-0.0117250783969826,0.2062222827571616,-0.6350717732410185,-1.5788249935440286,-0.2987676345523574,-0.5231972422391072,-0.0760156117647542,-0.5515258632410657,0.0630913769977871,-0.5645764238885097,0.7548278302150614,1.2877382495824743,-0.6404951901100698,-0.4262458930650019,0.4567804512435469,0.0188889948311236,0.2159652263644109,0.4164986681783791,-0.5477911330280616,-0.9189218176928294,-0.8891397343739837,0.1787252067794989,0.1056616507422479,-1.1810039700550834,-0.9623839367137168,-1.167129415066803,-0.9433042198210576,0.3764311870368224,1.096941977785008
G17217,0,0,0.00027080310674271023,10.18730/JPKT7,FULL,Phaseolus,vulgaris,Phaseolus vulgaris,ECU,EL CISNE - LOJA - LOJA,-3.85,-79.42,0.3591811050669926,1.4876065138755403,-1.80637314900962,2.9719595459860906,1.6374598722127955,-1.164539581040025,-0.2066097882886557,0.0911423924109886,-0.2350779219459803,-0.9650485198124836,1.2802011884990447,1.2367121783114188,1.2005761588573765,0.6630092640134944,0.6199001967045383,-0.1572905935882998,-0.6950773976531537,0.3688701956628195,-0.6298347980356369,0.7808721449143978,0.8225262753960111,0.2126042705416698,-0.2103424021141454,-0.5041955254946299,-0.0527520074558472,0.0826760695054743,0.0167486994339235,-0.1099513511812154,0.527467910351935,0.2062222827571616,-0.2107804562805052,-1.0666223048649464,-0.2520821187346235,-0.1895911477028075,-0.2696969594448407,0.0138404009010726,-0.3534828018334798,-0.6247442186660844,-0.3925044483148063,0.8154280238251921,-0.291439378407715,-0.1162904732618979,1.0122052539341442,-0.548453423696411,-0.2090560808726318,0.5957494716046364,-0.4131657929600414,-0.9666181207754232,-0.9075930283702808,0.1885512571473388,0.4553473059302467,-0.5192356229572505,-0.6037612515566434,-1.1485532813885877,-1.0057184620961577,0.1623282076856287,0.7099227729274225
G52504,1,1,0.997600400226393,10.18730/K52WS,FULL,Phaseolus,vulgaris,Phaseolus vulgaris,CRI,LLANO GRANDE - CARTAGO - CARTAGO,9.94,-83.91,0.3591811050669926,1.473469502624187,0.3859604233784113,2.8766913790768807,1.6158296495513589,-0.8277575613318409,-1.3795510893142526,-0.3778098318625969,1.902184296512281,-0.8400232052444557,1.7660073231743127,2.245739467797732,2.8491094398145966,2.745160692309825,2.51335724439779,-1.1168865380120652,-1.0954872081920335,0.6071251130757639,2.394376611298985,2.948372676666991,3.2989261486116743,2.7476445652094665,-0.726172224524246,-0.5041955254946299,-0.7572090019189827,-0.1771475265719264,1.254587388272308,-0.1099513511812154,2.4146433709731467,0.2062222827571616,-0.5860207466835697,-1.4175012954132902,2.760800991359842,2.4506628004844786,0.3500833531314358,-0.3216157079718029,2.310399447008569,1.7217997776593263,-0.6842950577820455,0.9029763453695204,-0.6349546539608331,-0.4051125552459422,-0.2301923310316654,3.4884060927495093,3.0128796352791443,0.6256246055090127,2.5889792905568094,1.9333171066462744,1.3437088391779577,0.9211379012385118,0.5159925869009848,1.188822705340894,0.8313911545424199,0.4534975200720514,0.8878574337045955,2.624514512071438,0.5809165763582509
G19762,0,0,3.092082130522587e-05,10.18730/JVC2*,FULL,Phaseolus,vulgaris,Phaseolus vulgaris,PER,"CONDORMARCA, SANTA TERESA - CAJAMARCA - CAJAMARCA",-7.28,-78.24,0.3591811050669926,2.152046042689145,-1.80637314900962,1.3516095724152348,1.0838430922025029,-0.9460863790671488,0.0398078044139893,-0.4761142254709657,-0.6156862538525528,-0.7427813077139324,0.7943950538237766,0.7321985335682625,-0.2124523676773833,-0.1467162914350786,-0.0563344631859086,-1.1168865380120652,0.1057422234246057,0.3688701956628195,-1.0135034096676412,0.1897356362545997,-0.604095390695621,-0.6324091610142625,0.1765299646934299,0.4801703897613444,0.0556259916923274,1.511705847931179,-0.5334018289386918,-0.1099513511812154,-1.0901110558948175,0.2062222827571616,-0.6530571608203273,-1.5949573825883825,-0.5038504361802596,-0.6375764746515529,-0.4246420375889098,-0.2519780458255025,-0.1397144732226981,-0.7099819279343151,0.2958949133997487,1.396881369214513,-0.6515763284572591,-0.4403347737475348,0.3690817981871369,-0.144767472051819,-0.0034006096289014,0.2372478647521219,-0.6689539390892798,-1.004775163241498,-0.9906328513536174,0.3119227784324395,0.2868881921226408,-0.7334978648468139,-0.6196412228551116,-1.0711527243960233,-0.3403104246178214,0.4834829319433041,1.2259481743541794
G13866A,0,0,3.7620030375077015e-05,10.18730/S15AY,FULL,Phaseolus,vulgaris,Phaseolus vulgaris,MEX,HUEJOTZINGO - HUEJOTZINGO - PUEBLA,19.15,-98.4,0.3591811050669926,-0.0391907012706146,0.3859604233784113,-0.4714541837596726,-1.0242267163688967,0.8379481037113397,0.4222695168411534,1.1760021536192569,-0.7620741140876701,-0.2635176142899733,-1.634635619552563,-1.2858560454043628,-0.6834618765223034,-0.493741529484467,-0.3268283271420874,1.4877310254238694,-0.9620172713457402,0.6071251130757639,0.9499771322137924,-0.6772645764464376,0.4120360790205886,0.7407376652641275,0.8213172427060557,0.152048418009353,-0.3778860049003713,-0.4369711226493272,-0.9460147252181532,-0.1099513511812154,0.2578714159774761,-1.1698836982734446,-0.3023423700522001,-0.675412514787232,-0.4771729985701259,-0.3802232017235502,-0.6183233852689962,0.8432154431253468,-0.2383767787353665,-0.7801776885081522,1.805840884533812,0.4893729545778334,-0.1889388916278798,-0.4779051539586681,-0.8733157867786727,-0.5375429925708816,-0.9357054126004792,-0.7187564201879165,-0.2650779188852191,0.3784176261537193,0.3472309633779176,0.360834673596798,0.4674054319712122,0.7315381890933691,0.56209330793923,0.4171896224282667,-0.1102546225129084,-0.3729298787695683,-0.0641150216376775
G8238,0,0,2.08114680984798e-05,10.18730/K2HNG,FULL,Phaseolus,vulgaris,Phaseolus vulgaris,MEX,ZIPIAJO - COENEO - MICHOACAN,19.79,-101.55,0.3591811050669926,1.5582915701323068,0.3859604233784113,-0.0855713364602259,-0.3501822101895224,0.6650059854828128,0.2943710223652719,1.191550182319399,-0.4400208564719897,-0.1801674211381528,-0.6630233502020273,-0.2768287559180501,0.0230523867450766,0.5473341846636982,0.7551471286826278,0.6652202159177848,0.2392121602708989,0.1986881117964306,0.9274083903530864,-0.3225826712505587,1.3676034214027195,0.7407376652641275,-0.2103424021141454,-0.3401345396186341,0.2181929904145895,-0.6967947187267279,0.0167486994339235,-0.1099513511812154,0.7970644047263937,0.2062222827571616,-0.3922692202386869,-0.6673461856461032,-0.5655420106536936,-0.1133383260945104,-0.6570596548050135,1.2156916022085718,-0.643988479176337,-0.7450798082212337,1.131606166463471,0.1661152193528025,-0.1307629318173155,-0.2196089166713644,-0.7710006915461942,-0.5375429925708816,-0.9631261420996432,-0.9726950583751144,-0.7228040751164879,0.1590146319737883,0.6332570203205217,0.3226222554996429,0.5581960280443641,0.8741879501366221,0.8181578451270296,0.5016265936928822,0.0486179941873454,-0.0517750268964503,0.0648911749314939
G16403A,0,0,1.6328664457789453e-05,10.18730/S63W=,FULL,Phaseolus,vulgaris,Phaseolus vulgaris,MEX,"ROAD ACATZINGO, FROM PEROTE AREA - PEROTE - VERACRUZ",19.57,-97.27,0.3591811050669926,2.0248129414269656,0.3859604233784113,-0.3254633959049574,-0.682819958685675,0.6923126357294223,-0.3863321380755907,0.4938897926163343,-1.3183477561208623,-0.2982468669566313,-1.1488294848772953,-0.7813424006612064,-0.9189666309447634,-0.1467162914350786,0.0789124687921807,0.6652202159177848,-0.6950773976531537,0.6071251130757639,1.2433707764029722,-0.7560827776010773,-0.9742095021816576,0.5294843073751444,0.9502746983085808,-0.1760735537426384,-0.4320750044744585,-0.4369711226493272,-0.1207889326592303,-0.1099513511812154,0.2578714159774761,-1.1698836982734446,-0.7200935164837148,-1.2360121398240274,-0.7806288513853958,-0.7042976935588128,-0.3859057680528925,0.0361906029949579,-0.5179199776879273,-0.6498141331567405,1.083446517209782,0.3971301856603558,-0.5186026947104768,-0.813690128629947,-0.7563842493701259,-0.6030055793240586,-0.7986017651046589,-0.5992558845704118,-0.4131657929600414,-0.0794668834391802,-0.2432744445035875,0.1394210053081394,0.1585046148629496,0.4427874631106553,0.3066904362221998,0.3668088962403794,-0.3831234998974353,-0.265878261478529,-0.1931213719943667
G22644,1,1,0.923670549658996,10.18730/JW856,FULL,Phaseolus,vulgaris,Phaseolus vulgaris,COD,"12 KM NE LUBERO, NORD-KIVU, LUWONGO/KIGALI - BASWAGA - KIVU DEL NORTE",-0.1,29.27,0.3591811050669926,1.261414333853888,0.3859604233784113,1.7580693105071472,1.6380444728252668,-1.3101750490219424,-0.6237895600022877,-1.5834823792715396,0.7800071542359828,-0.9175027141660972,1.2802011884990447,1.2367121783114188,2.3780999309696766,0.7786843433632905,0.6199001967045383,0.6652202159177848,-1.0954872081920335,0.6071251130757639,-0.313872411985751,0.741463044337078,0.910007792656347,0.3182309494861614,-1.3709595025368717,-0.8323174972466213,-0.9197760006412448,-0.4369711226493272,-0.2583265647523842,-0.1099513511812154,1.3362573934753113,1.582328263787768,-0.350575878460832,-1.1956813018320966,0.4882167749465843,-0.3325651882183645,2.1319517517882307,-1.5052830866791094,0.6276590140980568,0.5134298992097024,-0.5709784489647964,1.1903481298301235,-0.338534252710061,-0.2125645379127066,0.1936844920743166,0.2916497729693615,0.832931640095602,1.1932521496921604,0.2868859753936638,-0.346566180701705,-0.3816741494758153,0.1780701367549763,-0.4436923856535026,-0.7913055301082934,-1.477490505707779,-1.3405066627301467,-0.9402092987165072,-0.3729298787695683,-0.4511339189202276
G24605,0,0,1.5462452507864033e-05,10.18730/JYAEJ,FULL,Phaseolus,vulgaris,Phaseolus vulgaris,MEX,"9 KM W DE ARANDAS, EL TULE - ARANDAS - JALISCO",20.7,-102.42,-2.9470184280009937,1.0352221538322353,-2.902539935203636,-0.3680206316734914,-0.7401108187078594,1.038196872186476,0.8863717492164463,0.8916215453963225,-0.7035189525428345,-0.006521157804863,-1.634635619552563,-1.2858560454043628,-0.6834618765223034,0.0846338672645136,0.3494063327483596,0.5281350810001041,0.1057422234246057,0.436943029209375,0.8145646810495557,-0.6772645764464376,-0.8665399424766288,0.2126042705416698,-0.2103424021141454,-0.1760735537426384,-0.0527520074558472,-0.047235728533226,-0.5334018289386918,-0.1099513511812154,0.2578714159774761,0.2062222827571616,0.0614527227916802,-0.013985448607591,-0.4738383188688592,0.2297993711428263,-0.6957959243410308,1.5076620354809454,0.6386214924883533,-0.7551077740174961,1.97298325266974,0.15049709231938,0.3568070497810594,0.0410354375381271,-0.800233575898331,-0.6357368727006472,-0.9631261420996432,-1.0324453261838666,-0.776654211143696,0.3974961473867568,0.9654163122538684,0.2365897256123337,0.5759285663399015,0.9161775975404828,1.0659515639302104,0.8450036101689855,0.2508195063513049,-0.3729298787695683,-0.1931213719943667
G2993,0,0,1.9640222312935816e-05,10.18730/K1HRZ,FULL,Phaseolus,vulgaris,Phaseolus vulgaris,GTM,SAN CRISTÓBAL FRONTERA - ASUNCION MITA - JUTIAPA,14.19,-89.68,0.3591811050669926,-0.4070053047241906,0.3859604233784113,-0.5963992484286395,-0.5477772172048117,0.7378237194737715,1.0313450870098562,1.2191357648403984,0.116252872815146,-0.6524852375324631,-0.6630233502020273,-0.7813424006612064,-0.4479571220998433,-0.493741529484467,-0.191581395163998,0.8023053508354656,-0.294667587114274,0.130615278249875,0.4760335531389636,-0.5984463752917978,-0.4695084410643349,0.2126042705416698,-0.2103424021141454,-0.3401345396186341,0.1640039908405021,-0.5668829206880276,-0.2583265647523842,-0.1099513511812154,0.2578714159774761,0.2062222827571616,1.3114361421169882,0.9700888984458572,0.3581642665971829,0.563405465679126,-0.7732684634130653,0.8715639842497559,-0.687838392737523,-0.7400658253231024,-0.6191379091007203,0.7476084455349312,1.046607763283971,0.8957609141314955,-0.9756308820111512,0.4225749464757157,-0.8123121298542408,-0.4648177820007188,0.448436383475288,1.2941866453395183,1.103816017226096,1.1311970224354442,0.8745445112367524,1.5555131193129657,1.5598848378596484,0.7771725765864109,0.9776101457365572,0.2693796973612255,-0.9671593203469846
G24356,0,0,1.2334568427380216e-05,10.18730/PG9HV,FULL,Phaseolus,vulgaris,Phaseolus vulgaris,MEX,ALCHALOA - ATOYAC DE ALVAREZ - GUERRERO,17.17,-100.4,-2.9470184280009937,0.4556046925267504,0.3859604233784113,-0.614754869963215,-0.6606051354117668,1.2839567244059618,1.5564635668380322,1.4067165780188784,-0.6156862538525528,-0.7080520550472744,-0.6630233502020273,-0.7813424006612064,-0.9189666309447634,-1.419142164282836,-1.2735568509887132,0.1168796762470617,1.4404415918875382,-0.2097488894829027,0.5663085205817883,-0.7560827776010773,-0.6444714755850068,-0.1042757662918048,-0.2103424021141454,0.152048418009353,1.1394059831740744,0.7322350596989763,-0.9460147252181532,-0.1099513511812154,-0.8205145615203591,0.2062222827571616,1.8093039638296544,1.5831187590298803,-0.1370356690409223,0.5920002737822374,-0.7732684634130653,1.4608549078027355,0.6715089276592427,-0.7701497227118898,-0.4576614889288373,0.9007990512173438,1.5037044526082224,1.316079245677428,-0.800233575898331,-0.0683944541731124,-0.880863953602151,-1.077258027040431,-0.8708919491913102,0.8553806569796564,0.6424836673186702,0.5658715912723901,0.716724920406469,0.9639192514380232,0.4092485841914736,-0.0545315903700521,0.3462462404082755,-0.0517750268964503,0.0648911749314939
G22278,0,0,0.0013928182555802,10.18730/JWGYW,FULL,Phaseolus,vulgaris,Phaseolus vulgaris,PER,"MARISCAL BENAVIDES, CASERÍO SAN ANTONIO - RODRIGUEZ DE MENDOZA - AMAZONAS",-6.38,-77.52,0.3591811050669926,0.8090299738105826,-1.80637314900962,0.8425721830376413,1.2826073004427347,-1.3101750490219424,0.2323463210558069,-0.7635042221491135,-0.5864087167071068,-0.7844564042898426,-0.1772172155267593,0.2276848888251061,0.4940618955899966,-0.0310412120852824,-0.191581395163998,0.9393904857531464,-0.828547334499447,0.6071251130757639,-0.471853605010694,0.2291447368319195,0.0890273999055021,0.0013509126526867,-0.8551296801267712,-0.1760735537426384,-0.3236970053262839,-0.4369711226493272,-0.395864196845538,-0.1099513511812154,0.527467910351935,0.2062222827571616,0.4064448631287385,-0.2479047628189661,-0.3971406857397251,-0.6947660908577756,0.505028431275505,-1.109634427330777,-0.249339257125663,-0.3239052447782112,-0.0100602383986179,1.0725906252009445,0.2653876749289272,0.2781982530300857,0.2229173764264533,-0.1774987654284075,-0.0171109743784834,0.3268732664652505,-0.4535533949804475,-0.7662936478285296,-0.769193323398053,0.1293765982654586,-0.1496869007134915,-0.8128755544595918,-0.9587447766244844,-1.162063196790926,-0.950525702398342,-0.5870329857362047,-0.1931213719943667
G16042,0,0,2.8478041665344624e-05,10.18730/JSFHK,FULL,Phaseolus,vulgaris,Phaseolus vulgaris,MEX,GUADALUPE VICTORIA - GUADALUPE VICTORIA - DURANGO,24.44,-104.14,0.3591811050669926,0.986982943155562,-1.80637314900962,-0.5014663120324386,-1.1931762933730938,0.5648816012452444,0.9194016917457132,0.8750701958837228,-1.5525684023002044,0.4310674390431857,-1.634635619552563,-1.790369690147519,-1.1544713853672233,-0.2623913707848747,0.3494063327483596,1.6248161603415503,-0.6950773976531537,0.5390522795292084,-1.2617595701354087,-0.874310079333037,-1.0616910194419935,-1.3717959136257032,1.337147065116156,1.9567192626453056,-0.3778860049003713,-0.5668829206880276,-0.9460147252181532,-0.1099513511812154,-0.0117250783969826,-1.1698836982734446,-0.0513646433581445,0.1312058989413527,-1.0223931297272315,-0.5708552557442929,-0.734532193877048,1.482097386534784,-0.5508074128588167,-0.7400658253231024,2.3129334506028125,-0.064216824179225,0.3761990055618463,-0.1890830439825283,-0.8586993446026043,-0.8975872197133555,-1.0042572363483893,-1.0324453261838666,-1.0189798232661325,-0.5468906536485986,0.0427516124390165,-0.2114781711611645,0.1978708498790427,0.4413494614872355,0.6904564092685146,0.7858977302837545,0.1337283245624814,0.4834829319433041,0.5809165763582509
G20770,0,0,0.0071143660549855,10.18730/K3HAY,FULL,Phaseolus,vulgaris,Phaseolus vulgaris,RWA,GISAGARA - GISHOMA - CYANGUGU,-2.6,28.91,0.3591811050669926,-0.4762709987847289,0.3859604233784113,0.1470828688087202,0.941200542759513,-0.2634201229019108,-0.5815357535355697,-1.5202086175182947,1.2085923876174438,-0.9050532156444993,-1.1488294848772953,-0.7813424006612064,0.4940618955899966,0.5473341846636982,0.484653264726449,2.310241834929954,-1.2289571450383268,0.6071251130757639,-0.9683659259462292,0.3079629379865593,0.3110958667971241,-0.2099024452362963,-0.9840871357292964,-0.6682565113706256,-0.5946420031967207,-1.2164419108815294,-0.9460147252181532,-0.1099513511812154,1.3362573934753113,1.582328263787768,0.20942328357971,-0.3487320116490232,0.5482410095693849,-0.1800595450017704,-0.2309606899088233,-0.6881556212962325,-0.0794208420760673,1.5162264788359463,-0.4604944460253461,0.9304390803399556,0.0105215589922934,0.2147982619665874,1.2753012131033743,0.3571123597225386,1.340215135830137,1.4621283548315462,0.2195733053596536,-0.8330684721441607,-0.9444996163628748,0.1378925085842532,0.0379233544532948,-0.5180852216585146,-1.1469886030584096,-1.1392652145494797,-0.1638999216584486,-0.6940846030272442,0.1938976790757006
G21241,1,1,0.9930218817867944,10.18730/JWF14,FULL,Phaseolus,vulgaris,Phaseolus vulgaris,COL,EL CHILCAL - SAN PABLO - NARIÑO,1.67,-77.04,0.3591811050669926,0.7666189400565228,-1.80637314900962,1.60053001220236,1.5784152103531974,-1.3465839160174216,0.0407049680213632,0.0500150401599905,1.082412514781272,-0.8886441622898165,0.7943950538237766,0.7321985335682625,1.2005761588573765,1.125709581412679,0.8903940606607171,-0.2943757285059805,-0.6950773976531537,0.4709794459826528,0.0923649415069593,1.5296450558834755,1.152264301992662,0.9519910231531106,-1.1130445913318214,-0.8323174972466213,-0.3778860049003713,-0.3070593246106268,0.7044368598996927,-0.1099513511812154,1.0666608991008526,1.582328263787768,0.4252477786024269,-0.2075738094393648,0.9850840504353228,0.5538738629780888,0.8923911266356778,-0.7340181157216542,-0.6823571535423747,2.5992467848322898,-0.6587987951321808,0.9340879381177783,0.1407248718254871,0.4543092895538576,0.8221915056452557,1.5790806457818445,2.272519938801715,1.865442662540625,0.7715371996385366,-0.4038017444008174,-0.6769268534165679,0.5215451862796902,-0.1762857081567977,-0.3714090560696858,-0.9752864133937222,-1.1493976511012336,-0.7287230232388966,-1.2293425618669986,-1.0961655169161562
G19893,0,0,0.00022561723370177967,10.18730/JTK5C,FULL,Phaseolus,vulgaris,Phaseolus vulgaris,ARG,"13 KM N DE SAN LORENZO, EN YACONES - LA CALDERA - SALTA",-24.63,-65.48,-2.9470184280009937,0.5828377937889301,-2.902539935203636,-0.2390597037606096,0.5103498913681871,0.3828372662678477,0.072053241907835,0.1222388324660457,-1.113404821594853,0.4032840634061758,1.2802011884990447,1.2367121783114188,0.4940618955899966,-0.6094166088342632,-0.867816055054445,-0.7056311332590228,1.306971655041245,-0.5501130572156805,-0.8555222166426983,0.1109174350999599,-0.3954856187671276,-0.738035839958754,-0.9840871357292964,-0.8323174972466213,0.7058939865813756,0.6023232616602759,0.1542863315270773,-0.1099513511812154,-0.5509180671459002,0.2062222827571616,-0.3644736363138053,-0.3446989432348522,-0.7789615115347625,-0.4088180098266616,-0.6183233852689962,1.0681872112724276,0.5783278613417225,-0.800233620100677,0.3100595975691991,-0.518644358366953,0.2487659608032735,-0.8888308946506299,1.2753012131033743,-0.930318513089944,-0.3187389988692879,-0.7038188532357285,-1.0862924933001423,-1.081089248173648,-1.03676608634436,1.2757491411801107,0.9546955843325816,0.1779075640767118,-1.3415182514646449,-1.8825920182489784,-0.0772421307310374,-0.1588267718029321,0.9679354736408012
G22514,0,0,0.0027859525472275,10.18730/JW4N5,FULL,Phaseolus,vulgaris,Phaseolus vulgaris,BDI,"13.2 KM N MURAGO, RUMONGE, RUTUMO - RUMONGE - BURURI",-3.77,29.43,0.3591811050669926,-0.5198490838166264,0.3859604233784113,1.8468477354643256,1.7286575677583138,-0.8732686450761901,-0.5821385024740856,-1.316718621824528,1.6366411612848564,-0.923661206029366,0.7943950538237766,1.2367121783114188,0.9650714044349166,0.0846338672645136,0.2141594007702701,0.2539648111647425,-0.5616074608068605,0.0625424447033194,-0.1558912189608081,0.741463044337078,0.3783893416127671,0.3182309494861614,-0.9840871357292964,-0.8323174972466213,0.2723819899886768,0.0826760695054743,-0.2583265647523842,-0.1099513511812154,0.527467910351935,0.2062222827571616,-0.0039486589456664,-0.7762397251547285,0.5865898261339519,0.2869889873490491,-0.5021145766609444,-0.2585592145001756,-0.5617698912491133,-0.1534298262417497,-0.7522851365430546,0.889502946401391,-0.064276075314695,-0.0035794054079493,1.5383971722726046,0.0516202882077122,1.2168218530838988,2.29863210415408,0.4080487814548819,-0.9666181207754232,-1.0090861453499145,-0.0501125884537497,-0.1280532039929358,-0.7510414846525365,-1.2171251429599774,-1.2960365245307826,-0.081884512387863,-0.1588267718029321,-0.4511339189202276
G12674,0,0,5.090570787021021e-05,10.18730/JP0PR,FULL,Phaseolus,vulgaris,Phaseolus vulgaris,PER,"SAN ISIDRO DE VISAG, HUANUCO - HUANUCO - HUANUCO",-9.83,-76.28,0.3591811050669926,-0.175574151134285,0.3859604233784113,1.182379103991522,0.4232444001099678,-0.0540691376779045,0.465985603832606,0.1809204723873292,-1.1426823587402992,-0.7080520550472744,0.7943950538237766,0.7321985335682625,0.2585571411675366,-0.2623913707848747,0.0789124687921807,-0.2943757285059805,0.3726820971171922,-1.7754240610536804,-0.8103847329212861,0.07150833452264,0.021733925089859,-0.526782482069771,-0.2103424021141454,-0.1760735537426384,1.0310279840258996,0.6023232616602759,-0.2583265647523842,-0.1099513511812154,-0.2813215727714414,0.2062222827571616,-0.2859919973302905,-1.058556168036607,-0.7072658979575284,-0.8377401313733326,-0.3859057680528925,-0.2007178930406483,-0.6823571535423747,-0.6648560818511341,0.9049725705934388,1.145146314412844,-0.3662370655536765,-0.2102163258173955,0.4129311247153419,-0.526632561445352,-0.0582420686272295,-0.3901299472397783,-0.9247420852185184,-1.0238536844745356,-0.9721795573573204,0.3599612468974344,-0.25785538431627,-0.9293536859566028,-1.5737628317047423,-1.1558711522315208,-0.9381460179801404,0.1623282076856287,0.8389292770716291
G15839,1,1,0.9993820447779692,10.18730/JSM6M,FULL,Phaseolus,vulgaris,Phaseolus vulgaris,COL,TIERRADENTRO - MORALES - CAUCA,2.79,-76.79,0.3591811050669926,0.1383168746312096,-1.80637314900962,1.0931584254790034,1.2317470471577343,-1.4285038667572505,0.1680798509968533,-1.8819680557977303,1.9900169952025624,-0.9303192671458258,0.7943950538237766,0.7321985335682625,2.3780999309696766,1.935435136861252,2.1076164484635216,-0.2943757285059805,-0.0277277134216875,-0.8224043914019028,2.0107079996669808,2.9877817772443107,2.2827946788954647,2.5363912073204835,-1.3709595025368717,-0.8323174972466213,0.5433269878591136,-0.3070593246106268,0.5668992278065389,-0.1099513511812154,2.145046876598688,1.582328263787768,0.0745329741905119,-0.7197764211933312,2.3072845519875704,1.211554449349651,2.71299579482849,-1.2083844112871889,2.0308562480560086,3.566945484171615,-0.6049733667695958,1.3057183435665938,-0.0836681103539407,0.1326131563761793,1.6553287096811515,2.059139615305143,3.3419283892691127,2.6720712779587825,2.0908655323051346,0.2830250199885319,-0.2432744445035875,0.7104237100170566,-0.147558996118027,-0.1847564453497842,-0.6881235990797556,-0.9140999578438384,-0.6663087809637969,-1.2293425618669986,-1.3541782176295345
G7862,0,0,0.0180709268423903,10.18730/K2D6N,FULL,Phaseolus,vulgaris,Phaseolus vulgaris,HND,FLORIDA - FLORIDA - COPAN,15.03,-88.84,0.3591811050669926,-1.0331525403605777,0.3859604233784113,-0.5589839397018302,0.3308775033395071,-0.9187797288205392,0.895525828321659,0.2024872779979,0.0869752920427285,-0.4718931302899211,-0.1772172155267593,-0.7813424006612064,0.2585571411675366,0.2003089466143097,0.3494063327483596,0.3910499460824232,-0.4281375239605672,0.5730886963024862,0.3857585856961391,-0.4802190735598382,-0.2743573640989702,0.1069775915971782,0.0475725090909048,-0.6682565113706256,0.1640039908405021,-0.047235728533226,-0.2583265647523842,-0.1099513511812154,0.2578714159774761,0.2062222827571616,1.292633320200694,1.1273795281624268,0.748321791645387,0.8207587386071286,0.3113470835954186,-0.0731511763432499,0.8304648643185419,-0.1333738946492249,-0.6899608909245903,0.1534764679774937,1.1435678063827703,1.038997944248986,-0.3325074262641438,0.3898436530991271,0.4901725213560514,-0.5544431837138475,0.5157490535092981,1.580364463835081,0.780883372290898,0.5363934401688704,0.7603469646134912,1.2040655225491448,1.1400580966563951,0.7839275342875802,0.9982429531002264,-0.4799814960606078,-1.0961655169161562
G1454,0,0,0.00013169513378841305,10.18730/PPZGX,FULL,Phaseolus,vulgaris,Phaseolus vulgaris,NLD,WAGENINGEN - WAGENINGEN - GELDERLAND,51.96,5.66,0.3591811050669926,-1.0166442333577592,0.3859604233784113,1.0309736591856506,0.8190190147530176,-1.3465839160174216,-1.7078591437397073,-1.69730915824491,1.3888546968389877,0.9226865297611412,-0.1772172155267593,0.7321985335682625,-0.6834618765223034,0.3159840259641059,-0.7325691230763556,-1.6652270776827882,-0.828547334499447,0.6071251130757639,0.6340147461639066,-0.0073098666319996,-0.3080041015067917,0.6351109863196359,-0.8551296801267712,-0.8323174972466213,-1.299098997659856,1.90144124204728,-0.2583265647523842,-0.1099513511812154,-0.8205145615203591,0.2062222827571616,-1.560500996691421,-1.0948540145394816,-0.5121871354334263,-1.1332198151054838,1.0085999352437296,-1.86236923698802,-0.512438738492779,0.1323671989517297,-1.330200723272611,-1.4838258520779375,-2.349760347544902,-1.6214528035103912,0.0475200703136332,-0.4611699746921749,-0.0582420686272295,-0.4050675141919664,-0.3458531229260313,-0.4038017444008174,-0.4462606784628549,-2.518198084180286,-3.3454449523352534,-2.6092271824357174,-1.646876866224773,-0.4696800324210785,-3.470307301686459,2.731566512208804,2.387005173776865
G7192,1,1,0.8987434806952951,10.18730/JFGMT,FULL,Phaseolus,vulgaris,Phaseolus vulgaris,HND,JESUS DE OTORO - JESUS DE OTORO - INTIBUCA,14.45,-87.99,0.3591811050669926,-1.0033348686129089,0.3859604233784113,-0.5360788278092988,0.2770942469921503,-0.6457132263544441,1.0690460272529525,0.0093893483152205,0.5554163389996968,-0.541351635623237,-0.1772172155267593,-0.2768287559180501,0.0230523867450766,0.0846338672645136,0.3494063327483596,0.2539648111647425,-0.294667587114274,0.0965788614765972,0.5663085205817883,-0.2437644700959189,-0.1734171518755056,0.3182309494861614,0.0475725090909048,-0.6682565113706256,0.0556259916923274,-0.5668829206880276,0.2918239636202311,-0.1099513511812154,0.2578714159774761,0.2062222827571616,1.1667356617206792,0.9176586628986284,1.216844289673359,1.1448332304423912,0.505028431275505,0.0494213336616519,1.1538579768322887,0.0671854212760239,-0.4576614889288373,0.4369016826496096,0.9357964062315656,0.8276647004204598,-0.3909731949684172,1.3717824543967834,0.1199926731173367,-0.3005045455266497,1.000400277754171,1.637600027534193,1.1591758992149872,0.8134880605419549,0.9710095195644762,1.6392048137960031,1.4060476159057376,0.9930497664529448,1.3618961828848983,-0.1588267718029321,-0.9671593203469846
G50342,0,0,0.2619844234540736,10.18730/JXTBN,FULL,Phaseolus,vulgaris,Phaseolus vulgaris,RWA,"43 KM NW GOMA, NORD-KIVU, MATANDA - BAHUNDE - KIVU",-1.53,29.4,0.3591811050669926,1.021085142580882,0.3859604233784113,3.044527347092076,2.2349216981584337,-1.4558105170038598,-1.282900108321397,-1.6589140486727183,0.3810206327171604,-0.8810002092602318,0.7943950538237766,1.2367121783114188,2.3780999309696766,4.248936723857174,4.812555088025309,-1.1168865380120652,0.5061520339634855,0.5730886963024862,0.8822709066316742,1.8843269610793545,1.2128284293267406,1.1632443810420936,-0.5972147689217209,-0.8323174972466213,-0.2153190061781092,0.4724114636215755,0.7044368598996927,-0.1099513511812154,2.145046876598688,0.2062222827571616,-0.8966771910401179,-1.9216376934138013,0.838358143579588,0.2393309738438634,0.3500833531314358,-0.9801114524484408,-0.2931891706868491,1.305639197114435,-1.2282154987523546,1.3620502761880442,-0.8898207170584941,-0.5647865661728978,0.9683559274059392,0.4989479643544223,1.2579529473326447,2.22394426939314,1.000400277754171,-0.6613617810468234,-0.8060999113906471,-0.1313412714945593,-0.6820177003455262,-0.93999489796991,-1.6733434850555533,-1.909048935911892,-1.2713658569034,0.0552764627791469,-1.0961655169161562
G2867,0,0,0.00019488350620361545,10.18730/K1F5P,FULL,Phaseolus,vulgaris,Phaseolus vulgaris,MEX,TEPIC - TEPIC - NAYARIT,21.53,-104.88,0.3591811050669926,-0.4435092230593186,0.3859604233784113,-0.5797763468593823,-0.8739843589637804,1.211138990415003,0.8987391062138502,1.4097261578014786,-0.1472452232556987,-0.2148966738048107,-1.1488294848772953,-1.2858560454043628,-0.9189666309447634,-0.3780664501346709,-0.191581395163998,0.5281350810001041,1.1735017181949516,-0.1757124727096249,0.6565834880246127,-0.8349009787557171,-0.9001866798844502,-0.2099024452362963,0.1765299646934299,-0.3401345396186341,0.7058939865813756,-0.3070593246106268,-0.2583265647523842,-0.1099513511812154,-0.0117250783969826,0.2062222827571616,0.9084002853310524,0.8853939617350371,0.3481602274933828,1.5165657357828393,-0.7732684634130653,1.8021474043578647,3.094216651914769,-0.5294785436015912,1.1627683297979383,0.1257587603109291,1.0715403608919398,0.6703387784235967,-0.5371376167291007,-0.4284386813155864,-0.8123121298542408,-1.0921955939926191,-1.0728299592933406,0.3497998443041631,2.2110136570039183,0.0964047403644848,0.5018065562645548,0.8767763530587779,1.1023431648225337,0.9812285904758984,0.2425663834058371,-0.8011362203182835,-0.8381529699902952
G50506,1,1,0.9357271333201383,10.18730/JYQN$,FULL,Phaseolus,vulgaris,Phaseolus vulgaris,GTM,"5 KM SSE SAN LUCAS, SAN LUCAS TOLIMÁN - SAN LUCAS TOLIMAN - SOLOLA",14.6,-91.12,-2.9470184280009937,0.1445904449969781,-2.902539935203636,1.0448696007970628,1.573153804840956,-0.6093043593589647,0.2816301132608822,0.4286877153783932,1.8436292222213888,-0.8886441622898165,-0.1772172155267593,0.2276848888251061,0.4940618955899966,0.431659105313902,0.3494063327483596,0.3910499460824232,0.2392121602708989,0.2327245285697083,0.20520865081049,1.017326748378317,1.152264301992662,0.9519910231531106,-0.8551296801267712,-1.1604394689986126,0.3807599891368515,-0.3070593246106268,0.0167486994339235,-0.1099513511812154,0.7970644047263937,1.582328263787768,0.5127220782406873,-0.0946472399791256,2.7924804485218755,3.661176343516195,-0.2309606899088233,0.5470725334126655,3.395684807647923,-0.1935416894267995,-0.7466192763836866,0.968567152231902,0.3595773178556773,0.3697759830649779,-0.7710006915461942,2.3319003934433806,0.257096320613157,0.670437306365577,2.1581782023391445,4.098729266596028,2.155653775015028,0.9995279475063898,0.6220331659082989,1.4114253566462929,1.281985340136455,0.6496727499768415,0.7021621674315716,0.5905344216189015,-0.8381529699902952
G15785,0,0,4.61956911247382e-05,10.18730/JRZ19,FULL,Phaseolus,vulgaris,Phaseolus vulgaris,ESP,"SANTA MARÍA DE VALVERDE, FARMER CID VICENTE - STA MARIA DE VALVERDE - ZAMORA",41.93,-5.94,0.3591811050669926,-0.7177672413355725,-1.80637314900962,-0.6000259062134617,-0.6202676931512492,0.0005441628153144,-1.4365438703712765,-0.1484455135499532,0.093372561413119,1.6222611005249514,0.7943950538237766,0.7321985335682625,-1.1544713853672233,-1.1877920055832438,-1.4088037829668023,-1.5281419427651075,0.5061520339634855,0.6071251130757639,-0.9683659259462292,-0.6772645764464376,-0.3954856187671276,-1.0549158767922286,0.5634023315010054,0.3161094038853487,-0.9197760006412448,0.4724114636215755,1.117049756179154,-0.1099513511812154,-1.3597075502692766,-1.1698836982734446,-1.0691733079873418,-0.2559710534975377,-0.6639150618410613,-0.9711825691878524,-0.0372793422287369,-0.9732354057245312,-1.1811499203008653,0.4181642241452092,-0.3131827032687092,-1.30367919834478,-2.0810428152791536,0.4261314386140847,0.2667667029546584,-0.3629760945624093,0.0240201198702626,-0.2407542777178972,-0.3727781909396353,-0.7376758659789734,-0.8983663813721323,-1.717920870888438,-1.6463131328568534,-1.1401647239499586,-0.0985796646241239,0.6671230573715288,-0.1066438812242662,0.2693796973612255,0.7099227729274225
G10980,0,0,2.0957259153750383e-05,10.18730/JP6BM,FULL,Phaseolus,vulgaris,Phaseolus vulgaris,MEX,2 KM NW DE CORRALES - SOMBRERETE - ZACATECAS,23.25,-103.65,0.3591811050669926,1.374510423864714,-1.80637314900962,-0.3192042208129533,-0.808509090366998,0.646801551985073,0.4991651496477015,0.547555976439647,-1.3769030049196411,0.3407714351025095,-1.1488294848772953,-1.2858560454043628,-0.9189666309447634,-0.7250916881840593,-0.4620752591201768,1.213560755588508,1.1735017181949516,-2.0817518120131804,-1.148915860831878,-0.8349009787557171,-0.1464997619492484,-1.1605425557367202,0.5634023315010054,1.1364143332653274,1.5729179797667732,-0.6967947187267279,-0.5334018289386918,-0.1099513511812154,-0.2813215727714414,-1.1698836982734446,-0.4854661478932253,-0.5544196931109792,-1.0257278094284985,-0.7710189124660727,-0.6957959243410308,1.0035167732123054,-0.5014762601024825,-0.6548281160548717,2.0608037035273177,0.0593816542988261,-0.0892086597129208,-0.4661643845999023,-0.6686855963137158,-0.8539454952112374,-0.9494157773500612,-1.062320460088243,-0.9920547552525284,-0.4324195262503736,-0.003381622551726,-0.0269667809206157,0.2659637969339066,0.6098832517520465,0.8863093886162889,0.8517585678701547,0.1239277410647385,0.9116891458765768,0.8389292770716291
G24354,0,0,0.000120457522680003,10.18730/JY68*,FULL,Phaseolus,vulgaris,Phaseolus vulgaris,MEX,2 KM W ACAHUIZOTLA - CHILPANCINGO DE BRAVOS - GUERRERO,17.35,-99.48,-2.9470184280009937,-0.1946978250355008,0.3859604233784113,-0.5733854647395338,-0.7208189984963076,1.4842054928810982,1.3880253185490068,1.3043996664702242,-0.1765227604011446,-0.5205140707750836,-1.1488294848772953,-0.7813424006612064,-0.4479571220998433,-0.6094166088342632,-0.7325691230763556,1.3506458905061889,0.7730919076560719,-2.0817518120131804,0.4760335531389636,-0.4408099729825183,-0.0051834648363981,0.2126042705416698,-0.726172224524246,-0.8323174972466213,2.1148079755076465,-0.8267065167654283,-0.5334018289386918,-0.1099513511812154,0.2578714159774761,0.2062222827571616,1.2002538220103602,0.9983204158076032,0.3881763839085832,1.0876436142361685,-0.7732684634130653,1.347919650487173,0.0740538553880836,-0.7400658253231024,0.242069458020337,0.5617506469861494,1.0050534515503462,0.9521164816489842,-0.7856171337222626,0.0952620127098302,-0.7574706708559128,-1.0324453261838666,-0.4535533949804475,1.2560296028734437,1.3990687211668489,0.5029848689182148,0.5833762324240273,0.941486426112673,0.5147842267792101,0.2021568022743791,0.0594502180532718,-0.6940846030272442,-0.9671593203469846
G14708,0,0,0.00010352692088659208,10.18730/JJNJ0,FULL,Phaseolus,vulgaris,Phaseolus vulgaris,PRT,"AROUND CELORICO AND CASTELO BOS, AT VILAR FORMOSO, SPANISH FRONTIER - VILAR FORMOSO - GUARDA",40.62,-6.87,0.3591811050669926,-0.6597220215405737,0.3859604233784113,-0.5998553425817704,-0.5881146594653293,0.1097707638017525,-1.048288885528157,0.0054093968257995,0.1712483017589373,1.1923353355942876,1.2802011884990447,1.2367121783114188,-0.9189666309447634,-1.6504923229824284,-1.8145445789010708,-2.0764824824358303,1.1735017181949516,0.6071251130757639,0.0020899740641348,-0.5196281741371581,-0.4425910511380777,-0.4211558031252794,-0.5972147689217209,0.4801703897613444,-0.3778860049003713,2.03135304008598,-0.1207889326592303,-0.1099513511812154,-2.168497033392653,0.2062222827571616,-0.9522683406169514,-0.247904724356409,-0.5555379715498935,-0.8568033367754069,-0.3859057680528925,-0.6522831226715505,-1.2688497474232374,0.6337654887648517,-0.6333024472104671,-1.2880659895284556,-1.8261766869583853,0.4308278180173555,0.5737119886520937,-0.2538717833071142,0.2022548616148289,-0.1063161751482043,-0.197765248851209,-0.7567543872120108,-0.9352729693647264,-1.5421437476415245,-1.4466447516491017,-0.8597544073830802,0.0625358775082513,1.031609316663786,0.3648157670355779,0.80463765620098,1.2259481743541794
G5553,0,0,2.1811773097234303e-05,10.18730/JK94$,FULL,Phaseolus,vulgaris,Phaseolus vulgaris,IRN,SABZEVAR - KHORASAN,36.22,57.71,0.3591811050669926,0.0872302616268949,0.3859604233784113,-0.5475406421573284,-1.9356190712116064,1.9666229805712,-0.7515143747672284,0.4220393192587297,-0.9527072878636464,1.7553317548884808,0.3085889191485086,0.7321985335682625,-2.8030046663244432,-1.5348172436326322,-1.2735568509887132,-2.350652752271192,0.2392121602708989,0.6071251130757639,-1.4874469887424702,-1.189582883951596,-1.8692127172297093,-2.0055559872926523,2.110891798731307,2.284841234397297,-1.0823429993635068,2.03135304008598,0.2918239636202311,-0.1099513511812154,-2.9772865165160294,-1.1698836982734446,-0.11022588282862,1.881567514030993,-1.47424222924887,-1.4572943069407462,-0.7732684634130653,0.3326361294229824,-1.5867616207418358,-0.3439611763707361,0.2902290836343059,-1.669218667818899,-1.9674611472204648,1.4804495464329477,-0.4786718480248273,-1.1267062733494753,-0.921995047850897,-0.7038188532357285,-0.9785922212457264,-1.0906285087901668,-1.0644460273388057,-1.0281321350660786,-0.2117507847478726,-0.6664869891954471,0.1538457124744434,1.2852016870285146,1.8359349320652008,-0.5870329857362047,0.0648911749314939
G22800,0,0,6.921720010005371e-05,10.18730/JR82E,FULL,Phaseolus,vulgaris,Phaseolus vulgaris,MEX,SAN PEDRO EL CHICO - POCHUTLA - OAXACA,15.75,-96.45,0.3591811050669926,-0.7760399437401012,0.3859604233784113,-0.615987856015656,-0.9651820545092984,1.729965345100584,1.9085102014848128,0.8209023516541815,-1.0548497473039609,-0.7983481086685454,-0.6630233502020273,-0.2768287559180501,-1.1544713853672233,-1.419142164282836,-1.544050714944892,-0.4314608634236613,1.0400317813486584,-1.6392783939605695,1.333645743845797,-0.7560827776010773,-0.4762377885458992,0.4238576284306529,-0.0813849465116203,0.4801703897613444,1.6812959789149478,1.381794049892478,-1.0835523573113073,-0.1099513511812154,-1.3597075502692766,0.2062222827571616,1.7087494439783617,1.5185893567026991,-0.1637131066510559,0.2297993711428263,-0.5408508461969617,1.017029194944441,0.1233850081444178,-0.7701497227118898,-0.3811726469456016,0.6792375407468683,1.453839521587147,1.125879362061636,-0.887932228954741,-0.2429613521815846,-0.867153588852569,-0.8382569558054214,-0.1304525788171989,0.9889303056109188,0.301097728387175,0.5287509565494394,0.5528762665557028,0.82270749201819,0.1068674640498083,-0.102942120561765,-0.2123870189630716,1.6610503392984106,1.7419735757809365
G20737,0,0,7.455149683967376e-05,10.18730/JTQM7,FULL,Phaseolus,vulgaris,Phaseolus vulgaris,RWA,BIBALE - MUHURA - BYUMBA,-1.47,30.24,0.3591811050669926,0.1246492738498791,0.3859604233784113,0.0904467800297035,1.2107014251087684,-1.2919706155242026,-0.4355570883354398,-0.9784729657111074,0.5799842317155942,-0.8582993791702908,-0.6630233502020273,-0.2768287559180501,-0.6834618765223034,-0.9564418468836516,-0.867816055054445,0.5281350810001041,-0.9620172713457402,0.6071251130757639,-0.9232284422248168,-0.1649462689412792,-0.4358617036565134,-0.6324091610142625,-0.726172224524246,-0.3401345396186341,-0.9197760006412448,0.7322350596989763,-1.2210899894044611,-0.1099513511812154,-0.5509180671459002,0.2062222827571616,0.5495103657007838,-0.0785148893973304,-0.3087716736561575,-0.3992864071256244,-0.5021145766609444,-0.5481308349362011,-1.0441189404221591,0.5234578650059649,-0.2395267643483314,1.0820639178182492,0.3568071026200324,0.4801388724141299,-0.0986443514470502,-0.1774987654284075,0.4490414271073054,1.2231272835965368,0.2061107713528516,-0.9475395995423856,-1.0090861453499145,0.2208680450237899,-0.0337161002606765,-0.4654543622413465,-1.0467462842368291,-1.091699054070413,0.130633403457931,-0.265878261478529,-0.1931213719943667
G12986,0,0,1.3515431004281127e-05,10.18730/JNGZ2,FULL,Phaseolus,vulgaris,Phaseolus vulgaris,MEX,"30 KM DE JALPA, FIRST RANCHO ROAD TO TLALTENANGO - JALPA - ZACATECAS",21.68,-103.1,-2.9470184280009937,0.5887496430479754,0.3859604233784113,-0.5488363625042758,-1.2697589736068302,-0.026762487431295,0.9529547896677912,0.5681194612377604,-1.171960070393632,0.1185041650432641,-1.634635619552563,-1.2858560454043628,-0.2124523676773833,0.3159840259641059,0.484653264726449,1.761901295259231,3.1755507708893504,-4.021827568090014,0.8371334229102618,-0.6378554758691177,-0.2003345418017628,-0.1042757662918048,0.0475725090909048,-0.0120125678666426,3.0902099678412185,-0.6967947187267279,-1.0835523573113073,-0.1099513511812154,0.7970644047263937,0.2062222827571616,0.0042265303389569,-0.1228789111911028,-0.667249741542328,0.0105725090189722,-0.6957959243410308,1.4143547854519776,0.2220473136570863,-0.6598420989530029,0.9644639401658684,0.102021443756176,0.2930904877725427,-0.0317571667730167,-0.6979184806658525,-0.7775724773325309,-0.9357054126004792,-1.0175077592316786,-0.9516671532321224,0.0159257227260071,0.7532034312964524,0.144006495479798,0.5461379020033985,0.8485915212397481,1.0953956773794535,1.0197881406867395,0.4679798038539246,-0.265878261478529,-0.1931213719943667
G345,0,0,6.828119369291661e-05,10.18730/JZBCU,FULL,Phaseolus,vulgaris,Phaseolus vulgaris,TUR,BARTIN - BARTIN,41.64,32.35,0.3591811050669926,-0.6695567345720423,0.3859604233784113,-0.594568014816396,-0.706788583796997,0.8561525372090794,-1.5002396353494205,-0.24145480750837,0.1111661842946284,1.6273978897582675,0.7943950538237766,0.7321985335682625,0.0230523867450766,0.0846338672645136,-0.0563344631859086,-0.9798014030943843,-0.828547334499447,0.6071251130757639,-0.2687349282643388,-0.4408099729825183,0.0553806624976806,-0.2099024452362963,0.9502746983085808,0.8082923615133358,-1.1907209985116811,-0.4369711226493272,1.5296626524586157,-0.1099513511812154,-0.2813215727714414,-1.1698836982734446,-0.7274511890813551,0.1997684466078187,-0.4504955609599923,-0.8377401313733326,1.1248087438517815,-1.432794126258733,-0.7042821103229677,0.4432341386358653,-0.5794770382662219,-1.4279130310905983,-1.2139439575723678,-0.0317571555761782,0.2813831451307267,-0.1774987654284075,0.0925719436181727,-0.3602548133354021,-0.4804784629940515,-0.6518225204303046,-0.5569804424406372,-1.7535130088875024,-1.413662230419402,-1.550282786949311,-0.5868887820520209,0.5021895068346464,-0.0478403802378086,0.3764311870368224,0.1938976790757006
G13660,0,0,1.878777019054881e-05,10.18730/JR9Z1,FULL,Phaseolus,vulgaris,Phaseolus vulgaris,MEX,PRESA VERDE PRESITAS - CEDRAL - SAN LUIS POTOSI,23.97,-100.7,0.3591811050669926,0.1239197045327331,0.3859604233784113,-0.4785588198791073,-1.2136373148095885,-0.6366110096055743,0.9615861694877764,1.2050923347041704,-1.757511336826214,0.2226919230432379,-0.1772172155267593,-0.7813424006612064,-0.6834618765223034,-0.2623913707848747,0.0789124687921807,0.6652202159177848,0.2392121602708989,0.4709794459826528,-1.4874469887424702,-0.7560827776010773,-0.9069160273660146,-1.4774225925701947,1.981934343128782,2.284841234397297,-0.2153190061781092,-0.5668829206880276,-0.1207889326592303,-0.1099513511812154,-0.2813215727714414,-1.1698836982734446,-0.1257586993940229,-0.1995076726110226,-1.299171544932368,-1.3905730880334863,-0.463378307124927,-0.4702141960191171,-0.9180504389337496,-0.6698700647492654,2.270439634491668,0.0857666518139174,0.226603710528381,-0.4802532876761118,-0.7271513650179893,-0.9630498064665326,-0.9631261420996432,-0.8083818219010451,-0.6420288710756757,-0.7185973447459358,-0.6677002064184193,-0.2544944361048191,0.198934802176775,0.370599781614977,0.60245490165617,0.7915268617013956,0.3302558147014318,1.2328441253651377,1.096941977785008
G22660,0,0,0.00030119337493965506,10.18730/K3R4T,FULL,Phaseolus,vulgaris,Phaseolus vulgaris,PRT,CANICAL P. AGRARIO - MACHICO - MADEIRA ISLAND,32.73,-16.79,0.3591811050669926,-1.6225359614221828,0.3859604233784113,-0.5912013209683493,0.9049553047862944,-1.0644151968024569,-0.4320588131588104,-1.0770151608871907,0.6558883707043948,-0.4314800196212245,-0.1772172155267593,0.2276848888251061,1.2005761588573765,1.4727348194620673,1.160887924616896,0.1168796762470617,0.3726820971171922,0.0965788614765972,1.017683357795911,1.293190452419556,1.421438201255234,1.3744977389310766,-1.1130445913318214,-1.488561440750604,0.0556259916923274,-0.5668829206880276,0.5668992278065389,-0.1099513511812154,1.3362573934753113,1.582328263787768,-0.0202989985326673,-0.1107795905609208,-0.8123083085474295,-0.9044613502805926,-0.6570596548050135,-0.2053866901191039,-1.2962559433989786,0.2125909253218292,-2.3670492301945814,-1.0585316128012534,-0.3440747888592975,0.3862130310554705,0.3106160294828635,-0.3411552323113503,0.0651512141190086,-0.5096304828572832,-0.8574294151845081,-1.0238536844745356,-1.0459927333425083,-1.044727242353986,-0.8330989266235054,-0.3354590154841886,0.2861788066283451,0.7557818771993751,-0.0906534555174225,3.052720981235596,2.6450175669152087
G16455,0,0,1.673943590724433e-05,10.18730/JK9MD,FULL,Phaseolus,vulgaris,Phaseolus vulgaris,IRN,BAM - KHORASAN,34.37,57.12,0.3591811050669926,-0.5206235568354884,0.3859604233784113,-0.5509722190375737,-2.080600023104481,2.621982586489828,-0.6021060051972578,1.1369786260775332,-1.7077503295739358,2.400346353194568,0.7943950538237766,0.7321985335682625,-2.3319951574795232,-1.8818424816820207,-1.8145445789010708,-2.213567617353512,0.9065618445023652,0.6071251130757639,-1.4874469887424702,-1.150173783374276,-1.815377937377196,-2.0055559872926523,1.8529768875262569,2.7770241920252845,-1.353287997233943,2.2911766361633807,-0.2583265647523842,-0.1099513511812154,-2.9772865165160294,-1.1698836982734446,0.1603722688387556,2.0186927632141574,-1.5959580383451044,-1.5526103339511177,-0.8120047329490826,0.8714149289993459,-1.6196490559127252,-0.4693107488240166,0.7633267956413267,-1.481241563848168,-1.6571893804155284,1.5368051587377891,-0.5956033854333741,-1.1812584289771229,-1.0316779658475532,-0.8233193888532333,-1.0997550273069443,-1.119246290639723,-1.0828993213351026,-0.7872847227165812,0.2624172892747991,-0.4050582940577112,0.4979117572745877,1.4110127742127916,2.1082879892656363,-0.0517750268964503,-0.0641150216376775
G50707,1,1,0.997882832175891,10.18730/JYNVD,FULL,Phaseolus,vulgaris,Phaseolus vulgaris,COL,"28 KM SW ABEJORRAL, CORREGIMIENTO PANTANILLO, VEREDA CHAGUALAL - ABEJORRAL - ANTIOQUIA",5.71,-75.48,0.3591811050669926,0.8090299738105826,-1.80637314900962,0.7395557109538431,0.5997937850762913,-1.44670830025499,-0.7645712065388206,-2.789779480765997,2.165682479837069,-0.9303192671458258,0.3085889191485086,0.2276848888251061,1.2005761588573765,0.6630092640134944,0.8903940606607171,1.213560755588508,-0.5616074608068605,-0.4139673901225694,-0.7878159910605799,1.4508268547288357,0.9638425725088614,0.4238576284306529,-1.2420020469343465,-0.8323174972466213,0.3265709895627642,-1.086530112842829,-0.1207889326592303,-0.1099513511812154,1.0666608991008526,1.582328263787768,0.0115841605434029,-0.77220665674056,2.4340023806357047,1.135301627741354,3.5651937246208703,-1.2894219761092105,1.592357112444149,2.870001861331376,-1.0497417142369554,1.1604796925240668,-0.1501549140175907,0.0833020571920525,0.6614106417085038,2.2446169444391444,2.6701205165395936,2.7318215457675348,3.0601679807948803,0.8363021357466188,0.4579507273556998,1.0276959585608645,0.2904346997817483,0.2722404705730565,-0.3619225219903881,-0.531881934586012,0.5438053709154094,-1.4434457964490774,-1.6121908414491544
G12855A,0,0,0.000185617200256213,10.18730/S1TAU,FULL,Phaseolus,vulgaris,Phaseolus vulgaris,GTM,QUESADA - QUESADA - JUTIAPA,14.27,-90.04,-2.9470184280009937,-0.5014709691898671,0.3859604233784113,-0.4984619304146711,-0.0882811358023934,0.3464283992723683,0.6672672466511975,1.515052266477961,0.4090285169381799,-0.6663769584713641,-0.6630233502020273,-0.7813424006612064,-0.2124523676773833,-0.493741529484467,0.0789124687921807,0.8023053508354656,-0.4281375239605672,0.5390522795292084,0.7919959391888496,-0.559037274714478,-0.6242834331403139,0.3182309494861614,-0.3392998577166706,-0.5041955254946299,-0.5404530036226333,-0.8267065167654283,0.0167486994339235,-0.1099513511812154,0.527467910351935,0.2062222827571616,1.0269402239474534,0.6635738527661702,0.7199770141846201,0.9923275872257972,-0.734532193877048,0.6867043078572629,-0.2603017355159595,-0.6698700647492654,-0.7267888738931911,0.5930820060701328,0.8166741656968471,0.6632943548775873,-0.9610144398350828,1.1426634007606635,-0.6889188471080027,-0.2258167107657092,1.2292633558698054,1.6566785487672306,0.9838696062501654,1.1467003463491472,0.6837423991767693,1.5402703021047148,1.5833739620719658,0.8340268039045854,0.8223482703249454,0.5905344216189015,-0.8381529699902952
G14500,1,1,0.9101468217817564,10.18730/JH5PP,FULL,Phaseolus,vulgaris,Phaseolus vulgaris,BRA,PORONGABA - PORONGABA - ACRE,-8.65,-72.82,0.3591811050669926,-0.8458928144690305,0.3859604233784113,-0.5932721120858406,0.6810532702097979,-0.5273844086191362,1.037435491508706,-0.6250756057748181,0.7310817309268886,-0.8052939525777978,0.3085889191485086,-0.2768287559180501,-0.6834618765223034,-1.0721169262334478,-1.2735568509887132,-0.9798014030943843,-1.4958970187309133,0.6071251130757639,-1.3971720212996457,-0.5196281741371581,-0.2810867115805345,-1.0549158767922286,-2.1447042361520223,-2.144805384254587,-1.353287997233943,-0.1771475265719264,1.254587388272308,-0.1099513511812154,-0.5509180671459002,2.958434244818374,1.5256255969438453,1.1515779386474465,1.3285560596657933,0.6682530953905345,0.6212372398835568,-0.6637019327725245,1.6581319827859275,-0.0882480485660439,-0.5228187186606336,0.9248048082070388,1.2294464601492612,1.057783058775895,2.561548124597389,0.4662166709778337,1.76523644306718,1.9401304973015647,0.434973849468486,-0.527812132415561,-0.7415133824036074,-0.0964042035200175,-0.2128147370456048,-1.487010715518836,-1.4622721998800805,-1.256632604607295,-0.3764178375042428,-1.4434457964490774,-1.6121908414491544
G52337,0,0,0.0015755527583383,10.18730/K4YKU,FULL,Phaseolus,vulgaris,Phaseolus vulgaris,CHL,RUCALHUE - LOS ANGELES - REGION VIII BIO BIO (REGION DEL BIO BIO),-37.39,-72.36,0.3591811050669926,-0.9144172647172042,0.3859604233784113,-0.5737878406699868,-1.08093297577861,0.8925614042045587,-0.8183011354214068,1.021523656811204,0.643249032236607,0.6255512009838357,0.7943950538237766,1.7412258230545752,0.2585571411675366,0.7786843433632905,1.0256409926388066,-1.6652270776827882,0.9065618445023652,0.2667609453429861,0.3857585856961391,0.3079629379865593,-0.2608986691358416,0.2126042705416698,-0.3392998577166706,-0.3401345396186341,-0.5404530036226333,0.4724114636215755,1.117049756179154,-0.1099513511812154,-0.0117250783969826,0.2062222827571616,-0.8435385942042611,-0.5665189752786041,0.1514141251186473,0.3441786035552719,0.0789294663793148,0.3202439900806623,-1.2195185946669032,2.137960358204217,-0.6134720793352776,-1.0917483257591252,-1.5436077144208626,0.2453241794427764,-0.6394527119615792,-0.548453423696411,-0.5792359291113465,-0.0017532064828876,1.740839648128282,1.1034014330091435,0.8546965482760861,2.5878544002989954,0.8376608315820344,0.2477944429749184,-2.178194239252688,-3.3540469708203453,-1.9187201879385247,0.3764311870368224,0.3229038756448727
G24,0,0,0.0001583495128338457,10.18730/PQ4SD,FULL,Phaseolus,vulgaris,Phaseolus vulgaris,CAN,VIKING - ALBERTA,53.11,-111.67,0.3591811050669926,-1.0090665161066896,0.3859604233784113,-0.4562692330617602,-0.106988355401474,-1.1099262805468058,-2.712523435683835,-0.3893455339498394,-0.5571310923077175,3.445566676494364,3.2234257272001168,1.2367121783114188,2.6136046853921364,0.6630092640134944,0.3494063327483596,-1.253971672929746,-1.36242708188462,0.6071251130757639,1.333645743845797,1.4114177541515158,0.6341045459122105,1.3744977389310766,0.1765299646934299,0.3161094038853487,-1.0823429993635068,0.3424996655828751,0.7044368598996927,-0.1099513511812154,0.7970644047263937,-1.1698836982734446,-3.075359945393344,-1.3610379529893326,-1.1807904155374,-1.1904094313117066,-0.3859057680528925,-0.1956008795945186,-0.5069574992976308,-0.6448001502586093,-0.2735217243669166,-1.9555591691416048,-0.4493455569234936,-4.319473911886435,-0.7125349228419209,-1.0285123932197098,-0.880863953602151,-0.7336939871401047,-0.6824164730960819,-0.4514980474834111,-0.4093540904702608,-2.241758533831724,-2.8613466568670805,-1.366218579151565,-0.2613493704334229,0.6372886608580313,-2.2333705002344826,1.4469471047163314,2.1289924730634864
G20895,0,0,0.0041947030290354,10.18730/JTVCG,FULL,Phaseolus,vulgaris,Phaseolus vulgaris,RWA,SANZA - KIVUMU - KIBUYE,-2.08,29.57,0.3591811050669926,-0.0209793403310609,0.3859604233784113,0.4265127393764759,1.1265189369129056,-1.0006996795603678,-0.6004734828065694,-1.2597774074302517,1.5156632113756057,-0.9170270606764545,-0.6630233502020273,-0.7813424006612064,0.0230523867450766,-0.7250916881840593,-0.867816055054445,0.8023053508354656,-0.9620172713457402,0.6071251130757639,-0.7426785073391676,-0.0861280677866394,-0.0859356346151697,-0.3155291241807879,-1.3709595025368717,-1.6526224266266,-0.648831002770808,-0.047235728533226,-0.8084770931249995,-0.1099513511812154,-0.0117250783969826,1.582328263787768,0.1865327910057217,-0.5140887781939333,0.2264444183971481,-0.0561487098882876,-0.1922244203728061,-0.7697850512738861,-1.0989313323736416,0.7891989586069195,-0.3471777021239791,1.2389792618838182,0.0548460859615644,0.2758500969189655,0.4421640090674786,0.0407098570821827,0.7643798163476919,1.7608796938753084,0.7849997336453386,-0.7758329084450483,-0.9352729693647264,0.1346171584616399,-0.2660123519322173,-0.6466425667922526,-1.3961056528031297,-1.5940990330948754,-0.4083986889179302,-0.265878261478529,-0.3221277223510561
G24487A,0,0,0.0012851086264071,10.18730/S17P*,FULL,Phaseolus,vulgaris,Phaseolus vulgaris,ZWE,SAMANGA SCHOOL - SAMANGA - MANICALAND,-18.53,32.73,0.3591811050669926,-0.5339860950679797,-1.80637314900962,-0.571784555499934,-0.5711612417036624,0.4738594337565461,0.1955029236304594,0.9035980240138368,-1.4460486754988775,0.1660014590041742,-0.1772172155267593,0.2276848888251061,0.0230523867450766,-0.8407667675338554,-1.1383099190106238,0.3910499460824232,-0.828547334499447,-0.8564408081751805,-0.6298347980356369,-0.2437644700959189,0.1495915272395808,-0.3155291241807879,-0.9840871357292964,-0.5041955254946299,1.410350981044511,0.7322350596989763,-1.2210899894044611,-0.1099513511812154,-0.5509180671459002,1.582328263787768,-0.421699846308541,-0.8044713579041511,0.0680471325869798,0.4871526440708289,-0.2696969594448407,0.7408673122118287,0.5618841437562778,-0.6247442186660844,-0.585142991295921,-0.3421927010873915,-0.0947492883303597,-0.5389569497221123,2.6492467776538,-0.6902890283282948,0.5175932508552155,-0.2258167107657092,-0.8978170172049142,-0.928461078309348,-0.9444996163628748,1.3508638373253756,2.084612924524229,0.5992420397387394,-0.1948519906210873,-0.7229909462149252,1.6946002016240664,-0.3729298787695683,0.7099227729274225
G481,1,1,0.918719059570234,10.18730/JZFDH,FULL,Phaseolus,vulgaris,Phaseolus vulgaris,IND,GANGI - UTTAR PRADESH,30.66,78.86,0.3591811050669926,-0.9165491552290668,0.3859604233784113,-0.5438913393678722,0.6126549985506593,0.4101439165144572,-0.2479786977381037,-0.9242798765035856,0.4136772488196153,-0.2544243624502522,2.2518134578495808,3.254766757284044,1.9070904221247564,0.6630092640134944,0.2141594007702701,-2.4877378871888727,0.5061520339634855,-1.707351227507125,2.665201513627459,2.554281670893792,2.5048631457870867,2.6420178862649752,-0.8551296801267712,-2.3088663701305827,1.1935949827481618,1.381794049892478,1.117049756179154,-0.1099513511812154,0.527467910351935,0.2062222827571616,-1.6120045685588578,-1.30860779436722,1.270199164893626,1.9740826654326216,0.3888196226674531,0.2220409494850556,3.318947458915847,0.8794506507732814,-0.5114870620847152,-1.186805116028985,-0.4964404048063549,-1.5204824833213342,1.1291367913426908,-0.4066178190645274,-0.6889188471080027,-0.0913786081960162,-0.3862407249464373,-0.0031527985070303,2.653892712915048,-0.6903343590872278,0.2553242739565841,-0.017948257033077,1.1218622962102338,1.374986333139889,-0.136045631717495,-0.9081878376093228,-0.9671593203469846
G15791,1,0,0.7013729548224908,10.18730/JS058,FULL,Phaseolus,vulgaris,Phaseolus vulgaris,ESP,"24 KM S OF SANTIAGO DE COMPOSTELA, LA ESTRADA - LA ESTRADA - PONTEVEDRA",42.69,-8.5,0.3591811050669926,-0.9124624831876804,-1.80637314900962,-0.4990134181425342,-0.0444360898670481,-0.7003265268476631,-1.9119592653462456,-1.0410469825140625,0.3921765009074084,2.125334876746475,0.7943950538237766,1.7412258230545752,-0.2124523676773833,-0.3780664501346709,-0.867816055054445,-1.9393973475181496,0.2392121602708989,0.6071251130757639,0.5437397787210821,0.2291447368319195,1.2397458192529978,0.7407376652641275,-1.1130445913318214,-0.1760735537426384,-0.5404530036226333,0.6023232616602759,1.5296626524586157,-0.1099513511812154,-0.5509180671459002,1.582328263787768,-0.9097574560827354,-0.7601072976478199,1.0751204023695238,0.5157474521739404,0.6212372398835568,-0.7798719456352051,-0.556288652053965,2.6092747506285523,-1.1942205336681144,-1.0484429599604592,-1.6488784956948013,0.0950428153539812,2.4592330293649107,0.7389774491160717,1.5870017013226134,0.8795632436962103,0.6099867915569123,-0.4133410050173361,-0.7415133824036074,-1.8886757906140108,-1.9137198103535584,-1.5681140070797177,-0.5051730964119867,0.1498058800903175,-0.9886963960211302,1.0187408907830586,0.7099227729274225
G18553,0,0,0.0003263513469538252,10.18730/JSQ65,FULL,Phaseolus,vulgaris,Phaseolus vulgaris,BRA,"KM 52, RODOVIA INHUMAS - GOIÁS - INHUMAS - GOIAS",-16.28,-49.5,0.3591811050669926,-0.647082185078806,0.3859604233784113,-0.502581467930664,0.0169469744424351,0.7287215027249015,0.3779550167063933,0.6599038001842434,0.6139714678243036,-0.5344057917139846,-0.1772172155267593,-0.7813424006612064,-0.2124523676773833,-1.8818424816820207,-2.220285374835339,0.6652202159177848,-1.4958970187309133,0.6071251130757639,-1.2843283119961149,-0.6378554758691177,-0.5368019158799779,-1.1605425557367202,-1.2420020469343465,-0.6682565113706256,-0.973965000215332,0.8621468577376766,-1.6337028856839226,-0.1099513511812154,-1.0901110558948175,1.582328263787768,0.9795242999574584,0.6151768779458998,0.9684106519289892,0.8970115602154257,-0.3859057680528925,0.2194658702968978,0.9236459306360624,-0.5645764238885097,-0.4321653073294467,0.289748509671805,0.7778903069742445,0.592850007449108,3.248520906872601,0.5644105511075994,2.231388844552969,0.7600627080787056,-0.6689539390892798,-1.0143144238580168,-0.9814062043554688,0.3682588005413881,0.6840970499426801,-0.2569441268454626,-0.4588565134581211,-0.8034875254871919,-0.0462929196855334,-0.4799814960606078,-0.1931213719943667
G4287,0,0,9.290602891156088e-05,10.18730/JFBE8,FULL,Phaseolus,vulgaris,Phaseolus vulgaris,MEX,TOTOLAPA - TOTOLAPA - CHIAPAS,16.54,-92.68,0.3591811050669926,-0.8874113763518119,0.3859604233784113,-0.5997604559044628,-0.4080576708241781,0.6194949017384636,1.4569623302142092,1.4969963184014474,-0.3814657821810976,-0.5135682268658314,-0.6630233502020273,-0.7813424006612064,-0.2124523676773833,-0.2623913707848747,-0.0563344631859086,0.8023053508354656,0.5061520339634855,-1.401023476547625,0.7242897136067312,-0.5984463752917978,-0.2407106266911486,0.2126042705416698,0.4344448758984802,-0.1760735537426384,1.5729179797667732,-0.3070593246106268,-0.5334018289386918,-0.1099513511812154,0.2578714159774761,0.2062222827571616,1.4226184700200657,1.4459936636969486,0.0513737340806463,0.353710206256309,-0.5408508461969617,0.737526763510187,0.3700407719260891,-0.7250238766287087,-0.1885341579981344,0.0819663277775056,1.1962030847369227,0.91689427434423,-0.844082902426536,-0.1120361786752305,-0.6477877528592566,-0.6291310184747879,0.1791857033392475,1.0652443905430686,0.5040839623464425,0.3505719098792763,0.2492952109361014,0.7387281972104686,0.2167039321975467,0.065931821967466,0.0589343978691801,0.2693796973612255,0.0648911749314939
G39,0,0,0.0016065086657249,10.18730/PQ4E2,FULL,Phaseolus,vulgaris,Phaseolus vulgaris,CAN,BENTON - NEW BRUNSWICK,45.99,-67.61,0.3591811050669926,-1.1140542207386297,0.3859604233784113,-0.288654956556923,0.5530257360785897,-1.2919706155242026,-2.29273524733572,-1.0268196851677056,1.1702452134715535,3.042707133590596,1.7660073231743127,1.7412258230545752,3.0846141942370564,2.051110216211048,1.160887924616896,-2.213567617353512,-0.5616074608068605,0.6071251130757639,2.9360264159559324,2.633099872048432,0.2976371718339954,2.0082578125980257,-1.8867893249469725,-1.816683412502596,0.1640039908405021,0.7322350596989763,1.5296626524586157,-0.1099513511812154,2.145046876598688,1.582328263787768,-2.544791434273839,-0.8770670124473435,-0.0770114344181217,-0.933056158383704,1.6283802478200062,-1.9757394349941608,-0.0849020812712156,0.3730383780620283,-0.4066689974001418,-1.9365644572636929,-4.006390147367123,-2.861274503716876,0.3544653560110685,-0.2538717833071142,0.257096320613157,0.1177473291346171,0.0714854312848314,-0.2893306170025925,-0.1694612685183993,-1.9072361079754865,-2.6389806266410405,-1.4254642460364646,-0.8151633694675012,-0.0823957908873752,-2.059539098195569,1.3398956150407346,1.4839608750675577
G13727,0,0,1.1091998724713191e-05,10.18730/JRCSH,FULL,Phaseolus,vulgaris,Phaseolus vulgaris,MEX,ZINAPECUARO - ZINAPECUARO - MICHOACAN,19.87,-100.82,0.3591811050669926,0.3234714122769393,0.3859604233784113,-0.4663343550925596,-1.0581335518922304,1.1747301234195238,0.5448990565674823,1.0300503530980043,-0.93773942421429,-0.1176547265936929,-1.1488294848772953,-1.2858560454043628,-0.6834618765223034,-0.493741529484467,-0.0563344631859086,1.076475620670827,0.5061520339634855,-0.4480038068958472,0.4986022949996698,-0.7166736770237575,-0.980938849663222,-0.1042757662918048,0.1765299646934299,0.4801703897613444,1.1935949827481618,-0.047235728533226,-0.9460147252181532,-0.1099513511812154,-0.0117250783969826,0.2062222827571616,-0.0350143018220323,-0.2398385875280685,-0.4938463970764594,-0.0656803125893248,-0.5408508461969617,1.1446241409817342,-0.5946573264200028,-0.6999539621380526,1.1854317028933536,0.20132259416028,0.0437649608241184,0.03164277950313,-0.7125349228419209,-0.6248264415751177,-0.9357054126004792,-0.942819924470738,-0.6285663370688738,0.1590146319737883,0.6793902553112643,0.3355052993152552,0.6929633190904487,0.9607556478664996,0.9554534303117026,0.5995734803598363,0.254430247639947,-0.265878261478529,-0.0641150216376775
G470,0,0,0.00034029350392817304,10.18730/JZF37,FULL,Phaseolus,vulgaris,Phaseolus vulgaris,IND,GENWALI - UTTARAKHAND,30.36,78.55,0.3591811050669926,-1.0926535782669606,0.3859604233784113,-0.5783401087368173,-1.619934740477121,0.5648816012452444,0.4525525357553039,0.778904420958967,-0.8743855183898077,0.4144011567599444,0.3085889191485086,0.7321985335682625,0.2585571411675366,-0.6094166088342632,-1.1383099190106238,-0.4314608634236613,1.5739115287338314,-1.843496894600236,1.017683357795911,0.2291447368319195,0.1159447898317593,0.5294843073751444,-0.2103424021141454,-0.0120125678666426,2.006429976359472,-0.8267065167654283,1.3921250203654618,-0.1099513511812154,0.2578714159774761,0.2062222827571616,0.677042966921041,1.4016296419031755,0.2364484575009482,1.135301627741354,-0.3859057680528925,1.0120138732692436,0.8797960170748762,-0.1484158433436185,-0.0468882618924521,-1.136646627697344,1.1297162282343016,-0.3980681428967712,-0.0694114670949135,-0.5157221303198225,-0.9631261420996432,-0.7486315540922928,-0.6420288710756757,-0.1843987502208864,1.8419477770779773,-0.3298274889249248,0.6387017519061041,0.4286950472011405,1.5069516001980876,1.6907806056695511,0.3328349156218905,-1.336394179158038,-1.4831845679862237
G14853,1,1,0.9902249081574112,10.18730/JM2H~,FULL,Phaseolus,vulgaris,Phaseolus vulgaris,COL,ARGUELLO - YACUANQUER - NARIÑO,1.14,-77.47,0.3591811050669926,0.5563853361878182,0.3859604233784113,1.7149092539642494,1.7999788424798089,-1.4285038667572505,0.2414260546256873,-0.9124656024529668,0.2040855715054277,-0.9719943720018352,1.2802011884990447,1.7412258230545752,2.6136046853921364,3.5548862477583976,4.136320428134863,-1.5281419427651075,-0.0277277134216875,0.4709794459826528,1.672176871756389,2.1601906651205933,0.8225262753960111,1.3744977389310766,-0.4682573133191957,-0.0120125678666426,0.0014369921182401,1.2518822518537778,0.1542863315270773,-0.1099513511812154,1.875450382224229,0.2062222827571616,0.3058902653129497,-0.3850298581518989,0.8800416398454217,0.067762125225195,2.0544792127161964,-1.2289761720872443,-0.1397144732226981,1.3808489405864033,-1.1290634052494068,1.27111594876083,0.09917063935032,0.3322056420427783,0.544479104299957,0.979006933877721,1.6966846193192695,1.850505095588437,1.067712947788181,-0.0699276228226615,-0.4001274434721123,0.4280885294477909,-0.1188322840792563,-0.4660295628907145,-1.1416952792922537,-1.3452914244351415,-0.615758402922807,-1.0152394549003625,-0.9671593203469846
G51838,0,0,0.0059121092304224,10.18730/K4C73,FULL,Phaseolus,vulgaris,Phaseolus vulgaris,IND,BANEO - BANEO - HIMACHAL PRADESH,30.99,77.45,0.3591811050669926,-0.7239665202117712,0.3859604233784113,-0.5780047423509997,-1.2200679215467722,0.6376993352362033,0.4770911104970244,0.1359999553685129,-0.630074531526147,0.4667538175026274,-0.1772172155267593,1.2367121783114188,0.0230523867450766,-0.1467162914350786,-0.7325691230763556,-0.2943757285059805,1.0400317813486584,-1.401023476547625,1.672176871756389,-0.0073098666319996,0.3245545617602527,0.9519910231531106,-0.2103424021141454,-0.3401345396186341,0.760082986155463,-0.8267065167654283,1.117049756179154,-0.1099513511812154,0.527467910351935,0.2062222827571616,-0.4707508426547473,-0.1228787958034297,0.4465332786807505,1.421249708772468,-0.1922244203728061,0.5889858889992459,1.3785887838333668,0.0822273699704175,-0.56247957429817,-1.2400603694742476,0.143495139900105,-0.6634087421474751,0.1936844920743166,-0.6575577349517062,-0.8945743183517331,-0.4648177820007188,-0.3054655209056252,0.1590146319737883,2.118747187022433,-0.5901086453352611,0.5542948696193458,0.0743714471904797,1.2316987643579722,1.5503337767994072,0.5319415066812996,-1.1222909445759592,-1.2251718672728455
G24544,0,0,7.938289481616788e-05,10.18730/JXXMF,FULL,Phaseolus,vulgaris,Phaseolus vulgaris,CHN,SHENXIAN - SHENXIAN - HEBEI,38.0,115.55,0.3591811050669926,-1.6988758221794906,0.3859604233784113,-0.6000241695626146,-0.2958143532296943,-0.9187797288205392,-0.1397131277264279,-0.0940458781441024,-0.3823031261034543,0.3587874010372651,1.2802011884990447,1.7412258230545752,-1.1544713853672233,-1.5348172436326322,-1.6792976469229814,-1.802312212600469,-0.6950773976531537,0.6071251130757639,0.1149336833676655,-0.874310079333037,-1.7077083776721664,-0.526782482069771,2.239849254333832,0.9723533473893315,-1.353287997233943,-0.5668829206880276,2.3548884450175387,12.193604845996791,-1.6293040446437357,-1.1698836982734446,-0.8795093352534122,1.2967693246589471,-1.1324375598690328,-0.5613236530432557,-0.6183233852689962,1.804048481806764,0.0959788121686766,-0.800233620100677,0.1230868134343643,-1.8344673748319733,1.3762715399470795,-2.60767460104549,-0.9171651133068778,-1.1048854110984163,-0.9905468715988072,-0.8980072236141737,-0.8843544831981122,-0.6136654779642297,0.1996046114075413,-1.054553292721826,-0.7664245826322845,-0.3855014719792007,0.4244668900191722,1.168115753541581,0.1115480566465369,-0.0517750268964503,0.0648911749314939
G21977,0,0,0.0006189173161156874,10.18730/JVNH2,FULL,Phaseolus,vulgaris,Phaseolus vulgaris,BRA,RIBEIRA DO POMBAL - BAHIA,-10.83,-38.56,0.3591811050669926,-0.6007394578758731,0.3859604233784113,-0.5948644644629086,0.6740380628601427,-1.219152881533244,1.063329174861085,0.1347776640383597,-1.113404821594853,-0.4163263127751098,-0.1772172155267593,-0.2768287559180501,-1.1544713853672233,-1.30346708493304,-1.2735568509887132,-0.5685459983413421,-1.0954872081920335,0.6071251130757639,-1.4197407631603518,-0.6772645764464376,-1.1491725367023296,-1.4774225925701947,0.3054874202959551,-0.0120125678666426,-0.3236970053262839,1.7715294440085794,-1.358627621497615,-0.1099513511812154,-1.898900539018194,-1.1698836982734446,1.322063903390075,1.1999752211681771,-0.6122275264714274,-0.9139929529816296,0.1176657359153321,-0.9978272307706186,-0.556288652053965,0.1524231305442546,-0.5029882081028444,-0.0355886023970834,0.9274855755882252,1.0249090523696147,-0.3032745419120071,-0.9521393753410032,-0.5381048348626004,0.2223102977999338,0.1791857033392475,-0.270252095769555,-0.4278073844665578,1.1322888058096487,0.8873119388095394,0.1422451238158985,-1.0662654156245297,-1.0213349113499002,0.5984823104291331,-0.3729298787695683,-0.1931213719943667
G24353,0,0,1.822300754438877e-05,10.18730/JY6E1,FULL,Phaseolus,vulgaris,Phaseolus vulgaris,MEX,1.5 KM ENE FCO. VILLA - DURANGO - DURANGO,24.18,-104.4,-2.9470184280009937,0.9504000863241155,0.3859604233784113,-0.4794228356745953,-1.1920070921481511,0.8743569707068191,0.6802699615057812,0.4492515828312786,-1.3183477561208623,0.4796884457691414,-1.634635619552563,-1.790369690147519,-0.6834618765223034,0.3159840259641059,0.7551471286826278,1.4877310254238694,0.3726820971171922,-1.843496894600236,-0.8329534747819922,-0.874310079333037,-0.671388865511264,-1.0549158767922286,1.0792321539111058,1.9567192626453056,1.5729179797667732,-0.6967947187267279,-0.6709394610318457,-0.1099513511812154,0.2578714159774761,-1.1698836982734446,-0.0178464538317767,0.2199338656037849,-1.0207257898765985,-0.7328925016619242,-0.734532193877048,1.2747323434859033,-0.5234012168830755,-0.7200098937305776,1.9871477139503968,-0.1842972536116519,0.3734287110677424,-0.1444682346269668,-0.800233575898331,-0.864855926336767,-0.9631261420996432,-1.062320460088243,-1.0324423572729344,-0.4801158293329673,0.033524965440868,-0.1791613832847134,0.2723475107203001,0.5112363403854421,0.7777962514100897,0.8298049553413547,0.1853103429716547,0.2693796973612255,0.3229038756448727
G51613,0,0,3.5568205630687834e-05,10.18730/K463X,FULL,Phaseolus,vulgaris,Phaseolus vulgaris,CHN,NEIMENG WULANHAOTE - WULANHAOTE - NEIMENGGU,46.05,122.1,0.3591811050669926,-1.28356908032299,0.3859604233784113,-0.5857794916272361,-1.0739177684289547,0.7196192859760318,-1.5344590235454052,-0.5956775077744664,0.2525687255882457,1.6902555901757286,1.2802011884990447,0.7321985335682625,-0.9189666309447634,-0.3780664501346709,-0.3268283271420874,-1.5281419427651075,0.1057422234246057,0.6071251130757639,-0.7652472491998737,-0.6378554758691177,-0.7252236453637785,-0.8436625189032455,2.110891798731307,1.1364143332653274,-1.0281539997894191,0.3424996655828751,1.254587388272308,-0.1099513511812154,-1.0901110558948175,-1.1698836982734446,-2.556236680560833,-0.0744818209831594,-1.157447657628533,-0.5136656395380701,-0.7732684634130653,1.91858212828243,0.1014600513638248,-0.8553874319801205,0.006937240766399,-2.045248501970553,0.4343749785821535,-4.263118377959461,-0.9756308820111512,-1.0285123932197098,-1.0728090600962994,-0.942819924470738,-0.8574294151845081,-0.3847232231677799,0.2457378463982839,-1.4755449618150542,-1.4253657056944566,-0.5310272362692935,0.2669905079760293,0.896510162640401,-0.6508341754410449,0.80463765620098,1.6129670716367297
G1733,0,0,0.00033056318754570984,10.18730/K0E30,FULL,Phaseolus,vulgaris,Phaseolus vulgaris,SLV,EL TRANSITO - EL TRANSITO - SAN MIGUEL,13.35,-88.32,0.3591811050669926,-0.9076375543855516,0.3859604233784113,-0.6122047076995875,-0.4635947290089487,0.5648816012452444,1.253775069931662,1.7031347400626695,0.7018041610612138,-0.6872144901991211,-1.634635619552563,-0.7813424006612064,-0.6834618765223034,0.6630092640134944,1.0256409926388066,0.3910499460824232,-0.0277277134216875,0.6071251130757639,0.6791522298853189,-0.5984463752917978,-1.007856239589479,0.1069775915971782,-0.0813849465116203,0.4801703897613444,-0.2695080057521966,-0.3070593246106268,-0.1207889326592303,-0.1099513511812154,0.527467910351935,0.2062222827571616,1.7087494439783617,1.5750526991266562,1.241854387432859,1.8120454195149904,-0.7732684634130653,0.9034001555273592,-0.4521451073461482,1.08000996669853,-0.4548285048155082,0.6294503929262231,1.2626899412395434,1.3254718701219117,-0.9756308820111512,2.419183842447617,-0.4147115521163622,-0.7336939871401047,1.269650957890211,1.981013409728868,1.316028898183512,1.143424996226534,0.8578759252389472,1.1376298475471458,1.1360881038317785,0.5185139879458054,0.873414468550027,0.9116891458765768,-0.4511339189202276
G8176,1,1,0.9899964932867146,10.18730/K2GGG,FULL,Phaseolus,vulgaris,Phaseolus vulgaris,COL,BOLIVAR - BOLIVAR - CAUCA,1.97,-76.97,0.3591811050669926,0.77651484793247,0.3859604233784113,0.0394733103502563,1.2422698581822171,-1.4558105170038598,0.7397915444231506,-1.1286351276375173,0.7018041610612138,-0.8608607535324109,0.3085889191485086,0.2276848888251061,0.7295666500124566,0.431659105313902,0.6199001967045383,0.3910499460824232,-0.4281375239605672,0.6071251130757639,-0.8555222166426983,0.9385085472236772,0.4456828164284101,0.0013509126526867,-0.3392998577166706,-0.5041955254946299,-0.3236970053262839,-0.3070593246106268,-0.1207889326592303,-0.1099513511812154,0.527467910351935,0.2062222827571616,1.0367504495297108,0.6071106641924469,1.0601143437138236,0.5920002737822374,0.7761823180276259,-0.7481636807665565,-0.5014762601024825,1.9123311277883128,-0.6531330700569319,1.0866116514926896,0.6837005055305784,0.905153538575979,0.7783421791170506,1.611811939158433,2.450754680546281,1.8056923947318728,1.1081005498085872,-0.4324195262503736,-0.7046067944110134,0.7182845503113285,-0.1755764066249762,-0.2747753469758693,-0.8601566214798277,-1.0120468445107924,-0.5703662267227345,-1.336394179158038,-1.3541782176295345
G10107,0,0,0.0002570151081961353,10.18730/JP3CU,FULL,Phaseolus,vulgaris,Phaseolus vulgaris,NLD,MOLENEND - MOLENEND - FRIESLAND,53.25,5.92,0.3591811050669926,-1.0508013911858065,0.3859604233784113,1.0317644110052278,0.8190190147530176,-1.2373573150309836,-1.492836676627813,-1.9104547699449088,1.61644783122284,0.2813945596299358,-0.1772172155267593,1.2367121783114188,0.7295666500124566,1.0100345020628827,0.3494063327483596,-0.5685459983413421,-0.5616074608068605,0.6071251130757639,2.394376611298985,1.923736061656674,1.0109480048798114,2.6420178862649752,-0.3392998577166706,-0.0120125678666426,-1.353287997233943,-0.047235728533226,0.7044368598996927,-0.1099513511812154,1.0666608991008526,0.2062222827571616,-1.6373475652678355,-1.2158466823655032,-0.4971810767777261,-1.0283721853940753,0.8149185875636432,-1.6413967873632802,-0.5234012168830755,0.1072972844610736,-1.755138536542462,-1.6725136190641388,-1.360768977926344,-1.694245354636554,0.0182871859614965,-0.3084239389347617,0.1199926731173367,-0.4797553489529069,-0.4804784629940515,-0.4896550899494861,-0.4278073844665578,-2.5487680186580097,-3.4599971497244253,-2.665596846073777,-1.646876866224773,-0.4640509010034375,-3.648265265198107,4.1232368989151045,4.32209996776465
G18047,0,0,6.041487761505328e-05,10.18730/JT80S,FULL,Phaseolus,vulgaris,Phaseolus vulgaris,NLD,BREEZAND - BREEZAND - NORTH HOLLAND,52.89,4.8,0.3591811050669926,-1.009692230791797,0.3859604233784113,1.0383600829721973,0.5524411354661185,-0.9278819455694092,-1.7594941723454134,-1.6398847893027806,1.3246374783061594,1.0711965635995395,0.7943950538237766,1.2367121783114188,-0.9189666309447634,-0.3780664501346709,-1.0030629870325345,-1.802312212600469,-0.828547334499447,0.6071251130757639,-0.6975410236177554,-0.4802190735598382,-0.9203747223291432,-0.738035839958754,1.208189609513631,1.6285972908933144,-0.9197760006412448,2.03135304008598,-0.395864196845538,-0.1099513511812154,-1.898900539018194,-1.1698836982734446,-1.5833914663633393,-1.256177635745107,-0.5705440302055936,-0.9711825691878524,0.6599735094195741,-1.3613793081779126,-0.4631075857364448,0.0270735580909741,-2.0780914258542187,-1.7817184399663348,-1.2416467704159817,-0.8277790764935092,-0.0547950249188452,-0.2320509210560551,0.2022548616148289,-0.5395056167616593,-0.6151038030620718,-0.6232047385807484,-0.5293005014461916,-2.5358849748423973,-3.4146018516878494,-2.609802383085085,-1.5906353012093648,-0.3641338183403091,-3.5017723329160546,5.514907796083174,5.612163163756507
G1803,0,0,1.8213596336842584e-05,10.18730/K0FYP,FULL,Phaseolus,vulgaris,Phaseolus vulgaris,MEX,OCOTLAN - OCOTLAN - JALISCO,20.35,-102.77,0.3591811050669926,0.3851676379872691,0.3859604233784113,-0.5891597565415966,-1.562059279842465,0.5102683007520254,1.0311959398316082,1.5621980129846165,-0.820629188378562,-0.048196221260377,-1.1488294848772953,-1.2858560454043628,-1.1544713853672233,-0.493741529484467,-0.0563344631859086,0.9393904857531464,0.1057422234246057,0.6071251130757639,0.8145646810495557,-0.9531282804876768,-1.2635714438889225,0.0013509126526867,1.981934343128782,0.6442313756373401,0.0556259916923274,-0.047235728533226,-0.9460147252181532,-0.1099513511812154,-0.2813215727714414,-1.1698836982734446,0.4890140889581157,0.3973898758537636,-0.54886861214736,0.0963569333283064,-0.734532193877048,1.5475145845589786,0.5125529909999436,-0.73003785952684,1.080613600638509,0.1327611832364104,0.6587680136005533,0.3345537757602235,-0.7856171337222626,-0.7557516150814718,-0.9631261420996432,-1.0473828931360547,-0.9247420852185184,0.4165746686197942,0.8362432542797891,0.239865075734947,0.5248588560487536,0.9230800053328984,0.9796042199947896,0.7425534183679185,0.0867886878101337,-0.8011362203182835,-0.709146619633606
G11582,0,0,2.750041425642958e-05,10.18730/JQ2BW,FULL,Phaseolus,vulgaris,Phaseolus vulgaris,PER,IMPERIAL - CAÑETE - LIMA,-13.03,-76.39,0.3591811050669926,-0.8421865932552295,0.3859604233784113,-0.6140549504326385,-0.5986374704898122,0.3828372662678477,-0.2119530885735406,2.178607018998141,-2.3137850661133497,-0.0412504104715209,0.7943950538237766,0.7321985335682625,-0.6834618765223034,-1.30346708493304,-1.1383099190106238,-0.2943757285059805,-0.0277277134216875,0.6071251130757639,-1.442309505021058,-0.7560827776010773,-1.5529333855961875,-1.5830492715146862,1.5950619763212064,1.300475319141323,-0.4320750044744585,1.381794049892478,-1.0835523573113073,-0.1099513511812154,-1.6293040446437357,-1.1698836982734446,0.3492186667777893,0.4054560896072166,-1.7226758669932392,-1.6765211690646005,-0.8120047329490826,1.450141135566043,-1.614167816717577,-0.6548281160548717,-1.5964951123037716,-0.7370743225451765,-0.266506807219231,0.7666128206807302,-0.9756308820111512,-1.1921688601026523,-1.1002297895954634,-1.1071331609448072,-1.1266800953205487,-0.928461078309348,-0.8799130873758353,0.936204511802533,0.0971500323603899,0.0766722497879516,-0.5107972529135275,-1.2771789342816853,-2.52429308406222,1.6610503392984106,1.870979772350108
G20261,0,0,1.7810029364417585e-05,10.18730/JN8X3,FULL,Phaseolus,vulgaris,Phaseolus vulgaris,MKD,DUNJE - PRILEP,41.26,21.69,0.3591811050669926,-0.8874113763518119,0.3859604233784113,-0.5855574391407882,-0.0993885474393475,-0.2088068224086918,-1.626175000269761,-0.3845673886793528,0.1147976441173907,1.6742143136216323,0.7943950538237766,0.7321985335682625,-0.6834618765223034,-0.6094166088342632,-0.3268283271420874,-1.253971672929746,-0.0277277134216875,0.6071251130757639,-0.8103847329212861,-0.559037274714478,-0.4560497461012063,-0.8436625189032455,1.208189609513631,1.4645363050173188,-1.0281539997894191,0.4724114636215755,0.8419744919928466,-0.1099513511812154,-1.0901110558948175,-1.1698836982734446,-1.151742486307107,0.082808770270853,-1.0640766259930654,-1.3905730880334863,0.3113470835954186,-1.6857836239391455,-1.016712744446418,-0.3941010053520483,-0.265023029531024,-1.5597949458491311,-0.4659673106783787,-1.924363790670054,-0.5663705010812374,-0.6793785972027653,-0.4284219168659441,-0.4349426480963426,-0.4939409970008535,-0.7185973447459358,-0.7415133824036074,-1.744560385219026,-1.638510816006817,-1.2943184979805706,-0.3060117897103647,0.5134477696699284,-0.3310256613041702,-0.6940846030272442,-0.4511339189202276
G24310,0,0,3.486569041450364e-05,10.18730/JY4YV,FULL,Phaseolus,vulgaris,Phaseolus vulgaris,CHN,WEIFANG - WEIFANG - SHANDONG,36.7,119.08,0.3591811050669926,-1.673429201927055,0.3859604233784113,-0.5916472095777243,-0.3203675789534876,-0.6002021426100949,0.3694483372254145,0.154737240833879,-0.5922386104011811,0.1723611039182301,1.2802011884990447,0.7321985335682625,-1.1544713853672233,-1.0721169262334478,-1.2735568509887132,-1.802312212600469,-0.6950773976531537,0.6071251130757639,-0.471853605010694,-0.9531282804876768,-1.4048877410017728,-0.9492891978477372,1.4661045207186814,1.4645363050173188,-1.1907209985116811,-0.8267065167654283,2.6299637092038464,-0.1099513511812154,-1.0901110558948175,-1.1698836982734446,-0.9130275432963476,0.9983204927327184,-0.6405723039321943,0.2297993711428263,-0.4246420375889098,1.1703867298432848,0.8852772562700245,-0.6999539621380526,-0.2310280517826466,-1.8431225343102624,1.1712704871289534,-2.4832228254153845,-0.8148500180743993,-0.8103037707091194,-0.7437603061063307,-0.5544431837138475,-0.6824164730960819,-0.3656447019347424,0.9654163122538684,-0.9785651698771975,-0.6330758946498428,-0.3909658781481963,0.3973386057176225,0.940417387698001,-0.1045806004878993,0.5905344216189015,0.8389292770716291
G7911,0,0,5.932989414040687e-05,10.18730/K2EER,FULL,Phaseolus,vulgaris,Phaseolus vulgaris,HND,COMAYAGUA - COMAYAGUA - COMAYAGUA,14.45,-87.63,0.3591811050669926,-0.9044366447821764,0.3859604233784113,-0.5341462784642377,0.3694611437626109,-0.3544422903906092,1.4229234777207764,-0.0648405116335918,-0.4107433193265435,-0.4996765059269303,-0.1772172155267593,-0.2768287559180501,-0.9189666309447634,-0.9564418468836516,-0.867816055054445,-0.7056311332590228,-0.1611976502679807,0.6071251130757639,0.7468584554674373,-0.7166736770237575,-1.007856239589479,0.1069775915971782,0.4344448758984802,-0.1760735537426384,-0.7572090019189827,0.8621468577376766,-0.1207889326592303,-0.1099513511812154,-0.8205145615203591,-1.1698836982734446,1.2705603399281864,1.0467176983283342,0.154748804819914,0.134483344132455,-0.3084332289808579,0.1707673418641219,0.4138906854872751,-0.3991149882501795,-0.2735217902204251,0.3243387026706674,1.021675218514975,0.7548721296998309,-0.800233575898331,0.6844252934884241,-0.3187389988692879,-0.5245680498094712,0.434973849468486,0.8935376994457312,0.1996046114075413,0.8294280978053395,0.8479457037934461,1.5014442582723777,1.1440280894810124,0.8818744209545343,1.0544673531662254,-0.265878261478529,-0.9671593203469846
G18671,0,0,0.0002209420572261485,10.18730/JSTN5,FULL,Phaseolus,vulgaris,Phaseolus vulgaris,BRA,"BOCAINA, ESTRADA LIGA PIRACANJUBA - MORRINHOS - PIRACANJUBA - GOIAS",-17.42,-49.1,0.3591811050669926,-0.6866658165825952,0.3859604233784113,-0.5553646228529614,-0.221570075445843,0.8197436702136,1.0217426541547454,0.4196599326675223,-0.0008574066475531,-0.4649472532602724,0.3085889191485086,-0.2768287559180501,-0.4479571220998433,-1.8818424816820207,-2.085038442857249,0.3910499460824232,-1.4958970187309133,0.6071251130757639,-1.306897053856821,-0.5984463752917978,-0.3214627964699203,-1.0549158767922286,-0.8551296801267712,-0.3401345396186341,-1.0823429993635068,0.7322350596989763,-1.2210899894044611,-0.1099513511812154,-1.0901110558948175,0.2062222827571616,0.9721666424654388,0.6313093054528109,0.743319772093487,0.8588851494112771,-0.3859057680528925,0.2970039361755717,0.6276590140980568,-0.5846323554810346,0.012603013121091,0.1153927678273548,0.8471473522930254,0.5106648346776704,3.102356485111918,0.3571123597225386,1.83378826681509,0.4164986681783791,-0.709341541109686,-1.0238536844745356,-0.9814062043554688,0.3791766342834324,0.5401088389829158,-0.3061237823664228,-0.4588565134581211,-0.8856728441847511,-0.0401030774764326,-0.3729298787695683,-0.1931213719943667
G52094,1,1,0.9882556695953388,10.18730/K4N5Y,FULL,Phaseolus,vulgaris,Phaseolus vulgaris,NIC,MUELLE DE LOS BUEYES - RAAS,12.07,-84.54,0.3591811050669926,-1.6296044670478596,0.3859604233784113,-0.590710293644763,1.1575027693738829,-0.8095531278341012,0.2924654049013161,0.3038010600614828,1.872906759366835,-0.7080520550472744,0.3085889191485086,-0.2768287559180501,0.2585571411675366,-0.2623913707848747,0.0789124687921807,0.5281350810001041,-0.9620172713457402,0.6071251130757639,-0.8329534747819922,-0.5196281741371581,-0.5031551784721564,-0.8436625189032455,-0.4682573133191957,-0.6682565113706256,-0.5404530036226333,-0.3070593246106268,-0.1207889326592303,-0.1099513511812154,0.2578714159774761,0.2062222827571616,1.559143811808675,1.2887031109054945,2.1939054421445023,1.993145870834696,1.2410175524598337,-0.3935738375982311,1.83901287622582,0.8593947191807566,-1.6418217234104835,0.3730859146914946,1.2516087104241531,1.2174571368838796,1.1437532335187592,1.699095388162669,1.134559664586407,-0.2556918446700854,1.4446638999786376,2.486594222404361,2.6723460069113445,0.8200387607871815,1.0273989913442854,1.486489041388811,1.6151339046689022,0.9328180602841856,1.481050645410089,0.80463765620098,-0.580140269276917
G8927,0,0,2.938871660120961e-05,10.18730/K30D7,FULL,Phaseolus,vulgaris,Phaseolus vulgaris,MEX,FRESNILLO - FRESNILLO - ZACATECAS,23.19,-102.91,0.3591811050669926,0.8090299738105826,0.3859604233784113,-0.5072234496410001,-1.1896686896982662,0.3737350495189779,0.8429918135105164,0.9523094442877492,-1.611123476591097,0.2990963054062025,-1.1488294848772953,-1.790369690147519,-0.9189666309447634,-0.493741529484467,-0.0563344631859086,1.4877310254238694,-0.4281375239605672,0.3688701956628195,-1.3520345375782332,-0.874310079333037,-0.6915769079559569,-1.4774225925701947,1.0792321539111058,1.7926582767693102,-0.2695080057521966,-0.5668829206880276,-0.9460147252181532,-0.1099513511812154,-0.2813215727714414,-1.1698836982734446,-0.3407656587259111,-0.401162208733694,-1.1607823373298,-0.9711825691878524,-0.6957959243410308,0.8267608643680519,-0.7042821103229677,-0.7049679450361839,1.6047037134145865,0.019653982884635,0.1434951663195909,-0.3370163191412313,-0.7856171337222626,-0.8757663574622965,-0.9631261420996432,-1.0324453261838666,-0.9920547552525284,-0.4991943505660048,-0.2801810324961816,-0.0385396846871827,0.2808591291021581,0.5796852176602288,0.8376769765147302,0.8875035523721753,0.1620984346875267,1.2328441253651377,1.096941977785008
G22399,1,1,0.9779004115061426,10.18730/JVHSY,FULL,Phaseolus,vulgaris,Phaseolus vulgaris,GEO,"N DZVARI, POCCHO - DZVARI - MEGRELIA",42.74,42.03,0.3591811050669926,-1.2691106801383507,0.3859604233784113,-0.4180844963272195,0.0040857609680672,-0.9369841623182787,-1.870569836740708,-1.6301961917583654,1.208232447104766,1.93431427887049,0.7943950538237766,1.7412258230545752,1.4360809132798364,0.5473341846636982,0.3494063327483596,-0.8427162681767036,0.7730919076560719,0.1986881117964306,1.739883097338507,1.2537813518422365,3.4469717932060893,2.0082578125980257,-0.5972147689217209,-0.3401345396186341,0.4349489887109389,-0.6967947187267279,1.5296626524586157,-0.1099513511812154,1.0666608991008526,0.2062222827571616,-1.144384839474295,-0.1954745272717381,1.151818035498658,-0.227717558506956,3.913820150445026,-1.9765844862004447,1.071639388905065,1.3206811458088288,-0.3585093340048329,-1.4115528757605815,-1.6350270859705582,-1.4641269282253375,1.085287464814486,0.5535001199820698,1.0797182055880783,0.9990637793137152,0.5157490535092981,0.4833494929354254,0.4025908453668087,-1.7128986673670976,-1.7931385499439036,-1.497076726882775,-0.695732751993605,0.2131336085387791,-1.236290084385162,-1.1222909445759592,-0.8381529699902952
G20240,0,0,3.855540733299241e-05,10.18730/JN8CQ,FULL,Phaseolus,vulgaris,Phaseolus vulgaris,MKD,RASTES - MAKEDONSKI BROD,41.75,21.1,0.3591811050669926,-0.5763971288220395,0.3859604233784113,-0.5912116745373648,0.2537102224932995,-0.4545666746281774,-1.849346030781352,-0.9064480189300832,0.2595101348267051,1.8306883721442584,0.7943950538237766,1.2367121783114188,0.4940618955899966,0.8943594227130865,0.2141594007702701,-1.253971672929746,0.2392121602708989,0.6071251130757639,0.0472274577855471,-0.3225826712505587,1.5492958034049558,0.2126042705416698,-0.0813849465116203,-0.0120125678666426,-0.0527520074558472,-0.047235728533226,1.254587388272308,-0.1099513511812154,0.2578714159774761,0.2062222827571616,-1.636530066122864,-0.7964051826132527,-0.6589130422891613,-1.085561801600298,0.7761823180276259,-1.6864795021169416,-0.8687192861774152,0.0521434725816302,-0.670130512073817,-1.5929503486569687,-2.130907924631761,0.0339909580079266,-0.1571101201513236,-0.4939012680687635,0.0377304846198446,-0.1959415768613329,-0.2381528508716151,-0.6327439991972672,-0.6677002064184193,-1.7222880043852558,-1.641348022134103,-1.2845400869413155,-0.3920283009104007,0.337537412868646,-0.4161359916793062,-0.3729298787695683,-0.1931213719943667
G24287A,0,0,0.001129724152819,10.18730/S6MGC,FULL,Phaseolus,vulgaris,Phaseolus vulgaris,CHN,ZIGUI - ZIGUI - HUBEI,31.83,110.94,0.3591811050669926,-1.52357688266271,0.3859604233784113,-0.4248007337202096,0.4764430558448533,-1.210050664784374,-1.6912915120501475,-1.7942312257568256,1.423564838932884,1.2574241979280718,0.7943950538237766,1.2367121783114188,0.4940618955899966,0.0846338672645136,-0.5973221910982662,-1.1168865380120652,0.9065618445023652,0.436943029209375,1.6044706461742704,-0.0073098666319996,0.5264349862071818,0.9519910231531106,0.0475725090909048,-0.3401345396186341,0.0556259916923274,-1.2164419108815294,2.3548884450175387,-0.1099513511812154,0.527467910351935,0.2062222827571616,-0.7397139313460146,0.5990445273641064,-0.0703420750155883,-0.0752119152903619,-0.2309606899088233,-0.196807908727194,0.9510521266118036,-0.6046882870735595,-0.9675870163157272,-1.8267687006152824,0.7723496387275773,-1.931408218414878,-0.7710006915461942,-0.2429613521815846,-0.5106841053634363,0.2372478647521219,0.5157490535092981,0.1208575895077133,0.6701636083131157,-1.2213777923002629,-1.4977144619402496,-1.3342949431116435,-0.9733014169814136,-0.3891834531488117,-1.3389383010194171,-0.3729298787695683,-0.0641150216376775
G7743,0,0,5.426046165522566e-05,10.18730/K2A81,FULL,Phaseolus,vulgaris,Phaseolus vulgaris,MEX,TUXTLA GUTIERREZ - TUXTLA GUTIERREZ - CHIAPAS,16.75,-93.12,0.3591811050669926,-0.977888248360473,0.3859604233784113,-0.5874421764659393,-0.2502155054569352,1.156525689921784,1.407305442009725,1.486965023550733,-0.8791843499233977,-0.3607594952602986,-0.1772172155267593,-0.7813424006612064,-0.4479571220998433,-0.493741529484467,-0.191581395163998,-0.2943757285059805,1.0400317813486584,0.2667609453429861,0.7468584554674373,-0.5984463752917978,-1.007856239589479,0.0013509126526867,0.3054874202959551,-0.0120125678666426,0.2723819899886768,0.6023232616602759,-0.395864196845538,-0.1099513511812154,-0.5509180671459002,0.2062222827571616,1.3907353109439955,1.3532326670829051,0.026363636321146,0.277457384648012,-0.5021145766609444,0.7376389410919209,0.2549347488279758,-0.7149959108324463,-0.2650230540150206,0.1359695664279813,1.2100544515295013,0.8652349742616299,-0.8733157867786727,-0.12294660980076,-0.5655255643617644,-0.7336939871401047,0.0445603632712273,1.0270873480769938,0.5778971383316306,0.274583787034648,0.048917528196528,0.5092231381126543,-0.0635113946733399,-0.0750779200444419,-0.4063354081815633,0.5905344216189015,0.3229038756448727
G4756,0,0,0.0040834232666321,10.18730/JH2H*,FULL,Phaseolus,vulgaris,Phaseolus vulgaris,PER,RODRÍGUEZ DE MENDOZA - RODRIGUEZ DE MENDOZA - AMAZONAS,-6.33,-77.42,0.3591811050669926,0.969588022797125,0.3859604233784113,3.2211001399363406,1.794132836355096,-1.5104238174970788,-0.270427904597711,-1.242487645609721,-0.0886901053378348,-0.8539149096231585,0.7943950538237766,1.2367121783114188,1.9070904221247564,1.357059740112271,1.4313817885730749,0.1168796762470617,-0.0277277134216875,-0.3118581398027361,1.0628208415173233,2.2784179668525533,1.3474153789580263,1.58575109682006,-0.8551296801267712,-0.6682565113706256,0.7058939865813756,-0.5668829206880276,0.429361595713385,-0.1099513511812154,1.60585388784977,0.2062222827571616,-0.4813785561745818,-1.3166740465832334,0.0930572303464801,-0.4183496125276987,1.5121714392119543,-1.3763832161184049,0.1453099649250108,0.0571574554797614,-0.1800354217927263,1.149031325999651,-0.5047512354496955,-0.3581495897792603,0.5883284308281621,0.1389037372119483,0.2982274148619031,0.7451251411265174,-0.197765248851209,-0.5564299142651172,-0.4739406194573004,-0.1654049127697376,0.0794174940648525,-1.4122346311010017,-1.883753104760257,-1.6543307392636346,-1.7892493217315002,-0.1588267718029321,0.3229038756448727
G10096,0,0,0.00029935330995376977,10.18730/JP31S,FULL,Phaseolus,vulgaris,Phaseolus vulgaris,NLD,HOOGMADE - HOOGMADE - SOUTH HOLLAND,52.16,4.58,0.3591811050669926,-0.9804306011577908,0.3859604233784113,1.043394763751318,0.6828070720472117,-1.1190284972956757,-1.7716611095685948,-1.629848955418408,1.3152462181806823,1.1089002183445806,-0.6630233502020273,-0.2768287559180501,0.4940618955899966,1.125709581412679,1.160887924616896,0.6652202159177848,-0.6950773976531537,0.6071251130757639,1.5819019043135645,4.603554900914426,0.8292556228775754,3.2757779599319243,0.0475725090909048,-0.8323174972466213,-1.299098997659856,-1.866000901075032,1.254587388272308,-0.1099513511812154,1.3362573934753113,-1.1698836982734446,-1.5269827979067696,-1.1472841346990363,-0.4655016196156925,-0.999777377290964,0.9698636657077124,-1.598120775860152,-0.5234012168830755,0.1323671989517297,-1.7523057094644177,-1.633107906149108,-1.2582685109611236,-1.1776529906307234,0.0329036281375648,-0.2429613521815846,0.1611237673660828,-0.4200050811441545,-0.5477911330280616,-0.4610373080999299,-0.4554873254610034,-2.517324657480922,-3.37204375977856,-2.579891949317952,-1.565822846055508,-0.4010046291258579,-3.4285258667750287,3.90913391956391,3.548062173199549
G16147,0,0,0.0001204261369719414,10.18730/JSKE~,FULL,Phaseolus,vulgaris,Phaseolus vulgaris,PER,SANTO TOMAS - LUYA - AMAZONAS,-6.61,-77.81,0.3591811050669926,1.2169076665783736,-1.80637314900962,2.2831557552960544,1.5737384054534271,-1.2373573150309836,0.1656136773186336,-0.2614494901777147,-0.7620741140876701,-0.8469690657139062,1.2802011884990447,1.2367121783114188,0.9650714044349166,0.6630092640134944,0.3494063327483596,-0.7056311332590228,-0.1611976502679807,-0.8904772249484583,-0.471853605010694,0.9385085472236772,0.2303436970183524,0.1069775915971782,-0.2103424021141454,-0.1760735537426384,1.1935949827481618,0.4724114636215755,0.2918239636202311,-0.1099513511812154,0.2578714159774761,0.2062222827571616,-0.1257586623608863,-0.8891662561524122,-0.3654612285776914,-0.6089816665484414,0.4275558922034704,-0.920870620057741,-0.1671206691984393,-0.3890870224539171,0.5310273535424764,1.3133573143846768,-0.1972497354809655,-0.0975052691602837,0.2813831451307267,-0.12294660980076,0.0651512141190086,0.3567484003696268,-0.5074035310076556,-0.823529211527642,-0.78764661739435,0.1105979242291424,0.1237488398036961,-1.2675716677849609,-1.6654034994063192,-1.4753243601826496,-0.9835381941802128,-0.1588267718029321,0.4519103797890794
G576,0,0,7.561768593984809e-05,10.18730/JZJB0,FULL,Phaseolus,vulgaris,Phaseolus vulgaris,TUR,AYVACIK - CANAKKALE,41.0,36.65,0.3591811050669926,-0.7589485357169263,0.3859604233784113,-0.5855320108436928,0.1683585330724941,-0.8459619948295805,-1.4504938086026118,-0.8272428442762504,0.5219038016629091,1.278695376893814,-0.1772172155267593,0.2276848888251061,0.2585571411675366,0.5473341846636982,0.484653264726449,-0.020205458670619,0.3726820971171922,0.6071251130757639,0.5888772624424944,-0.0073098666319996,0.5264349862071818,0.4238576284306529,-0.2103424021141454,-0.5041955254946299,0.1098149912664148,-1.086530112842829,1.254587388272308,-0.1099513511812154,0.7970644047263937,0.2062222827571616,-1.1476549479454143,-0.4858572223696292,-0.757286093476529,-1.1904094313117066,0.2726108140594013,-1.5004614512346357,-1.0057502660561215,0.0371015238872365,-1.452016248970274,-1.666101568648022,-1.4743506624972107,0.2758500521316125,-0.1132607936231186,-0.4611699746921749,-0.1679249866238857,-0.1212537421003924,-0.3997032589532394,-0.6232047385807484,-0.78764661739435,-1.6493568749883998,-1.386708772210185,-1.4274774483092525,-0.5660463197227814,0.4357657561064821,-0.2758329016063547,-0.265878261478529,-0.4511339189202276
G50438,0,0,0.001223525855476,10.18730/JVZY2,FULL,Phaseolus,vulgaris,Phaseolus vulgaris,GTM,VALLE DE BUENA VISTA EL ROSARIO - TEJUTLA - SAN MARCOS,15.09,-91.82,0.3591811050669926,2.0389499526783186,-1.80637314900962,0.2762819528336117,0.1806351459343907,0.6285971184873334,-0.7413681017934024,1.101772102343059,0.906747117400709,-0.5760808882898949,-0.1772172155267593,0.2276848888251061,0.9650714044349166,1.125709581412679,1.0256409926388066,0.3910499460824232,0.5061520339634855,0.130615278249875,1.672176871756389,0.6626448431824382,2.0943729494116643,1.6913777757645514,-0.726172224524246,-0.996378483122617,-0.0527520074558472,-0.1771475265719264,-0.2583265647523842,-0.1099513511812154,1.0666608991008526,0.2062222827571616,-0.896677171548993,-1.6675528832813458,0.8116807059694544,1.1067068196382426,-0.5408508461969617,0.6055674395580534,1.488213567736332,-0.5996743041754283,0.1429174050426246,0.5669069618907362,-0.7873201774396877,-0.7573346506871622,-0.887932228954741,0.9353652093756027,-0.6477877528592566,-0.2706294116222735,1.59275177405346,1.7806889367819745,0.7716567252927494,0.8822704131168341,0.6223878166742096,1.3308972657347788,1.258827048659522,0.5506000370263593,0.2616517302172313,1.4469471047163314,0.1938976790757006
G13928,1,1,0.9930453093842964,10.18730/JS7CH,FULL,Phaseolus,vulgaris,Phaseolus vulgaris,COL,PURACÉ - PURACE - CAUCA,2.4,-76.45,0.3591811050669926,0.8862329201450947,-1.80637314900962,3.805565732587154,1.7801024216557857,-1.264663965277593,-0.6983991190159147,-2.1367571095206017,1.6972413619862716,-0.9928319202897904,1.7660073231743127,1.7412258230545752,2.3780999309696766,1.4727348194620673,1.837122584507343,-0.5685459983413421,-0.6950773976531537,0.4029066124360972,0.6565834880246127,2.317827067429873,1.4820023285893127,1.3744977389310766,-1.2420020469343465,-0.6682565113706256,0.1098149912664148,-0.3070593246106268,0.9795121240860004,-0.1099513511812154,1.60585388784977,1.582328263787768,-0.8206481337906265,-1.808711200878678,1.4469371890607612,0.496684246771866,2.519314447148404,-1.427344118575368,1.3073326742964395,1.1552197101704984,-1.1290634862998774,1.3191628004845226,-0.8205636717397133,-0.5319125149792651,1.041438138286281,1.5136180590286672,1.9983126438100745,1.8206299616840609,1.2023382878562012,0.1113183288911945,0.6609369613149673,0.4147687722824968,-0.1280532039929358,-0.6296741476358979,-1.3021491559538592,-1.1539009562353464,-0.0927167362537894,-1.0152394549003625,-1.0961655169161562
G51381,0,0,6.289620473540425e-05,10.18730/K3YJA,FULL,Phaseolus,vulgaris,Phaseolus vulgaris,ARG,"YUTUMAYO, NW SAN SALVADOR DE JUJUY - LOZANO - JUJUY",-24.13,-65.53,-2.9470184280009937,0.5828377937889301,0.3859604233784113,-0.2746069003306691,0.5945323795640499,0.5921882514918541,-0.2264874126775171,1.2386963114808265,-1.757511336826214,0.4241215620135375,1.2802011884990447,1.2367121783114188,0.2585571411675366,-0.2623913707848747,-0.3268283271420874,-1.1168865380120652,3.309020707735644,-2.6944073139321807,-1.2391908282747026,-0.3619917718278785,-0.3752975763224347,-1.1605425557367202,-0.0813849465116203,1.1364143332653274,1.4645399806185984,0.6023232616602759,0.429361595713385,-0.1099513511812154,-0.8205145615203591,0.2062222827571616,-1.0732608761948177,-1.377170380496244,-1.337520361496935,-1.142751417806521,-0.7732684634130653,1.2264772883400563,-0.7262070671035608,-0.8403454832857268,0.7321645478792884,-0.2438778790239836,-0.4631969897647869,-1.295060370357013,0.1498351655461116,-1.0830645488473571,-0.7574706708559128,-0.9726950583751144,-1.1670676973409546,-1.1001677694066854,-1.073672674336954,1.0104457812484342,0.8380154823479452,0.3936078075896951,-0.736094345710545,-1.4409866585350393,0.5448370112835929,0.4834829319433041,1.7419735757809365
G14218,0,0,0.0332497873564739,10.18730/JN5NA,FULL,Phaseolus,vulgaris,Phaseolus vulgaris,IND,SIMLA - HIMACHAL PRADESH,31.12,77.15,0.3591811050669926,-0.7337169195906805,0.3859604233784113,-0.5775503706346684,-0.9043835908122864,0.710517069227162,0.2672380765070373,-0.0239169175288287,-0.2975797803022059,0.3187883481874748,-0.1772172155267593,0.7321985335682625,0.2585571411675366,0.3159840259641059,-0.191581395163998,-0.020205458670619,1.7073814655801247,-0.1757124727096249,1.333645743845797,0.7808721449143978,0.2505317394630453,0.8463643442086191,-0.3392998577166706,-0.8323174972466213,0.2181929904145895,-0.6967947187267279,0.9795121240860004,-0.1099513511812154,0.7970644047263937,0.2062222827571616,-0.0301091812344523,0.4820849664148121,0.6216039629972524,2.0979935005461043,-0.2309606899088233,0.8907425893388855,1.778719245079189,0.162451096340517,-0.8316069491312126,-1.3712683082195467,0.4703886749080823,-0.3628459355920168,0.2521502607785901,-0.7557516150814718,-0.908284683101315,-0.5693807506660356,-0.3458531229260313,0.2067109350563819,2.773839123890978,-0.5569184307594464,0.5826669308922057,0.0798358533594753,1.2571728849825985,1.6049363515505253,0.5876500865632067,-1.2293425618669986,-1.3541782176295345
G16907,0,0,3.401442326343849e-05,10.18730/JHSJX,FULL,Phaseolus,vulgaris,Phaseolus vulgaris,PER,ACOBAMBA - ACOBAMBA - HUANCAVELICA,-12.87,-74.57,0.3591811050669926,1.0142350797200714,-1.80637314900962,-0.3473310034126171,-0.3881812500001549,0.7742325864692507,-0.0889495406326488,0.4753321841335918,-0.7620741140876701,-0.6177559848658052,0.3085889191485086,0.2276848888251061,-0.6834618765223034,-0.1467162914350786,-0.0563344631859086,-0.8427162681767036,0.7730919076560719,-0.0736032223897916,-1.4874469887424702,-0.9925373810649966,-0.3214627964699203,-1.3717959136257032,0.1765299646934299,0.9723533473893315,0.760082986155463,-0.047235728533226,0.8419744919928466,-0.1099513511812154,-0.5509180671459002,0.2062222827571616,-1.0168521873943883,-1.8732405839745785,-0.5672093505043269,-0.5899184611463671,-0.4246420375889098,-0.041466999171492,-0.4959950209073342,-0.6347721844623468,1.1486036861537237,0.952499382550581,-0.9396858198062312,-0.8066457274776129,0.792958621293119,-0.5920951481985292,-0.346159728368452,-0.3602548133354021,-0.8574294151845081,-1.0333929450910544,-0.9444996163628748,0.7335695175501906,0.6383471011401933,-0.2169676817143897,-0.4820148049350539,-0.8589344699509562,-0.3243199989109777,0.0552764627791469,0.8389292770716291
G22824,0,0,2.514962331324532e-05,10.18730/JR929,FULL,Phaseolus,vulgaris,Phaseolus vulgaris,MEX,"17 KM NE DE TEJUPAN, SAN CRISTOBAL SUCHIXTLAHUACA - COIXTLAHUACA - OAXACA",17.73,-97.37,0.3591811050669926,1.204866288848475,0.3859604233784113,-0.3460194899099247,-0.4741175400334316,0.9471747046977778,0.5654120388135201,0.4683104690654778,-1.3183477561208623,-0.3329761196232892,-1.1488294848772953,-1.2858560454043628,-1.1544713853672233,-0.1467162914350786,0.2141594007702701,0.6652202159177848,0.1057422234246057,-0.7543315578553472,0.4534648112782575,-0.7166736770237575,0.6004578085043891,0.2126042705416698,0.5634023315010054,-0.1760735537426384,0.4349489887109389,0.2125878675441747,-0.8084770931249995,-0.1099513511812154,-0.0117250783969826,-1.1698836982734446,-0.1053207768593855,-0.4455261920649093,-0.9573668755525312,-0.7233608989608871,-0.6570596548050135,0.6344453940762367,-0.4576263465412965,-0.7701497227118898,0.7831570229446083,0.3604923789183359,-0.0448840931144216,-0.3205793047412517,-0.931781555482946,-0.886676788587826,-0.9494157773500612,-0.7486315540922928,-0.2920029868988232,0.0350042439590446,-0.3632208554795182,0.2285105286432209,0.0946674769990147,0.5684688049975537,0.0622050447728665,0.0788788242280404,-0.7493558306025659,0.1623282076856287,0.1938976790757006
G596,0,0,3.31053881558496e-05,10.18730/JZJYK,FULL,Phaseolus,vulgaris,Phaseolus vulgaris,TUR,URGUP - KAYSERI,38.62,34.92,0.3591811050669926,-0.0880166825196244,0.3859604233784113,-0.5604458769518642,-0.925429212861252,1.156525689921784,-0.7397466985719173,0.0861180933627737,-0.1402275625788594,1.1303309024294723,0.7943950538237766,0.2276848888251061,-0.9189666309447634,-0.493741529484467,-0.3268283271420874,-0.2943757285059805,-0.828547334499447,0.6071251130757639,-0.9909346678069352,-0.3225826712505587,-0.6242834331403139,-0.8436625189032455,1.8529768875262569,2.1207802485213016,-0.5404530036226333,-1.2164419108815294,1.5296626524586157,-0.1099513511812154,-0.5509180671459002,-1.1698836982734446,-1.3136108680506224,-0.2640371134007621,-1.2124698726994338,-1.371509882631412,-0.6183233852689962,-0.7833900026190791,-1.3620308137407575,-0.3239052447782112,0.3525533056130504,-1.350565306199049,-1.3247552782979788,0.3744722281061902,-0.4202060793205539,-0.8757663574622965,-0.6340773881096745,-0.3154421124788378,-0.4670159289872495,-0.8044506902946045,-0.999859498351766,-1.3796863815599054,-0.5057562696878838,-0.9023192554363088,0.2031397900467718,1.0926853925451911,1.947352091829016,-0.3729298787695683,-0.3221277223510561
G20356,0,0,0.00011830272732872032,10.18730/JNBYT,FULL,Phaseolus,vulgaris,Phaseolus vulgaris,MKD,KOLIBARI - ZAJAS,41.57,20.95,0.3591811050669926,-0.7743152863409856,0.3859604233784113,-0.5855135760201717,0.1590049232729537,-0.4727711081259171,-1.5771462964660088,-0.4898202322889842,0.2371752725559277,1.5046032938681266,0.7943950538237766,0.7321985335682625,0.0230523867450766,0.3159840259641059,0.2141594007702701,-0.9798014030943843,-0.4281375239605672,0.6071251130757639,-0.0204787677965712,-0.5196281741371581,0.465870858873103,0.0013509126526867,0.5634023315010054,0.4801703897613444,-0.2695080057521966,-0.1771475265719264,1.254587388272308,-0.1099513511812154,-0.0117250783969826,-1.1698836982734446,-1.3961800929054444,-0.385029935077014,-0.6138948663220607,-1.0188405826930382,0.6599735094195741,-1.542983219017739,-0.9180504389337496,0.1423951647479922,-0.3245143931935187,-1.5552309882652968,-1.9868531624450965,0.3509907565696871,-0.0694114670949135,-0.4284386813155864,0.1337030378669188,-0.1810040099091449,-0.224690316864813,-0.6709010416633422,-0.6861535004147163,-1.7270918512317552,-1.6487956882182286,-1.2923052957077827,-0.3682083439626984,0.4231002104167898,-0.2613899364517862,-0.8011362203182835,-0.709146619633606
G20059,0,0,5.26245100571766e-05,10.18730/JMWA7,FULL,Phaseolus,vulgaris,Phaseolus vulgaris,MKD,S OF PELAGONIA VALLEY - BITOLA - BITOLA,41.02,21.34,0.3591811050669926,-0.9015483876031652,0.3859604233784113,-0.5945237575675177,-0.1099113584638304,0.1643840642949716,-1.5012880410788068,-0.3528021570609365,0.1959418891174841,1.5239036650517823,0.7943950538237766,0.2276848888251061,-0.2124523676773833,-0.1467162914350786,-0.0563344631859086,-1.1168865380120652,-0.5616074608068605,0.6071251130757639,-0.6524035398963431,-0.6378554758691177,-0.2743573640989702,-0.6324091610142625,0.8213172427060557,0.8082923615133358,-0.81139800149307,-0.047235728533226,1.117049756179154,-0.1099513511812154,-0.5509180671459002,-1.1698836982734446,-1.2514795647558827,-0.0825479962740569,-0.800636929592996,-1.152283020507558,0.505028431275505,-1.5529509705786018,-0.9893065484706768,-0.0130383050940756,-0.3330130787423804,-1.5998065750110568,-1.9203663587814483,0.4425685761792833,-0.215575888855597,-0.526632561445352,-0.0582420686272295,-0.4050675141919664,-0.3593156569328333,-0.7185973447459358,-0.7230600884073104,-1.7113701706432114,-1.5743190273769714,-1.2365108327190912,-0.210070296448786,0.6263118545936313,-0.0891059949651473,-0.6940846030272442,-0.4511339189202276
G20975,0,0,0.0232095922995185,10.18730/JTXKD,FULL,Phaseolus,vulgaris,Phaseolus vulgaris,RWA,KABAYA - NKUMBA - RUHENGERI,-1.75,29.53,0.3591811050669926,0.938276153641001,0.3859604233784113,2.61906546697664,1.7064427444844057,-1.382992783012901,-1.2107015635954608,-1.4111131412750244,0.7881082976481462,-0.9123784243018734,1.2802011884990447,1.2367121783114188,1.6715856677022964,0.8943594227130865,0.7551471286826278,-0.1572905935882998,-1.2289571450383268,0.6071251130757639,-1.0812096352497598,0.9385085472236772,0.6139165034675177,-0.1042757662918048,-1.628874413741922,-1.1604394689986126,-0.5404530036226333,-0.4369711226493272,0.5668992278065389,-0.1099513511812154,0.7970644047263937,1.582328263787768,-0.3775539091528725,-1.2642438110360046,0.5732511073288852,0.2202677684417892,0.1176657359153321,-0.8231973662124749,0.4303344030727198,0.2395847656120457,-0.9590881678216489,1.3379495935506964,-0.4188724495857743,-0.224305228893605,0.500629777771752,0.3571123597225386,0.9837456523410044,2.194069135488763,1.2561884238834091,-0.6613617810468234,-0.8614597933795382,0.0608126023654204,-0.5543434246176564,-0.8332951775121542,-1.6257035711601486,-1.8831549313907427,-0.9856014749165798,-0.265878261478529,-0.4511339189202276
G24370,0,0,2.0727372462061552e-05,10.18730/PG9JW,FULL,Phaseolus,vulgaris,Phaseolus vulgaris,MEX,SAN JERONIMO (CERRO GRANDE) - ATOTONILCO EL ALTO - JALISCO,20.4,-102.33,-2.9470184280009937,0.4556046925267504,0.3859604233784113,-0.5859552240387191,-1.453323565922809,0.6103926849895936,1.2408471567199908,0.7441647636563838,-0.967016961359736,0.0004247192247855,-2.120441754227832,-1.790369690147519,-0.4479571220998433,1.4727348194620673,1.972369516485432,1.213560755588508,0.7730919076560719,-2.1838610623330137,0.1600711670890778,-0.6378554758691177,-0.980938849663222,-0.3155291241807879,0.6923597871035305,-0.0120125678666426,1.4645399806185984,-0.1771475265719264,-0.9460147252181532,-0.1099513511812154,0.7970644047263937,-1.1698836982734446,0.4448681751917976,0.397389914316319,-0.5405319128941933,0.0868253306272693,-0.6957959243410308,1.543955716676197,-0.5727323696394098,-0.7651357398137585,1.5508782107557353,0.2364747141272598,0.6227543172746245,0.2875908550808928,-0.800233575898331,-0.7339307528304128,-0.9905468715988072,-1.0324453261838666,-0.790116745150498,0.3688783655372005,0.8270166072816405,0.2501278394524687,0.6376377996083719,0.8997843790334962,1.005740006090185,0.7957487102646263,0.3797745523742382,-0.8011362203182835,-0.580140269276917
G22836,0,0,0.0160312177026345,10.18730/JRB2U,FULL,Phaseolus,vulgaris,Phaseolus vulgaris,MEX,PLAN DE GUADALUPE - TETELES - PUEBLA,19.87,-97.43,0.3591811050669926,1.01841634937803,0.3859604233784113,0.6506613732278257,0.8213574172029027,-0.3544422903906092,-0.390255575467871,-0.7564825070810002,1.6386862876953794,-0.1037630387751882,0.3085889191485086,0.2276848888251061,0.9650714044349166,0.431659105313902,0.6199001967045383,0.3910499460824232,0.6396219708097787,0.0285060279300417,-0.1107537352393958,0.5444175414504786,0.8561730128038325,0.3182309494861614,-1.2420020469343465,-1.488561440750604,0.2723819899886768,0.2125878675441747,-0.5334018289386918,-0.1099513511812154,0.527467910351935,1.582328263787768,-0.3178751992868318,-0.6955778568580804,0.2464524966047483,0.3918366170604576,0.6987097789555914,-0.1410235438348023,0.0247227026317493,-0.2637374500006366,-0.6106392539457863,-0.0931677976434778,-0.1335332527309077,-0.4779051595570871,-0.4055896371444856,0.3571123597225386,-0.0993731628759756,-0.3751923802875902,-0.2516153848784171,0.6073598809501691,0.4856306683501454,-0.0396314680613871,0.0141617531372746,0.1011182773860897,0.0698141976867159,0.0949218487683174,-0.4176834522315814,-0.6940846030272442,-0.580140269276917
G52369,0,0,0.0003781449815493298,10.18730/K4ZHX,FULL,Phaseolus,vulgaris,Phaseolus vulgaris,CHL,VEGAS DE ITATAREGION VIII (REGION DEL BIO BIO),-36.4,-72.84,0.3591811050669926,-0.9166635393957971,0.3859604233784113,-0.5733793162879429,-0.8067552885295842,0.0915663303040128,-1.420016497592061,1.0054739677048332,0.49686121017509,0.0351539718914435,0.7943950538237766,1.7412258230545752,0.2585571411675366,0.0846338672645136,0.0789124687921807,-1.802312212600469,0.9065618445023652,0.0965788614765972,1.220802034542266,0.4261902397185189,0.0755687049423735,0.8463643442086191,-0.2103424021141454,-0.0120125678666426,0.0014369921182401,2.680912030279482,-0.9460147252181532,-0.1099513511812154,-1.3597075502692766,0.2062222827571616,-0.8680640928646429,-0.9819274450792423,-0.1420376885928224,0.4680894386687547,-0.463378307124927,0.6486587983228029,-1.3839557705213503,1.872219264603263,-1.1460609181854535,-0.862100093942562,-1.3247552749955436,-0.043497924934944,-0.7856171337222626,-0.6684681660772357,-0.7026292118575846,-0.2108791438135211,1.0946380158017852,1.2274118210238874,0.6055770793260761,2.5625250260174526,0.8224108486478723,-0.2077644713245024,-2.022372020886469,-3.191927985992284,-1.7753221767610234,1.6610503392984106,1.870979772350108
G51884,1,1,0.8517741882082102,10.18730/PH6HY,FULL,Phaseolus,vulgaris,Phaseolus vulgaris,MMR,TAUNGGYI - TAUNGGYI - SHAN,20.79,97.03,0.3591811050669926,-0.71486728883253,0.3859604233784113,-0.5295507390984743,0.2607254298429547,1.4842054928810982,-0.6606196262260473,-0.7483402514364734,1.5894309889425198,-0.7977189967983271,-0.1772172155267593,-0.2768287559180501,0.0230523867450766,-0.8407667675338554,-0.5973221910982662,0.6652202159177848,2.908610897196764,-0.2778217230294583,0.9951146159352048,-0.3225826712505587,-0.5569899583246709,0.0013509126526867,-0.8551296801267712,-1.1604394689986126,0.3807599891368515,-0.8267065167654283,0.2918239636202311,-0.1099513511812154,0.2578714159774761,0.2062222827571616,0.3222406126964003,0.167503630056557,1.0667837031163572,1.3831232979683197,-0.6570596548050135,0.6079171496675951,1.159339216027437,-0.7601217569156273,-0.9534225237968686,-0.6177523822753248,0.4426858620644675,-0.0200164086110889,-0.931781555482946,0.9680965027521914,-0.0308213391280654,-0.4349426480963426,1.52543910401945,1.3609614696551495,1.6758681311113042,0.8717892927244715,0.2446847509792616,1.731812118344244,1.7213312127274083,0.5703019969881029,-0.5311638927317628,-1.336394179158038,-1.4831845679862237
G50866,1,1,0.99741225570367,10.18730/PHHMF,FULL,Phaseolus,vulgaris,Phaseolus vulgaris,COL,"10 KM N NEIRA, CUENCA RÍO TAPIAS A LA FELISA, LA BATEA - NEIRA - CALDAS",5.2,-75.48,-1.2939186614670004,0.5687007825375767,2.5782939957664426,2.9577781393536235,2.177630838136249,-1.4649127337527297,-0.6732529959850844,-1.4882487252943355,1.6679638248408255,-0.9233734149564744,1.7660073231743127,1.2367121783114188,2.8491094398145966,2.3981354542604363,2.7838511083539688,-0.5685459983413421,-0.5616074608068605,0.6071251130757639,0.363189843835433,3.1454181795535905,1.172452344437355,1.3744977389310766,-1.2420020469343465,-1.3245004548746084,-0.1611300066040218,0.3424996655828751,0.1542863315270773,-0.1099513511812154,1.60585388784977,1.582328263787768,-0.2107804640769528,-1.0504899542831512,2.035508156334334,1.478439324978691,3.216567298796715,-1.1675660653731512,0.6769901668543911,3.0805891430528867,-1.3330336415324344,1.1441599389817134,-0.355155913996744,-0.0364534789952585,0.6760270838845722,2.6373924649582072,2.0668644675579846,2.911072349193792,1.79468978415549,0.2830250199885319,-0.1233280335276567,0.9041060806009228,0.1365162673764831,0.3027261049895582,-0.4399990475411901,-0.6430572800844224,0.478812027719851,-1.4434457964490774,-1.4831845679862237
G20119,0,0,3.8880755850650014e-05,10.18730/JMY2T,FULL,Phaseolus,vulgaris,Phaseolus vulgaris,MKD,CLOSE TO LAKE PRESPA - RESEN - RESEN,41.08,21.02,0.3591811050669926,-0.4915750613139198,0.3859604233784113,-0.5945333710672803,0.0724840326272058,-0.3544422903906092,-1.5045051151123787,-0.4297427148158664,0.2524682181980918,1.4564418176124208,0.7943950538237766,0.7321985335682625,-0.6834618765223034,-0.1467162914350786,-0.191581395163998,-1.3910568078474268,-0.9620172713457402,0.6071251130757639,-0.7201097654784615,-0.5196281741371581,-0.0724769396520411,-0.526782482069771,0.8213172427060557,0.9723533473893315,-1.1907209985116811,-0.4369711226493272,1.804737916644924,-0.1099513511812154,-0.5509180671459002,-1.1698836982734446,-1.458311360141607,-0.5140887397313753,-0.5855500888612938,-0.9902457745899268,0.7761823180276259,-1.4783930732886454,-0.929012917324046,0.1825070279330419,-0.2451925502114356,-1.5088184094229082,-1.9536097407986568,0.275850119312642,0.0182871859614965,-0.3193343700602912,0.1748341321156649,-0.1511288760047686,-0.2785404528920212,-0.7090580841294171,-0.6953801474128649,-1.700670693576008,-1.5661620597610242,-1.2416876385634028,-0.2884776547349727,0.5669245181375183,-0.0462929196855334,-0.3729298787695683,-0.1931213719943667
G5594,0,0,2.565236128690868e-05,10.18730/JKERX,FULL,Phaseolus,vulgaris,Phaseolus vulgaris,IRN,SHIRAZ - FARS,29.65,52.54,0.3591811050669926,-1.222868897423912,0.3859604233784113,-0.5534803682456266,-2.070077212079999,1.5115121431277077,1.172407915024836,1.4542780553927697,-1.887073141177997,1.019938421539984,0.7943950538237766,-0.2768287559180501,-1.1544713853672233,-1.419142164282836,-1.1383099190106238,-0.5685459983413421,3.442490644581937,-0.8224043914019028,-1.3746032794389391,-0.8349009787557171,-1.3510529611492583,-1.6886759504591775,1.7240194319237316,2.7770241920252845,0.760082986155463,-0.047235728533226,0.7044368598996927,-0.1099513511812154,-1.3597075502692766,-1.1698836982734446,-0.1576418467754183,1.4580929843271306,-1.5292644443197705,-1.4668259096417835,-0.8120047329490826,0.9716173326440372,-1.6086865775224288,-0.3038493131856863,1.3497409923570665,-1.222190857400551,-1.7541493298077124,1.365390389648906,-0.3471238684402122,-1.1703479978515934,-0.9494157773500612,-0.8980072236141737,-1.1132175613137465,-1.119246290639723,-1.073672674336954,-0.3512264430593317,1.0671198771262893,0.2894964900540952,0.7404121523116124,1.6097211132555205,2.792265553371275,-0.3729298787695683,0.0648911749314939
G231,0,0,0.00018751656028229355,10.18730/JZ7XU,FULL,Phaseolus,vulgaris,Phaseolus vulgaris,TUR,SELCUK - IZMIR,37.94,27.35,0.3591811050669926,-0.0548258817291383,0.3859604233784113,-0.54699959936534,-1.4767075904216598,2.2487916997861648,-0.727481836400141,0.2959815657877907,-0.4242947423067253,1.376860800594512,0.3085889191485086,-0.2768287559180501,-0.6834618765223034,-0.0310412120852824,0.2141594007702701,-1.1168865380120652,-0.0277277134216875,0.6071251130757639,-0.4267161212892817,-0.4802190735598382,-0.0724769396520411,-0.4211558031252794,1.337147065116156,0.4801703897613444,-0.3236970053262839,-0.1771475265719264,1.3921250203654618,-0.1099513511812154,-0.8205145615203591,-1.1698836982734446,-0.0374668055915633,1.236273029208495,-0.6872578197499282,-0.5327288449401444,-0.6570596548050135,0.4581904589694666,-1.5264679895952051,1.0449120864116117,0.0720945245318427,-1.2922782903893926,-1.466039759200282,1.2949460198267504,1.0268216961102126,-0.7666620462070013,0.0925719436181727,-0.4050675141919664,-0.8843544831981122,-1.042932205707573,-1.0459927333425083,-1.3281542062974565,-0.4351807672716447,-0.6055157203624438,0.5184233868684425,1.4872875049218277,1.751340421874157,1.3398956150407346,1.4839608750675577
G16006,0,0,2.0116010883432825e-05,10.18730/JSE5C,FULL,Phaseolus,vulgaris,Phaseolus vulgaris,MEX,EJIDO EMILIANO ZAPATA - CUENCA - DURANGO,24.43,-103.88,0.3591811050669926,1.0699160068319675,-1.80637314900962,-0.445688151314749,-1.1148398113019435,0.710517069227162,0.8999724211067502,0.9041603769686364,-1.5818459394456506,0.4171756849838879,-1.1488294848772953,-1.2858560454043628,-1.1544713853672233,-0.7250916881840593,-0.4620752591201768,1.3506458905061889,0.3726820971171922,-0.4820402236691249,-1.3746032794389391,-0.874310079333037,-0.6646595180296997,-1.4774225925701947,1.208189609513631,1.7926582767693102,0.4891379882850262,-0.3070593246106268,-0.9460147252181532,-0.1099513511812154,-0.5509180671459002,-1.1698836982734446,-0.1085908397090917,0.0223123209701686,-1.0457358876360987,-0.6375764746515529,-0.734532193877048,1.3727629337110698,-0.5891760872248545,-0.7450798082212337,1.831337201217324,-0.0874205109216881,0.2903202461174101,-0.2055200807761829,-0.844082902426536,-0.8975872197133555,-1.0042572363483893,-1.0025701922794903,-1.0055172892593305,-0.5373513930320798,-0.0402882105443201,-0.2237061449522542,0.1546034564379313,0.4321462510973482,0.5921990868592426,0.6705005362221134,-0.0230810114014054,0.6975861665253832,0.7099227729274225
G6782,0,0,4.214267789047364e-05,10.18730/JFV8~,FULL,Phaseolus,vulgaris,Phaseolus vulgaris,MEX,TENEXTEPANGO - AYALA - MORELOS,18.74,-98.97,0.3591811050669926,0.0092843405372373,0.3859604233784113,-0.6054520004533575,-1.655010777225397,1.3567744583969206,1.9899272287193648,0.6358294578520731,-1.0548497473039609,-0.3260302425936406,-1.1488294848772953,-1.2858560454043628,-0.4479571220998433,0.3159840259641059,0.7551471286826278,0.9393904857531464,1.4404415918875382,-1.264877809454514,0.4083273275568453,-0.4408099729825183,-0.5704486532877995,-0.1042757662918048,1.0792321539111058,0.8082923615133358,2.060618975933559,-0.1771475265719264,-0.6709394610318457,-0.1099513511812154,0.2578714159774761,-1.1698836982734446,1.057188374013461,1.006386706486174,-0.4321548226030254,-0.0656803125893248,-0.734532193877048,1.1731583491755275,-0.2109705827596253,-0.7952196372025458,0.9814614801187372,0.3780067140158518,0.9385666743061846,0.658598065049022,-0.844082902426536,-0.504811699194293,-0.921995047850897,-0.9577574914229262,-0.4266283269668434,0.6932132264988378,0.4671773743538484,0.3905311813751584,0.5337251251965224,0.810628278381463,0.6087407236284803,0.386229399631241,0.0929785300192345,-0.8011362203182835,-0.8381529699902952
G4359,0,0,1.683217065062009e-05,10.18730/JF9GM,FULL,Phaseolus,vulgaris,Phaseolus vulgaris,MEX,CD GUERRERO - CD GUERRERO - CHIHUAHUA,28.54,-107.51,0.3591811050669926,0.1475875857290051,0.3859604233784113,-0.5761238383269607,-1.4094785199874635,0.5648816012452444,0.3048332180063004,0.5826645517802171,-1.3769030049196411,0.9728437276504152,-1.634635619552563,-1.790369690147519,-1.1544713853672233,-1.30346708493304,-1.1383099190106238,1.4877310254238694,2.241261212965298,-2.5922980636123474,0.3180523601140207,-0.874310079333037,-1.1491725367023296,-0.526782482069771,-0.0813849465116203,0.9723533473893315,2.4399419729521705,-0.1771475265719264,-1.2210899894044611,-0.1099513511812154,-0.2813215727714414,0.2062222827571616,-0.8468086519984597,-0.3124342036087056,-1.0307298289803986,-0.6471080773525899,-0.5021145766609444,1.1351800314316578,-0.0026834933439918,-0.6247442186660844,2.672714307053003,-0.3681123620429115,0.1407248982449718,-0.5671347301567955,-0.7125349228419209,-0.886676788587826,-0.921995047850897,-0.9876326253273024,-1.0862924933001423,-0.7185973447459358,0.1165647884242046,-0.3101753881892451,0.3581729960707014,0.6403688861685481,1.437807558502674,1.493761006052115,0.6902983031974617,1.0187408907830586,0.8389292770716291
G960,1,1,0.9109765385359452,10.18730/JZX2A,FULL,Phaseolus,vulgaris,Phaseolus vulgaris,CRI,CARTAGO - CARTAGO - CARTAGO,9.87,-83.92,0.3591811050669926,-0.4352634703320385,0.3859604233784113,0.3822035101411414,0.8704638686504893,-0.081375787924514,-0.2237598893566805,0.3685014768931948,1.0531349340088545,-0.8052939525777978,-0.1772172155267593,0.2276848888251061,0.7295666500124566,1.0100345020628827,1.4313817885730749,-0.2943757285059805,0.2392121602708989,0.6071251130757639,2.0784142252491,1.1355540501102768,0.9436545300641684,2.0082578125980257,-0.3392998577166706,0.9723533473893315,-0.973965000215332,-0.1771475265719264,0.429361595713385,-0.1099513511812154,1.0666608991008526,0.2062222827571616,0.2666494721342096,-0.3406657594330097,1.228515668627792,1.0113907926278711,0.0014569273072803,0.0095861027394876,-0.0300896893197331,0.3830663438582907,-0.5511478843733604,0.925262838599421,0.121332916044699,0.2288871314522839,-0.5956033854333741,2.102781339807261,1.120849299836825,-0.0913786081960162,1.52543910401945,1.7234533730828618,0.4394974333594028,1.0062970044264574,0.91603865084831,1.279704407941031,1.1873671778164152,0.5283649679266772,0.9523349567160622,1.9822050635560864,0.1938976790757006
G18935,0,0,0.0005087135325262328,10.18730/PETM6,FULL,Phaseolus,vulgaris,Phaseolus vulgaris,BRA,"CAJURI, NEAR VIÇOSA - VIÇOSA - MINAS GERAIS",-20.76,-42.9,0.3591811050669926,-0.8986263477807648,0.3859604233784113,-0.5073415793988767,0.3209392929274955,-0.6002021426100949,0.2444523284105938,-0.6386175668322035,0.116252872815146,-0.1732215441085041,-1.1488294848772953,-1.2858560454043628,-0.9189666309447634,-1.5348172436326322,-1.8145445789010708,0.6652202159177848,-1.2289571450383268,0.6071251130757639,-0.8103847329212861,0.1109174350999599,-0.5569899583246709,-0.4211558031252794,-1.4999169581393967,-0.6682565113706256,-0.973965000215332,0.9920586557763772,-1.7712405177770765,-0.1099513511812154,-1.0901110558948175,1.582328263787768,0.3606639091665586,0.248165536815763,0.2948053522731155,0.496684246771866,-0.0372793422287369,0.1983634369288942,1.137414259246844,-0.5495344751941161,0.1995756689260151,-0.2259141121874351,0.5091726393086303,-0.1186386293730181,2.137671301491407,0.0516202882077122,1.7103949840688517,-0.2407542777178972,-0.749729143130092,-0.9380003389258668,-0.8614597933795382,0.805627220247683,-0.2401228460207325,-0.4617155580204549,-1.4764980075016243,-1.8921615416589683,-1.4787255709082767,-0.9081878376093228,-0.1931213719943667
G23593,0,0,0.00026026187677841893,10.18730/JXJT2,FULL,Phaseolus,vulgaris,Phaseolus vulgaris,GTM,KM 24-25 DE JALAPA A SAN PEDRO PINULA - JALAPA - JALAPA,14.65,-89.95,-2.9470184280009937,0.1434012438271263,0.3859604233784113,-0.1943682570352133,0.1853119508341609,-0.6639176598521838,-0.3777012143631824,0.7025357509991563,1.140967632699136,-0.6802686462898687,-1.1488294848772953,-0.7813424006612064,-0.2124523676773833,0.3159840259641059,0.3494063327483596,0.9393904857531464,0.6396219708097787,-0.5841494739889583,1.175664550820854,-0.1255371683639593,0.0688393574608092,0.7407376652641275,-0.4682573133191957,-0.6682565113706256,0.9768389844518124,-0.3070593246106268,-0.5334018289386918,-0.1099513511812154,0.7970644047263937,0.2062222827571616,0.2429414828516401,-0.2801695024451153,0.6099325840428189,0.9542011764216484,-0.3859057680528925,0.5283445790250892,-0.4192576721752588,-0.52446456070346,-1.0469087031068005,0.4296138345348713,0.2044414338340026,0.0786057673634882,-0.8294664602504677,0.5425896888565404,-0.5518151996121824,-0.345317246383214,0.7849997336453386,1.713914112466343,1.2053091342057298,0.9270335314592156,0.6213238643764774,1.3935941365158862,1.4510408679180642,0.847818175877806,0.763028949154396,1.125792380458656,-0.0641150216376775
G51603,0,0,7.70281166163306e-05,10.18730/K45SK,FULL,Phaseolus,vulgaris,Phaseolus vulgaris,CHN,SHANDONG YEXIAN,37.18,119.93,0.3591811050669926,-1.6607058918008368,0.3859604233784113,-0.5916907130740237,-0.3647972255013041,-0.8914730785739297,0.3590894738729095,0.1350140131017389,-0.570863464416295,0.1637397063153187,1.2802011884990447,0.7321985335682625,-0.9189666309447634,-1.419142164282836,-1.2735568509887132,-1.9393973475181496,-0.0277277134216875,0.6071251130757639,-0.0656162515179835,-0.9531282804876768,-1.4048877410017728,-0.6324091610142625,1.337147065116156,1.1364143332653274,-0.81139800149307,0.2125878675441747,1.6672002845517695,-0.1099513511812154,-1.3597075502692766,-1.1698836982734446,-0.9416406268534788,0.869261688078358,-0.7239392964638619,-0.0466171071872505,-0.3859057680528925,1.048377199326582,0.6879526452446875,-0.7099819279343151,-1.0610733467510154,-2.036106997452997,1.0826214860293863,-2.4362598655471217,-0.8294664602504677,-0.8212142018346489,-0.7848914003550768,-0.5992558845704118,-0.6151038030620718,-0.4038017444008174,0.6978435493075613,-1.0460373824030311,-0.6164073086520375,-0.3463878278221797,0.4903026043607383,0.9148048397477344,0.0125105813009241,2.089256553231684,2.5160113703460363
G20072,0,0,2.335140042992097e-05,10.18730/JMWQM,FULL,Phaseolus,vulgaris,Phaseolus vulgaris,MKD,GRDOVCI - KOCANI,41.88,22.43,0.3591811050669926,-1.2549736688869977,0.3859604233784113,-0.5912645886418596,-0.563561433741536,0.1734862810438414,-2.0095246656228287,-0.6051209913115141,-0.1212588735932263,2.4043699075799307,0.7943950538237766,0.7321985335682625,-0.4479571220998433,-0.0310412120852824,-0.0563344631859086,-0.5685459983413421,-0.828547334499447,0.6071251130757639,-0.7201097654784615,-0.6772645764464376,-0.1936051943201985,-0.6324091610142625,1.7240194319237316,1.1364143332653274,-1.0281539997894191,-0.9566183148041288,1.5296626524586157,-0.1099513511812154,-0.2813215727714414,-1.1698836982734446,-1.0871586565844051,0.1594374932282165,-1.0690786455449657,-1.4001046907345236,0.233874544523384,-1.7408684586854122,-0.972862830885232,-0.3690310908613922,-0.1602049382517602,-1.5842152932239613,-0.252655414007167,-1.9032304689464503,-0.5956033854333741,-0.7557516150814718,-0.4421322816155262,-0.5245680498094712,-0.5074035310076556,-0.6709010416633422,-0.732286735405459,-1.8013331206776564,-1.8342780387895503,-1.421150241166205,-0.4760598156981283,0.3603353951100922,-0.677656825013815,-0.5870329857362047,-0.4511339189202276
G20980,0,0,0.0102986754364527,10.18730/JTXE8,FULL,Phaseolus,vulgaris,Phaseolus vulgaris,RWA,CYABINGO - CYABINGO - RUHENGERI,-1.56,29.68,0.3591811050669926,0.9070874304445474,0.3859604233784113,0.79092635064379,1.332882953115264,-1.210050664784374,-0.5283447369164003,-1.03827429325412,1.1888642440716446,-0.9171742754640042,-0.1772172155267593,0.2276848888251061,0.2585571411675366,-0.0310412120852824,-0.191581395163998,0.3910499460824232,-0.828547334499447,0.6071251130757639,-0.5169910887321063,0.2291447368319195,0.3447426042049455,0.0013509126526867,-0.8551296801267712,-0.3401345396186341,-0.648831002770808,-0.3070593246106268,-0.1207889326592303,-0.1099513511812154,0.2578714159774761,1.582328263787768,0.1432043895408821,-0.6391146298217966,0.4048497824149167,-0.0275539017851762,0.1564020054513494,-0.8986677119259616,0.1946411176813451,0.2176049082199604,-0.2423597484616605,1.4031873194054765,0.0188323896356355,0.1678353412872572,0.2667667029546584,0.4007540842246567,1.0797182055880783,1.8056923947318728,0.7580746656317345,-0.6709010416633422,-0.8522331463813897,0.1302500249648222,-0.3695703755781561,-0.6624605846498713,-1.4473847267877662,-1.6253407124627832,-0.5683029459863675,-0.3729298787695683,-0.3221277223510561
G52499,1,1,0.9979304974838356,10.18730/K52RN,FULL,Phaseolus,vulgaris,Phaseolus vulgaris,CRI,CERVANTES - ALVARADO - CARTAGO,9.88,-83.81,0.3591811050669926,0.3015112698869996,0.3859604233784113,0.9267633000948108,1.3837432064002644,-0.9005752953227996,-0.2055260766815808,-0.8974190428316672,1.8436292222213888,-0.791402248199095,0.7943950538237766,0.2276848888251061,1.4360809132798364,2.051110216211048,2.51335724439779,-0.5685459983413421,-1.0954872081920335,0.6071251130757639,-0.0881849933786897,2.593690771471112,2.000162084669764,1.58575109682006,-0.9840871357292964,-0.5041955254946299,-0.4320750044744585,-0.047235728533226,0.5668992278065389,-0.1099513511812154,1.3362573934753113,1.582328263787768,0.2707370492345096,-0.3527651569883077,2.747462272554775,1.2210860520506883,2.5967869862204385,-1.1901099792161052,1.488213567736332,2.383645520212647,-0.6729634725474263,0.9168037625572062,0.1324140676016315,0.3110723042237199,2.2838357232520905,2.34281082456891,1.9708919143109105,0.7301875741743293,3.087093048808484,1.923777846029756,1.177629193211284,0.7069300032196024,0.9912246132213888,1.1042682098838044,1.1731413701948707,0.4777027851679079,1.1204923367299673,1.7681020842048922,0.0648911749314939
G11042,0,0,0.000134900965151504,10.18730/JP9C6,FULL,Phaseolus,vulgaris,Phaseolus vulgaris,MEX,EN LAS PALMAS - COMPOSTELA - NAYARIT,21.2,-105.14,0.3591811050669926,-1.6225359614221828,-1.80637314900962,-0.6166464261305621,-1.1429006407005644,0.4283483500121969,1.1015154135679552,0.8198994134964961,0.116252872815146,-0.1384922914418462,-1.1488294848772953,-1.2858560454043628,-0.4479571220998433,-0.0310412120852824,0.2141594007702701,0.6652202159177848,0.5061520339634855,-0.6181858907622361,0.9499771322137924,-0.7560827776010773,-0.9069160273660146,0.1069775915971782,0.1765299646934299,0.152048418009353,0.922649984877725,-0.8267065167654283,0.1542863315270773,-0.1099513511812154,0.2578714159774761,0.2062222827571616,1.6433479920729677,1.7968725773201744,0.7416524322428536,2.021740678937808,-0.734532193877048,1.795304167869817,3.3902035684527747,-0.6648560818511341,0.0890918010706828,-0.02216265539102,1.714246041575587,1.1047460466362546,-0.5663705010812374,0.1825454617140663,-0.7437603061063307,-1.077258027040431,-1.0728299592933406,0.387956886770238,2.164880422013176,0.103828867309075,0.5113821269441451,0.8080398754593072,0.8978885343547554,0.6609310128121236,0.3436671394878169,-0.265878261478529,-0.1931213719943667
G51659,1,1,0.9992624644278169,10.18730/K46YK,FULL,Phaseolus,vulgaris,Phaseolus vulgaris,CRI,"1KM SW IGLESIA EL TIGRE, TARBACA, TRANQUERILLAS-TIGRE - ASERRI - SAN JOSE",9.82,-84.1,-2.9470184280009937,0.3142345800132176,-2.902539935203636,1.6077745030421056,1.418819243148541,-0.4454644578793076,-0.4929326891624293,0.4542670389292497,1.6386862876953794,-0.8191856569565006,-1.1488294848772953,-0.7813424006612064,2.1425951765472164,3.9019114858077857,2.3781103124197007,1.898986430176912,-0.4281375239605672,-0.1416760559363472,0.4760335531389636,3.618327386481429,2.101102296893228,2.113884491542517,-0.9840871357292964,-1.1604394689986126,-0.1069410070299345,-2.1258244971524323,0.429361595713385,-0.1099513511812154,3.223432854096523,1.582328263787768,-0.0309267208235071,-0.7197764211933312,2.098867070658401,2.0789302951440303,0.1176657359153321,-0.125080292840146,1.0661581497099166,0.9897582745321682,-0.6304697104699281,0.8990048093848949,-0.136303520805525,0.0222502222396744,0.2959995873067951,3.3247496258665667,1.5184498775747033,0.386623534274003,3.746757215141783,1.5231289001359682,0.4948573153482939,1.0309713086834775,1.006829246921462,1.4177525637893402,1.3213544356472406,0.5790271506854465,1.2184981717073966,2.517463022395841,0.4519103797890794
G826,0,0,0.00030249427426585595,10.18730/JZRZV,FULL,Phaseolus,vulgaris,Phaseolus vulgaris,SLV,AHUACHAPAN - AHUACHAPAN - AHUACHAPAN,13.92,-89.86,0.3591811050669926,-0.358087316871131,0.3859604233784113,-0.5239121564510311,0.1058062675380682,0.3191217490257588,0.7892618846279269,1.6213813133121289,0.7603592898858205,-0.721943742865779,-0.6630233502020273,-0.7813424006612064,-0.2124523676773833,-0.493741529484467,-0.4620752591201768,0.9393904857531464,-0.294667587114274,0.0625424447033194,0.0246587159248409,-0.4408099729825183,-0.3012747540252274,0.0013509126526867,-0.726172224524246,-0.8323174972466213,0.3265709895627642,-0.4369711226493272,-0.395864196845538,-0.1099513511812154,0.2578714159774761,0.2062222827571616,1.2345895803624676,0.869261534228126,0.9917534098378564,1.430781311473505,-0.6957959243410308,0.79222198781659,-0.358964041028628,-0.6498141331567405,-0.6361354355451769,0.6356172968646153,0.9828912541144268,0.8558424841792047,-0.9463979976590144,1.1644842630117227,-0.6203670233600925,-0.3005045455266497,1.054250413781379,1.857003021714124,1.5466950731372249,1.1807639876243254,0.8419166407729635,1.6325900063282717,1.5929681113981238,0.8061626033872623,0.7743769932044142,0.6975861665253832,-0.580140269276917
G20880,0,0,0.00015302294371966017,10.18730/JTV7B,FULL,Phaseolus,vulgaris,Phaseolus vulgaris,RWA,MATONGO - BIRENGA - KIBUNGO,-2.27,30.47,0.3591811050669926,0.2421940299120547,0.3859604233784113,0.1652371197985925,1.18380979693509,-1.0280063298069773,-0.2437298971526395,-0.6952246429377116,0.053921813995608,-0.8081089191647604,-1.1488294848772953,-1.2858560454043628,-0.2124523676773833,-0.1467162914350786,-0.3268283271420874,0.6652202159177848,-0.9620172713457402,0.6071251130757639,-0.9232284422248168,-0.2437644700959189,-0.2810867115805345,-0.6324091610142625,-1.1130445913318214,-0.3401345396186341,-1.0823429993635068,0.7322350596989763,-1.4961652535907688,-0.1099513511812154,-0.0117250783969826,1.582328263787768,0.4849264806720182,-0.1511105439405229,-0.2437454194814568,-0.3230335855173274,-0.5795871157329789,-0.3651695048853227,-0.7700569806647467,0.6738773519499014,-0.4519956017526467,1.113188886622591,0.3152527380474352,0.4167389261379831,0.2667667029546584,-0.2866030766837027,0.6546968983510357,1.3426278192140415,0.0984104992984354,-0.9952359026249792,-1.0275394393462116,0.2645393799919672,0.1446732349924303,-0.3748602599658935,-0.9362481506183212,-1.0691825283998488,0.2523669669035801,-0.1588267718029321,0.3229038756448727
G24395,1,1,0.996145934694086,10.18730/JY72N,FULL,Phaseolus,vulgaris,Phaseolus vulgaris,COL,"5 KM E TENA, CRUCE LA GRAN VÍA - TENA - CUNDINAMARCA",4.65,-74.42,-2.9470184280009937,0.5262897487835169,-2.902539935203636,0.7789123869208255,1.870130915976361,-1.492219383999339,0.0360713711289904,-1.210889832139515,0.8481919994828451,-0.8886441622898165,0.3085889191485086,0.7321985335682625,0.2585571411675366,-0.1467162914350786,-0.0563344631859086,-0.2943757285059805,-1.0954872081920335,0.6071251130757639,-0.5169910887321063,0.3473720385638791,0.4053067315390243,0.1069775915971782,-0.5972147689217209,-0.3401345396186341,-0.648831002770808,0.0826760695054743,0.2918239636202311,-0.1099513511812154,-0.0117250783969826,0.2062222827571616,0.7195538365932769,0.1029741508042595,1.4736146266708947,0.9351379710195742,2.674259525292473,-1.0484557734976174,0.9510521266118036,2.173058238491136,-1.2707093418803233,1.2436128383862997,0.5257943005953116,0.6186795679157022,0.3252324716589318,1.3063198676436063,1.9708919143109105,2.4629453406281487,2.79091730065884,0.4928887535519441,-0.1510079745221023,0.8949351002576055,0.0897023662762642,0.1060074829057173,-0.8247575187936591,-0.901434412154146,0.0264377262714009,-1.4434457964490774,-1.4831845679862237
G51624,1,1,0.9357752437317096,10.18730/K46D2,FULL,Phaseolus,vulgaris,Phaseolus vulgaris,CHN,FUJIAN LIANJIANG - LIANJIANG - FUJIAN,26.2,119.54,0.3591811050669926,-1.7285635458073323,0.3859604233784113,-0.4772056532342746,0.6670228555104873,-1.0917218470490662,-0.1764030656166822,-1.0354673784920423,1.297665041545784,-0.5245327655714874,0.3085889191485086,0.7321985335682625,-0.2124523676773833,-1.0721169262334478,-1.544050714944892,-0.8427162681767036,-0.294667587114274,0.6071251130757639,1.536764420592152,-0.6772645764464376,-0.8530812475135001,0.6351109863196359,-0.3392998577166706,-1.1604394689986126,-1.2449099980857687,-0.4369711226493272,1.254587388272308,-0.1099513511812154,-0.0117250783969826,0.2062222827571616,0.3999047218364247,1.6234497508720398,0.5065575133035511,0.5824686710812003,0.6599735094195741,-0.4781953086318887,1.3840700230285152,-0.0280802537884692,-1.874121273998765,-1.9770303345501528,0.6144434337923111,-0.5084310658364379,-0.3178909840880755,-0.6248264415751177,-0.5929462938609285,1.0289389132180913,1.3100385599106177,1.3418829484221122,0.1996046114075413,-0.9375141150071108,-0.5869712950814454,-1.382036597009184,-1.002083864959887,-0.6689512846055712,-0.0328815948991484,1.4469471047163314,2.5160113703460363
G24384,0,0,1.6202790261162114e-05,10.18730/JY70K,FULL,Phaseolus,vulgaris,Phaseolus vulgaris,MEX,VILLA CORONA (EL TULAR) - VILLA CORONA - JALISCO,20.41,-103.67,-2.9470184280009937,0.1728644674996846,0.3859604233784113,-0.5860793825764655,-1.362710470989762,0.2827128820302795,1.180354064659915,1.2256558195022835,-1.0255722101585147,-0.1246006036233415,-1.634635619552563,-1.2858560454043628,-0.4479571220998433,0.3159840259641059,0.3494063327483596,1.3506458905061889,-0.1611976502679807,0.5730886963024862,0.5663085205817883,-0.5196281741371581,-1.068420366923558,0.0013509126526867,1.0792321539111058,0.4801703897613444,0.0556259916923274,-0.5668829206880276,-0.8084770931249995,-0.1099513511812154,0.527467910351935,-1.1698836982734446,0.5315249547321264,0.4457870045242633,-0.5755460497574937,-0.0275539017851762,-0.734532193877048,1.4263561077226536,0.3864844895115338,-0.7200098937305776,1.1202744866699694,0.2053332087118999,0.7141736392877837,0.3369019318713436,-0.7563842493701259,-0.7011994594538242,-0.9357054126004792,-1.0473828931360547,-0.8978170172049142,0.3021035412215694,0.7162968433038583,0.2278554586186983,0.5365623313238084,0.9728348615032264,1.043785770659432,0.902420750628924,0.2559777081922222,-0.9081878376093228,-0.9671593203469846
G23965,1,1,0.9962681887961428,10.18730/JXRGU,FULL,Phaseolus,vulgaris,Phaseolus vulgaris,COL,VEREDA QUEBRADA ARRIBA - ANDES - ANTIOQUIA,5.63,-75.97,0.3591811050669926,0.6676598612970498,-1.80637314900962,3.341256940952092,1.867792513526476,-1.3920949997617709,-0.90233348351243,-2.789779480765997,2.253515091273408,-0.9581026676231325,-0.6630233502020273,-0.2768287559180501,2.1425951765472164,4.942987199955951,5.624036679893846,-1.253971672929746,-0.0277277134216875,-0.005530388843236,2.7780452229309898,4.682373102069065,2.9557294270518946,3.592657996765399,-1.4999169581393967,-1.3245004548746084,0.4891379882850262,0.2125878675441747,0.9795121240860004,-0.1099513511812154,3.223432854096523,1.582328263787768,-0.4511304217014726,-1.3529718161609927,2.849170003443409,1.7262609952056562,4.57233673255732,-1.3398193644054115,3.242210110183772,3.2661065102837417,-1.5596671293351712,1.224593339067886,-0.4438050207742568,-0.2360459198745045,1.889191784498245,2.921063674221975,2.0668644675579846,3.389074491663812,3.3563437289445246,0.3688783655372005,0.1996046114075413,0.778769349242254,0.0021036270963091,0.0041969679675892,-0.4499240296027327,-0.6287029949694378,0.3483095211446425,-1.4434457964490774,-1.6121908414491544
G16010,0,0,1.2495394836295337e-05,10.18730/JSEV$,FULL,Phaseolus,vulgaris,Phaseolus vulgaris,MEX,EJIDO LA JOYA - NOMBRE DE DIOS - DURANGO,23.84,-104.01,0.3591811050669926,0.9713892796827364,-1.80637314900962,-0.4787581284840874,-1.165700064586944,0.8652547539579492,0.7280216883538865,0.7341338514604415,-1.4647356163559797,0.4796884457691414,-1.1488294848772953,-1.790369690147519,-1.3899761397896833,-0.2623913707848747,0.0789124687921807,1.3506458905061889,-1.0954872081920335,0.6071251130757639,-1.4197407631603518,-0.9137191799103568,-1.1895486215917153,-1.5830492715146862,1.7240194319237316,2.1207802485213016,-1.0281539997894191,-0.4369711226493272,-0.9460147252181532,-0.1099513511812154,-0.2813215727714414,-1.1698836982734446,-0.0521821829471972,0.0908748686366345,-1.0724133252462322,-0.790082117868147,-0.734532193877048,1.11623302874175,-0.600138565615151,-0.6949399792399215,2.434748971234824,-0.0147021916680944,0.3512664607928499,-0.1914311888968102,-0.7710006915461942,-0.908497650838885,-0.921995047850897,-1.062320460088243,-1.0189798232661325,-0.5087336111825236,-0.0771947985369141,-0.1315596281694002,0.2648998446361744,0.512674342008862,0.790698728090095,0.8559804164333855,0.2059431503353241,0.2693796973612255,0.3229038756448727
G869,0,0,4.204867100863753e-05,10.18730/JZTK5,FULL,Phaseolus,vulgaris,Phaseolus vulgaris,MEX,IGUALA - IGUALA - GUERRERO,18.35,-99.53,0.3591811050669926,-0.6046711513247461,0.3859604233784113,-0.6146794530022218,-1.730424256234191,1.4568988426344889,2.161728358186404,1.5667121913311308,-0.8791843499233977,-0.201004985986306,-1.1488294848772953,-0.7813424006612064,-1.1544713853672233,-0.493741529484467,-0.0563344631859086,0.5281350810001041,0.9065618445023652,0.2667609453429861,0.9048396484923804,-0.874310079333037,-1.048232324478865,0.0013509126526867,1.4661045207186814,0.152048418009353,0.0556259916923274,-0.1771475265719264,-0.395864196845538,-0.1099513511812154,-0.2813215727714414,-1.1698836982734446,1.689946473929527,1.861402056572472,-0.1203622705345888,0.210736165740752,-0.734532193877048,1.2327141121345178,-0.0410521677100296,-0.7400658253231024,1.366738322929554,0.3360476486588524,1.439988049116624,1.407657020499671,-0.844082902426536,-0.166588334302878,-0.9631261420996432,-0.9726950583751144,-0.3862407249464373,0.9698517843778812,0.7716567252927494,0.4069079319882249,0.4606670674189079,0.8316231020833934,0.444978519613027,0.0687463876762865,-0.1365614519015868,-1.0152394549003625,-1.0961655169161562
G4600,1,1,0.9915519819302592,10.18730/JPT8W,FULL,Phaseolus,vulgaris,Phaseolus vulgaris,COL,"EL BORDO, VEREDA ACHINTE - PATIA - CAUCA",2.1,-76.97,0.3591811050669926,-0.8874113763518119,0.3859604233784113,-0.3627553542222827,0.873971472325317,-1.210050664784374,1.196794462335428,-0.656673514908717,0.8189144187104272,-0.9025358666685191,-0.1772172155267593,-0.2768287559180501,0.7295666500124566,-0.0310412120852824,0.2141594007702701,1.076475620670827,-0.1611976502679807,0.6071251130757639,-0.2687349282643388,0.6626448431824382,0.4551039029026,0.0013509126526867,-0.4682573133191957,0.152048418009353,-0.81139800149307,-0.5668829206880276,-0.395864196845538,-0.1099513511812154,0.527467910351935,0.2062222827571616,1.3294215686785442,0.9579896547407876,1.223513649075892,0.7635691224009058,1.1635450133877987,-0.8143469551431334,-0.4192576721752588,2.0878205292229053,-0.3641752285684357,1.1459973750608925,0.9441072368749082,1.1023979800998382,0.9829723695820076,1.8191101305434936,2.450754680546281,1.7608796938753084,1.0946380158017852,-0.346566180701705,-0.6123403244295282,0.7407752878199398,-0.3053785869483104,0.0116745764093726,-0.7341093492982365,-1.0179574324993157,-0.530648072547671,-1.4434457964490774,-1.4831845679862237
G942,1,1,0.9981212402528424,10.18730/JZWHY,FULL,Phaseolus,vulgaris,Phaseolus vulgaris,ECU,YANUNCAY. FINCA SANTA CLEMENCIA - CUENCA - AZUAY,-2.93,-78.02,0.3591811050669926,-1.65363738617516,0.3859604233784113,-0.3845062908938848,1.6813049181481408,-1.210050664784374,0.6709288782932838,-2.789779480765997,1.6386862876953794,-0.7775105603805903,0.3085889191485086,-0.2768287559180501,0.4940618955899966,-0.6094166088342632,-0.5973221910982662,0.5281350810001041,-1.2289571450383268,-0.0395668056165138,0.2954836182533146,2.239008866275233,0.3582012991680742,1.3744977389310766,-1.3709595025368717,-0.8323174972466213,0.2723819899886768,-0.1771475265719264,-0.2583265647523842,-0.1099513511812154,0.2578714159774761,1.582328263787768,1.2313195155636467,0.800699101949334,2.263933715871103,0.7349743142977944,4.84349061930944,-1.6593416551591766,1.3895512622236634,2.448827297888353,-0.6134721570086478,0.9194039725785824,0.9108637557846236,1.008472093953826,1.4068491926879896,1.131752969635134,1.4224773243276292,2.746759112719723,2.508204086515997,1.3705007302716683,0.9561896652557198,-0.049457518429227,-0.3642506140894948,-0.9969397622573376,-1.7534050070186638,-1.8462841206051936,-1.1738758421100624,-1.0152394549003625,-0.709146619633606
G9812,0,0,1.187194207248138e-05,10.18730/JNVVH,FULL,Phaseolus,vulgaris,Phaseolus vulgaris,MEX,LAGOS DE MORENO - LAGOS DE MORENO - JALISCO,21.37,-101.92,0.3591811050669926,0.9221260638214088,0.3859604233784113,-0.5223261153411459,-1.1522542505001048,0.8379481037113397,0.9712634039858,0.4567749583056213,-1.3183477561208623,0.0837749123766061,-0.6630233502020273,-0.7813424006612064,-1.1544713853672233,-0.6094166088342632,-0.3268283271420874,0.8023053508354656,-0.4281375239605672,0.6071251130757639,-1.4874469887424702,-0.9137191799103568,-1.115525799294508,-1.6886759504591775,1.4661045207186814,1.1364143332653274,-0.5404530036226333,-0.3070593246106268,-0.5334018289386918,-0.1099513511812154,-0.5509180671459002,-1.1698836982734446,0.0704453931919867,0.014246184141829,-0.9040120003322638,-0.5899184611463671,-0.6183233852689962,1.0445855833871711,-0.2219330611499218,-0.7099819279343151,1.8285043184170813,0.12149040908546,0.4149830228013654,0.0105094640777471,-0.7710006915461942,-0.7884829084580603,-0.9631261420996432,-0.9726950583751144,-0.8843544831981122,-0.2034772714539238,0.1719246704130957,0.1964120974416107,0.6557249886698201,0.8359371069536531,1.0778615424040616,0.9103015346136216,0.4617899616448238,-0.3729298787695683,-0.0641150216376775
G22560,0,0,0.00032080605863932926,10.18730/JW5W7,FULL,Phaseolus,vulgaris,Phaseolus vulgaris,BDI,"2.4 KM NE RUTEGAMA, MUGUTU - GITEGA - GITEGA",-3.41,29.96,0.3591811050669926,0.6252488275429899,0.3859604233784113,-0.0845774960320509,0.8488336459890524,-0.536486625368006,-0.4222935636685048,-0.4549735992105992,-0.1678007367564576,-0.7774441421967747,-0.1772172155267593,-0.2768287559180501,-0.4479571220998433,-1.30346708493304,-1.4088037829668023,0.2539648111647425,-0.828547334499447,0.6071251130757639,-0.9457971840855228,-0.4014008724051984,-0.6108247381771853,-0.8436625189032455,-0.9840871357292964,-0.6682565113706256,-0.4862640040485459,1.1219704538150774,-1.358627621497615,-0.1099513511812154,-1.0901110558948175,1.582328263787768,0.2699195213401304,-0.3487320116490232,0.0697144724376131,-0.1419331341976218,-0.734532193877048,-0.1490978521669789,-0.8577568077871187,-0.3489751592688673,-0.4095019207256191,0.890729515701034,0.1185626215505952,0.2429760457253313,0.9683559274059392,-0.2975135078092322,0.8603523695947661,1.6264415913056154,0.0849479652916334,-1.0524714663240915,-1.0644460273388057,0.1964120974416107,0.1914871360926492,-0.4993912005540559,-0.9713164205691052,-1.1871128315994286,0.4416729744652462,-0.1588267718029321,0.5809165763582509
G8159,1,1,0.9991089294053236,10.18730/K2G44,FULL,Phaseolus,vulgaris,Phaseolus vulgaris,COL,"BURITICA, FINCA LA CORDILLERA - BURITICA - ANTIOQUIA",6.69,-75.91,0.3591811050669926,0.384919636269984,0.3859604233784113,1.391142577678148,1.2282394434829067,-1.264663965277593,0.097162420224786,-0.8808676933190672,1.4044657287699809,-0.8747524579111137,-0.1772172155267593,0.2276848888251061,1.6715856677022964,2.629485612960029,2.3781103124197007,0.6652202159177848,-0.4281375239605672,-0.6181858907622361,0.5211710368603759,2.4360543691618326,1.3608740739211551,1.58575109682006,-1.1130445913318214,-1.1604394689986126,0.8142719857295503,-1.2164419108815294,0.5668992278065389,-0.1099513511812154,2.145046876598688,1.582328263787768,0.3140654662922479,-0.3608313322792053,2.103869090210301,1.039985600730983,1.7058527868920408,-0.9705802239572788,1.61976330841989,2.428771366295828,-0.891098143094287,1.1700780119799072,0.1185626479700799,0.327509352214213,-0.0401785827427768,1.982766597426436,2.341071762549625,2.014818332062506,2.467816484495591,1.1415584754752186,0.7532034312964524,0.8075924303212509,0.3734229790048636,0.4819011072676764,-0.0965946682118153,-0.3796139297388219,0.5520584938608771,-1.336394179158038,-1.4831845679862237
G50333,1,1,0.994907601382684,10.18730/JXHCY,FULL,Phaseolus,vulgaris,Phaseolus vulgaris,RWA,"38 KM S MIHANGA, NORD-KIVU, MIHANGA - BASHALI - KIVU",-1.4,29.02,0.3591811050669926,1.021085142580882,0.3859604233784113,1.2909606476571855,1.40478882844923,-0.8641664283273202,-1.1159065504921066,-1.513180469591482,0.8420185545100308,-0.9185868071148384,0.3085889191485086,0.7321985335682625,1.6715856677022964,1.125709581412679,0.8903940606607171,1.076475620670827,-1.2289571450383268,0.6071251130757639,0.0020899740641348,1.3325995529968762,1.3474153789580263,0.9519910231531106,-1.2420020469343465,-0.996378483122617,-0.5946420031967207,-0.8267065167654283,-0.1207889326592303,-0.1099513511812154,1.60585388784977,1.582328263787768,-0.4405027305964313,-1.3529718546235507,0.9984227692403896,0.0868253306272693,0.8923911266356778,-1.150378322986899,0.7811337115622078,1.852163333010738,-0.6163050600715057,1.250392868890032,-0.5047512354496955,-0.2618756147031573,0.9391230430538025,0.8480817603713667,1.4773187833259571,1.9849431981581296,1.000400277754171,-0.5468906536485986,-0.6769268534165679,-0.0243465008225251,-0.7196106815320656,-0.862342810305236,-1.5995677850647532,-1.7117478797235732,-1.1388000695918246,-0.8011362203182835,-0.8381529699902952
G142A,0,0,0.0006662419320157553,10.18730/JSC8S,FULL,Phaseolus,vulgaris,Phaseolus vulgaris,IND,"MADRAS, SALEM - SALEM - TAMIL NADU",11.65,78.18,0.3591811050669926,-1.0810903453611436,0.3859604233784113,-0.6113853572709947,0.2402644084064603,0.5466771677475049,0.3667095373083276,0.4275370989126036,1.414385438842861,-0.7677807744600148,-0.1772172155267593,-0.7813424006612064,-1.3899761397896833,-1.1877920055832438,-0.7325691230763556,-0.4314608634236613,0.3726820971171922,0.6071251130757639,-1.148915860831878,-0.7166736770237575,-1.2366540539626654,-1.3717959136257032,0.6923597871035305,0.4801703897613444,-0.5946420031967207,0.6023232616602759,-0.2583265647523842,-0.1099513511812154,-1.3597075502692766,-1.1698836982734446,2.00632559015738,2.232446504579338,-0.3304470917143911,-0.0275539017851762,-0.5021145766609444,0.1344035138472329,-0.8303506118113775,-0.1032899972604375,-0.8514373651301196,-0.3479242221664885,1.570191414788789,1.421745867591691,-0.8733157867786727,0.9135443471245438,0.2982274148619031,-0.5395056167616593,0.0984104992984354,-0.5373513930320798,-0.252501091501736,1.4486876276540923,1.036265260492054,2.199162645955708,1.7924602508351304,0.8889108352265855,1.5862779629648025,-0.4799814960606078,-0.580140269276917
G20113,0,0,9.457920227116212e-05,10.18730/JMXXN,FULL,Phaseolus,vulgaris,Phaseolus vulgaris,MKD,ON THE COAST OF LAKE OHRID - STRUGA - STRUGA,41.19,20.69,0.3591811050669926,-0.7460412638382791,0.3859604233784113,-0.5945259756532839,-0.2975681550671081,-0.1450913051666029,-1.486065241162656,-0.2940094094821889,0.1635395913566017,1.5571274598436415,0.3085889191485086,0.2276848888251061,-0.4479571220998433,0.3159840259641059,0.0789124687921807,-0.5685459983413421,-0.5616074608068605,0.6071251130757639,-0.5169910887321063,-0.4408099729825183,0.041921967534552,-0.4211558031252794,1.0792321539111058,1.1364143332653274,-1.1907209985116811,-1.3463537089202298,2.079813180831231,-0.1099513511812154,-0.0117250783969826,-1.1698836982734446,-1.206516132048919,-0.2438716174796816,-0.4138140842460586,-0.8091453232702213,0.7761823180276259,-1.3323242311809915,-0.9180504389337496,0.4181642241452092,-0.936424966325277,-1.641665144620058,-1.6904327677991962,0.4331759741284761,0.2375338186025217,-0.2538717833071142,0.4353310623577233,-0.0764410412438281,-0.170840180837605,-0.6899795628963796,-0.6953801474128649,-1.6838572296132597,-1.5356620938926997,-1.2204052145367883,-0.2630035341103466,0.5770569546892721,-0.0385556169241574,-0.9081878376093228,-0.9671593203469846
G50718,0,0,0.0001750318875325175,10.18730/JYT20,FULL,Phaseolus,vulgaris,Phaseolus vulgaris,GTM,"2 KM DE LA ALDEA SUASITE VÍA A GRANADOS, SUASITE - SAN JUAN SACATEPEQUEZ - GUATEMALA",14.83,-90.62,-2.9470184280009937,0.1092479168685948,0.3859604233784113,-0.5389560075774527,-0.5319930006680874,-0.0722735711756442,0.3934239052392,0.5289983679569045,-0.4692984808713789,-0.6524852375324631,-0.1772172155267593,-0.2768287559180501,0.4940618955899966,0.5473341846636982,0.484653264726449,0.9393904857531464,1.840851402426418,-1.2989142262277915,0.7017209717460251,-0.1255371683639593,0.0015458826451661,0.2126042705416698,-0.4682573133191957,-0.8323174972466213,1.1935949827481618,-0.5668829206880276,-0.2583265647523842,-0.1099513511812154,0.7970644047263937,0.2062222827571616,0.6794955077237079,0.2844633448560798,0.8400254834302213,1.3164020790610595,-0.463378307124927,0.6892291229657097,1.2525202823449573,-0.4843526975184102,-1.08090378301254,0.3584459788349436,0.5618079705017539,0.39325745460148,-0.8586993446026043,0.6298731378607765,-0.373580457867616,-0.2706294116222735,0.5965242575501103,2.0764060158940554,1.186855840209433,0.9370779385018964,0.7007656359404852,1.527040687169252,1.5357340481765611,0.8725863541154265,0.9523349567160622,0.5905344216189015,-0.709146619633606
G20777A,0,0,0.0003727702485132098,10.18730/S6D82,FULL,Phaseolus,vulgaris,Phaseolus vulgaris,RWA,KAMWERU - KINYAMAKARA - GIKONGORO,-2.43,29.68,0.3591811050669926,-0.2851242109072092,0.3859604233784113,-0.1024370448144779,0.8295418257775005,-1.0098018963092377,-0.5056862338335447,-1.5492651782937936,1.555673413988763,-0.9294756122195214,-1.1488294848772953,-1.2858560454043628,-0.6834618765223034,-1.419142164282836,-1.4088037829668023,1.3506458905061889,-0.9620172713457402,0.6071251130757639,-1.0135034096676412,-0.4408099729825183,-0.5973660432140567,-0.8436625189032455,-1.2420020469343465,-0.996378483122617,-0.81139800149307,0.6023232616602759,-1.9087781498702303,-0.1099513511812154,-0.5509180671459002,1.582328263787768,0.3500361946721685,-0.2882356777360129,0.2064363401895479,0.0582305225241579,-0.463378307124927,-0.5754830884031636,-0.3480015626383315,0.0070176264984492,-0.3755069218703498,1.1326201829461575,0.1628871749393508,0.3275093298205365,0.5883284308281621,0.0297994259566531,0.846642004845184,1.9401304973015647,0.7042245296045264,-0.8807647752267544,-0.999859498351766,0.1416045720565483,-0.1003904442518973,-0.5787688901668339,-1.258148402147687,-1.4640660973473676,-0.213418659331255,-0.265878261478529,0.0648911749314939
G24365,0,0,1.981127129518116e-05,10.18730/JY6H4,FULL,Phaseolus,vulgaris,Phaseolus vulgaris,MEX,2 KM NW QUESERIA - TONILA - COLIMA,19.4,-103.53,-2.9470184280009937,0.2435495237564511,0.3859604233784113,-0.5689875127339528,-0.9780432679836664,1.7026586948539744,1.118852518743258,0.8996461986221219,-0.5864087167071068,-0.4093805019862537,-1.1488294848772953,-1.2858560454043628,-0.4479571220998433,-0.3780664501346709,-0.191581395163998,1.076475620670827,0.7730919076560719,-0.6522223075355139,0.9951146159352048,-0.5984463752917978,-0.6310127806218782,0.2126042705416698,-0.2103424021141454,-0.6682565113706256,1.1394059831740744,-0.4369711226493272,-0.5334018289386918,-0.1099513511812154,0.2578714159774761,0.2062222827571616,0.9100353489162613,0.7563350801555608,-0.3187757127599576,0.1249517414314178,-0.7732684634130653,1.2770848289674,0.3810032503163856,-0.6297582015642156,1.0324540054184637,0.414482935871481,0.9053232460548736,0.5646722236903625,-0.5956033854333741,-0.3084239389347617,-0.867153588852569,-1.0921955939926191,-0.9516671532321224,0.2830250199885319,0.762430078294601,0.3499168398547536,0.4354868630392448,0.9492516348791404,0.806909532123948,0.4858650257234873,0.0150896822213827,-0.9081878376093228,-1.0961655169161562
G51278E,1,1,0.8692318925357219,10.18730/S5XHH,FULL,Phaseolus,vulgaris,Phaseolus vulgaris,COL,"6 KM W GACHETÁ, VEREDA SAN PEDRO, FINCA EL PEÑÓN - JUNIN - CUNDINAMARCA",4.8,-73.68,0.3591811050669926,0.8373039963132892,-1.80637314900962,2.6180889619724312,1.2042708183715845,-0.7276331770942726,-0.4999198011610725,-0.9601132006932368,1.082412514781272,-0.8816983183805641,1.2802011884990447,1.7412258230545752,1.9070904221247564,0.6630092640134944,0.3494063327483596,-0.1572905935882998,-0.9620172713457402,0.3007973621162639,0.9048396484923804,0.6626448431824382,2.356817501192672,1.2688710599865851,-1.1130445913318214,-0.6682565113706256,0.0014369921182401,0.2125878675441747,-0.1207889326592303,-0.1099513511812154,0.7970644047263937,1.582328263787768,-0.3276853780903925,-1.1271186387779566,0.6649547991137195,0.3251153981531977,0.3888196226674531,-0.8214913415993323,0.8359461035136903,1.8471493501126068,-0.9335919862222556,0.990294381286948,-0.402250761879605,-0.1749941968905086,-0.5371376167291007,0.0297994259566531,0.6546968983510357,1.3575653861662296,1.4581264339854396,0.6073598809501691,1.0576827822353534,0.8953718136072872,0.0999872384876759,0.2374408312862952,-0.760245135393632,-0.9833382742808232,0.1791205007625539,-1.4434457964490774,-1.6121908414491544
G18200A,0,0,4.582867172099772e-05,10.18730/S2PTQ,FULL,Phaseolus,vulgaris,Phaseolus vulgaris,ESP,AGENCIA SEA DE BEJAR - BEJAR - SALAMANCA,40.4,-5.77,0.3591811050669926,-0.4633010388112132,0.3859604233784113,-0.5997960629629736,-0.6518361262246977,0.2007929312904509,-0.6682752413343791,0.1808174279079889,-0.0111860567008076,1.0482227699607845,0.7943950538237766,1.2367121783114188,-0.6834618765223034,-0.8407667675338554,-1.0030629870325345,-1.6652270776827882,0.5061520339634855,0.6071251130757639,-0.4041473794285756,-0.3225826712505587,-0.1061236770598626,-0.4211558031252794,-0.0813849465116203,-0.0120125678666426,-0.648831002770808,0.6023232616602759,1.117049756179154,-0.1099513511812154,-1.0901110558948175,0.2062222827571616,-1.2056986220010997,-0.4172945593154892,-0.6222315655752275,-0.8949297475795555,-0.2696969594448407,-0.7800355576838002,-1.2743309866183856,0.5184438821078337,-0.740953458438105,-1.3995965303486035,-2.0865833844527484,0.3322056420427783,0.3690817981871369,-0.3411552323113503,0.1062823083677547,-0.1810040099091449,-0.2920029868988232,-0.6899795628963796,-0.9444996163628748,-1.4823140187351218,-1.3143600159643922,-0.8479627940710371,0.1945381389267682,1.070731780016391,0.563922358094987,0.9116891458765768,1.354954370923351
G6921,1,1,0.9977745645353056,10.18730/JFQMW,FULL,Phaseolus,vulgaris,Phaseolus vulgaris,COL,"MARIPI, VEREDA EL CENTRO - MARIPI - BOYACA",5.55,-74.0,0.3591811050669926,0.9504000863241155,0.3859604233784113,0.7537006159345249,2.101048157902513,-1.4649127337527297,-0.1271357793395157,-2.139264885401434,1.6679638248408255,-0.9094817105777716,1.2802011884990447,1.2367121783114188,1.4360809132798364,0.3159840259641059,0.2141594007702701,0.2539648111647425,-0.294667587114274,0.5730886963024862,-0.3815786375678694,0.741463044337078,0.3110958667971241,0.1069775915971782,-0.5972147689217209,-0.6682565113706256,-0.2153190061781092,-0.1771475265719264,0.0167486994339235,-0.1099513511812154,0.527467910351935,0.2062222827571616,0.487379079948054,-0.1228788342659877,1.7770704794861647,0.8112271359060915,2.867940872972559,-1.1990510532788934,2.052781204836601,1.6365620683910955,-1.1460609046770416,1.0206135055335026,0.2626173804348234,0.4284797066935868,0.3983146825392735,1.862751855045612,1.916050455312582,2.3882575058672084,2.6159043585704134,0.3593391049206818,-0.0771947985369141,0.9510527656917132,0.2205684988973307,0.3631221731731935,-0.6623186457197449,-0.7235538593566893,0.4117554037879257,-1.4434457964490774,-1.6121908414491544
G20726,0,0,0.00021024377536415804,10.18730/JTQB=,FULL,Phaseolus,vulgaris,Phaseolus vulgaris,RWA,GISAKURA - MARABA - BUTARE,-2.75,29.05,0.3591811050669926,-0.5069953830177879,0.3859604233784113,-0.4118385904409982,0.8236958196527877,-0.4363622411304377,-0.4111879970864222,-0.3923435494710388,-0.2590516744594507,-0.7712248126340941,0.3085889191485086,-0.2768287559180501,-0.2124523676773833,-0.9564418468836516,-0.7325691230763556,0.5281350810001041,-1.0954872081920335,0.6071251130757639,-0.7652472491998737,-0.2437644700959189,-0.1195823720229912,-0.4211558031252794,-0.2103424021141454,0.152048418009353,-0.973965000215332,0.2125878675441747,-0.6709394610318457,-0.1099513511812154,-0.5509180671459002,0.2062222827571616,0.8658894351499411,0.3288272897247396,-0.0319932584510212,-0.437412817929773,-0.5408508461969617,-0.5448881298853715,-0.6823571535423747,-0.1935416894267995,-0.1743695075997121,1.1554088996926763,0.6116731921371785,0.6891240049188875,0.792958621293119,-0.2102300588049961,0.5038828861056335,1.1633770157877843,0.2195733053596536,-0.8998432964597919,-1.018312792348063,0.1581996793444556,0.19184178685856,-0.472356770033762,-1.058987095446065,-0.928735699529705,0.091946889651051,-0.3729298787695683,0.3229038756448727
G181,0,0,1.8601233423998965e-05,10.18730/JZ6BQ,FULL,Phaseolus,vulgaris,Phaseolus vulgaris,IND,TIK - DELHI,29.85,76.52,0.3591811050669926,-0.9192543222943156,0.3859604233784113,-0.5655725357186132,-1.256313159519991,-0.0631713544267743,1.0480396033914916,0.8071367364181459,-1.3955124293370127,0.9563103029998544,0.7943950538237766,0.7321985335682625,-0.9189666309447634,-0.9564418468836516,-1.0030629870325345,-0.4314608634236613,-1.0954872081920335,0.6071251130757639,0.2277773926711962,-0.9925373810649966,-1.5933094704855737,-0.4211558031252794,2.4977641655388823,0.6442313756373401,-1.1907209985116811,-0.6967947187267279,1.254587388272308,12.193604845996791,-0.8205145615203591,-1.1698836982734446,1.2223267827917448,2.51476283207354,-0.9256874183904974,-0.3230335855173274,-0.6570596548050135,1.650930026015371,-0.5672511304442615,-0.6498141331567405,0.9361346934026746,-1.029641653818582,1.78627353990539,1.3630421663567565,-0.6248362697855108,-0.9848706687175915,-1.0590986953467174,-1.0324453261838666,-1.0862924933001423,-0.7281366053624546,0.2365111994001354,-0.3132323816370175,1.0174687698987843,0.6110336530507824,1.8460551539674608,2.0290914038697774,1.5352117647397208,-1.336394179158038,-1.6121908414491544
G51374,0,0,8.326605914324327e-05,10.18730/PG8T4,FULL,Phaseolus,vulgaris,Phaseolus vulgaris,ARG,"SW PULARES, LOS LAURELES - CHICOANA - SALTA",-25.1,-65.58,-2.9470184280009937,0.2435495237564511,0.3859604233784113,-0.2779482398761524,-0.1601870111363596,0.4829616505054159,0.374704337992749,0.540534261371533,-1.347625467774195,0.5213634429838617,0.3085889191485086,0.2276848888251061,-0.6834618765223034,-0.9564418468836516,-1.1383099190106238,-0.5685459983413421,0.1057422234246057,0.6071251130757639,-1.4874469887424702,-0.5196281741371581,-0.8799986374397574,-1.3717959136257032,-0.4682573133191957,-0.3401345396186341,0.3265709895627642,1.1219704538150774,-0.5334018289386918,-0.1099513511812154,-1.0901110558948175,0.2062222827571616,-0.1388389644366407,-0.0180185170217621,-0.9990503718183648,-0.6089816665484414,-0.734532193877048,1.261138174411458,0.2001223568764933,-0.8403454832857268,0.0834259544197276,-0.5912309626764051,0.4731589694021862,-0.7455939037220732,0.9683559274059392,-1.0285123932197098,-0.5243944701130183,-0.8083818219010451,-1.1266800953205487,-1.109707030023204,-1.0644460273388057,1.6008822300181902,0.9181665554437746,-0.2765009489239731,-1.34813490617234,-1.8817476485363325,-0.1339823509811281,-0.0517750268964503,0.9679354736408012
G7775,0,0,6.863968353687924e-05,10.18730/K2B4X,FULL,Phaseolus,vulgaris,Phaseolus vulgaris,ECU,"ATUNTAQUI, SAN JOSÉ DE CHALTURA - ANTONIO ANTE - IMBABURA",0.35,-78.22,0.3591811050669926,1.5441545588809535,0.3859604233784113,1.840528715971432,0.986799390532272,-1.1827440145377646,0.0642442240523075,-0.3151156740010273,-0.7327964896882804,-0.9928319202897904,1.7660073231743127,1.7412258230545752,1.2005761588573765,0.5473341846636982,0.7551471286826278,-1.1168865380120652,-0.294667587114274,0.6071251130757639,0.7919959391888496,1.017326748378317,-0.0590182446889125,0.7407376652641275,-0.2103424021141454,-0.1760735537426384,0.0556259916923274,0.3424996655828751,0.7044368598996927,-0.1099513511812154,0.527467910351935,0.2062222827571616,-0.428239936923934,-1.357004846112606,-0.5505359519979934,-0.8282085286722954,-0.2309606899088233,-0.8983512522656015,-0.1451957124178463,0.1925349937293043,-0.3528434001824043,1.4657864358636414,-0.4576564139863207,-0.2336978085507356,-0.0547950249188452,-0.3738865256879388,0.2159652263644109,0.5509367707480721,-0.2516153848784171,-0.7376758659789734,-0.9444996163628748,0.4573483238764696,-0.2755879226118075,-0.6909330167935852,-1.2277117904922896,-1.2355233617911414,-0.9226714124573884,-0.0517750268964503,0.0648911749314939
G10054,0,0,0.0004056550139245735,10.18730/JP1TQ,FULL,Phaseolus,vulgaris,Phaseolus vulgaris,NLD,DE LIER - DE LIER - SOUTH HOLLAND,51.98,4.26,0.3591811050669926,-1.0170437313447718,0.3859604233784113,1.0339391596157266,1.1569181687614116,-1.319277265770812,-1.585964416123064,-1.818527541223225,1.518475066942594,0.5594129326460052,-0.1772172155267593,0.7321985335682625,0.2585571411675366,0.8943594227130865,-0.191581395163998,-0.2943757285059805,-0.1611976502679807,0.6071251130757639,1.694745613617095,1.5690541564607954,-0.2743573640989702,1.6913777757645514,0.1765299646934299,0.6442313756373401,-1.0281539997894191,-1.3463537089202298,1.804737916644924,-0.1099513511812154,1.0666608991008526,-1.1698836982734446,-1.5416980963233538,-1.127118754165631,-0.4438262015574589,-0.9711825691878524,1.047336204779747,-1.5923717066737486,-0.5069574992976308,0.1123112673592048,-1.7636373521097868,-1.6709310453343604,-1.2721199107780607,-1.619104637602037,0.0036707437854281,-0.1884091965539371,0.2022548616148289,-0.3901299472397783,-0.5208660650144575,-0.4514980474834111,-0.4370340314647064,-2.5061884670640366,-3.3915495519036507,-2.54796831327803,-1.5843494792370545,-0.4280244599305348,-3.5064147145728803,4.444391878403664,4.193093771195478
G50361,1,1,0.9701304115076174,10.18730/JXKV=,FULL,Phaseolus,vulgaris,Phaseolus vulgaris,COL,DAGUA - DAGUA - VALLE DEL CAUCA,3.67,-76.69,0.3591811050669926,0.1788713317775105,-1.80637314900962,-0.248843568174998,1.3434057641397468,-1.373890566264031,0.7585111116695982,-0.8382357425041547,-0.2350779219459803,-0.9094817105777716,0.3085889191485086,0.2276848888251061,0.4940618955899966,-0.2623913707848747,-0.191581395163998,0.8023053508354656,-0.6950773976531537,0.6071251130757639,0.2729148763926085,1.8449178605020344,1.2330164717714334,1.480124417875568,-0.4682573133191957,-0.5041955254946299,-0.5404530036226333,-0.9566183148041288,0.1542863315270773,-0.1099513511812154,0.527467910351935,0.2062222827571616,1.1209546921656,0.5869452067339218,0.7566584908985537,0.1916729603386777,1.589643978283989,-0.8136748308115497,1.0771206281002133,1.7017438460668015,-0.7069584714026955,1.295012505539075,0.8803906748663909,0.8934128028077283,-0.0840279092709819,0.8371713292458373,1.806367537315926,1.9102553633971893,0.8388498696725467,0.0063864621094884,-0.5108472074498945,0.803662010174115,0.056010543514743,-0.2244452901561731,-0.5736554726366307,-0.8839841047594588,0.2946642219991022,-1.336394179158038,-1.3541782176295345
G18613,0,0,0.0004029404028170077,10.18730/JSS0T,FULL,Phaseolus,vulgaris,Phaseolus vulgaris,BRA,"CÓRREGO SÃO PATRÍCIO, RODOVIA ITAPURANGA - CERES - CARMO DO RIO VERDE - GOIAS",-15.36,-49.68,0.3591811050669926,-0.8464140437228874,0.3859604233784113,-0.5662265639798375,-0.1958476484971071,1.0290946554376064,0.4950551642557201,0.7215950198881277,0.7018041610612138,-0.6524852375324631,-0.1772172155267593,-0.2768287559180501,-0.9189666309447634,-2.113192640381613,-2.085038442857249,0.1168796762470617,-1.36242708188462,0.6071251130757639,-1.306897053856821,-0.6378554758691177,-0.583907348250928,-1.1605425557367202,-1.1130445913318214,-0.3401345396186341,-1.1365319989375942,1.381794049892478,-1.4961652535907688,-0.1099513511812154,-1.6293040446437357,0.2062222827571616,1.2018888700026698,0.9015263123168332,0.8200174052226211,0.7254427115967572,-0.5408508461969617,0.3134215809742328,0.8304648643185419,-0.639786167360478,-0.0525542166107022,0.2391108048015478,0.98566149576956,0.7196499223950765,3.014657832055508,0.5425896888565404,2.1765473855546404,0.6106870385568245,-0.763191677136894,-1.0524714663240915,-1.018312792348063,0.3946799581971353,0.5032251593281979,-0.1882076492459919,-0.4181640870057963,-0.7429743627475508,-0.1525518776084305,-0.6940846030272442,-0.4511339189202276
G51967,0,0,9.450817056911872e-05,10.18730/PH58T,FULL,Phaseolus,vulgaris,Phaseolus vulgaris,BOL,"15 KM WEST TARIJA A SAN JACINTO, CALLEJONES/TABLADITA - CERCADO - TARIJA",-21.53,-64.75,-1.2939186614670004,0.9362630750727622,2.5782939957664426,-0.4760563812441298,-0.710880788084296,1.4660010593833586,0.8661201166130221,0.5325092254909615,-1.347625467774195,0.2990963054062025,0.3085889191485086,0.2276848888251061,-1.3899761397896833,-1.419142164282836,-1.6792976469229814,-0.9798014030943843,-0.4281375239605672,0.6071251130757639,-1.4197407631603518,-0.7954918781783972,-1.1087964518129436,-1.5830492715146862,0.4344448758984802,0.4801703897613444,-0.4320750044744585,1.90144124204728,-1.0835523573113073,-0.1099513511812154,-2.168497033392653,-1.1698836982734446,0.2486641157406972,0.1513714333249929,-0.7039312182562617,-0.58038685844533,-0.6570596548050135,0.6664627228549986,0.1946411176813451,-0.7952196372025458,0.8596460270287892,0.002857180018709,0.5728892277366323,-0.2924014873919933,1.0122052539341442,-0.8103037707091194,-0.2638975398709599,-0.4050675141919664,-1.0055172892593305,-1.0715499875571293,-1.0459927333425083,0.9506160523420314,1.020660626791981,0.0815614553075792,-0.5968137641135636,-1.2915332193966698,0.563922358094987,-0.3729298787695683,0.7099227729274225
G50481,0,0,4.647804314757754e-05,10.18730/PHKH2,FULL,Phaseolus,vulgaris,Phaseolus vulgaris,PER,"SANTIAGO DE CHUCO, SECTOR QUIMUS-CHAMBUC - SANTIAGO DE CHUCO - LA LIBERTAD",-8.17,-78.15,0.3591811050669926,0.2539723450280188,-1.80637314900962,0.5965782832068801,0.4524744307335313,-0.4636688913770472,0.2654884660494427,0.7913108928178112,-1.4940131535014256,-0.7080520550472744,0.7943950538237766,0.7321985335682625,-0.2124523676773833,-0.3780664501346709,-0.3268283271420874,-0.4314608634236613,0.3726820971171922,-0.4139673901225694,-1.1714846026925845,-0.4408099729825183,-0.671388865511264,-1.1605425557367202,0.8213172427060557,0.6442313756373401,1.085216983599987,0.7322350596989763,-0.2583265647523842,-0.1099513511812154,-0.8205145615203591,-1.1698836982734446,-0.3734662969685492,-1.256177597282549,-1.1907944546412002,-0.9425877610847412,-0.7732684634130653,0.6614074845027837,-0.972862830885232,-0.8403454832857268,1.038119933119893,1.2351703067811803,-0.3856290345442064,-0.2454385443189882,-0.1571101201513236,-0.8212142018346489,-0.7711810356054948,-0.4797553489529069,-1.0593674252865384,-1.1001677694066854,-1.073672674336954,0.3265526756467788,0.0262198791782401,-0.5209612249053543,-0.6563636564828192,-0.8144643317515919,-0.4347055183066086,0.5905344216189015,1.2259481743541794
G52501,1,1,0.994409326523682,10.18730/K52TQ,FULL,Phaseolus,vulgaris,Phaseolus vulgaris,CRI,CARTAGO - CARTAGO - CARTAGO,9.88,-83.9,0.3591811050669926,-0.449051033349226,0.3859604233784113,0.2821592908973709,0.7365903283945685,-0.1906023889109521,-0.3343582233711317,0.1377868611661879,1.580131126150544,-0.8330773613352034,-0.1772172155267593,0.2276848888251061,1.6715856677022964,1.241384660762475,1.7018756525292535,1.076475620670827,-0.9620172713457402,0.6071251130757639,1.536764420592152,1.372008653574196,1.4887316760708769,2.0082578125980257,-0.8551296801267712,0.152048418009353,-0.973965000215332,-1.866000901075032,0.8419744919928466,-0.1099513511812154,1.875450382224229,1.582328263787768,0.1587372168264011,-0.4777909316910576,2.0805263323014347,1.6023501600921737,0.233874544523384,-0.3139817277922774,1.2525202823449573,0.9245764968564624,-0.5001553320568066,0.9177719528921576,0.032683809267186,0.1490501371856445,-0.2448087732077337,2.4300942735731463,1.5732913365730314,0.6106870385568245,3.733294681134981,1.351422209038631,1.2514423691964724,1.0017115142547988,0.967108361139458,1.3981957417108295,1.3266477594133967,0.5801529769689747,1.1003753495503896,2.089256553231684,0.1938976790757006
G17227A,0,0,0.0001278997707515425,10.18730/S1WJ$,FULL,Phaseolus,vulgaris,Phaseolus vulgaris,ECU,"GONZANAMÁ, LANZACA - GONZANAMA - LOJA",-4.25,-79.49,0.3591811050669926,1.0634961763349418,-1.80637314900962,1.1823168566605764,1.3176833371910108,-1.0006996795603678,0.8392553802255175,0.4562732978993926,-0.5864087167071068,-0.9581026676231325,0.3085889191485086,0.2276848888251061,-0.2124523676773833,-0.9564418468836516,-0.7325691230763556,0.1168796762470617,-0.9620172713457402,0.4709794459826528,-0.8555222166426983,0.1109174350999599,-0.4560497461012063,-0.526782482069771,-0.4682573133191957,-0.1760735537426384,-0.81139800149307,0.2125878675441747,-0.2583265647523842,-0.1099513511812154,-0.5509180671459002,0.2062222827571616,0.3843718906526805,-0.3446989432348522,-0.4121467443954252,0.277457384648012,-0.6183233852689962,0.8925569099275108,-1.0989313323736416,-0.7601217569156273,0.0380993298046032,1.1883613238324648,0.2293739521835125,0.3157686164459617,0.4129311247153419,-0.7884829084580603,-0.5929462938609285,1.1335018818834082,-0.5612536670348637,-1.0238536844745356,-1.03676608634436,0.2289472419929027,-0.3493552819212434,-0.4737947716571819,-1.0543554371506785,-1.2614173663122903,-1.0222247079870928,-0.0517750268964503,0.5809165763582509
G11048,0,0,1.3385994224228134e-05,10.18730/JP9KD,FULL,Phaseolus,vulgaris,Phaseolus vulgaris,MEX,3 KM W DE CHILCHOTA - CHILCHOTA - MICHOACAN,19.86,-102.14,0.3591811050669926,0.7383449175538161,-1.80637314900962,-0.2831476260006287,-0.5466080159798691,1.1747301234195238,0.8531174017584384,1.3049013268764529,-0.4985760180168251,-0.0759796631381789,-1.634635619552563,-1.2858560454043628,-0.4479571220998433,0.6630092640134944,1.0256409926388066,1.213560755588508,0.6396219708097787,-1.0266228920415694,0.4986022949996698,-0.4408099729825183,-0.5166138734352851,0.0013509126526867,-0.0813849465116203,-0.1760735537426384,1.3561619814704238,-0.6967947187267279,-0.395864196845538,-0.1099513511812154,0.7970644047263937,0.2062222827571616,0.1203139398473654,-0.0099523032683065,-0.3771326075321249,0.1058885360293435,-0.6183233852689962,1.2636041787211671,-0.5508074128588167,-0.7049679450361839,1.3327434726668144,0.1893790165051044,0.1989008976847661,0.1185242421031319,-0.7271513650179893,-0.548453423696411,-0.921995047850897,-0.9577574914229262,-0.6824164730960819,0.2830250199885319,0.8454699012779375,0.2835364107031243,0.6209692136105667,0.888567966370821,0.9094676800932218,0.7107488258582467,0.2740314146354329,-0.4799814960606078,-0.4511339189202276
G7960,0,0,3.9684309838491305e-05,10.18730/K2ES=,FULL,Phaseolus,vulgaris,Phaseolus vulgaris,MEX,OCOTLAN DE MORELOS - OCOTLAN DE MORELOS - OAXACA,16.79,-96.47,0.3591811050669926,0.4216758655235025,0.3859604233784113,-0.5402939604623263,-0.9914890820705056,2.385324951019212,0.6256807259448578,0.4828555596079346,-1.3183477561208623,-0.3885429371381005,-0.6630233502020273,-0.7813424006612064,-0.6834618765223034,0.0846338672645136,0.6199001967045383,0.9393904857531464,0.7730919076560719,-0.9585500584950138,0.7694271973281435,-0.6772645764464376,-1.1693605791470223,0.0013509126526867,1.7240194319237316,0.8082923615133358,1.3561619814704238,-0.1771475265719264,-0.8084770931249995,-0.1099513511812154,0.2578714159774761,-1.1698836982734446,0.651699949137286,0.3005956954378758,-0.8056389491448961,-0.5136656395380701,-0.734532193877048,0.7199207898005033,-0.2219330611499218,-0.800233620100677,0.6131819206009681,0.5229484238488928,0.5341051840776266,0.3322055748617489,-0.9610144398350828,-0.7339307528304128,-0.9768365068492252,-0.6141934515225999,-0.1304525788171989,0.2448679775224569,-0.2986343264924786,0.3387806494378684,0.1187837290809456,0.590326429673536,-0.1822803466764667,-0.1538857598914164,-0.8984278638050769,0.4834829319433041,0.1938976790757006
G523,0,0,5.0917924250809066e-05,10.18730/JZGQP,FULL,Phaseolus,vulgaris,Phaseolus vulgaris,TUR,BIGA - CANAKKALE,40.25,27.25,0.3591811050669926,-0.7634371405367132,0.3859604233784113,-0.5998107163060297,-0.6150062876390077,1.2657522909082222,-0.6761614962245093,0.1259288500627167,0.0338672900580263,1.0052091877732112,-0.1772172155267593,-0.2768287559180501,-0.4479571220998433,0.0846338672645136,0.484653264726449,-0.020205458670619,-0.6950773976531537,0.6071251130757639,-0.2235974445429265,-0.6772645764464376,-0.4022149662486919,-0.3155291241807879,1.337147065116156,1.7926582767693102,-1.0823429993635068,-1.606177304997631,1.6672002845517695,-0.1099513511812154,0.2578714159774761,-1.1698836982734446,-0.6456994627624065,0.4215884786515706,-0.7172699370613285,-0.8186769259712584,-0.1922244203728061,-0.5739496332336728,-1.3126996609844233,0.5334858308022273,-0.743786270741324,-1.5254099603017115,-1.7375275880241576,0.8206202544807744,0.4275475668914102,-0.5375429925708816,0.0103097551206805,-0.2556918446700854,-0.6824164730960819,-0.8998432964597919,-0.9352729693647264,-1.5827580891619295,-1.0934125888019954,-1.1249219067417078,0.0972733147236505,1.1531985552848325,0.9611038998456216,0.9116891458765768,0.9679354736408012
G13181,0,0,8.960470838657368e-06,10.18730/JS3YJ,FULL,Phaseolus,vulgaris,Phaseolus vulgaris,MEX,"10 KM SW DE JIMÉNEZ DE TEUL, A REFUGIO - JIMENEZ DE TEUL - ZACATECAS",23.03,-104.1,0.3591811050669926,1.61483961513772,-1.80637314900962,-0.5493476502376498,-1.0780099727162535,0.7378237194737715,0.9785123217346404,0.7341338514604415,-1.4647356163559797,0.4449591931024834,-0.6630233502020273,-1.2858560454043628,-0.4479571220998433,-0.1467162914350786,0.2141594007702701,1.6248161603415503,1.974321339272712,-2.7284437307054583,-1.306897053856821,-0.7954918781783972,-0.9069160273660146,-1.4774225925701947,1.208189609513631,1.7926582767693102,2.5483199721003453,-0.9566183148041288,-0.6709394610318457,-0.1099513511812154,0.2578714159774761,-1.1698836982734446,0.5789408982132441,0.7765003837638513,-0.9506975161499976,-0.656639680053627,-0.6957959243410308,1.013343386408519,-0.5069574992976308,-0.5996743041754283,1.6245340010835825,-0.1173257633602559,0.8637689343212489,0.2429760009379798,-0.6540691541376474,-0.8757663574622965,-0.880863953602151,-1.062320460088243,-1.0459048912797364,-0.4705765687164486,0.0612049064353135,-0.0595019254719078,0.3645567098570949,0.6435324897400719,0.9150918365947626,0.9057982294795086,0.262167550401323,-0.4799814960606078,-0.4511339189202276
G11027E,0,0,1.6692634322182127e-05,10.18730/S2KET,FULL,Phaseolus,vulgaris,Phaseolus vulgaris,MEX,"12 KM N DE CASTILLO NAJERA, LA BRENA - DURANGO - DURANGO",24.37,-104.47,-2.9470184280009937,1.0493591650835885,-2.902539935203636,-0.4585970967809062,-1.070410164754127,0.8197436702136,0.7159904826420088,0.5244845722651621,-1.347625467774195,0.4866341903172038,-1.634635619552563,-1.790369690147519,-0.6834618765223034,0.3159840259641059,0.7551471286826278,1.898986430176912,1.5739115287338314,-1.911569728146792,-0.3364411538464572,-0.7560827776010773,-0.8194345101056787,-0.8436625189032455,1.0792321539111058,1.9567192626453056,1.6812959789149478,-0.8267065167654283,-0.9460147252181532,-0.1099513511812154,0.527467910351935,-1.1698836982734446,-0.0889704275268222,0.0908749070991925,-0.9873789928639314,-0.6661712827546642,-0.734532193877048,1.3441340760654974,-0.4795513033218895,-0.7250238766287087,2.0296415773409824,-0.1194575005326755,0.329104210517958,-0.2149126268427991,-0.800233575898331,-0.864855926336767,-0.9631261420996432,-1.0473828931360547,-1.0324423572729344,-0.4705765687164486,0.0981114944279076,-0.1946647071984163,0.2507138139997444,0.4830515085664122,0.7285021738377613,0.7949043405519802,0.0903994290987758,0.3764311870368224,0.4519103797890794
G19122,0,0,0.00013736752560379668,10.18730/JMJ0A,FULL,Phaseolus,vulgaris,Phaseolus vulgaris,MEX,OCOTLAN DE MORELOS - OCOTLAN DE MORELOS - MORELOS,16.8,-96.66,0.3591811050669926,0.7100708950511097,0.3859604233784113,-0.5213933350820441,-0.6161754888639502,1.830089729338152,1.1592435814857345,0.8509954708967804,-1.171960070393632,-0.277409302108478,-1.1488294848772953,-0.7813424006612064,-1.1544713853672233,-0.8407667675338554,-0.4620752591201768,0.6652202159177848,-0.4281375239605672,0.5050158627559306,0.8371334229102618,-0.7954918781783972,-1.4654518683358515,0.2126042705416698,1.4661045207186814,0.6442313756373401,-0.3778860049003713,0.0826760695054743,-0.8084770931249995,-0.1099513511812154,-0.5509180671459002,-1.1698836982734446,0.7784151043258827,0.4619194320311744,-0.5421992527448266,-0.2086543531048818,-0.734532193877048,0.7482237464839266,-0.0629771244906226,-0.7851916714062834,0.7293315945820198,0.4922359200221959,0.6393759785613087,0.4026500566522871,-0.9610144398350828,-0.6466473038261766,-0.9494157773500612,-0.3602548133354021,-0.1169900448103969,0.3497998443041631,-0.0771947985369141,0.3503535532044354,0.1507022980129131,0.5371203696070002,-0.2309127587780255,-0.1766837421328626,-0.8685102931277563,0.3764311870368224,0.0648911749314939
G5022,0,0,0.0003181402989047764,10.18730/JGVR0,FULL,Phaseolus,vulgaris,Phaseolus vulgaris,BRA,CURVELO - MINAS GERAIS,-18.74,-44.45,0.3591811050669926,-0.882615990157282,0.3859604233784113,-0.5755255564407189,-0.3881812500001549,0.4556550002588064,1.027160299974959,0.4422298677631646,-0.2350779219459803,-0.2843551791381266,-0.1772172155267593,-0.7813424006612064,-0.9189666309447634,-1.6504923229824284,-1.8145445789010708,-0.1572905935882998,-1.2289571450383268,0.6071251130757639,-1.4874469887424702,-0.8349009787557171,-0.980938849663222,-1.4774225925701947,-1.1130445913318214,-0.6682565113706256,-0.9197760006412448,1.511705847931179,-1.4961652535907688,-0.1099513511812154,-1.6293040446437357,1.582328263787768,0.8593492977558511,0.69180552397815,0.0813858513920466,0.7540375196998687,-0.5795871157329789,0.815296342740576,1.2360765647595124,-0.7500937911193648,0.516862757177705,-0.1088350898686652,0.8997827363251231,0.2688056733729551,3.058507158583713,-0.2647822144326437,1.408766959578047,-0.4050675141919664,-0.8305043471709042,-1.0715499875571293,-1.018312792348063,0.9545464724891674,0.3000102704613385,-0.0840963317103919,-0.5911896076120228,-1.0683381586872027,-0.1865960097584849,-1.2293425618669986,-0.9671593203469846
G21191,0,0,2.4411444220189168e-05,10.18730/JVY2G,FULL,Phaseolus,vulgaris,Phaseolus vulgaris,MEX,LA UNION - DOCTOR ARROYO - NUEVO LEON,23.79,-100.14,0.3591811050669926,0.483878715029457,-1.80637314900962,-0.4517266898865645,-0.7126345899217098,-0.363544507139479,0.8954140819648705,0.8550079888370662,-1.5525684023002044,0.1323959191025613,-0.1772172155267593,0.2276848888251061,-0.6834618765223034,-0.493741529484467,-0.3268283271420874,0.5281350810001041,0.7730919076560719,-1.1968049759079582,-0.9909346678069352,-0.559037274714478,-0.4695084410643349,-0.9492891978477372,1.208189609513631,1.1364143332653274,0.8684609853036377,-0.4369711226493272,-0.1207889326592303,-0.1099513511812154,-0.2813215727714414,-1.1698836982734446,-0.0243866146152152,-0.163209903033263,-1.1924617944918334,-1.295257061023115,-0.463378307124927,-0.2973289621290806,-0.731688306298709,-0.6748840476473966,1.7095216468142858,0.0798146498676284,0.2570767650271274,-0.4379866624237674,-0.7417678071940575,-0.886676788587826,-0.9905468715988072,-0.7336939871401047,-0.3593156569328333,-0.6518225204303046,-0.6123403244295282,-0.1811265933582813,0.1953882945176675,0.3593833689523018,0.5885599267700103,0.7464938103602673,0.308591366969579,0.9116891458765768,0.8389292770716291
G4715,1,1,0.9328254422869048,10.18730/JPRA3,FULL,Phaseolus,vulgaris,Phaseolus vulgaris,COL,FINCA EL CONVENIO - PALMIRA - VALLE DEL CAUCA,3.43,-76.35,0.3591811050669926,-0.5098665059327051,0.3859604233784113,-0.3856682220006607,0.8295418257775005,-1.1918462312866345,0.9760087472349612,-0.6245741366959755,-0.4107433193265435,-0.9372651193351772,-1.1488294848772953,-1.790369690147519,-0.4479571220998433,0.0846338672645136,0.2141594007702701,1.213560755588508,-1.4958970187309133,0.6071251130757639,-0.0881849933786897,0.4655993402958388,-0.1532291094308127,0.5294843073751444,-0.0813849465116203,0.152048418009353,-1.353287997233943,-1.3463537089202298,0.1542863315270773,-0.1099513511812154,0.527467910351935,0.2062222827571616,1.1814509611118185,0.6676070365680152,0.7116403149314533,0.3251153981531977,1.086072474315764,-0.9748179601041158,-0.4192576721752588,1.7418557092518512,-0.5483149272768515,1.3385430674673278,0.8332958798225025,0.9544645929727534,0.2667667029546584,1.3172302987691358,1.2305322178334808,1.7758172608274965,0.986937743747369,-0.1939380108374051,-0.6307936184258253,0.8506086952649056,0.0162896577327391,0.0113869760846886,-0.4108857668273317,-0.9368979400852844,0.1904685448125721,-1.4434457964490774,-1.4831845679862237
G18673,0,0,0.00033654206148938954,10.18730/JSTQ7,FULL,Phaseolus,vulgaris,Phaseolus vulgaris,BRA,"FAZ. VERA CRUZ, ESTRADA LIGA PIRACANJUBA - MORRINHOS - MORRINHOS - GOIAS",-17.73,-49.02,0.3591811050669926,-0.6456684839536707,0.3859604233784113,-0.540506405224857,-0.2356004901451534,1.0655035224330855,0.982435303019344,0.4066194406889796,0.0284201741248644,-0.4580014424714164,-0.6630233502020273,-0.7813424006612064,-0.4479571220998433,-1.9975175610318168,-2.220285374835339,0.9393904857531464,-1.4958970187309133,0.6071251130757639,-1.4197407631603518,-0.6772645764464376,-0.7723290777347286,-1.2661692346812117,-1.2420020469343465,-0.8323174972466213,-1.299098997659856,0.9920586557763772,-1.9087781498702303,-0.1099513511812154,-1.0901110558948175,1.582328263787768,0.859349258773604,0.494184133194763,0.7449871119441204,0.8779483548133514,-0.3859057680528925,0.2925206855901142,0.633140253293205,-0.5796183725829034,0.1485831706431123,0.0768000089851691,0.7723496651470638,0.4096944578046211,3.1169729272879865,0.3680227908480681,1.806367537315926,0.4015611012261911,-0.709341541109686,-1.0143144238580168,-0.9814062043554688,0.3748095007866147,0.6216785151423881,-0.3202161982759378,-0.5243613950643023,-0.9146628709856024,-0.3191617970700603,-0.265878261478529,-0.0641150216376775
G10987,0,0,1.424332285575443e-05,10.18730/JP6T=,FULL,Phaseolus,vulgaris,Phaseolus vulgaris,MEX,4 KM SWS DE JIMENEZ DE TEUL - CHALCHIHUITE - ZACATECAS,23.21,-103.81,0.3591811050669926,1.3462364013620076,-1.80637314900962,-0.4669953897081335,-0.9341982220483211,0.8743569707068191,0.7647880641681557,0.6634146577183004,-1.4354580792105334,0.4241215620135375,-0.6630233502020273,-1.2858560454043628,-0.4479571220998433,-0.3780664501346709,0.0789124687921807,1.6248161603415503,1.7073814655801247,-3.1709171487580696,-1.0586408933890536,-0.7166736770237575,-0.3887562712855633,-1.1605425557367202,0.9502746983085808,1.4645363050173188,2.4399419729521705,-0.9566183148041288,-0.6709394610318457,-0.1099513511812154,0.2578714159774761,-1.1698836982734446,-0.1682695661425888,-0.1551436508172494,-1.037399188382932,-0.7996137205691841,-0.734532193877048,0.940224931527697,-0.5727323696394098,-0.6297582015642156,2.162788862194066,-0.062585524218267,0.2404550773209584,-0.2689200046586518,-0.6540691541376474,-0.864855926336767,-0.908284683101315,-1.077258027040431,-1.0324423572729344,-0.4991943505660048,-0.0310615635461716,-0.0400681814110689,0.3173881579909652,0.6124716546742023,0.8843243922039804,0.8720234409736625,0.2327657999080942,0.1623282076856287,0.1938976790757006
G11766,0,0,2.9325362494250933e-05,10.18730/JQJCQ,FULL,Phaseolus,vulgaris,Phaseolus vulgaris,PER,HUAMBOS - CHOTA - CAJAMARCA,-6.47,-78.97,0.3591811050669926,-0.9128343489849632,-1.80637314900962,-0.2287326169626976,-0.2280006821830269,-0.0449669209290347,0.3153328144687852,-0.2218267364906301,-0.7620741140876701,-0.791402248199095,0.3085889191485086,0.7321985335682625,-0.4479571220998433,-0.493741529484467,-0.4620752591201768,-0.4314608634236613,-0.4281375239605672,-0.1076396391630694,-0.9232284422248168,-0.3225826712505587,-0.7588703827715999,-0.8436625189032455,0.6923597871035305,0.152048418009353,0.6517049870072883,0.7322350596989763,-0.395864196845538,-0.1099513511812154,-0.8205145615203591,-1.1698836982734446,-0.2148680411772549,-1.006125932489378,-0.6555783625878945,-0.6375764746515529,-0.3084332289808579,-0.5466688925848857,-0.1287519948324015,-0.5645764238885097,-0.0950478165872617,1.0135963540969457,-0.2111011551125153,-0.1679497285571451,-0.0401785827427768,-0.3738865256879388,-0.2913182693701239,0.3268732664652505,-0.6016412690552697,-0.9570788601589044,-0.962952910359172,0.3507902665541172,-0.0705997799153944,-0.4668923638647664,-0.5468580210704657,-1.004728973667859,-0.4027246668929212,0.3764311870368224,1.096941977785008
G20972,0,0,0.013140402631529,10.18730/JTX71,FULL,Phaseolus,vulgaris,Phaseolus vulgaris,RWA,GASIZA - KINIGI - RUHENGERI,-1.46,29.57,0.3591811050669926,0.7537556987782953,0.3859604233784113,2.875819687593161,1.7649028057315324,-1.2373573150309836,-1.175412536109588,-1.454464478898296,0.8209626867080675,-0.9111212927682004,0.7943950538237766,1.2367121783114188,1.6715856677022964,2.3981354542604363,2.919098040332058,-0.2943757285059805,-0.1611976502679807,0.6071251130757639,0.5437397787210821,1.726690558770075,1.1253469120664046,1.057617702097602,-0.5972147689217209,-0.1760735537426384,-0.5946420031967207,-0.9566183148041288,1.3921250203654618,-0.1099513511812154,1.875450382224229,0.2062222827571616,-0.3988093693274521,-1.3005416190763224,0.5148942125567179,0.0105725090189722,0.2726108140594013,-0.969545269090382,0.2768597056085688,0.207576942423698,-0.6587988761826513,1.359764991593355,-0.43549416371143,-0.2125645155190302,0.500629777771752,0.4334853776012452,1.0797182055880783,1.865442662540625,0.7311495976181305,-0.6995188235128984,-0.8245532053869441,0.0149577006488343,-0.5043376666242408,-0.8249547680963188,-1.59030446847398,-1.808287483536117,-0.718406619557062,-0.6940846030272442,-0.4511339189202276
G22726,0,0,0.0004754402003414052,10.18730/PF4X2,FULL,Phaseolus,vulgaris,Phaseolus vulgaris,PRT,SANTA - PORTO MONIZ - MADEIRA ISLAND,32.85,-17.19,0.3591811050669926,-1.057055511368051,0.3859604233784113,-0.5944796597106067,0.8552642527262363,-1.1918462312866345,-0.5027519204275088,-1.1563048130571654,0.7108462348604795,-0.4496141963603795,-0.1772172155267593,0.2276848888251061,1.6715856677022964,1.7040849781616596,1.837122584507343,0.5281350810001041,0.7730919076560719,0.6071251130757639,1.6270393880349767,2.2784179668525533,2.605803358010551,2.219511170487009,-1.3709595025368717,-1.488561440750604,0.0556259916923274,-1.2164419108815294,0.8419744919928466,-0.1099513511812154,2.145046876598688,1.582328263787768,-0.4560355266961522,-0.5987836764421943,-0.6539110227372612,-0.8186769259712584,-0.5408508461969617,-0.3475081824734766,-1.235962312252348,0.3880803267564219,-2.4435379100768784,-1.191983854400848,-0.7346848066173332,0.1091317072333537,0.4860133355956836,-0.2538717833071142,0.2022548616148289,-0.3751923802875902,-0.7362666091232899,-0.9856966420084606,-1.018312792348063,-0.9886095769198784,-0.7394711244230676,-0.2707489424302935,0.3903911182745426,0.7822387948622879,0.2100697118080579,3.802082429888313,3.419055361480309
G3384,0,0,4.673876115117817e-05,10.18730/K1WK8,FULL,Phaseolus,vulgaris,Phaseolus vulgaris,MEX,SAN ANDRES CALPAN - SAN ANDRES CALPAN - PUEBLA,19.12,-98.49,0.3591811050669926,1.0917701988376485,0.3859604233784113,-0.3327217608051397,-0.609160281514295,0.4920638672542858,0.165538875675721,0.8966370014942937,-0.3814657821810976,-0.3468678074417939,-1.1488294848772953,-0.7813424006612064,-0.4479571220998433,-0.0310412120852824,0.0789124687921807,0.8023053508354656,-0.0277277134216875,-0.1757124727096249,1.0628208415173233,-0.2831735706732388,1.333956683994898,0.9519910231531106,-0.2103424021141454,-0.3401345396186341,0.4891379882850262,-0.1771475265719264,-0.6709394610318457,-0.1099513511812154,0.2578714159774761,0.2062222827571616,-0.6146338682483927,-1.1230856472889017,-0.3654612285776914,-0.2467807639090303,-0.5408508461969617,0.8493972906711542,-0.1342332340275498,-0.7551077740174961,1.369571293534475,0.5436424608228796,-0.477048435815825,-0.6728013665919588,-0.8586993446026043,-0.5375429925708816,-0.9357054126004792,-0.7038188532357285,-0.157377646830803,0.4738102323189067,0.4671773743538484,0.3988287350191121,0.4752077488212487,0.72147217772943,0.5147842267792101,0.3794744419300718,-0.1597733601857148,-0.0517750268964503,0.1938976790757006
G22798,0,0,1.820885926086847e-05,10.18730/JR80C,FULL,Phaseolus,vulgaris,Phaseolus vulgaris,MEX,YANHUITLAN - NOCHISTLAN - OAXACA,17.54,-97.35,0.3591811050669926,1.0859828555481663,0.3859604233784113,-0.0657203880011256,-0.1864940386975668,0.6741082022316826,0.7289557966751362,0.356464114399724,-1.084127284449407,-0.4441097546529117,-0.6630233502020273,-0.7813424006612064,-0.4479571220998433,-0.1467162914350786,-0.0563344631859086,0.6652202159177848,-0.0277277134216875,0.1986881117964306,0.1826399089497839,-0.4802190735598382,0.7148567156909822,0.1069775915971782,0.4344448758984802,0.152048418009353,-0.0527520074558472,-0.3070593246106268,-0.2583265647523842,-0.1099513511812154,-0.0117250783969826,-1.1698836982734446,-0.2410285751607137,-0.715743391241718,-0.8739998830208635,-0.656639680053627,-0.6957959243410308,0.6944053837438808,-0.380888997809221,-0.7851916714062834,0.5621894223180648,0.4820388389712496,-0.1917091993317272,-0.3558014672586549,-0.9463979976590144,-0.8539454952112374,-0.9494157773500612,-0.7038188532357285,-0.2381528508716151,0.1017790682746758,-0.2155945035091419,0.2684698001391031,0.1499929964810916,0.5650176011013459,0.0807316779544128,0.1163125481553533,-0.7689569975980518,0.2693796973612255,0.1938976790757006
G20173,0,0,5.232053163438922e-05,10.18730/JN69Y,FULL,Phaseolus,vulgaris,Phaseolus vulgaris,MKD,DUKATINO - VASILEVO,41.54,22.54,0.3591811050669926,-1.1984256238815842,0.3859604233784113,-0.5912946085976887,-0.5331622018930299,0.1825884977927112,-2.074882322950695,-0.4581082843247105,-0.1852147685076227,2.3803327464769444,0.7943950538237766,0.7321985335682625,0.0230523867450766,0.431659105313902,0.0789124687921807,-0.9798014030943843,-0.4281375239605672,0.6071251130757639,-0.4492848631499879,-0.4408099729825183,1.1388056070295332,-0.1042757662918048,0.5634023315010054,-0.0120125678666426,-0.648831002770808,-0.047235728533226,0.9795121240860004,-0.1099513511812154,-0.0117250783969826,-1.1698836982734446,-1.1828081334471543,0.0223123978952846,-1.0874193839019324,-1.4191678961365977,0.233874544523384,-1.755269843049219,-1.0057502660561215,-0.3840730395557858,-0.3443447462938838,-1.584710433087476,-0.4244129857350111,-1.9431489566324376,-0.5956033854333741,-0.7557516150814718,-0.4558426463651082,-0.494692915905095,-0.5343285990212596,-0.6995188235128984,-0.7415133824036074,-1.77513031969675,-1.787109486923421,-1.4176990372699971,-0.4304048982150322,0.4430836269494155,-0.5811984505886609,-0.5870329857362047,-0.580140269276917
G948,0,0,1.977108752727673e-05,10.18730/JZWQU,FULL,Phaseolus,vulgaris,Phaseolus vulgaris,ECU,CANAR - CANAR - CAÑAR,-2.54,-78.94,0.3591811050669926,2.5054713239729773,0.3859604233784113,2.533761678878819,1.3843278070127356,-1.0462107633047169,-0.9340557656134614,-0.577428007534548,-0.7035189525428345,-0.8816983183805641,1.7660073231743127,1.7412258230545752,0.9650714044349166,0.6630092640134944,0.2141594007702701,-1.1168865380120652,-0.1611976502679807,0.6071251130757639,-0.6298347980356369,0.1897356362545997,0.3649306466496385,-0.2099024452362963,0.1765299646934299,-0.1760735537426384,-0.2695080057521966,0.6023232616602759,0.429361595713385,-0.1099513511812154,-0.0117250783969826,0.2062222827571616,-1.0487353718089178,-2.0910276245292745,-0.7106005776587951,-0.9425877610847412,0.0401931968432975,-0.9502571183047268,-0.095864559661512,-0.4091429540464419,-0.2140305152068783,1.0442595890809696,-0.950767024202135,-0.740897613893508,-0.1571101201513236,-0.6357368727006472,-0.3598700931180341,0.2671229986564982,-0.6016412690552697,-0.7281366053624546,-0.8799130873758353,0.1857126203744073,0.5145739838373419,-0.6460673661428846,-0.6348595286828103,-1.0461030895875207,-0.9933387776779558,0.3764311870368224,0.7099227729274225
G22361,1,1,0.788981396076107,10.18730/JVGR$,FULL,Phaseolus,vulgaris,Phaseolus vulgaris,GEO,"SW CAGERI, SIDE VALLEY CCHENISCKALI, KULBAKI - RAYON CAGERI - LECCHUMI",42.63,42.64,0.3591811050669926,-0.6046711513247461,0.3859604233784113,-0.4990819783999469,0.0344849928165732,-0.4909755416236568,-1.839024231802556,-1.3277758760853988,0.8641956970703782,1.858199545132508,1.2802011884990447,1.7412258230545752,2.1425951765472164,1.0100345020628827,1.0256409926388066,-1.3910568078474268,0.6396219708097787,-0.9925864752682916,3.116576350841582,2.4754634697391524,3.487347878095475,2.7476445652094665,-0.726172224524246,-1.1604394689986126,1.0310279840258996,-0.3070593246106268,1.6672002845517695,-0.1099513511812154,1.60585388784977,0.2062222827571616,-1.9087632062128013,-1.0141920308551595,0.4748780561415174,-0.4469444206308101,2.674259525292473,-1.8590742527052844,0.3042659015843101,0.9947722574302996,-0.6163050026607585,-1.6417295132786367,-2.316516955620385,-2.0652525995948023,0.8221915056452557,0.2152767550906549,0.7095383573493639,0.4911865029393197,0.1253355673120395,0.092239807658157,-0.0864214455350627,-1.6803635228158056,-1.6945456370207153,-1.3998678171395906,-0.5802721273443259,0.2868752301098767,-0.9066809867505446,-1.1222909445759592,-0.8381529699902952
G12856B,0,0,6.678883817706161e-05,10.18730/S652U,FULL,Phaseolus,vulgaris,Phaseolus vulgaris,PER,"ROADSIDE, BOTH SIDES OF SAN RAFAEL VILLAGE - SAN RAFAEL - HUANUCO",-10.33,-76.18,-1.2939186614670004,0.1587688073531714,0.3859604233784113,0.8518283840342864,0.5489335317912909,0.0096463795641843,0.124998665755,-0.1039617962418337,-0.9962946730130688,-0.7149978989565268,0.7943950538237766,0.7321985335682625,0.2585571411675366,0.5473341846636982,0.2141594007702701,-0.5685459983413421,1.5739115287338314,-2.0477153952399028,-0.6524035398963431,0.1503265356772798,-0.2137932367648914,-0.6324091610142625,-0.2103424021141454,0.3161094038853487,1.085216983599987,0.3424996655828751,0.2918239636202311,-0.1099513511812154,-0.0117250783969826,0.2062222827571616,-0.6898453859088294,-1.5546263330523855,-0.7539514137752622,-0.866334939476444,-0.3859057680528925,-0.0960236743910723,-0.4357013897607035,-0.684912013443659,1.5452124586636595,0.8829506215091159,-0.6626574139654756,-0.5389569497221123,0.500629777771752,-0.5702742859474701,-0.1953457161230497,-0.4498802150485307,-0.9382046192253204,-1.0238536844745356,-0.9814062043554688,0.4322373062697677,0.4620856704825509,-0.7303342612752901,-1.3739398595323509,-1.1581228047985772,-0.9876647556529468,0.2693796973612255,0.9679354736408012
G8918,0,0,1.3182512659329698e-05,10.18730/K304=,FULL,Phaseolus,vulgaris,Phaseolus vulgaris,MEX,OJUELOS DE JALISCO - OJUELOS DE JALISCO - JALISCO,21.89,-101.6,0.3591811050669926,2.152046042689145,0.3859604233784113,-0.4046775585111937,-0.9002913865249874,0.6012904682407239,0.4546641015132438,0.570627380614132,-1.3769030049196411,0.0490456597099482,-0.1772172155267593,-0.7813424006612064,-0.9189666309447634,-1.5348172436326322,-1.4088037829668023,1.076475620670827,-0.1611976502679807,0.436943029209375,-1.4197407631603518,-1.0319464816423165,-1.3712410035939515,-1.6886759504591775,0.5634023315010054,1.1364143332653274,-0.1069410070299345,-0.8267065167654283,-0.2583265647523842,-0.1099513511812154,-0.5509180671459002,-1.1698836982734446,-0.283539442883837,-0.469724679475044,-1.080750024499399,-0.9616509664868154,-0.6183233852689962,0.6078079390706593,-0.5617698912491133,-0.684912013443659,1.9446540396775736,0.2423397251682042,-0.0421138250398042,-0.2125644931253539,-0.7563842493701259,-0.8539454952112374,-0.9905468715988072,-0.92788235751855,-0.8305043471709042,-0.4514980474834111,-0.1971412095128449,0.1907348238957476,0.6053645799104936,0.8301851004599735,1.112268146884076,0.9108644477553856,0.4447678955697966,0.4834829319433041,0.7099227729274225
G19102,0,0,6.81996458320077e-05,10.18730/JMH4K,FULL,Phaseolus,vulgaris,Phaseolus vulgaris,MEX,AMECAMECA - AMECAMECA - MEXICO,19.12,-98.78,0.3591811050669926,1.6501821432661032,0.3859604233784113,-0.0085652663302544,-0.1864940386975668,1.2657522909082222,0.2393708338759064,1.083716536921317,-0.5571310923077175,-0.3885429371381005,-1.1488294848772953,-0.7813424006612064,-0.4479571220998433,-0.2623913707848747,-0.191581395163998,0.8023053508354656,-0.294667587114274,0.6071251130757639,0.8822709066316742,-0.5196281741371581,1.0042186573982472,0.7407376652641275,0.3054874202959551,0.3161094038853487,-1.0281539997894191,-0.4369711226493272,-0.395864196845538,-0.1099513511812154,0.2578714159774761,-1.1698836982734446,-0.4568530740816564,-0.8851331877382411,-0.3021023142536241,-0.1228699287955476,-0.5795871157329789,0.7926216957263819,-0.0684583636857708,-0.7149959108324463,1.4687236031720088,0.5579403480294715,-0.3856290609636928,-0.5248681026300925,-0.7856171337222626,-0.4829908369432339,-0.9494157773500612,-0.6141934515225999,-0.1439151128240009,0.5215065354015004,0.5778971383316306,0.4088731420617929,0.4117252617232246,0.8241454936416099,0.6411623316961862,0.4107161212979795,-0.2892442263927398,-0.0517750268964503,0.1938976790757006
G10195,0,0,0.0353183040795425,10.18730/JJE0H,FULL,Phaseolus,vulgaris,Phaseolus vulgaris,ESP,"W ORENSE, NEAR PONFERRADA - ORENSE - ORENSE",42.47,-7.75,0.3591811050669926,-0.7256495840744838,0.3859604233784113,-0.5083830889715877,-0.2011090540093485,-0.4181578076326981,-1.968714507972152,-0.8288736215007989,0.0679233253374019,2.317138538309658,0.7943950538237766,1.2367121783114188,0.2585571411675366,-0.0310412120852824,-0.3268283271420874,-1.802312212600469,1.306971655041245,0.6071251130757639,0.5888772624424944,0.386781139141199,1.5896718882943417,0.7407376652641275,-1.1130445913318214,-0.6682565113706256,0.0014369921182401,0.8621468577376766,0.8419744919928466,-0.1099513511812154,-0.2813215727714414,0.2062222827571616,-0.8647940387859396,-0.4777909701536156,0.9584066128251892,0.4108998224625318,0.5825009703475396,-0.7470903548501538,-0.643988479176337,2.358575605721992,-0.8854323943793154,-1.1245720774859196,-1.5907025523964164,0.2711538294840767,2.166904185843544,0.7935296047437191,1.7241053488184337,0.7600627080787056,0.4888239854956941,-0.4991943505660048,-0.750740029401756,-1.8814700203442616,-1.955568600731027,-1.5781800184436567,-0.512782249325836,0.2091932165464304,-0.954136443686984,-0.265878261478529,-0.4511339189202276
G51489,1,1,0.9895162783702433,10.18730/K42Q*,FULL,Phaseolus,vulgaris,Phaseolus vulgaris,COL,SAN MIGUEL - SANDONA - NARIÑO,1.29,-77.44,0.3591811050669926,0.6111118162916366,-1.80637314900962,3.9365808023947113,1.9595748096844647,-1.44670830025499,-0.596768316106975,-0.220823607005559,1.11169009555369,-0.9581026676231325,0.3085889191485086,1.2367121783114188,2.1425951765472164,1.819760057511456,1.972369516485432,0.1168796762470617,0.2392121602708989,0.5050158627559306,2.055845483388393,1.7660996593473948,1.313768641550205,1.797004454709043,-1.1130445913318214,-0.3401345396186341,-0.4862640040485459,-0.4369711226493272,0.429361595713385,-0.1099513511812154,1.875450382224229,1.582328263787768,-0.3873641113457838,-1.256177635745107,0.6282733223997857,0.0486989198231207,0.6599735094195741,-0.8836495013509519,0.874314777879728,1.9323870593808368,-1.3160360880711528,1.0763034128690443,-0.4687375127042802,-0.2102163370142338,0.792958621293119,1.00082779612878,1.6144224308217774,1.5218786226402987,0.7446121316249326,-0.4133410050173361,-0.732286735405459,0.4894467550780799,-0.1805415173477267,-0.5264256310743499,-1.2167943102245926,-1.3565496872704237,-0.406851228365655,-0.8011362203182835,-0.709146619633606
G20097,0,0,2.8344919143750987e-05,10.18730/JMXE6,FULL,Phaseolus,vulgaris,Phaseolus vulgaris,MKD,ZELEZNICA - KRATOVO,42.09,22.16,0.3591811050669926,-0.845000342597752,0.3859604233784113,-0.5951674317806741,-0.106988355401474,-0.4363622411304377,-1.9577651650957688,-0.7204240247409793,0.0050782558327356,2.251287571151721,1.2802011884990447,1.2367121783114188,0.0230523867450766,0.2003089466143097,0.2141594007702701,-0.9798014030943843,-0.0277277134216875,0.6071251130757639,-0.2687349282643388,-0.4802190735598382,0.6071871559859534,-0.2099024452362963,0.9502746983085808,0.3161094038853487,-0.7572090019189827,0.0826760695054743,0.8419744919928466,-0.1099513511812154,-0.2813215727714414,-1.1698836982734446,-1.4632164719581804,-0.3769636443984433,-0.9590342154031644,-1.3143202664251894,0.3500833531314358,-1.724109708003843,-0.841313090201674,-0.3289192276763424,-0.3755069320016574,-1.5625261969989226,-0.6820494423998499,-2.114563701578138,-0.551754058905169,-0.7121098905793538,-0.4284219168659441,-0.3901299472397783,-0.3862407249464373,-0.5755084354981548,-0.6677002064184193,-1.8028616174015424,-1.8165455004940128,-1.3895142054509673,-0.5412338645689249,0.2224216753778868,-0.7261439223184379,-0.0517750268964503,0.1938976790757006
G30,0,0,8.432066558799157e-05,10.18730/PQ4PA,FULL,Phaseolus,vulgaris,Phaseolus vulgaris,CAN,LENORE - MANITOBA,52.5,-105.0,0.3591811050669926,-0.8790899863975982,0.3859604233784113,-0.4561116249163374,0.0339003922041019,-1.100824063797936,-2.7533626241224183,-0.0763764050482207,-0.6449637909979988,4.126259710805054,0.017105238343348,-0.1759260269694192,0.6353647482434729,1.4743517407498308,1.2116432995874284,0.1442967032305978,-0.3480555618527913,0.3010504007731131,1.4571273708710106,2.63342770821518,1.5502023100500844,1.785247647009916,-0.365091348837176,-0.4385711311442317,-0.3895933653153429,-0.1251828073564464,-0.065773879821969,-0.1099513511812154,0.7431451058515022,-0.6748947632776997,-3.173461980844411,-1.1190525019496171,-1.1724537162842332,-1.209472636713781,-0.2309606899088233,-0.4120570221543631,-0.5727323696394098,-0.6046882870735595,-0.6418013552259854,-2.137048939900822,-0.2831285477643729,-4.220851685526086,-0.7125349228419209,-0.9630498064665326,-0.908284683101315,-0.778506687996669,-0.6151038030620718,-0.4801158293329673,-0.4278073844665578,-2.239356610408474,-2.891491971969494,-1.3115745174616094,-0.2567177121380363,0.6223714626012825,-2.325186493002811,1.7681020842048922,2.6450175669152087
G18210,1,0,0.3212140912058933,10.18730/JTABT,FULL,Phaseolus,vulgaris,Phaseolus vulgaris,ESP,AGENCIA SEA DE CERDEDO - QUINA - PONTEVEDRA,42.6,-8.43,0.3591811050669926,-1.1489460845018478,0.3859604233784113,-0.5011070372305857,0.0350695934290445,-0.6457132263544441,-1.8916150428438163,-1.059746459630701,0.424284656563446,2.035849161225266,0.7943950538237766,1.7412258230545752,0.2585571411675366,0.6630092640134944,0.0789124687921807,-2.350652752271192,-0.0277277134216875,0.6071251130757639,0.8822709066316742,1.4114177541515158,1.9328686098541208,1.58575109682006,-1.628874413741922,-1.3245004548746084,-0.1611300066040218,1.511705847931179,0.8419744919928466,-0.1099513511812154,-0.2813215727714414,1.582328263787768,-1.1484724241883155,-0.9577288422814336,1.1784954731087915,0.5824686710812003,0.6212372398835568,-0.7757696483115126,-0.5508074128588167,2.7296103401837013,-1.392524923300185,-1.199206306761633,-1.864960647230888,-0.0247127656206837,2.561548124597389,0.7717087424926602,1.6692638898201055,0.9542510784571508,0.6772994615909224,-0.3847232231677799,-0.7415133824036074,-1.8808149503197389,-1.9250686348627024,-1.5413671768841075,-0.4806914739935148,0.1531833589409021,-0.992822957493864,1.7681020842048922,1.2259481743541794
G25,0,0,7.678645236683611e-05,10.18730/PQ4RC,FULL,Phaseolus,vulgaris,Phaseolus vulgaris,CAN,ARBORFIELD - SASKATCHEWAN,53.1,-103.5,0.3591811050669926,-1.0387763192621235,0.3859604233784113,-0.41405461402305,-0.0479436935418758,-1.0189041130581074,-2.7863927947054763,-0.3933580518901248,-0.3814657821810976,4.15404321892365,4.195037996550653,1.7412258230545752,4.733147475194277,2.166785295560844,2.242863380441611,-0.4314608634236613,-1.0954872081920335,0.6071251130757639,1.7850205810599196,1.8055087599247144,0.9907599624351184,1.3744977389310766,0.5634023315010054,0.3161094038853487,-1.0281539997894191,-0.6967947187267279,1.117049756179154,-0.1099513511812154,2.4146433709731467,-1.1698836982734446,-3.266658934081049,-1.090820830737639,-1.0674113056943322,-1.142751417806521,-0.2309606899088233,-0.412039684923938,-0.4192576721752588,-0.5996743041754283,-0.4548286276576282,-2.158759447167074,-0.263736539144613,-4.450970139054645,-0.7271513650179893,-0.8539454952112374,-0.8397328593534049,-0.7486315540922928,-0.5747162010416657,-0.4038017444008174,-0.3632208554795182,-2.30005976601424,-3.0688173549248687,-1.3515509625926825,-0.2362060825441816,0.5849377386739696,-2.5965079098350627,1.3398956150407346,2.2579986696326584
G750,0,0,0.004776892186797,10.18730/K3G1T,FULL,Phaseolus,vulgaris,Phaseolus vulgaris,GTM,"SAN PEDRO, JEMA - SOLOMA - HUEHUETENANGO",15.66,-91.47,0.3591811050669926,-0.1070483552771104,0.3859604233784113,1.0010869565194696,0.7091140996084189,-0.2725223396507806,-0.653524518774471,0.1824250709512433,0.7310817309268886,-0.770564716471338,0.3085889191485086,0.7321985335682625,1.4360809132798364,1.357059740112271,0.7551471286826278,-0.1572905935882998,0.2392121602708989,-0.6862587243087916,1.2433707764029722,3.1454181795535905,2.652908790381501,2.219511170487009,-1.8867893249469725,-1.816683412502596,0.760082986155463,0.4724114636215755,-0.2583265647523842,-0.1099513511812154,1.0666608991008526,2.958434244818374,-1.10841408947141,-1.8611413595007908,0.5815878065820519,0.6873163007926087,0.0401931968432975,0.2037619407338294,1.0113457577584342,-0.4943806633146727,0.1457502540718387,0.3675050170847774,-0.8316447572479299,-0.9287493973823704,-0.6540691541376474,0.4989479643544223,-0.346159728368452,-0.3005045455266497,0.9196250737133588,1.4468148152038185,0.7716567252927494,0.7045280797963527,0.4624403212484617,1.1704162845611192,1.113922310561,0.5126033999572823,0.2116171723603331,1.6610503392984106,0.7099227729274225
G5711,0,0,0.0003057956574069307,10.18730/JGG4=,FULL,Phaseolus,vulgaris,Phaseolus vulgaris,GTM,CHIMALTENANGO - CHIMALTENANGO,14.67,-90.83,0.3591811050669926,0.5785213768296886,0.3859604233784113,-0.1127364607306639,0.1245134871371488,-0.0540691376779045,-0.1415957579081602,1.0160065403070042,0.1748079907330101,-0.5760808882898949,-1.634635619552563,-0.7813424006612064,0.7295666500124566,1.4727348194620673,1.5666287205511642,1.3506458905061889,-0.294667587114274,0.5730886963024862,1.2433707764029722,-0.0861280677866394,-0.4089443137302562,0.7407376652641275,-0.8551296801267712,-1.1604394689986126,-0.1611300066040218,-1.086530112842829,-0.2583265647523842,-0.1099513511812154,1.60585388784977,0.2062222827571616,-0.0734376099868655,-0.6633131941570473,0.5382369704655848,1.0304539980299456,-0.5795871157329789,0.7163280790026872,-0.6056198048102992,-0.5344925264997225,-0.3925044483148063,0.3521252940546673,-0.0393435041262121,-0.0693275525825677,-0.9025486711308094,0.4989479643544223,-0.4421322816155262,-0.3751923802875902,0.5292115875161002,1.790228197398493,0.9469630182575712,0.9106567808461492,0.6794865899858403,1.406823751451349,1.4308600710595942,0.733828264670575,0.718668413322507,1.125792380458656,-0.3221277223510561
G24422,1,1,0.8905320787955101,10.18730/PFCZ1,FULL,Phaseolus,vulgaris,Phaseolus vulgaris,COL,"4 KM NE GACHETÁ, RESGUARDO 2 - GACHETA - CUNDINAMARCA",4.82,-73.61,0.3591811050669926,0.9079890525700556,-1.80637314900962,2.9985489968705235,1.402450425999345,-0.9096775120716694,-0.5648216290772026,-0.7369219604405719,1.1702452134715535,-0.8539149096231585,1.2802011884990447,1.2367121783114188,1.6715856677022964,0.5473341846636982,0.484653264726449,-0.2943757285059805,-0.1611976502679807,0.6071251130757639,0.3857585856961391,1.2537813518422365,2.5250511882317794,1.1632443810420936,-1.1130445913318214,-1.1604394689986126,-0.5404530036226333,-0.047235728533226,0.429361595713385,-0.1099513511812154,0.7970644047263937,1.582328263787768,-0.2557438745518549,-1.0383906721155265,0.676626178068153,0.2297993711428263,0.3113470835954186,-0.7516814486114748,0.7537275155864666,1.3758349576882722,-1.1205646690440016,0.9732657790456668,-0.3468450569339166,-0.1139423395444527,-0.5663705010812374,0.4553062398523042,0.3941999681089773,1.0289389132180913,1.565826706039856,0.9889303056109188,0.6240303733223732,0.8925331768343556,0.1546034564379313,0.0950786705677262,-0.7493276551259351,-0.9385866795105768,0.1775730402102787,-1.4434457964490774,-1.6121908414491544
G20335,0,0,1.7987785237073446e-05,10.18730/JNBB7,FULL,Phaseolus,vulgaris,Phaseolus vulgaris,MKD,DRAGOMANCE - NAGORICHANE,42.22,21.85,0.3591811050669926,-1.1701516013788775,0.3859604233784113,-0.5912591311424921,-0.485809552282857,0.1643840642949716,-2.0954926022114533,-0.4182653067959553,-0.2333747313684547,2.448631952959171,0.3085889191485086,0.2276848888251061,-0.6834618765223034,-0.0310412120852824,0.2141594007702701,-0.8427162681767036,-0.9620172713457402,0.6071251130757639,-0.9232284422248168,-0.5984463752917978,-0.3349214914330489,-0.8436625189032455,1.337147065116156,0.9723533473893315,-1.2449099980857687,-0.3070593246106268,1.254587388272308,-0.1099513511812154,-0.5509180671459002,-1.1698836982734446,-1.1713629290660768,0.1634704847172699,-0.9890463327145648,-1.3524466772293378,0.3888196226674531,-1.7497599994431363,-0.8961254821531565,-0.3289192276763424,-0.0327236296459594,-1.5500154623363218,-0.3662370787634195,-1.9666304281689408,-0.5371376167291007,-0.7121098905793538,-0.4284219168659441,-0.4349426480963426,-0.4400908609736454,-0.5945869567311922,-0.7138334414091619,-1.8266624949591992,-1.8083885328780656,-1.406195024282638,-0.473743986550435,0.3811631813553641,-0.6075052799773393,-0.4799814960606078,-0.1931213719943667
G24324A,0,0,3.876665752381016e-05,10.18730/S3PXE,FULL,Phaseolus,vulgaris,Phaseolus vulgaris,MEX,PUENTE GRANDE - ZAPOTLANEJO - JALISCO,20.57,-103.15,-2.9470184280009937,0.1870014787510379,0.3859604233784113,-0.5818490707001003,-1.4048017150876937,0.4374505667610667,1.188761039551163,1.5812572818735875,-0.820629188378562,-0.0273587226530163,-1.634635619552563,-1.790369690147519,-0.4479571220998433,0.7786843433632905,1.0256409926388066,1.3506458905061889,0.2392121602708989,-0.5160766404424028,0.5211710368603759,-0.7166736770237575,-1.007856239589479,-0.1042757662918048,0.9502746983085808,0.3161094038853487,0.9768389844518124,-0.6967947187267279,-0.6709394610318457,-0.1099513511812154,0.527467910351935,-1.1698836982734446,0.6255393761715781,0.6716400280570677,-0.3988080255903584,0.420431425163569,-0.6957959243410308,1.6204344382541196,-0.5727323696394098,-0.73003785952684,1.8143396004766,0.1534087189552637,0.7806604165319453,0.4730944936554723,-0.7710006915461942,-0.7339307528304128,-0.908284683101315,-1.0473828931360547,-0.8574294151845081,0.426113929236313,1.1499492522168386,0.2106052813062683,0.5493297588965953,0.9400484244892532,1.0781923751394464,0.8647055701307291,0.3044648054968452,-0.9081878376093228,-0.8381529699902952
G4888,0,0,1.5540927787905615e-05,10.18730/JGZA3,FULL,Phaseolus,vulgaris,Phaseolus vulgaris,MEX,SANTA CRUZ JUVENTINO ROSAS - SANTA CRUZ JUVENTINO ROSAS - GUANAJUATO,20.66,-101.0,0.3591811050669926,0.7424537789581321,0.3859604233784113,-0.5903899011828844,-1.5778434963791894,0.5011660840031557,0.900644723677806,0.4126380262720219,-1.113404821594853,-0.0343045334418723,-1.1488294848772953,-1.790369690147519,-0.9189666309447634,-0.1467162914350786,0.2141594007702701,1.213560755588508,-0.1611976502679807,0.0965788614765972,-1.4197407631603518,-0.874310079333037,-1.0616910194419935,-1.5830492715146862,1.337147065116156,1.4645363050173188,0.6517049870072883,-0.3070593246106268,-0.9460147252181532,-0.1099513511812154,-0.2813215727714414,-1.1698836982734446,0.2511166448486892,0.1836361344885833,-0.7889655506385626,-0.504134036837033,-0.5795871157329789,1.149664131488721,-0.7152445887132642,-0.7450798082212337,1.2137608821144883,0.099326111018517,0.4648481387588459,0.2218427302999499,-0.800233575898331,-0.8539454952112374,-0.9905468715988072,-0.92788235751855,-0.749729143130092,0.0254649833425259,0.2549644933964324,0.2924890343716006,0.7284283956815236,0.9877900783867932,1.1066439903825351,0.788149382850811,0.546384471835868,-0.3729298787695683,-0.0641150216376775
G22405,1,1,0.9616161785613134,10.18730/JVHY=,FULL,Phaseolus,vulgaris,Phaseolus vulgaris,GEO,"N GEGECKORI, DOBERAZENI - GEGECKORI - MEGRELIA",42.59,42.33,0.3591811050669926,-1.1701516013788775,0.3859604233784113,-0.4469328437737206,0.1391285024489306,-1.0280063298069773,-1.8156535406304064,-1.676933822432542,1.2624953428121564,1.7391829894593962,0.7943950538237766,1.2367121783114188,2.1425951765472164,1.819760057511456,1.2961348565949853,-0.2943757285059805,0.9065618445023652,-0.2778217230294583,2.0107079996669808,2.4754634697391524,1.9867033897066355,2.0082578125980257,-0.8551296801267712,-0.996378483122617,0.5433269878591136,-0.9566183148041288,1.3921250203654618,-0.1099513511812154,2.145046876598688,0.2062222827571616,-1.3242385957015217,-0.4777910470787316,0.956739272974556,-0.1609963395996961,3.487721185548836,-1.87185293903334,0.7537275155864666,1.370820974790141,-0.8401056735167578,-1.550974938049058,-1.743068166692255,-1.0532011814101034,1.1583696756948276,0.4771271021033633,1.0797182055880783,0.7600627080787056,0.3003485094004657,0.3402605836876443,0.1903779644093928,-1.6751229626196242,-1.7271735074845045,-1.4208626408415208,-0.6007837569381806,0.245219657619333,-1.0908287924712934,-1.1222909445759592,-0.9671593203469846
G7212,0,0,0.0013515033576718,10.18730/JFG5B,FULL,Phaseolus,vulgaris,Phaseolus vulgaris,HND,SAN ANTONIO DE SIGUATEPEQUE - SIGUATEPEQUE - COMAYAGUA,14.61,-87.85,0.3591811050669926,-0.1073185420106782,0.3859604233784113,-0.0551987010548631,0.7745893682052011,-0.8641664283273202,0.381168750706165,0.5360200830250185,0.3211958073411554,-0.4232721898047584,-0.6630233502020273,-0.2768287559180501,-0.2124523676773833,-0.3780664501346709,-0.3268283271420874,0.2539648111647425,-0.828547334499447,0.6071251130757639,0.4760335531389636,-0.2437644700959189,-0.1464997619492484,0.4238576284306529,-0.4682573133191957,-0.996378483122617,-0.5404530036226333,-0.1771475265719264,-0.1207889326592303,-0.1099513511812154,-0.0117250783969826,0.2062222827571616,0.6206343101591459,0.2683309173491712,0.4265252004731503,0.5062158494729032,-0.2696969594448407,0.1317538297603347,0.8030586683428007,-0.2236255868155868,-0.7636168028281444,0.35266103973335,0.4759292638962918,0.3979537444300453,-0.551754058905169,0.6844252934884241,-0.2090560808726318,-0.4349426480963426,1.2023382878562012,0.9698517843778812,0.3103243753853235,0.7637027386782329,0.8926317002982006,1.5960647650934066,1.3951301356380408,1.1374369873154373,1.161757951457306,0.2693796973612255,-0.4511339189202276
G4762,1,1,0.9199319305395592,10.18730/JH26N,FULL,Phaseolus,vulgaris,Phaseolus vulgaris,MEX,LA INDEPENDENCIA - LA INDEPENDENCIA - CHIAPAS,16.47,-91.82,0.3591811050669926,-0.1226991367130528,0.3859604233784113,0.6443219860420848,0.6944990842966371,-0.5910999258612251,-0.2622079338137448,-0.8226875224766268,0.8481919994828451,-0.7011062111380221,-0.1772172155267593,0.2276848888251061,0.9650714044349166,1.0100345020628827,0.8903940606607171,0.6652202159177848,0.2392121602708989,-1.5371691436407362,0.7694271973281435,2.239008866275233,2.3164414163032863,1.6913777757645514,-0.726172224524246,-1.1604394689986126,1.6271069793408603,-0.047235728533226,-0.6709394610318457,-0.1099513511812154,1.0666608991008526,0.2062222827571616,-0.4593055992914228,-1.0545229842347643,0.9017170579036552,0.8874799575143886,0.6987097789555914,-0.0076997056618154,2.008931291275416,-0.2186116039174556,-0.4038360605662493,0.3653144114884369,-0.272047422626927,-0.4919939954522688,-0.3763567527923488,0.5862314133586584,-0.0993731628759756,-0.1959415768613329,0.8657749376861508,1.647139288150712,0.9377363712594228,0.4101832821108382,0.193260389922203,0.7292373864958973,0.603778232597709,0.2742096844201844,-0.0772421307310374,0.6975861665253832,0.1938976790757006
G50462,0,0,3.5249069948613925e-05,10.18730/JXE2=,FULL,Phaseolus,vulgaris,Phaseolus vulgaris,BOL,"23 KM S DE CAMARGO, EN LA PRIMAVERA - NORCINTI - CHUQUISACA",-20.71,-65.22,0.3591811050669926,1.431058468870127,-1.80637314900962,-0.5865167480285529,-1.6754717986618914,2.175973965795206,0.6214211372670478,0.6824739266072718,-1.4354580792105334,0.0768290353469575,0.7943950538237766,0.2276848888251061,-1.6254808942121433,-1.30346708493304,-1.2735568509887132,-1.802312212600469,1.974321339272712,-1.4690963100941803,-1.464878246881764,-0.559037274714478,-1.1020671043313794,-1.4774225925701947,1.208189609513631,1.300475319141323,1.3561619814704238,2.03135304008598,-0.395864196845538,-0.1099513511812154,-2.438093527767112,-1.1698836982734446,-0.0186639778279301,-0.2277392668978864,-1.0507379071879988,-0.9044613502805926,-0.7732684634130653,0.861467060027361,-0.2657829747111078,-0.8353315003875956,0.981461331526207,-0.0050722038858557,0.306941933823579,-0.4826014605824906,0.5152462199478204,-0.9521393753410032,-0.4421322816155262,-0.7934442549488571,-1.1266800953205487,-1.1001677694066854,-1.073672674336954,1.098880234558993,2.5985018843289045,0.8051638722124674,0.1859364878067646,-0.8119312226136536,1.6311543189807831,-0.265878261478529,0.4519103797890794
G3336,0,0,2.6714646671097237e-05,10.18730/K1TZY,FULL,Phaseolus,vulgaris,Phaseolus vulgaris,MEX,SAN MARTIN TEXMELUCAN - SAN MARTIN TEXMELUCAN - PUEBLA,19.3,-98.43,0.3591811050669926,1.4847791116252698,0.3859604233784113,-0.4455008227883391,-0.925429212861252,0.6103926849895936,0.3906589810969071,-0.0322396643420072,-1.0255722101585147,-0.2913009899269826,-1.1488294848772953,-0.7813424006612064,-0.9189666309447634,-0.6094166088342632,-0.3268283271420874,0.6652202159177848,-0.5616074608068605,0.6071251130757639,0.7017209717460251,-0.6772645764464376,0.5398936811703103,0.5294843073751444,0.9502746983085808,0.4801703897613444,-0.5946420031967207,0.0826760695054743,-0.8084770931249995,-0.1099513511812154,-0.2813215727714414,-1.1698836982734446,-0.3285028806463129,-0.7681734729387174,-0.5872174287119272,-0.5231972422391072,-0.5795871157329789,0.6998512551533221,-0.3699265194189245,-0.7751637056100209,1.624534196955552,0.4224543584253684,-0.1640063336491405,-0.5295643196792097,-0.887932228954741,-0.526632561445352,-0.921995047850897,-0.6888812862835404,-0.3323905889192293,0.1780931532068257,0.2365111994001354,0.3676037305168654,0.4397426722301737,0.7545462150680874,0.6348765097238759,0.4729180234629129,-0.081884512387863,-0.3729298787695683,-0.1931213719943667
G10083,0,0,0.0003991298460188758,10.18730/JP39~,FULL,Phaseolus,vulgaris,Phaseolus vulgaris,NLD,TUBBERGEN - TUBBERGEN - OVERIJSSEL,52.42,6.78,0.3591811050669926,-1.030315689496022,0.3859604233784113,1.0262367306059037,0.8272034233276154,-1.273766182026463,-1.6148297356011654,-1.790256046678308,1.4884585318829209,0.6458994191789181,-0.6630233502020273,0.7321985335682625,-0.9189666309447634,0.3159840259641059,-1.4088037829668023,-3.3102486966949574,-0.9620172713457402,0.6071251130757639,1.0853895833780294,0.8596903460690376,-0.2339812792095844,1.3744977389310766,-1.2420020469343465,-1.6526224266266,-1.1907209985116811,5.019324394976089,-1.9087781498702303,-0.1099513511812154,-2.9772865165160294,1.582328263787768,-1.6438877093010893,-1.1956812249069806,-0.5655420106536936,-1.1713462259096323,0.9698636657077124,-1.838536499404027,-0.4959950209073342,0.0772133870722863,-1.3302006496095526,-1.536519044575196,-2.4300985823986263,-1.6754601989962554,0.0182871859614965,-0.4939012680687635,-0.1130835276255576,-0.4200050811441545,-0.4400908609736454,-0.4324195262503736,-0.4093540904702608,-2.535448261492716,-3.383747235053614,-2.650354028865526,-1.6673884958186278,-0.5220309546051402,-3.578113720161632,2.089256553231684,1.6129670716367297
G50340,1,1,0.9818178135754202,10.18730/JXHE*,FULL,Phaseolus,vulgaris,Phaseolus vulgaris,RWA,"15 KM NE GOMA, NORD-KIVU, KIBATI - BUKUMU - KIVU",-1.53,29.27,0.3591811050669926,1.0917701988376485,0.3859604233784113,2.6219208344332845,1.8976071447625107,-1.319277265770812,-1.268129995388379,-1.772878297351809,0.741149663713154,-0.8852376060458175,0.7943950538237766,1.2367121783114188,2.1425951765472164,1.819760057511456,2.1076164484635216,0.5281350810001041,-0.294667587114274,0.4029066124360972,0.0697961996462532,1.8843269610793545,1.333956683994898,0.9519910231531106,-0.9840871357292964,-0.8323174972466213,-0.3236970053262839,-0.5668829206880276,0.1542863315270773,-0.1099513511812154,1.60585388784977,0.2062222827571616,-0.783859885312776,-1.7724134313009163,0.951737253422656,0.2583941792459377,0.6987097789555914,-1.0553057310191347,0.8359461035136903,0.4783320189227839,-1.4095224835156728,1.3233334577797364,-0.7623876722999213,-0.5131273780586797,0.9391230430538025,0.6298731378607765,1.3127944063309729,2.2538194032975154,1.1888757538493993,-0.6136654779642297,-0.7230600884073104,-0.0712931859133156,-0.7323781091048526,-0.952074111606637,-1.6865767944709436,-1.9219959381724656,-1.3002517872125372,-0.4799814960606078,-0.9671593203469846
G18198,0,0,3.589883754339312e-05,10.18730/JTADW,FULL,Phaseolus,vulgaris,Phaseolus vulgaris,ESP,AGENCIA SEA DE ONDA - ONDA - CASTELLON,39.96,-0.26,0.3591811050669926,-1.5518509051654163,0.3859604233784113,-0.5999980503424829,-0.7880480689305036,-0.7003265268476631,-1.2572427063749645,-0.1749577281458934,0.0910985274706786,1.3224590814661952,1.7660073231743127,0.7321985335682625,-0.6834618765223034,-0.9564418468836516,-0.867816055054445,-1.1168865380120652,0.6396219708097787,0.6071251130757639,-1.0360721515283473,-0.7560827776010773,-0.7454116878084713,-1.1605425557367202,1.8529768875262569,1.4645363050173188,-0.7030200023448953,0.4724114636215755,0.7044368598996927,-0.1099513511812154,-1.3597075502692766,-1.1698836982734446,-0.2998897883181743,0.5103164837765582,-1.1207661809145997,-1.2571306502189663,-0.1922244203728061,-1.1581419178920014,-1.0934500931784934,-0.3840730395557858,-0.4803248485158411,-1.2012928402408436,-0.2083308341989249,0.8581905731092974,-0.5371376167291007,-0.4939012680687635,-0.6066566586105105,-0.5245680498094712,-0.6151038030620718,-0.861686253993717,-0.9352729693647264,-1.3624362042474754,-1.3452146325986274,-0.8295563732912625,0.2127339393729296,0.8343082604754675,-0.3067821126518588,0.5905344216189015,0.7099227729274225
G19908,0,0,0.0003419293510118255,10.18730/JVYX6,FULL,Phaseolus,vulgaris,Phaseolus vulgaris,GTM,1.5 KM W DE SAN MIGUEL DUEÑAS - SAN MIGUEL DUEÑAS - SACATEPEQUEZ,14.53,-90.83,-2.9470184280009937,0.4556046925267504,-2.902539935203636,0.9353232235017438,1.0078450125812377,-0.2725223396507806,-0.1204848186264021,0.9513061234752918,0.4090285169381799,-0.6316477058047062,-0.1772172155267593,-0.2768287559180501,0.9650714044349166,0.8943594227130865,0.7551471286826278,0.2539648111647425,-0.0277277134216875,-0.005530388843236,0.3406211019747269,0.8990994466463574,1.0109480048798114,0.8463643442086191,-1.2420020469343465,-1.3245004548746084,0.1098149912664148,-0.047235728533226,-0.2583265647523842,-0.1099513511812154,0.7970644047263937,1.582328263787768,-0.0243865834294171,-0.5866844711996837,0.5599123885238184,1.1067068196382426,-0.6957959243410308,0.8262994774981193,1.0990455848808065,-0.6147162528698219,-0.307516789075692,0.4850227395122763,-0.0227218956785021,-0.1139423171507778,-0.9463979976590144,0.4662166709778337,-0.5381048348626004,-0.3751923802875902,0.6099867915569123,1.866542282330643,0.8731498422723831,0.9772555666726196,0.6681377654766963,1.4039477482045093,1.455341693478066,0.7971559931190366,0.7284689968202499,1.0187408907830586,-0.4511339189202276
G21193,0,0,4.297340282857267e-05,10.18730/JVY6M,FULL,Phaseolus,vulgaris,Phaseolus vulgaris,MEX,CAMARONES - ITURBIDE - NUEVO LEON,24.53,-99.79,0.3591811050669926,-0.2795198925436205,-1.80637314900962,-0.5958422771535957,-0.273599529955786,-0.8277575613318409,0.6042336353775668,0.4567749583056213,-1.1426823587402992,0.1254500420729127,-0.1772172155267593,0.2276848888251061,0.0230523867450766,0.3159840259641059,0.484653264726449,0.5281350810001041,0.9065618445023652,-1.877533311373514,-0.6749722817570493,-0.1649462689412792,0.041921967534552,-0.4211558031252794,1.0792321539111058,0.4801703897613444,1.3561619814704238,-0.047235728533226,-0.395864196845538,-0.1099513511812154,-0.0117250783969826,-1.1698836982734446,0.1374817839393958,0.2038015534845478,-0.8473224454107299,-0.6852344881567385,-0.3084332289808579,-0.0277271428915794,-0.3260766058577385,-0.5946603212772971,0.638678142725594,-0.2637515481819686,0.5368754785717306,-0.4145051460999111,-0.6833020384897842,-0.6466473038261766,-0.9357054126004792,-0.5693807506660356,-0.3458531229260313,-0.4324195262503736,-0.4370340314647064,-0.3575587866297173,0.0056501347554166,0.1684167533621405,0.298419617837581,0.5798715203980926,0.2678415724263321,0.9116891458765768,0.8389292770716291
G22337,0,0,0.0007058138529259262,10.18730/JVG3D,FULL,Phaseolus,vulgaris,Phaseolus vulgaris,GEO,"SW ONI, NIGVZNARA - RAYON ONI - UPPER RACA",42.57,43.38,0.3591811050669926,-0.6653652751615274,0.3859604233784113,-0.5544344204456744,-0.2531385085192916,-0.1177846549199934,-1.897468837005228,-1.0436073805135064,0.4105480608674186,2.04578168558305,1.7660073231743127,1.7412258230545752,1.2005761588573765,0.5473341846636982,0.3494063327483596,-1.253971672929746,0.7730919076560719,0.130615278249875,1.0628208415173233,0.6232357426051183,3.171068546461953,1.3744977389310766,-0.0813849465116203,-0.3401345396186341,0.0014369921182401,-0.047235728533226,1.254587388272308,-0.1099513511812154,0.527467910351935,0.2062222827571616,-1.5850264802461818,-0.5705520052302171,-0.0870154735219218,-0.8758665421774812,1.8995341345721275,-1.934150402072956,-0.271264213906256,0.4783320189227839,-0.7126242707742112,-1.6762789898083128,-2.094894251422883,-1.8304379122218688,0.3106160294828635,-0.1338570409262895,0.1062823083677547,0.1326848960868052,0.0714854312848314,-0.1271631865217739,-0.2709543854980331,-1.696740273428872,-1.722208396761754,-1.4133850323997377,-0.5349480425966145,0.3364115865851178,-0.7751468398071526,-0.8011362203182835,-0.580140269276917
G3531,1,1,0.9350848172480448,10.18730/K1ZX3,FULL,Phaseolus,vulgaris,Phaseolus vulgaris,MEX,COETZALA - COETZALA - VERACRUZ,18.78,-96.92,0.3591811050669926,-0.9584892257228892,0.3859604233784113,-0.568794026803492,-0.0140368580185421,-1.0006996795603678,0.6893870958971179,-0.772030727108528,1.6386862876953794,-0.1662757333196481,-0.1772172155267593,-0.2768287559180501,0.9650714044349166,0.431659105313902,0.3494063327483596,0.6652202159177848,1.840851402426418,-1.5712055604140138,0.4986022949996698,0.9779176478009972,0.910007792656347,0.5294843073751444,-0.5972147689217209,-0.5041955254946299,1.410350981044511,-0.1771475265719264,-0.5334018289386918,-0.1099513511812154,0.7970644047263937,0.2062222827571616,0.8086631998167441,0.7160041652385141,1.156820055050558,1.2973388736589853,0.8923911266356778,0.2462494141130646,1.1538579768322887,-0.1684717749361434,0.4885335914649782,0.0415965324692816,0.8443770049599485,0.3439463554173541,-0.3325074262641438,0.4225749464757157,-0.0993731628759756,-0.2407542777178972,0.3541986454276739,2.057327494661018,1.7220013661020468,-0.2492538759086378,-0.153233408372599,-0.2066140700257665,-0.4181640870057963,-0.1127931005426368,-0.494024839477158,-0.4799814960606078,-0.580140269276917
G4647,1,1,0.97878122036129,10.18730/JH9F*,FULL,Phaseolus,vulgaris,Phaseolus vulgaris,COL,"GARZÓN, VEREDA SAN ANTONIO - GARZON - HUILA",2.07,-75.68,0.3591811050669926,0.1021794112429182,0.3859604233784113,0.4622255435530912,1.7953020375800386,-1.519526034245949,0.2596972681222398,-1.7490564602639418,0.379750947072505,-0.9442109632444295,0.3085889191485086,0.7321985335682625,0.7295666500124566,-0.1467162914350786,0.0789124687921807,0.1168796762470617,-1.2289571450383268,0.6071251130757639,-0.0881849933786897,1.2537813518422365,0.755232800580368,0.8463643442086191,-1.1130445913318214,-0.6682565113706256,-1.1365319989375942,-0.1771475265719264,-0.1207889326592303,-0.1099513511812154,0.2578714159774761,1.582328263787768,0.7032035437849727,0.082808770270853,0.5382369704655848,-0.3611599963214759,2.5967869862204385,-1.6901436148087283,0.1562724433153073,0.6287515058667205,-1.1913876778846948,1.2228849996216922,0.5285647007673626,0.6092869882585715,0.4713968934196153,0.3462019285970091,0.9837456523410044,1.282877551405289,0.6099867915569123,-0.1176239259052552,-0.1048747395313597,0.7110787800415793,-0.129117156290668,-0.615294131401699,-1.2614567295015344,-1.3497947295692545,-0.2175452208039889,-1.336394179158038,-1.2251718672728455
G18546,0,0,0.0002956527186333826,10.18730/JSQ0U,FULL,Phaseolus,vulgaris,Phaseolus vulgaris,BRA,"CEDRO, RODOVIA INHUMAS - GOIÁS - INHUMAS - GOIAS",-16.57,-49.56,0.3591811050669926,-0.647082185078806,0.3859604233784113,-0.5547891854690151,-0.1987706515594634,0.938072487948908,0.620337425659973,0.7822829187795544,0.3504733881135731,-0.4649472532602724,0.3085889191485086,-0.2768287559180501,-0.6834618765223034,-2.228867719731409,-2.220285374835339,0.3910499460824232,-1.36242708188462,0.6071251130757639,-1.3971720212996457,-0.6772645764464376,-0.7521410352900356,-1.3717959136257032,-0.9840871357292964,-0.1760735537426384,-1.299098997659856,0.7322350596989763,-1.0835523573113073,-0.1099513511812154,-1.3597075502692766,0.2062222827571616,1.1111444821762415,0.7926328112707625,0.9233924759618888,0.9160747656175,-0.4246420375889098,0.2466861162807431,0.8633522994894315,-0.5746043896847722,-0.1800355298600205,0.2538929652496502,0.9053232724743602,0.6703387784235967,3.2192880225204648,0.5207688266054813,2.1628370208050587,0.6405621724612007,-0.6824164730960819,-1.0143144238580168,-0.9906328513536174,0.3815785577066821,0.5560681234488996,-0.2172552820390737,-0.4075774394734842,-0.8240338551615818,-0.1453303950311462,-0.4799814960606078,-0.3221277223510561
G20027,0,0,2.80876832851648e-05,10.18730/JMVDF,FULL,Phaseolus,vulgaris,Phaseolus vulgaris,MKD,VOGJANI - KRIVOGASHTANI,41.28,21.33,0.3591811050669926,-0.8025893088436922,0.3859604233784113,-0.5945411444164901,-0.1876632399225093,0.1461796307972319,-1.5358365600764887,-0.3181384925655675,0.1400284004725072,1.6062178228736532,0.7943950538237766,0.2276848888251061,-0.6834618765223034,-0.1467162914350786,0.2141594007702701,-1.1168865380120652,-0.828547334499447,0.6071251130757639,-0.7878159910605799,-0.7954918781783972,-0.5098845259537208,-0.8436625189032455,1.208189609513631,1.6285972908933144,-1.353287997233943,-1.086530112842829,2.217350812924385,-0.1099513511812154,-0.2813215727714414,-1.1698836982734446,-1.2702824353999873,-0.086580949300554,-0.9306894379423974,-1.2666622529200036,0.3888196226674531,-1.639612905048779,-1.0276752228367143,-0.1784997407324058,-0.1885342322943977,-1.5913867289119132,-1.9563800418976336,0.4190871046427797,-0.3763567527923488,-0.6030055793240586,-0.2227664456222138,-0.4349426480963426,-0.4266283269668434,-0.7376758659789734,-0.7415133824036074,-1.7310222713788912,-1.6080108501384924,-1.2577932567457055,-0.2352135843380273,0.5950701752257235,-0.1391405528220454,-0.6940846030272442,-0.4511339189202276
G18962A,0,0,2.8552678164158053e-05,10.18730/S11FJ,FULL,Phaseolus,vulgaris,Phaseolus vulgaris,MEX,JECOPACO - URUACHIC - CHIHUAHUA,27.73,-108.75,0.3591811050669926,-1.02794637803539,0.3859604233784113,-0.5779989709789244,-1.9239270589621813,-0.8823708618250599,1.495933530064081,0.6859847841413288,-0.967016961359736,0.9172769763763968,-1.634635619552563,-1.2858560454043628,-0.6834618765223034,0.0846338672645136,0.0789124687921807,1.6248161603415503,2.775140960350471,-4.294118902276236,0.8371334229102618,-0.6772645764464376,-0.9338334172922718,-0.2099024452362963,0.9502746983085808,0.3161094038853487,3.68628896315618,-0.6967947187267279,-0.9460147252181532,-0.1099513511812154,0.2578714159774761,-1.1698836982734446,0.8863273479390162,1.6315160415506114,-0.53886457304356,0.0963569333283064,-0.5021145766609444,1.1187325457834894,0.8852772562700245,-0.3439611763707361,1.647197603821995,-0.5167597440622778,1.462150405069462,0.6656424885950324,-0.4202060793205539,-0.7448411839559423,-0.7711810356054948,-0.9876326253273024,-1.0728299592933406,-0.5945869567311922,0.8362432542797891,-0.3309192722991292,0.4709519396303197,0.5529383874646189,1.2399695827425912,1.477717981511838,0.9703886631592727,-0.3729298787695683,-0.4511339189202276
G12676,0,0,1.726667657443453e-05,10.18730/PMEKY,FULL,Phaseolus,vulgaris,Phaseolus vulgaris,PER,"COCACHACRA, FUNDO TAMBO - ISLAY - AREQUIPA",-17.1,-71.77,0.3591811050669926,-1.605571547920559,0.3859604233784113,-0.6149586322636335,-0.8266317093536074,0.2098951480393207,-0.8556654682713962,2.142495122845113,-2.284507528967904,-0.1732215441085041,0.7943950538237766,0.2276848888251061,-0.6834618765223034,-0.8407667675338554,-0.5973221910982662,-0.5685459983413421,1.0400317813486584,0.0965788614765972,-1.442309505021058,-0.8349009787557171,-0.9876681971447862,-1.5830492715146862,1.8529768875262569,1.300475319141323,0.3807599891368515,1.7715294440085794,-1.2210899894044611,-0.1099513511812154,-1.6293040446437357,-1.1698836982734446,0.5020943559498461,0.4578863251544454,-1.7960388204211066,-1.838558414982232,-0.7732684634130653,-1.3932023452427182,-1.5977240991321322,-0.820289551693202,-1.480345384289072,-0.5255120966678289,-0.1002898508990827,0.8417535922998323,-0.9610144398350828,-1.1921688601026523,-1.0865194248458814,-1.077258027040431,-1.1536051633341526,-1.0906285087901668,-1.055219380340657,1.2667965175116345,1.1047128583128287,0.7556966163668233,0.3073521016929693,-1.4212846985732956,-0.9108075482232784,1.3398956150407346,1.99998596891928
G52366,0,0,0.0013727832484795,10.18730/K4ZET,FULL,Phaseolus,vulgaris,Phaseolus vulgaris,CHL,FERIA EN CALLE - PENCO - REGION VIII CONCEPCION (REGION DEL BIO BIO),-36.75,-73.03,0.3591811050669926,-0.919387606849593,0.3859604233784113,-0.5735293189426168,-0.8161088983291246,0.4101439165144572,-1.3062048856854187,0.7426601650924697,0.6725265966489103,0.0490456597099482,1.2802011884990447,2.245739467797732,0.2585571411675366,0.0846338672645136,-0.0563344631859086,-1.6652270776827882,0.6396219708097787,0.6071251130757639,1.017683357795911,0.6232357426051183,-0.6512008230665711,0.5294843073751444,-0.0813849465116203,-0.1760735537426384,-0.3236970053262839,2.421088434202081,-0.8084770931249995,-0.1099513511812154,-1.0901110558948175,0.2062222827571616,-0.9089399632723772,-1.0383907105780843,-0.0419972975548213,0.353710206256309,-0.2696969594448407,0.4923847153699274,-1.32366213937472,1.9524429909733625,-0.987417461864285,-0.7748082583218002,-1.3469175847142787,-0.0857645781793853,-0.7417678071940575,-0.548453423696411,-0.6340773881096745,-0.1212537421003924,1.3504261619310236,1.1129406936256625,0.7532034312964524,2.558594605870317,0.8163817856273895,-0.1893580505447278,-2.1245993361203577,-3.20234187911492,-1.94399537695902,1.7681020842048922,1.99998596891928
G171,0,0,0.0011029929629501,10.18730/JZ63F,FULL,Phaseolus,vulgaris,Phaseolus vulgaris,MEX,SAN PEDRO AMUSGOS - PUTLA DE GUERRERO - OAXACA,16.66,-98.11,0.3591811050669926,-0.8025893088436922,0.3859604233784113,-0.6143112441989348,-1.1902532903107377,1.830089729338152,2.118647172944548,1.6660195230971848,0.6725265966489103,-0.541351635623237,-0.6630233502020273,-0.7813424006612064,-0.4479571220998433,-1.5348172436326322,-1.4088037829668023,1.076475620670827,-0.1611976502679807,-1.1287321423614027,1.0853895833780294,-0.559037274714478,-0.583907348250928,0.4238576284306529,-0.5972147689217209,-0.1760735537426384,1.6271069793408603,-0.5668829206880276,-0.5334018289386918,-0.1099513511812154,-0.0117250783969826,0.2062222827571616,1.5141803779444245,1.3854972913213803,0.8400254834302213,1.8978298438243248,-0.734532193877048,1.321953209772999,0.5235154693902401,-0.7851916714062834,0.1457501865297797,0.5459145893563893,1.2737710663769892,1.139968209153656,-0.844082902426536,0.5535001199820698,-0.7026292118575846,-1.0175077592316786,-0.0227523067627827,1.7234533730828618,1.7220013661020468,0.4839878382070577,0.5308879190692364,0.7660502280554464,0.1065366313144236,-0.1730248067113959,-0.0880743545969638,-0.1588267718029321,-0.3221277223510561
G24364,0,0,3.264442911119764e-05,10.18730/JY6G3,FULL,Phaseolus,vulgaris,Phaseolus vulgaris,MEX,KM 4 LLANITOS-PLAN DE LEGOS - TECALITLAN - JALISCO,19.4,-103.33,-2.9470184280009937,0.4131936587726906,0.3859604233784113,-0.3495672444980966,-0.4969169639198111,1.3112633746525713,0.6538161780467153,1.3871560313784503,-0.5571310923077175,-0.3121385547751359,-0.6630233502020273,-0.7813424006612064,-0.2124523676773833,0.431659105313902,0.484653264726449,0.6652202159177848,1.5739115287338314,-1.9796425616933475,0.2954836182533146,-0.0073098666319996,0.0822980524239378,0.1069775915971782,-0.5972147689217209,-1.6526224266266,2.060618975933559,-0.3070593246106268,-0.2583265647523842,-0.1099513511812154,0.527467910351935,0.2062222827571616,0.4268827798160395,0.1594374932282165,-0.3437858105194579,0.067762125225195,-0.734532193877048,1.242859519757669,0.4851467950242023,-0.6498141331567405,0.4063788352887253,0.3176674252007334,0.5147132018773533,0.2312353099570805,-0.6102198276094425,-0.3847969568134683,-0.8397328593534049,-1.077258027040431,-0.9112795512117162,0.387956886770238,0.8085633132853435,0.3673853738420246,0.4539287028666037,1.006196499166568,0.9088060146224524,0.6657157745171185,-0.0473245600537169,-0.6940846030272442,-0.8381529699902952
G20306,0,0,2.009920232442151e-05,10.18730/JNAFG,FULL,Phaseolus,vulgaris,Phaseolus vulgaris,MKD,STUDENA BARA - KUMANOVO,42.02,21.72,0.3591811050669926,-1.3397957363951172,0.3859604233784113,-0.5855814905257495,-0.5296545982182023,0.3282239657746287,-2.0832906741794126,-0.4408408578070339,-0.2058266861814406,2.4081009968169487,0.7943950538237766,0.2276848888251061,-0.6834618765223034,-0.1467162914350786,-0.0563344631859086,-0.7056311332590228,-0.6950773976531537,0.6071251130757639,-0.8103847329212861,-0.6378554758691177,-0.4425910511380777,-0.738035839958754,1.337147065116156,1.6285972908933144,-0.8655870010671574,-0.6967947187267279,1.5296626524586157,-0.1099513511812154,-0.5509180671459002,-1.1698836982734446,-1.103508988740412,0.2280000408946825,-1.047403227486732,-1.3905730880334863,0.3500833531314358,-1.747014959517766,-0.9783440700803802,-0.3489751592688673,-0.1205441860380047,-1.5962703910486058,-0.2997502618900283,-1.92671192193819,-0.551754058905169,-0.7230203217048833,-0.4284219168659441,-0.5096304828572832,-0.4939409970008535,-0.6613617810468234,-0.7415133824036074,-1.7993679106040883,-1.7959757560711898,-1.3765721908401882,-0.3840883152611666,0.4543418897846975,-0.4733920321134886,-0.5870329857362047,-0.3221277223510561
G1390,0,0,0.000146401484264139,10.18730/PQ05D,FULL,Phaseolus,vulgaris,Phaseolus vulgaris,PAK,RAWALPINDI,33.6,73.07,0.3591811050669926,-1.3600942559831644,0.3859604233784113,-0.599960490926173,-1.4129861236622911,-1.0644151968024569,0.5145321413952508,0.4359176141855383,-0.942998020584234,0.510934223338607,-0.1772172155267593,0.7321985335682625,-1.3899761397896833,-0.9564418468836516,-1.1383099190106238,-1.6652270776827882,1.306971655041245,0.6071251130757639,1.4464894531493275,-0.8349009787557171,-1.2770301388520513,0.3182309494861614,1.981934343128782,2.448902220273293,-0.3236970053262839,-0.3070593246106268,1.9422755487380767,-0.1099513511812154,-1.0901110558948175,-1.1698836982734446,0.8209259233211958,2.155817627771742,-0.2404107397801901,0.5920002737822374,-0.3084332289808579,0.798656067298056,1.3018514351012913,-0.1183319459548312,1.0862794067642283,-1.1598702051111098,1.733638103034319,0.0011168956174544,-0.1863430045034603,-0.9848706687175915,-0.9357054126004792,-0.3303796794310259,-0.7362666091232899,-0.6136654779642297,0.9469630182575712,-0.9172069442469084,0.1173651260173026,-0.512620815489519,0.4112335806037821,1.1146390050739912,0.7119627509293145,-1.336394179158038,-1.6121908414491544
G17000,0,0,1.720553534537571e-05,10.18730/JKT4Q,FULL,Phaseolus,vulgaris,Phaseolus vulgaris,IRN,KASHAN (OURMAK) - KASHAN - ISFAHAN,33.99,51.49,0.3591811050669926,-0.5357885068380462,0.3859604233784113,-0.5476641452550941,-1.9356190712116064,1.9120096800779809,-0.6121917545246378,1.130810610690811,-1.7043313040988863,2.399705324173079,0.7943950538237766,0.2276848888251061,-1.860985648634604,-1.5348172436326322,-1.1383099190106238,-1.5281419427651075,-0.6950773976531537,0.6071251130757639,-1.4874469887424702,-1.150173783374276,-1.6673322927827807,-2.0055559872926523,1.8529768875262569,2.7770241920252845,-1.353287997233943,0.8621468577376766,0.7044368598996927,-0.1099513511812154,-2.168497033392653,-1.1698836982734446,0.4023572675118713,2.591391708881134,-1.5692806007349709,-1.571673539353192,-0.8120047329490826,0.1860762849957897,-1.6086865775224288,-0.4693107488240166,0.6783390523967777,-1.566857153977996,-1.5020534654335185,1.9500789771630067,-0.507904732376964,-1.0830645488473571,-0.8945743183517331,-0.8531945227576094,-1.0593674252865384,-1.109707030023204,-1.0828993213351026,-0.7778953856984232,0.1166558244854811,-0.3481134297702836,0.3526761864406806,1.1650197312618784,2.0649590938019307,-0.3729298787695683,0.3229038756448727
G51262D,0,0,0.001112343249358,10.18730/S5W49,FULL,Phaseolus,vulgaris,Phaseolus vulgaris,PER,POMACOCHA - BONGARA - AMAZONAS,-5.82,-77.97,0.3591811050669926,1.0634961763349418,0.3859604233784113,1.992633273043521,1.4071272308991152,-1.0371085465558472,-0.2111681274305389,-1.131142855686503,-0.293633083490816,-0.8816983183805641,0.7943950538237766,1.7412258230545752,1.4360809132798364,0.0846338672645136,0.0789124687921807,0.3910499460824232,-0.9620172713457402,0.6071251130757639,0.0923649415069593,1.2143722512649164,0.9705719199904256,0.8463643442086191,-0.9840871357292964,-0.5041955254946299,-0.3778860049003713,-0.6967947187267279,0.2918239636202311,-0.1099513511812154,0.7970644047263937,0.2062222827571616,-0.3211452406963025,-1.1392179594081389,-0.2087312826181564,-0.7328925016619242,1.1248087438517815,-1.4008396597776864,-0.205489343564477,-0.0631781340753878,-0.3443448260779413,0.9969603560237572,-0.3690073336282956,-0.2336978309444121,0.2521502607785901,-0.0356631607965238,0.1611237673660828,0.5957494716046364,-0.157377646830803,-0.5755084354981548,-0.5846603834350826,-0.2293834184981172,-0.0964892858268791,-1.3478121583717906,-1.745134188634045,-1.465473380201778,-0.8814057977300497,-0.1588267718029321,0.4519103797890794
G4388,0,0,3.170558595395332e-05,10.18730/JF8KW,FULL,Phaseolus,vulgaris,Phaseolus vulgaris,MEX,XOCOYUCAN - MARIANO MATAMOROS - TLAXCALA,19.3,-98.37,0.3591811050669926,1.416921457618774,0.3859604233784113,-0.4642359106032036,-0.9762894661462526,0.7469259362226413,0.3710427063506627,-0.0297319362930213,-1.0255722101585147,-0.277409302108478,-1.1488294848772953,-1.2858560454043628,-0.6834618765223034,-0.2623913707848747,0.0789124687921807,0.8023053508354656,-0.828547334499447,0.6071251130757639,0.6565834880246127,-0.6378554758691177,0.5802697660596962,0.5294843073751444,0.9502746983085808,0.152048418009353,-1.1365319989375942,-0.3070593246106268,-0.5334018289386918,-0.1099513511812154,-0.0117250783969826,-1.1698836982734446,-0.3178751758974834,-0.7318757418235132,-0.6038908272182606,-0.5422604476411815,-0.6183233852689962,0.7162965573714332,-0.358964041028628,-0.7801776885081522,1.8370030681308989,0.4289107156142777,-0.1723172039217109,-0.5154755117761234,-0.8733157867786727,-0.548453423696411,-0.9494157773500612,-0.6888812862835404,-0.3189280549124272,0.1876324138233445,0.2088312584056898,0.347296559756663,0.45215544903705,0.7375777959117327,0.6229665312500248,0.5007822239802361,-0.0581567839196433,-0.3729298787695683,-0.1931213719943667
G50148,1,1,0.96433276537978,10.18730/JTMCE,FULL,Phaseolus,vulgaris,Phaseolus vulgaris,CRI,"PRIMERO, COLA DE GALLO - NICOYA - GUANACASTE",10.16,-85.55,0.3591811050669926,-1.0287814888653448,0.3859604233784113,-0.417111777536971,0.8809866796749722,0.1825884977927112,0.6176099023391364,1.5446437253143317,1.140967632699136,-0.7427813077139324,-0.6630233502020273,-0.7813424006612064,0.0230523867450766,1.125709581412679,1.4313817885730749,-0.1572905935882998,2.775140960350471,0.5050158627559306,0.3180523601140207,0.6232357426051183,0.8023382329513181,0.3182309494861614,-1.1130445913318214,-0.8323174972466213,0.2723819899886768,-0.4369711226493272,0.7044368598996927,-0.1099513511812154,0.7970644047263937,1.582328263787768,1.0964292139708984,0.7603681870322874,1.6920361471038636,2.536447224793813,-0.6183233852689962,0.8143467431313068,-0.0629771244906226,2.037680700241593,-0.8259409944129619,0.697003679892809,0.7668090761588544,0.881672022252123,-0.9171651133068778,3.652062559632452,0.4764621566064694,-0.5693807506660356,1.9966277942575203,2.009631191578424,0.7439767842983039,1.3130881325779022,0.808579468777353,1.824707023217169,1.6654204804473849,0.6983647367394364,1.0240339623048131,2.624514512071438,0.3229038756448727
G344,0,0,4.574723719500571e-05,10.18730/JZBB=,FULL,Phaseolus,vulgaris,Phaseolus vulgaris,TUR,ADAPAZARI TOHUM ISLAH IS - KOCAELI,37.32,30.73,0.3591811050669926,0.6858927934171788,0.3859604233784113,-0.5473044644090492,-1.1060708021148744,1.101912389428565,-0.7399934560511344,0.2582894663245418,-0.3828236592409144,1.3411998757266508,0.7943950538237766,-0.2768287559180501,-0.6834618765223034,-0.3780664501346709,-0.0563344631859086,-0.9798014030943843,0.5061520339634855,0.6071251130757639,-0.7201097654784615,-0.5984463752917978,-0.6175540856587496,-0.8436625189032455,1.208189609513631,1.4645363050173188,-0.81139800149307,-0.3070593246106268,1.254587388272308,-0.1099513511812154,-0.5509180671459002,-1.1698836982734446,-0.662049864355544,0.578878916055351,-0.8656631837676967,-0.9521193637857782,-0.4246420375889098,-0.3062653676612906,-1.3839557705213503,0.4933739676171775,-0.4321653681172978,-1.518068751037946,-2.075502246105559,0.8487979486648138,0.3836982403632052,-0.7121098905793538,-0.2364768103717958,-0.3901299472397783,-0.6420288710756757,-0.9093825570763108,-0.9906328513536174,-1.2543496502012368,-0.4717097961604519,-0.6129933288042272,0.4572193308222629,1.2080825866068323,1.6894419997831491,-0.4799814960606078,-0.580140269276917
G22645,1,1,0.970450553271655,10.18730/JW867,FULL,Phaseolus,vulgaris,Phaseolus vulgaris,COD,"18 KM NE LUBERO, NORD-KIVU, BASWAGA/LUVEVE 1 - BASWAGA - KIVU DEL NORTE",-0.13,29.27,0.3591811050669926,1.515880536378247,0.3859604233784113,1.7941748221098754,1.6696129058987157,-1.328379482519682,-0.3924569890728994,-1.6473518339989317,0.7548431003064769,-0.9161405154840316,0.7943950538237766,0.7321985335682625,1.4360809132798364,0.2003089466143097,0.6199001967045383,0.9393904857531464,-1.2289571450383268,0.5730886963024862,-0.4492848631499879,0.702053943759758,0.687939325764725,0.3182309494861614,-1.2420020469343465,-1.1604394689986126,-0.9197760006412448,-0.6967947187267279,-0.2583265647523842,-0.1099513511812154,0.7970644047263937,1.582328263787768,-0.2295833561612927,-1.0383907105780843,0.524898251660518,-0.3706915990225131,2.1706880213242483,-1.5035613990888337,0.5838091005368707,0.593653625579802,-0.4180007109646717,1.190646700632609,-0.3080611189528552,-0.0646312403603269,0.1352187233700433,0.3898436530991271,0.8603523695947661,1.1633770157877843,0.2599609073800597,-0.2988698776191112,-0.3263142674869241,0.1865860470737708,-0.4305703073148049,-0.782965120692458,-1.4669038581754668,-1.281400782844916,-0.8953329427005264,-0.3729298787695683,-0.580140269276917
G8154,1,1,0.998370635409395,10.18730/K2G11,FULL,Phaseolus,vulgaris,Phaseolus vulgaris,COL,"RIONEGRO, VEREDA LA MOSCA - RIONEGRO - ANTIOQUIA",6.19,-75.37,0.3591811050669926,-0.015526950482104,0.3859604233784113,0.5069683300254707,0.6752072640850851,-1.219152881533244,-0.4690568257383783,-1.380414792905174,1.6972413619862716,-0.9511568154337808,-0.1772172155267593,0.2276848888251061,0.7295666500124566,0.2003089466143097,0.3494063327483596,0.3910499460824232,-0.6950773976531537,0.6071251130757639,0.7919959391888496,1.6084632570381152,2.2155012040798217,1.6913777757645514,-1.3709595025368717,-1.1604394689986126,-0.3236970053262839,-0.4369711226493272,0.0167486994339235,-0.1099513511812154,0.7970644047263937,1.582328263787768,-0.0358318414110851,-0.8004382894899801,2.230586918858436,0.9351379710195742,2.015742943180179,-1.2191805280431438,2.1678872279347146,2.218184084574317,-0.7381206212287514,1.2531137590314778,-0.1612360919940078,0.017553910017434,0.0767529546657699,2.0154978908030245,1.9297608200621643,2.537633175389089,2.535129154529601,0.8267628751301002,0.7070701963057098,0.9960342407089356,0.2836963352294441,0.5362575686329482,-0.3913666354396312,-0.4905078186663503,0.3333507358059822,-1.336394179158038,-1.4831845679862237
G18587,0,0,0.0004019714831919848,10.18730/JSR60,FULL,Phaseolus,vulgaris,Phaseolus vulgaris,BRA,RODOVIA FIRMINÓPOLIS - NAZÂRIO - TURVÂNIA - GOIAS,-16.61,-50.08,0.3591811050669926,-0.8040030099688276,0.3859604233784113,-0.5700864956551839,-0.1490795994994055,0.9107658377022984,0.68979804882556,0.2451192288128129,0.379750947072505,-0.5205140707750836,-0.1772172155267593,-0.2768287559180501,-0.6834618765223034,-2.113192640381613,-2.220285374835339,-0.1572905935882998,-1.4958970187309133,0.6071251130757639,-1.442309505021058,-0.6772645764464376,-0.7992464676609857,-1.3717959136257032,-0.8551296801267712,-0.3401345396186341,-1.299098997659856,1.511705847931179,-1.4961652535907688,-0.1099513511812154,-1.6293040446437357,0.2062222827571616,1.1724582634239398,0.8611953973997865,0.9534045932732892,0.9160747656175,-0.4246420375889098,0.2287148192180406,0.918164691440914,-0.5645764238885097,0.0041041958652153,0.2465143562412922,0.966269434310826,0.7079091642331488,3.190055138168328,0.5425896888565404,2.258809574052133,0.6554997394133888,-0.6420288710756757,-1.0238536844745356,-0.9906328513536174,0.3789582776085915,0.4826554149053744,-0.2900181641841201,-0.4644806699596619,-0.8625934053724229,-0.306266292467767,-0.4799814960606078,-0.3221277223510561
G24626,1,1,0.9813556717999604,10.18730/JYBJH,FULL,Phaseolus,vulgaris,Phaseolus vulgaris,COL,"9.5 KM NE CHOACHÍ VÍA LA UNIÓN, VEREDA BARRO NEGRO - CHOACHI - CUNDINAMARCA",4.55,-73.9,-2.9470184280009937,1.1483182438430617,-2.902539935203636,3.8276438539314057,1.83739328167797,-1.0553129800535868,-0.5279804516200242,-0.6065181886194613,0.2626406894232914,-0.9025358666685191,0.7943950538237766,1.2367121783114188,1.6715856677022964,0.8943594227130865,0.8903940606607171,-0.4314608634236613,-0.294667587114274,0.3348337788895417,0.8822709066316742,1.7660996593473948,1.953056652298813,1.480124417875568,-1.2420020469343465,-1.1604394689986126,-0.1069410070299345,0.2125878675441747,0.1542863315270773,-0.1099513511812154,1.0666608991008526,1.582328263787768,-0.2320358618799363,-1.0262913514853442,0.9033843977542888,0.4585578359677175,0.7374460484916087,-0.748367788276902,1.0113457577584342,1.7268137605574576,-1.0440758540775867,1.125003655424852,-0.3219124857454343,-0.0975053139476361,-0.4055896371444856,1.469976334526549,0.9289041933426764,1.4920034887359226,1.646601910080668,0.5787420991006128,0.8454699012779375,0.9006123738034685,0.167725534776629,0.1767571627779759,-0.7860500887536429,-0.9588515526140846,0.1100005960942617,-1.4434457964490774,-1.4831845679862237
G51363,0,0,0.0003764731456816593,10.18730/K3Y1Y,FULL,Phaseolus,vulgaris,Phaseolus vulgaris,ARG,"RACÓ, EN ALREDEDORES DE SAUCE YACU - TAFI VIEJO - TUCUMAN",-26.7,-65.42,-2.9470184280009937,-0.0957387462760277,0.3859604233784113,-0.3033757969776333,0.1326978957117466,-0.0176602706824251,-0.7214156757616319,-0.512226121623993,-0.0594125245654171,0.5005259443765016,1.2802011884990447,1.2367121783114188,0.7295666500124566,-0.6094166088342632,-0.867816055054445,-0.2943757285059805,0.2392121602708989,0.0625424447033194,-0.6298347980356369,0.1897356362545997,-0.0051834648363981,-0.3155291241807879,-0.9840871357292964,-0.6682565113706256,0.760082986155463,0.2125878675441747,0.0167486994339235,-0.1099513511812154,-0.2813215727714414,0.2062222827571616,-0.0178464109513051,0.2763972080277402,-0.2320740405270233,0.0391673171220836,-0.3859057680528925,0.4287224735289802,1.2525202823449573,-0.6648560818511341,0.2477354127385864,-0.6245192084072811,0.6753897277262088,-0.44268290746498,1.9622739953785868,-0.4502595435666454,0.4627517918568874,-0.3602548133354021,-0.8035792791573001,-0.976157381391942,-0.9814062043554688,1.891951677581092,0.780207407504493,-0.2451525135334195,-1.4129781223077518,-2.070605007598189,-0.1706055840516412,0.1623282076856287,1.2259481743541794
G22353,1,1,0.9767739243978848,10.18730/JVFZ9,FULL,Phaseolus,vulgaris,Phaseolus vulgaris,GEO,"N MEKVENA, ORCHVI, VALLEY RIONI - RAYON CAGERI - LECCHUMI",42.5,42.8,0.3591811050669926,-0.6046711513247461,0.3859604233784113,-0.4991360092887251,-0.178309630122969,-0.6457132263544441,-1.8835913904229007,-1.2696515558812331,0.794315224507373,2.0237054169265782,0.7943950538237766,1.2367121783114188,1.2005761588573765,0.6630092640134944,0.6199001967045383,-0.7056311332590228,0.6396219708097787,0.3688701956628195,1.4916269368707398,0.5444175414504786,1.825199050149092,1.3744977389310766,-0.2103424021141454,-0.8323174972466213,0.0556259916923274,-0.6967947187267279,1.3921250203654618,-0.1099513511812154,1.0666608991008526,0.2062222827571616,-1.448501138944852,-0.3406657978955676,0.7850032683593208,-0.227717558506956,3.332776107404767,-1.8686531633527224,0.4961092734144988,1.32569512870696,-0.347177639647574,-1.5336241139321518,-2.0173262747364697,-1.10955670414024,1.1291367913426908,0.3898436530991271,0.9700352875914224,0.670437306365577,0.2734234413868617,0.1494753713572695,0.051978259437165,-1.6783983127422375,-1.6973828431480014,-1.405907423957954,-0.5412338645689249,0.3473883928495179,-0.9082284473028198,-1.1222909445759592,-0.8381529699902952
G18636,0,0,0.0002655737692448939,10.18730/JSSM9,FULL,Phaseolus,vulgaris,Phaseolus vulgaris,BRA,"KM 51 FAZ. ITEIPAVA, RODOVIA BELÉM - BRASÍLIA - PIRENÓPOLIS - GOIAS",-15.87,-49.13,0.3591811050669926,-0.647082185078806,0.3859604233784113,-0.5521368298441212,-0.1116651603012442,0.9562769214466476,0.3433930088201531,1.3781280573401935,0.6725265966489103,-0.6455393936232108,0.3085889191485086,-0.2768287559180501,-0.6834618765223034,-1.8818424816820207,-2.085038442857249,-0.020205458670619,-1.4958970187309133,0.6071251130757639,-1.329465795717527,-0.5984463752917978,-0.4829671360274635,-1.1605425557367202,-0.9840871357292964,-0.5041955254946299,-0.8655870010671574,0.9920586557763772,-0.9460147252181532,-0.1099513511812154,-1.3597075502692766,1.582328263787768,1.075991242708453,0.7321364388951941,0.9267271556631556,0.925606368318537,-0.463378307124927,0.2911600550343393,0.8414273427088385,-0.5946603212772971,-0.2508584576502455,0.1076224558456509,0.8803906748663909,0.6304203036839545,3.321603117752943,0.4880375332288927,2.1628370208050587,0.7152500072221413,-0.7362666091232899,-1.004775163241498,-0.999859498351766,0.3929331047984082,0.6638819562857673,-0.2299096963251687,-0.3318167430703755,-0.7511366033031304,0.3328349156218905,-0.6940846030272442,-0.4511339189202276
G1769,0,0,0.00012420082560956214,10.18730/K0F1Y,FULL,Phaseolus,vulgaris,Phaseolus vulgaris,MEX,TOLUCA - TOLUCA - MEXICO,19.28,-99.82,0.3591811050669926,2.046018458303996,0.3859604233784113,0.2048183553004657,-0.0175444616933697,0.310019532276889,-0.5141184300871033,0.6634146577183004,-0.293633083490816,-0.4024346249566051,-0.6630233502020273,0.2276848888251061,0.0230523867450766,-0.1467162914350786,-0.0563344631859086,0.5281350810001041,0.1057422234246057,0.6071251130757639,1.2659395182636783,-0.0073098666319996,1.4820023285893127,1.2688710599865851,-0.3392998577166706,-0.996378483122617,-0.3778860049003713,-0.6967947187267279,0.2918239636202311,-0.1099513511812154,0.527467910351935,0.2062222827571616,-1.105961504813716,-1.81677729924446,-0.1703824660535893,0.0010409063179351,-0.3859057680528925,0.6315846488795464,-0.0739396028809191,-0.6648560818511341,1.1174417288225336,0.4210934904031828,-0.8593475568818021,-1.0438085737608775,-0.7125349228419209,-0.3738865256879388,-0.7163395766071667,-0.7038188532357285,-0.0227523067627827,0.4833494929354254,0.7439767842983039,0.383762124455091,0.4415159260597275,0.8554939290321636,0.6236281967207943,0.4208485578497334,-0.1716372244198246,0.6975861665253832,0.9679354736408012
G15284,0,0,0.0079184191855409,10.18730/JS0BE,FULL,Phaseolus,vulgaris,Phaseolus vulgaris,ESP,"23 KM SE OF LA CORUÑA, NEAR BETANZOS - BETANZOS - LA CORUNA",43.28,-8.2,0.3591811050669926,-1.721495040181656,-1.80637314900962,-0.418000651913606,0.1391285024489306,-0.7913486943363615,-1.9590408429148067,-1.541378902338185,1.0637730050943872,2.3120257668013195,0.3085889191485086,1.2367121783114188,0.0230523867450766,-0.0310412120852824,-0.4620752591201768,-1.3910568078474268,-0.0277277134216875,0.6071251130757639,0.363189843835433,0.5838266420277984,1.4483555911814912,0.8463643442086191,-1.3709595025368717,-1.488561440750604,-0.4862640040485459,0.2125878675441747,1.117049756179154,-0.1099513511812154,-0.0117250783969826,1.582328263787768,-0.7192760041822343,-0.6391146298217966,0.0680471325869798,-0.4183496125276987,0.4275558922034704,-0.9812976509687068,-0.8084256550307845,1.2204014878462044,-1.338699434149744,-1.0058635840771852,-1.2748901854575498,0.1420056912459585,1.1437532335187592,0.1279933060864188,0.6546968983510357,0.3567484003696268,0.0580228972780293,-0.6518225204303046,-0.78764661739435,-1.934749049005437,-2.0988475101589694,-1.7029985593565031,-0.6322128667997322,0.0065444855113531,-1.4431339782059471,1.2328441253651377,1.354954370923351
G483A,1,1,0.9004133759576247,10.18730/K3YWM,FULL,Phaseolus,vulgaris,Phaseolus vulgaris,IND,SUKI - UTTARAKHAND,30.52,79.73,0.3591811050669926,-0.498404030690805,0.3859604233784113,-0.5777616865604461,-0.7184805960464224,0.7469259362226413,0.1071764199797831,-0.2401123006524607,-0.2410596200043211,0.1134852376102173,1.7660073231743127,2.750253112540888,0.2585571411675366,-0.6094166088342632,-0.867816055054445,-2.213567617353512,1.4404415918875382,-0.2437853062561805,2.033276741527687,0.07150833452264,0.3245545617602527,1.057617702097602,0.3054874202959551,0.152048418009353,0.3807599891368515,1.511705847931179,0.5668992278065389,-0.1099513511812154,-0.8205145615203591,0.2062222827571616,-1.0086770333765158,-0.6512138735268652,1.2151769498227254,2.0789302951440303,0.233874544523384,0.4370231713843037,3.675228006600483,0.6287515058667205,-0.1035466534725483,-1.0805879864849384,-0.0615058336595635,-1.1025122755206629,0.749109294764914,-0.4829908369432339,-0.7437603061063307,-0.0465659073394519,-0.4266283269668434,0.2448679775224569,2.755385829894681,-0.5936023521327153,0.3280276809682877,0.1830843699210234,1.2472479029210557,1.4115756873545555,-0.0560935031832764,-1.0152394549003625,-0.8381529699902952
G50381,0,0,3.830892823834104e-05,10.18730/JYHV~,FULL,Phaseolus,vulgaris,Phaseolus vulgaris,MEX,SURROUNDING THE CHURCH OF SANTO DOMINGO DE ALBARRADAS - TLACOLULA DE MATAMOROS - OAXACA,17.07,-96.27,-2.9470184280009937,0.3566456137672774,0.3859604233784113,-0.3978872357549753,-0.3665510273387179,0.6741082022316826,0.1255218211478076,0.6894956416753858,-0.3229106206362619,-0.4163263127751098,-0.6630233502020273,-0.2768287559180501,0.2585571411675366,0.6630092640134944,0.7551471286826278,0.8023053508354656,1.306971655041245,-1.9456061449200688,0.9951146159352048,-0.1255371683639593,0.7013980207278536,0.5294843073751444,-0.2103424021141454,-0.3401345396186341,1.6271069793408603,-0.3070593246106268,-0.5334018289386918,-0.1099513511812154,0.7970644047263937,0.2062222827571616,0.2053356986829603,-0.1148126974376472,0.0713818122882465,0.0868253306272693,-0.1534881508367888,0.3195435134706733,0.2713784664134206,-0.4191709198427044,-0.0497211514469021,0.2835694594596191,0.1518060762213908,0.0809538562935794,-0.7417678071940575,-0.1120361786752305,-0.4695530111146903,-0.5395056167616593,0.2061107713528516,0.8172236145135814,0.4948573153482939,0.186149333724089,0.0850919063194245,0.4284074468764565,-0.212716958331864,-0.0857732697379598,-0.8618046307345638,0.4834829319433041,0.3229038756448727
G24889,0,0,0.00011148368085439184,10.18730/PHNKZ,FULL,Phaseolus,vulgaris,Phaseolus vulgaris,PER,TAYAPAMBA-CACHACHI - CAJABAMBA - CAJAMARCA,-7.45,-78.28,0.3591811050669926,-0.2223919575332512,-1.80637314900962,-0.1261948714797142,0.4337672111344506,-0.4181578076326981,-0.5423656285457527,-0.3682803887454969,0.0284201741248644,-0.7636188394416893,0.7943950538237766,0.7321985335682625,0.2585571411675366,0.0846338672645136,0.0789124687921807,-0.8427162681767036,1.0400317813486584,-0.3458945565760138,0.2729148763926085,0.9385085472236772,-0.3012747540252274,0.3182309494861614,0.0475725090909048,-0.1760735537426384,1.247783982322249,0.6023232616602759,0.2918239636202311,-0.1099513511812154,-0.2813215727714414,0.2062222827571616,-1.288267840521306,-2.36124475639661,-0.4705036391675925,-0.6089816665484414,-0.3471694985168752,-0.3190735469500813,-0.1451957124178463,-0.6748840476473966,0.8199850194216188,1.2052158176709034,-1.1668491295041217,-0.9170086504172796,0.3983146825392735,-0.1120361786752305,0.0651512141190086,0.25218543170431,-0.6958790071028839,-1.004775163241498,-0.9721795573573204,0.1472818456024113,0.3450509177320037,-0.8470999930969851,-0.6801836134305216,-1.1561526088024028,-0.344952806274647,0.9116891458765768,1.6129670716367297
G17001,0,0,0.0052460116361976,10.18730/JKT5R,FULL,Phaseolus,vulgaris,Phaseolus vulgaris,IRN,ASTANEH - GILAN,37.25,49.94,0.3591811050669926,-1.136455003888596,0.3859604233784113,-0.4989005929827,-0.0555435015040023,-0.6821220933499235,-1.7991295365929425,-1.6902971127226694,1.2774682411069405,1.6812094464469434,1.7660073231743127,1.2367121783114188,0.7295666500124566,-0.0310412120852824,-0.191581395163998,0.1168796762470617,-0.4281375239605672,0.6071251130757639,-0.5169910887321063,-1.3078101856835556,-0.0388302022442196,-0.738035839958754,1.4661045207186814,1.300475319141323,-1.299098997659856,-2.2557362951911326,2.3548884450175387,-0.1099513511812154,0.2578714159774761,-1.1698836982734446,-0.5827506865138912,0.4699854919343989,0.1264040273591471,0.1440149468334921,0.4662921617394877,-0.4123662761578601,-0.9235316781288976,0.6137095571723268,-1.1318963733214995,-1.7306305790213998,-0.9618480700811238,0.5458869524077203,0.6906435260606405,1.109932107384075,1.299084041581391,-0.4050675141919664,-0.5747162010416657,-0.8139899509111233,-0.7784199703962016,-1.5209631501819587,-1.7736327578188125,-1.7725978379300258,-0.8776907564552198,0.2925043615275177,-0.878826696809591,0.1623282076856287,0.0648911749314939
G11851,0,0,0.0004762766844938548,10.18730/JQM34,FULL,Phaseolus,vulgaris,Phaseolus vulgaris,NLD,DALEN - DALEN - DRENTHE,52.7,6.74,0.3591811050669926,-1.031650211498548,0.3859604233784113,0.3581731247657419,0.8184344141405463,-1.273766182026463,-1.6135249032061123,-1.790681260123728,1.4885298321685112,0.6412772052233753,-1.634635619552563,-0.2768287559180501,-1.1544713853672233,0.431659105313902,-1.2735568509887132,-3.4473338316126383,-1.0954872081920335,0.6071251130757639,2.394376611298985,1.1749631506875966,-0.2878160590620988,2.430764528375992,-1.628874413741922,-1.9807443983785915,-1.353287997233943,5.40905978909219,-2.321391046149692,-0.1099513511812154,-2.9772865165160294,1.582328263787768,-1.6602380547354263,-1.223912857656401,-0.5555379715498935,-1.152283020507558,0.9698636657077124,-1.8120544735560853,-0.5069574992976308,0.1022833015629424,-1.3471981557913932,-1.532427133887429,-2.009015424278514,-1.6942453695073547,0.0182871859614965,-0.4393491124411159,-0.1130835276255576,-0.4200050811441545,-0.4670159289872495,-0.4038017444008174,-0.4093540904702608,-2.549204732007692,-3.4337529930470296,-2.651792030488946,-1.7054342603878745,-0.472213141559017,-3.627116637650346,2.089256553231684,1.7419735757809365
G491,0,0,0.00010150015702620802,10.18730/JZFQV,FULL,Phaseolus,vulgaris,Phaseolus vulgaris,IND,PONTI - HARYANA,30.26,77.11,0.3591811050669926,-1.0682326869329892,0.3859604233784113,-0.5781087894131401,-1.395448105288153,0.1825884977927112,1.5243288739293177,0.7916818612000104,-1.338457680795344,0.7793789695202393,0.3085889191485086,0.2276848888251061,-1.1544713853672233,-0.6094166088342632,-0.7325691230763556,-0.5685459983413421,-1.2289571450383268,0.6071251130757639,0.1375024252283716,-0.9531282804876768,-1.5125573007068018,-0.4211558031252794,1.7240194319237316,0.6442313756373401,-1.0823429993635068,-1.086530112842829,1.804737916644924,-0.1099513511812154,-0.5509180671459002,-1.1698836982734446,1.1495678176286488,2.401836378000973,-0.1220296103852221,1.0876436142361685,-0.5795871157329789,1.6505239851808189,0.3207096191697548,-0.3790590566576546,0.8313168883328861,-1.0356067844995474,1.7059353166101905,1.306686777988679,-0.1863430045034603,-0.6466473038261766,-0.9905468715988072,-1.0175077592316786,-0.9785922212457264,-0.4801158293329673,1.4175220151631456,-0.4256860691800738,0.8756084635344846,0.4643574874619537,1.68527044457047,1.9173531452296029,1.014749198991162,-1.5504973499323955,-1.6121908414491544
G11035,0,0,2.2848067787948647e-05,10.18730/JP95U,FULL,Phaseolus,vulgaris,Phaseolus vulgaris,MEX,"1.5 KM N DE TAMAZULA, SANALONA - CULIACAN - SINALOA",24.79,-107.14,0.3591811050669926,-1.325658725143764,-1.80637314900962,-0.5686047191035293,-1.544521261468327,0.1643840642949716,1.7301329129475704,0.9728729290858624,-1.084127284449407,0.4102299404358254,-1.1488294848772953,-1.2858560454043628,-0.6834618765223034,-0.1467162914350786,0.2141594007702701,0.9393904857531464,1.0400317813486584,-1.911569728146792,1.0853895833780294,-0.6772645764464376,-0.5569899583246709,0.2126042705416698,0.6923597871035305,0.152048418009353,2.006429976359472,-0.1771475265719264,-0.6709394610318457,-0.1099513511812154,0.2578714159774761,-1.1698836982734446,1.4348812325067652,1.97836169444688,-0.4838423579726593,0.3155837954521605,-0.734532193877048,1.678743084139914,1.0880831064905097,-0.5645764238885097,1.1117758044982118,-0.3096766252934594,1.7668815841246013,1.006123893055353,-0.6394527119615792,-0.504811699194293,-0.6752084823584206,-1.0473828931360547,-1.1670676973409546,-0.7185973447459358,0.9561896652557198,-0.258643212926796,0.5273414114101288,0.513537142982914,0.8201428415393381,1.0150033789817448,0.68978248301337,-0.6940846030272442,-0.709146619633606
G528,0,0,3.1239403728433345e-05,10.18730/JZGWV,FULL,Phaseolus,vulgaris,Phaseolus vulgaris,TUR,ISMAIL - CORUM,40.55,34.97,0.3591811050669926,-0.8516162317806123,0.3859604233784113,-0.5998947390694862,-0.3396593991650395,0.4647572170076762,-1.0969512262789651,-0.174022728497235,0.2677024788037505,1.0942384034729828,0.7943950538237766,0.7321985335682625,-0.9189666309447634,-0.6094166088342632,-0.5973221910982662,-1.253971672929746,-0.4281375239605672,0.6071251130757639,-1.1714846026925845,-0.8349009787557171,-0.8799986374397574,-1.3717959136257032,1.4661045207186814,1.6285972908933144,-0.7572090019189827,-0.3070593246106268,1.6672002845517695,-0.1099513511812154,-1.0901110558948175,-1.1698836982734446,-1.3929099974081058,-0.4092283840245916,-1.0507379071879988,-1.295257061023115,0.0014569273072803,-1.2526585658726157,-1.1098938107639382,-0.2637374500006366,0.4573713926709329,-1.3057987303593492,-0.6709682776331741,0.289938988798338,-0.4055896371444856,-0.7011994594538242,-0.6066566586105105,-0.2706294116222735,-0.3593156569328333,-0.6518225204303046,-0.8799130873758353,-1.6052488266705407,-1.004749897324308,-1.199985591484226,-0.1869120049718532,0.7858977302837545,0.879088490575036,-0.6940846030272442,-0.4511339189202276
G22652,0,0,0.00019763591440489367,10.18730/PF42C,FULL,Phaseolus,vulgaris,Phaseolus vulgaris,PRT,RIBEIRO SERRAO - SANTA CRUZ - MADEIRA ISLAND,32.69,-16.84,0.3591811050669926,-0.7884522975923389,0.3859604233784113,-0.5940174887414933,0.7354211271696259,-0.5455888421168759,-0.4101536364275066,-1.1126991895666674,0.6773083735170646,-0.3957150819674246,0.3085889191485086,1.2367121783114188,1.2005761588573765,1.125709581412679,0.6199001967045383,-0.020205458670619,0.6396219708097787,0.6071251130757639,0.9951146159352048,0.9779176478009972,2.154937076745743,1.3744977389310766,-1.1130445913318214,-1.1604394689986126,0.0014369921182401,-0.9566183148041288,1.117049756179154,-0.1099513511812154,1.3362573934753113,1.582328263787768,-0.3530284153652718,-0.4172945593154892,-0.7139352573600618,-0.8568033367754069,-0.6183233852689962,-0.2734043174818678,-1.2743309866183856,0.3379404977751097,-2.324555387066612,-1.185120210546416,-0.6765088864359984,0.2265389977348387,0.4275475668914102,-0.2756926455581732,0.1474134026165008,-0.4200050811441545,-0.790116745150498,-1.004775163241498,-1.03676608634436,-1.0028027607845358,-0.79266873930968,-0.2842661576904405,0.3893986200683884,0.8306493250540008,0.0790513850487577,3.6950304297509473,3.032036771772793
G604,0,0,2.494845410012629e-05,10.18730/JZK2Q,FULL,Phaseolus,vulgaris,Phaseolus vulgaris,TUR,CIFTLIGI HARASI - ESKISEHIR,39.77,30.53,0.3591811050669926,-0.8094294476510223,0.3859604233784113,-0.5998771899994927,-0.5027629700445239,0.9471747046977778,-0.9201874986227846,-0.0275414685425961,0.1666133754004919,1.0603766688318688,1.2802011884990447,0.7321985335682625,-0.6834618765223034,-0.7250916881840593,-0.4620752591201768,-1.5281419427651075,0.1057422234246057,0.6071251130757639,-1.103778377110466,-0.7560827776010773,-0.9203747223291432,-1.2661692346812117,1.5950619763212064,1.300475319141323,-1.0281539997894191,0.2125878675441747,1.3921250203654618,-0.1099513511812154,-1.3597075502692766,-1.1698836982734446,-1.2964429927727943,-0.1632097491830336,-1.1291028801677665,-1.371509882631412,-0.3859057680528925,-1.048903717489391,-1.2469247906426444,-0.1684717749361434,-0.058219880898103,-1.495116813879278,-1.3109039115054013,0.4026500790459635,-0.2886580997359388,-0.8757663574622965,-0.6477877528592566,-0.4349426480963426,-0.4939409970008535,-0.7376758659789734,-0.9260463223665778,-1.6425878180683322,-0.9402034579285516,-1.163747950574045,-0.0985796646241239,0.8385301090386983,0.9863790888661166,-0.265878261478529,-0.580140269276917
G13072,0,0,0.0001494529721329578,10.18730/PEET=,FULL,Phaseolus,vulgaris,Phaseolus vulgaris,ETH,"40 KM W OF SHASHAMANE, DODITTI - SHASHAMANE - SHEWA",7.17,38.59,0.3591811050669926,-0.794053768018989,0.3859604233784113,-0.4955534839494936,-0.3419978016149246,0.6559037687339428,0.4622990655391134,-0.0096854686683881,0.944749046006283,-0.769806248207403,-1.634635619552563,-1.2858560454043628,-0.2124523676773833,1.5884098988118631,2.3781103124197007,1.076475620670827,-0.5616074608068605,0.6071251130757639,1.288508260124385,-0.2043553695185991,-0.9069160273660146,0.7407376652641275,0.1765299646934299,0.152048418009353,-0.4862640040485459,-0.8267065167654283,-0.2583265647523842,-0.1099513511812154,1.3362573934753113,0.2062222827571616,0.166912394416351,-0.4213277046547737,-0.2204026615725899,-0.5613236530432557,-0.1147518813007715,-0.6561669067266603,-0.402813954589814,0.9145485310602,0.9163042774037644,0.5167187912242717,-0.0753572532911139,0.1913168128237608,-0.5225211745530324,-0.3629760945624093,-0.7574706708559128,0.3716859673218148,0.3138110434072678,-0.2416343139199988,0.0704315534334621,1.511137636658586,1.7143575249134066,1.3898553322949945,1.0351841195394282,0.6296893334442158,0.664507293992875,-0.9081878376093228,-0.9671593203469846
G570,0,0,1.725120915959102e-05,10.18730/JZJ6*,FULL,Phaseolus,vulgaris,Phaseolus vulgaris,TUR,KUTAHYA - KUTAHYA,39.44,29.99,0.3591811050669926,-0.7895710984211833,0.3859604233784113,-0.5998559127570148,-0.5015937688195813,0.6012904682407239,-0.9055787913331792,0.0017135389881763,0.1560592143594965,1.0669683319385002,0.7943950538237766,0.7321985335682625,-0.6834618765223034,-0.493741529484467,-0.3268283271420874,-1.1168865380120652,-0.828547334499447,0.6071251130757639,-1.0586408933890536,-0.7166736770237575,-0.7521410352900356,-1.1605425557367202,1.5950619763212064,1.7926582767693102,-1.1907209985116811,-0.9566183148041288,2.217350812924385,-0.1099513511812154,-0.8205145615203591,-1.1698836982734446,-1.38882241884597,-0.4616585811092624,-0.934024117643664,-1.0760301988992609,-0.3471694985168752,-0.8381163497449017,-1.2578872690329408,0.1875210108311731,0.0919248122008385,-1.3621834439688958,-2.759762380527569,0.2547167814935836,0.0329036281375648,-0.7666620462070013,-0.4147115521163622,-0.345317246383214,-0.5074035310076556,-0.7758329084450483,-0.9168196753684292,-1.6113628135660856,-0.9703487730309652,-1.107090686611301,-0.0886546825625812,0.9204339711653754,0.9074586007000812,-0.1588267718029321,-0.4511339189202276
G20344,0,0,0.00013221871504910142,10.18730/JNBKF,FULL,Phaseolus,vulgaris,Phaseolus vulgaris,SCG,TRSTENIK - KRUSEVAC,43.62,21.01,0.3591811050669926,-0.845000342597752,0.3859604233784113,-0.456531017526851,0.1467283104110571,-0.363544507139479,-1.9667266560736576,-0.8339950429981556,0.0735782904708298,2.3094808441255967,0.7943950538237766,0.2276848888251061,-0.2124523676773833,0.3159840259641059,-0.0563344631859086,-0.5685459983413421,-1.0954872081920335,0.6071251130757639,-0.8780909585034045,-0.6772645764464376,-0.0859356346151697,-0.738035839958754,0.8213172427060557,0.8082923615133358,-0.8655870010671574,-1.086530112842829,1.6672002845517695,-0.1099513511812154,-0.0117250783969826,-1.1698836982734446,-1.233494198129531,-0.094647316904239,-0.6939271791524616,-1.085561801600298,0.8149185875636432,-1.660484806892476,-0.5069574992976308,-0.1634577920380122,-0.5823099345748756,-1.6711274383504884,0.1850494252142427,-1.9525415331404568,-0.3471238684402122,-0.6575577349517062,-0.33244936361887,-0.2258167107657092,-0.157377646830803,-0.3274876594686675,-0.483167266455449,-1.965755696832844,-2.0357196738268564,-1.5931352353272237,-0.7043344031136086,0.02258751005163,-0.9897280363893136,-0.265878261478529,0.1938976790757006
G9819,0,0,2.126076443083161e-05,10.18730/K37B7,FULL,Phaseolus,vulgaris,Phaseolus vulgaris,MEX,BELEN DEL REFUGIO - TEOCALTICHE - JALISCO,21.53,-102.43,0.3591811050669926,0.7531695626474357,0.3859604233784113,-0.5601417050146866,-1.2656667693195311,0.4647572170076762,1.478073269495967,0.5575868886355893,-1.3769030049196411,0.1949085474062286,-0.6630233502020273,-1.2858560454043628,-0.6834618765223034,-0.6094166088342632,-0.3268283271420874,1.4877310254238694,1.1735017181949516,-0.0736032223897916,-1.103778377110466,-0.874310079333037,-1.048232324478865,-1.3717959136257032,1.208189609513631,1.1364143332653274,0.5975159874332009,-0.4369711226493272,-0.9460147252181532,-0.1099513511812154,-0.2813215727714414,-1.1698836982734446,0.0639052402049973,0.0465109237679773,-0.8173103280993296,-0.3611599963214759,-0.734532193877048,1.3910800486403292,-0.1342332340275498,-0.7049679450361839,2.5084049169094054,0.0901029324320574,0.3429556301495078,-0.0411497912175003,-0.7417678071940575,-0.7993933395835899,-0.9631261420996432,-1.0175077592316786,-0.9247420852185184,-0.2511735745365175,0.3933641983686602,0.1649687362645231,0.6053645799104936,0.8183934871479305,1.0527182545148204,1.0150033789817448,0.4292932900470446,-0.4799814960606078,-0.3221277223510561
G12913,0,0,1.6770521213683193e-05,10.18730/JNE0J,FULL,Phaseolus,vulgaris,Phaseolus vulgaris,MEX,"CERRO DE TORO, CUARERAMO - PENJAMO - GUANAJUATO",20.62,-101.72,-2.9470184280009937,0.8500273064395072,0.3859604233784113,-0.5541864147556946,-1.334649641591141,0.0369530298107938,0.938794017670797,0.8575159082134378,-1.0548497473039609,0.0282080948617949,-1.1488294848772953,-1.2858560454043628,0.0230523867450766,0.3159840259641059,0.484653264726449,1.6248161603415503,1.1735017181949516,-3.0007350648916806,0.4760335531389636,-0.5984463752917978,-0.3618388813593061,-0.1042757662918048,0.0475725090909048,-0.1760735537426384,2.1148079755076465,-0.5668829206880276,-0.9460147252181532,-0.1099513511812154,0.7970644047263937,0.2062222827571616,0.1693649469136913,0.1392720742322503,-0.733943335567662,-0.1991227504038447,-0.6570596548050135,1.3094084832872843,-0.819388133421081,-0.7400658253231024,1.3610725978543052,0.0628815821792692,0.2515362552973774,0.1866205229951955,-0.7856171337222626,-0.7448411839559423,-0.9768365068492252,-1.0025701922794903,-0.776654211143696,-0.0890061440556989,0.550217197337185,0.2440138525569239,0.6305447842901569,0.8868423644227171,1.015664988151728,0.7870235565672827,0.3658474074037614,-0.3729298787695683,-0.1931213719943667
G7776,1,1,0.998228964199836,10.18730/JH9CX,FULL,Phaseolus,vulgaris,Phaseolus vulgaris,ECU,"PUYO, COLONIA MARIO TIERRA - PUYO - PASTAZA",-1.48,-77.98,0.3591811050669926,-0.3219309262976804,0.3859604233784113,-0.0472584475389877,1.6737051101860143,-1.3101750490219424,0.1428589263231104,-2.789779480765997,2.5462908117436416,-0.8539149096231585,0.3085889191485086,-0.2768287559180501,1.2005761588573765,0.6630092640134944,0.484653264726449,0.2539648111647425,-0.9620172713457402,0.6071251130757639,-0.3364411538464572,1.8055087599247144,2.2155012040798217,1.057617702097602,-1.628874413741922,-1.3245004548746084,-1.0281539997894191,-0.047235728533226,-0.1207889326592303,-0.1099513511812154,0.7970644047263937,1.582328263787768,0.6435247871402349,0.0263454278468977,5.551927901320071,2.555510430195888,10.731403588784069,-1.870362828923389,4.212389447725012,4.910692900870782,-0.8599361283523486,0.8611904331100373,0.4288344424329171,0.5693685583062809,3.365452444281148,2.7683176384645614,3.849211885003648,5.5699592666832745,4.4468089834954885,3.316509896041492,2.3863199499687404,-0.433110196124664,-0.4167389274442857,-1.3952662119446468,-1.932385516861816,-1.976317056352702,-1.002107720807515,-0.8011362203182835,-0.580140269276917
G19706,0,0,3.388471597738707e-05,10.18730/JVAKP,FULL,Phaseolus,vulgaris,Phaseolus vulgaris,PER,"PAMPA CHICA Y COLPA-DAGUAS, TEJAPAMPA - MAGDALENA - CAJAMARCA",-7.23,-78.62,0.3591811050669926,1.8410317951593729,-1.80637314900962,3.4331806869258705,1.1066425160888824,-0.6730198766010536,0.2581278019438137,0.0515198300512907,-0.9084618870688438,-0.6941603341083734,1.7660073231743127,1.2367121783114188,0.4940618955899966,-0.3780664501346709,-0.4620752591201768,-0.4314608634236613,-0.1611976502679807,-0.6862587243087916,-0.7426785073391676,0.4261902397185189,-0.6512008230665711,-0.4211558031252794,0.8213172427060557,0.4801703897613444,1.1935949827481618,0.2125878675441747,0.1542863315270773,-0.1099513511812154,-0.5509180671459002,-1.1698836982734446,-0.3824590141475518,-1.248111498916767,-0.6522436828866278,-0.7042976935588128,-0.5408508461969617,-0.1681962753117045,-0.4302201505655553,-0.7400658253231024,0.2364037329450845,1.367494977947875,-0.4050210035347379,-0.2501348341475535,0.3252324716589318,-0.2975135078092322,-0.346159728368452,0.1924351638955576,-0.6958790071028839,-1.0333929450910544,-1.018312792348063,0.1896430405215432,0.2897253982499268,-0.7921683310823454,-0.5961520986427941,-1.112526840315685,-0.5440593973340561,0.4834829319433041,1.2259481743541794
G4697,1,1,0.9978420288897196,10.18730/JH9N1,FULL,Phaseolus,vulgaris,Phaseolus vulgaris,COL,"CONFINES, VEREDA CANTARRAMA, FINCA EL SALITRE - CONFINES - SANTANDER",6.36,-73.24,0.3591811050669926,0.1021794112429182,0.3859604233784113,-0.0810324876496562,0.3326313051769209,-0.5273844086191362,0.4298541297679397,-1.9632197264783493,1.9900169952025624,-0.9511568154337808,-2.6062478889031,-0.7813424006612064,0.2585571411675366,2.860835771659621,-0.3268283271420874,1.4877310254238694,-0.9620172713457402,0.6071251130757639,0.4986022949996698,0.07150833452264,-0.0724769396520411,0.5294843073751444,-1.1130445913318214,-0.5041955254946299,-0.648831002770808,-0.9566183148041288,-0.5334018289386918,-0.1099513511812154,2.145046876598688,1.582328263787768,0.460400994680867,-0.2075738094393648,2.7824764094180754,1.8787666384222503,1.3959626306039026,-0.83836527736207,1.6965006571519654,3.9580361502258494,-0.6559658920693222,1.1989721726294895,0.2210631215401716,0.4003019005411669,-0.1571101201513236,3.095630572230447,2.203968115053805,3.762513665468514,3.625594409080565,1.0366266086935123,1.030002841240908,0.8785583496445389,0.3599462499002552,0.732688590392105,-0.028443124722556,-0.4975442329384016,0.2843478183172676,-1.336394179158038,-1.4831845679862237
G3397,0,0,4.435109552052049e-05,10.18730/K1WQC,FULL,Phaseolus,vulgaris,Phaseolus vulgaris,MEX,TEPETZALA - ACAJETE - PUEBLA,19.12,-97.94,0.3591811050669926,1.0917701988376485,0.3859604233784113,-0.1373120845912449,-0.3887658506126262,1.0837079559308254,0.4436044049440721,0.0093893483152205,-0.6742414153973884,-0.2982468669566313,-0.6630233502020273,-0.2768287559180501,-1.1544713853672233,-1.1877920055832438,-1.0030629870325345,-0.2943757285059805,-0.294667587114274,0.6071251130757639,0.7694271973281435,-0.7166736770237575,0.6071871559859534,0.5294843073751444,0.5634023315010054,0.6442313756373401,-0.81139800149307,0.7322350596989763,-0.5334018289386918,-0.1099513511812154,-1.0901110558948175,-1.1698836982734446,-0.7012906497378362,-1.2803762000803582,-0.6138948663220607,-0.4755392287339215,-0.5795871157329789,0.3782661160226117,-0.0629771244906226,-0.7400658253231024,1.6018707833349015,0.5770209370095237,-0.5130621321417536,-0.7502902103458958,-0.8294664602504677,-0.548453423696411,-0.9631261420996432,-0.4498802150485307,0.0580228972780293,0.2830250199885319,-0.0771947985369141,0.2909605376477144,0.3095858411409288,0.5845744231798564,0.3202545783729748,0.2393090696308099,-0.3568166705087569,-0.1588267718029321,0.0648911749314939
G3346,0,0,0.0005037671046173308,10.18730/K1VA4,FULL,Phaseolus,vulgaris,Phaseolus vulgaris,MEX,CHIGNAUTLA - CHIGNAUTLA - PUEBLA,19.84,-97.39,0.3591811050669926,0.9221260638214088,0.3859604233784113,1.1985335450495291,0.6845608738846255,-0.0904780046733838,-0.5663536944341759,0.0996688973704031,0.5261387745873934,-0.2496259264714687,0.3085889191485086,0.7321985335682625,0.7295666500124566,0.3159840259641059,0.484653264726449,0.2539648111647425,0.1057422234246057,-0.2097488894829027,0.6114460043032005,1.017326748378317,1.2532045142161263,1.1632443810420936,-0.8551296801267712,-1.3245004548746084,0.5975159874332009,0.0826760695054743,-0.395864196845538,-0.1099513511812154,0.527467910351935,0.2062222827571616,-0.7258161337798745,-1.256177597282549,-0.3687959082789581,-0.1800595450017704,0.2726108140594013,-0.1596813919079334,-0.3973327153946658,-0.434212868537098,-0.3698409671520997,0.1253724041728199,-0.5934003686466948,-0.7033272504776331,-0.551754058905169,-0.0247527296709943,-0.4147115521163622,-0.5544431837138475,-0.4266283269668434,0.1113183288911945,-0.0956480925332112,0.03854022153165,0.0191268638600251,0.2408920351825029,0.1882523169544578,0.1467098578106149,-0.532711353284038,-0.265878261478529,-0.3221277223510561
G20933A,0,0,0.0025173544863492,10.18730/S2R3V,FULL,Phaseolus,vulgaris,Phaseolus vulgaris,RWA,NGANZO - TARE - KIGALI,-1.65,29.75,0.3591811050669926,0.7240333098364764,0.3859604233784113,1.521627629770745,1.5030017313444035,-1.0462107633047169,-0.5542216510582172,-0.9435277573055816,0.9702848654267088,-0.9106260718449468,-0.1772172155267593,0.2276848888251061,0.7295666500124566,0.3159840259641059,0.3494063327483596,0.5281350810001041,-0.828547334499447,0.4709794459826528,-0.3590098957071633,0.4655993402958388,0.8157969279144467,0.3182309494861614,-1.2420020469343465,-1.3245004548746084,0.1640039908405021,-0.3070593246106268,-0.2583265647523842,-0.1099513511812154,0.527467910351935,1.582328263787768,-0.2066928479944057,-1.0303244583620703,0.1797589025794143,-0.084743517991399,-0.2696969594448407,-0.715928483297963,-0.1451957124178463,0.0421155067853678,-0.5369832609917617,1.194665397158998,-0.2886691103330959,-0.0975052691602837,0.2959995873067951,0.1279933060864188,0.778090181097274,1.716066993018744,0.6772994615909224,-0.8426077327606795,-0.9537262633610234,0.0575372522428071,-0.3699250263440668,-0.7130782417942515,-1.505611288215483,-1.7677577373291016,-0.641033591943302,-0.265878261478529,-0.580140269276917
G274,0,0,3.468487176102884e-05,10.18730/JZ9HE,FULL,Phaseolus,vulgaris,Phaseolus vulgaris,TUR,MERIC - EDIRNE,41.19,26.43,0.3591811050669926,-0.6412592320277322,0.3859604233784113,-0.6000055935728497,-0.442549106959983,0.310019532276889,-1.3622052320435378,-0.1780021831159716,0.1788829485130106,1.4871100121801697,-0.1772172155267593,-0.2768287559180501,-0.6834618765223034,0.0846338672645136,0.3494063327483596,-0.5685459983413421,-0.4281375239605672,0.6071251130757639,-0.3364411538464572,-0.6772645764464376,-0.3752975763224347,-0.526782482069771,1.0792321539111058,1.1364143332653274,-0.973965000215332,-0.8267065167654283,1.254587388272308,-0.1099513511812154,-0.2813215727714414,-1.1698836982734446,-0.7364438628926078,0.4135223802857882,-0.8323163867550297,-1.0664985961982238,-0.0760156117647542,-1.0315274399000225,-1.1866311594960135,0.1774930450349107,-0.7692826528562042,-1.6247380036144403,-1.881582394380901,0.7525240183760632,-0.0694114670949135,-0.5811847170729996,-0.0308213391280654,-0.3751923802875902,-0.6420288710756757,-0.7662936478285296,-0.8706864403776867,-1.7375729716241175,-1.418981991908063,-1.3541393655148382,-0.168385371790307,0.8469738061651598,0.1878894438921134,-0.265878261478529,-0.3221277223510561
G22865,0,0,0.00010753874273874248,10.18730/JWPTZ,FULL,Phaseolus,vulgaris,Phaseolus vulgaris,MWI,"CHITIPA NORTH, MWENELOZA - MWENELOZA - CHITIPA NORTH",-9.61,33.06,0.3591811050669926,0.0739053887402116,0.3859604233784113,-0.6001918891229773,-0.6237752968260768,2.003031847566679,-0.077100051625024,0.0345578082331717,0.8038806338393664,-0.65893392202538,-0.6630233502020273,-0.7813424006612064,-1.3899761397896833,-1.7661674023322245,-2.085038442857249,-1.1168865380120652,-1.36242708188462,0.6071251130757639,-1.4874469887424702,-0.8349009787557171,-1.1020671043313794,-1.5830492715146862,-0.5972147689217209,-0.8323174972466213,-1.299098997659856,3.200559222434284,-2.183853414056538,-0.1099513511812154,-2.7076900221415707,0.2062222827571616,0.5568679842105563,0.2562316736441026,0.0630451130350797,0.277457384648012,-0.7732684634130653,1.020031857726404,-0.9838253092755284,-0.7350518424249712,0.2902291072740257,0.3841672662033957,0.4759292638962918,0.3063760143951546,2.2546028388999537,-1.0721541177218277,0.270806685362739,0.8496881097918342,-0.8843544831981122,-1.0906285087901668,-1.073672674336954,-0.1060118972130165,1.903386383143836,-0.5764680875693621,-0.5971445968489483,-0.4080410433979092,2.0500003084632707,-0.3729298787695683,1.870979772350108
G14209,0,0,0.0189142821099759,10.18730/JN4E8,FULL,Phaseolus,vulgaris,Phaseolus vulgaris,IND,SANGIN - HIMACHAL PRADESH,31.05,77.14,0.3591811050669926,-0.7489307192787811,0.3859604233784113,-0.5774760509005371,-0.8716459565138952,1.1201168229263043,0.2180061911526782,-0.1007092919788039,-0.1604608370858078,0.1665802838191913,-0.6630233502020273,0.2276848888251061,0.0230523867450766,0.2003089466143097,-0.191581395163998,-0.1572905935882998,2.1077912761190043,-0.4820402236691249,1.4916269368707398,0.0320992339453201,0.2236143495367881,0.7407376652641275,-0.4682573133191957,-0.3401345396186341,0.8684609853036377,-0.9566183148041288,1.117049756179154,-0.1099513511812154,0.527467910351935,0.2062222827571616,-0.0955105590735752,0.4175554102374012,0.5765857870301518,2.126588308649216,-0.2696969594448407,1.0128819034633492,1.7842004842743373,0.0922553357666799,-0.718290164704609,-1.336273340879306,0.4371452994957439,-0.4145051796904258,0.1790680498982483,-0.7775724773325309,-0.921995047850897,-0.6291310184747879,-0.4131657929600414,0.2353287169059382,2.801519064885424,-0.5429436035696297,0.6064285322082259,0.097091872840514,1.276361183634914,1.6128171355352228,0.6505801490223982,-1.1222909445759592,-1.3541782176295345
G839,0,0,3.22906041815772e-05,10.18730/JZSNC,FULL,Phaseolus,vulgaris,Phaseolus vulgaris,MEX,APIZACO - APIZACO - TLAXCALA,19.43,-98.17,0.3591811050669926,2.0248129414269656,0.3859604233784113,-0.4084235405257384,-0.633128906625617,1.1747301234195238,0.1863884653148655,1.0104894238028044,-0.7620741140876701,-0.3190844318047846,-1.1488294848772953,-0.7813424006612064,-0.9189666309447634,-0.493741529484467,-0.191581395163998,0.3910499460824232,0.3726820971171922,0.4709794459826528,0.6340147461639066,-0.6378554758691177,0.7013980207278536,0.3182309494861614,0.4344448758984802,0.3161094038853487,-0.1069410070299345,0.2125878675441747,-0.6709394610318457,-0.1099513511812154,-0.2813215727714414,-1.1698836982734446,-0.6661374434049566,-1.171482699034288,-0.577213389608127,-0.5708552557442929,-0.5408508461969617,0.4468389209899309,-0.2438580179305148,-0.7500937911193648,1.304414104327914,0.4805451610151184,-0.4631970558135029,-0.757334684277677,-0.8733157867786727,-0.526632561445352,-0.908284683101315,-0.494692915905095,-0.170840180837605,0.1590146319737883,0.1626980234149472,0.3326666625423236,0.3854811050458291,0.6875353394167205,0.5627549734099995,0.4439279966620616,-0.1169602849061009,-0.1588267718029321,0.0648911749314939
G20274,0,0,6.381228409881322e-05,10.18730/JN9CJ,FULL,Phaseolus,vulgaris,Phaseolus vulgaris,MKD,SVETA PETKA - SOPISTE,41.94,21.34,0.3591811050669926,-0.8025893088436922,0.3859604233784113,-0.5855493497342403,-0.1800634319603828,-0.0631713544267743,-2.0128144756388,-0.5756622360320182,-0.0436353595846818,2.172659787484918,1.2802011884990447,0.7321985335682625,0.0230523867450766,0.0846338672645136,0.0789124687921807,-1.1168865380120652,0.1057422234246057,0.6071251130757639,-0.4267161212892817,-0.4802190735598382,0.243802391981481,-0.4211558031252794,0.5634023315010054,0.4801703897613444,-0.7030200023448953,0.0826760695054743,0.9795121240860004,-0.1099513511812154,-0.2813215727714414,-1.1698836982734446,-1.3830998151935965,-0.2519378696956952,-0.8706652033195967,-1.2761938556210408,0.6212372398835568,-1.7706067695114582,-0.9125691997386012,-0.183513723630537,-0.7664497396620344,-1.6963657879842775,-2.0561102672077207,0.3322056196491018,-0.3909731949684172,-0.6139160104495881,-0.2364768103717958,-0.3602548133354021,-0.3458531229260313,-0.642283259813786,-0.6953801474128649,-1.7526395821881389,-1.7158246829753605,-1.3072605125913497,-0.3804491551719344,0.3724380276580205,-0.3826076797133436,-0.4799814960606078,-0.1931213719943667
G21945,1,1,0.9796240870448444,10.18730/JVMSF,FULL,Phaseolus,vulgaris,Phaseolus vulgaris,BRA,ITAIOPOLIS - SANTA CATARINA,-26.35,-49.89,0.3591811050669926,-0.979103854182839,0.3859604233784113,-0.5545594785058148,0.5296417115797389,-0.6548154431033139,-0.3970182825377765,-2.060019473690958,0.7310817309268886,0.1462875406802734,-1.634635619552563,-0.7813424006612064,0.0230523867450766,-0.6094166088342632,-1.0030629870325345,2.310241834929954,-1.4958970187309133,0.6071251130757639,-0.471853605010694,0.702053943759758,0.041921967534552,0.4238576284306529,-1.628874413741922,-1.1604394689986126,-0.4320750044744585,-1.995912699113732,-0.1207889326592303,-0.1099513511812154,0.7970644047263937,1.582328263787768,-0.3538459237685286,-0.3971291018569676,0.6249386426985191,-0.2753755720121417,2.2868968299323003,-1.5397256826891297,1.027789475343879,0.5435137965984898,-0.2083646010138647,-0.4030967650069186,0.2127522908968294,-0.6892383809919369,1.421465634864058,0.3898436530991271,0.4490414271073054,0.1625600299911814,0.1253355673120395,-0.1557809683713301,-0.3447675614832212,0.6960121694775582,-0.3816285016191215,-0.6851810102999056,-2.150073456744984,-2.451697204572487,-2.6945137448124923,-0.265878261478529,0.1938976790757006
G3805,0,0,0.0198980455608477,10.18730/K25T7,FULL,Phaseolus,vulgaris,Phaseolus vulgaris,BOL,PORVENIR - PORVENIR - PANDO,-11.25,-68.69,0.3591811050669926,-1.4528918264059434,0.3859604233784113,-0.5913203142698191,0.7208061118578443,-0.4454644578793076,0.9026251427846744,-0.3457104536498551,0.7018041610612138,-0.6455393936232108,-0.1772172155267593,-0.2768287559180501,-0.6834618765223034,-1.1877920055832438,-1.544050714944892,-1.1168865380120652,-1.4958970187309133,0.6071251130757639,-1.0135034096676412,-0.6772645764464376,-0.6512008230665711,-0.9492891978477372,-2.015746780549497,-1.3245004548746084,-1.1907209985116811,0.8621468577376766,0.2918239636202311,-0.1099513511812154,-1.0901110558948175,2.958434244818374,1.5166329226453157,1.2120743879481306,0.9450678940201224,0.5252790548749775,0.1176657359153321,-0.3267364867368152,1.3840700230285152,-0.3991149882501795,-0.5199857345473016,0.559880548124929,1.282081844181359,0.970901685750599,2.7077125463580725,0.2698289107183025,1.5595809718234497,1.2231272835965368,-0.224690316864813,-0.8330684721441607,-0.8614597933795382,-0.243139889013093,-0.0666986214903762,-1.2557800544729176,-1.963814626723368,-1.3075762439369467,-0.6322646488137424,-1.0152394549003625,-0.8381529699902952
G20934,0,0,0.00025730320123011776,10.18730/K3FA3,FULL,Phaseolus,vulgaris,Phaseolus vulgaris,RWA,MAREBA - NGENDA - KIGALI,-2.27,30.05,0.3591811050669926,0.2626362887907138,0.3859604233784113,0.0439654736626171,1.1136577234385376,-1.1372329307934153,-0.4021973807445419,-0.791709257438868,0.324871317179203,-0.8155990572161794,-0.1772172155267593,-0.7813424006612064,-0.6834618765223034,-1.5348172436326322,-1.4088037829668023,0.5281350810001041,-1.2289571450383268,0.6071251130757639,-1.0360721515283473,-0.5196281741371581,-0.3551095338777418,-0.8436625189032455,-0.8551296801267712,-0.6682565113706256,-1.1365319989375942,1.1219704538150774,-1.7712405177770765,-0.1099513511812154,-1.0901110558948175,1.582328263787768,0.6263569196588568,0.0747425565173974,-0.1170275908333221,-0.2086543531048818,-0.6570596548050135,-0.3902446625086697,-0.6385072399811887,-0.068192116973519,-0.4604944730421699,1.0673478123661584,0.4094424338131577,0.5247537041633663,0.2229173764264533,-0.144767472051819,0.6409865336014537,1.5218786226402987,0.6638369275841204,-0.9475395995423856,-1.0459927333425083,0.247507559354378,0.0453710205374205,-0.4576891534748792,-1.087438710689154,-1.287874283975203,0.1146429777510873,-0.265878261478529,0.3229038756448727
G2907,0,0,3.2181598970752766e-05,10.18730/K1FT6,FULL,Phaseolus,vulgaris,Phaseolus vulgaris,MEX,"E OF MITLA, RANCHO SACATAL ALONG ROAD TO AYUTLA - MITLA - OAXACA",16.92,-96.34,0.3591811050669926,0.8500273064395072,0.3859604233784113,-0.4877508696950357,-0.7728484530062506,2.130462882050857,0.2198667615940308,0.6764551496968432,-1.0548497473039609,-0.4371638776232631,-1.1488294848772953,-0.7813424006612064,-0.9189666309447634,-0.1467162914350786,0.2141594007702701,0.5281350810001041,1.0400317813486584,-0.1416760559363472,0.6791522298853189,-0.5984463752917978,-1.1289844942576366,0.0013509126526867,1.208189609513631,0.4801703897613444,0.4891379882850262,0.0826760695054743,-0.6709394610318457,-0.1099513511812154,-0.2813215727714414,-1.1698836982734446,0.4326054672802432,0.082808885658527,-0.6605803821397945,-0.4469444206308101,-0.6957959243410308,0.7244427852777874,-0.1068270380518085,-0.7701497227118898,0.1542490848361259,0.5072054683588747,0.3512665400513094,0.1560946503063589,-0.9463979976590144,-0.6793785972027653,-0.9357054126004792,-0.6590061523791642,0.0984104992984354,0.3116428018380881,-0.1786879155165479,0.3289545990700286,0.189004580731274,0.6213872647394056,-0.0999029955656629,0.0836635859330353,-0.7916530856980881,0.4834829319433041,0.3229038756448727
G51591,0,0,0.0022506477581817,10.18730/K45D7,FULL,Phaseolus,vulgaris,Phaseolus vulgaris,CHN,JILIN TONGHUA - TONGHUA - JILIN,41.69,125.9,0.3591811050669926,-1.1659104980034716,0.3859604233784113,-0.4179118611965199,-0.4291032928731438,0.0096463795641843,-1.8000910444253415,-1.6968308400630798,1.3053656642272171,1.653507746549868,1.2802011884990447,0.2276848888251061,1.2005761588573765,0.7786843433632905,0.6199001967045383,-1.3910568078474268,-0.0277277134216875,0.6071251130757639,1.672176871756389,1.5296450558834755,0.7283154106541108,1.6913777757645514,-0.8551296801267712,-1.1604394689986126,-0.2153190061781092,-0.6967947187267279,2.079813180831231,-0.1099513511812154,1.0666608991008526,0.2062222827571616,-2.445054358505093,-0.1349782318212849,-0.3754652676814915,0.2297993711428263,-0.4246420375889098,0.8643701375736759,1.3731075446382186,-0.6899259963417902,-0.0893821185288336,-2.063958087752393,0.3928206932680158,-4.178585015486388,-0.844082902426536,-0.7448411839559423,-0.6889188471080027,-0.3154421124788378,-0.170840180837605,0.0350042439590446,0.9654163122538684,-1.5082984630411873,-1.4455807993513694,-0.6147189307523311,-0.148204574931837,0.4202856447079693,-0.8803741573618662,-0.9081878376093228,-0.3221277223510561
G3359,1,1,0.9925793858032506,10.18730/K1VME,FULL,Phaseolus,vulgaris,Phaseolus vulgaris,MEX,VILLA JUAREZ - XICOTEPEC DE JUAREZ - PUEBLA,20.29,-97.99,0.3591811050669926,-0.3219309262976804,0.3859604233784113,-0.3291027192920062,0.5056730864684169,-1.0189041130581074,0.4212606068769911,-0.798111519738227,1.7557965235311073,0.0629374137692454,0.3085889191485086,0.2276848888251061,0.7295666500124566,0.431659105313902,0.3494063327483596,0.3910499460824232,0.5061520339634855,-0.9925864752682916,-0.5846973143142247,0.1897356362545997,0.5735404185781319,-0.1042757662918048,-0.4682573133191957,-0.996378483122617,0.6517049870072883,-0.3070593246106268,0.0167486994339235,-0.1099513511812154,0.527467910351935,0.2062222827571616,0.4342404684938559,0.3207612298215135,2.377312825714171,2.9463061409384097,1.2410175524598337,0.3896840197340409,3.5601219835023703,-0.0481361853809941,-0.333013024708733,-0.3012146683471716,0.5645783706738049,0.0011169068142924,-0.2009594466795287,0.8413325096455846,0.2982274148619031,0.0729346282780528,0.6503743935773184,2.5056727436373984,2.866105593872464,-0.0274034942702975,0.3365392993501457,0.3199821244705969,0.4062710895730108,0.4793915245932001,0.2570093485604057,-0.9081878376093228,-0.9671593203469846
G18201,0,0,6.411741783200288e-05,10.18730/JTA2H,FULL,Phaseolus,vulgaris,Phaseolus vulgaris,ESP,AGENCIA SEA DE LA LINEA DE LA CONCEPCIÓN - LA LINEA DE LA CONCEPCION - CADIZ,36.15,-5.35,0.3591811050669926,-1.7285635458073323,0.3859604233784113,-0.547256004365738,-0.9780432679836664,0.5466771677475049,-0.7674464267628048,0.2919626531157583,-0.4974607014084249,1.4348159592639602,1.2802011884990447,0.2276848888251061,0.2585571411675366,-0.493741529484467,-0.5973221910982662,-0.8427162681767036,0.1057422234246057,0.436943029209375,0.0697961996462532,-0.2043553695185991,-0.4224030086933848,-0.1042757662918048,0.9502746983085808,1.300475319141323,-0.2153190061781092,0.7322350596989763,0.0167486994339235,-0.1099513511812154,-0.8205145615203591,-1.1698836982734446,-0.026839112537409,0.4336878377443124,-0.6238989054258608,-0.5136656395380701,-0.7732684634130653,0.2148168836713008,-1.5100242720097603,0.8844646336714127,-1.7041460230625949,-1.346656475783029,-0.723603681479887,0.7619166428205453,0.749109294764914,-0.4829908369432339,0.3941999681089773,-0.1660664429569568,-0.763191677136894,-1.0238536844745356,-1.073672674336954,-1.0469108091023949,-0.6316572915861998,-0.5399428463344969,0.6070865599515566,1.4107313176419096,1.0554989935344088,2.303360043044646,2.6450175669152087
G629,0,0,5.288971854533118e-05,10.18730/JZKTA,FULL,Phaseolus,vulgaris,Phaseolus vulgaris,SYR,DAMASCUS - DAMASCUS - MADINAT DIMASH,33.5,36.19,0.3591811050669926,-0.1323946821865395,0.3859604233784113,-0.5470310277034086,-1.857867189752928,3.0133779066912307,-0.5848027373578243,1.1514425363797256,-1.7160564830787433,2.406289743488971,0.3085889191485086,-0.2768287559180501,-1.3899761397896833,-0.8407667675338554,-0.4620752591201768,-0.7056311332590228,1.840851402426418,0.6071251130757639,-1.4874469887424702,-0.9925373810649966,-1.472181215817416,-1.7943026294036697,1.981934343128782,3.269207149653272,-0.2153190061781092,-0.5668829206880276,1.3921250203654618,-0.1099513511812154,-1.0901110558948175,-1.1698836982734446,-0.3440356791824248,0.6393755192062666,-1.1807904155374,-0.9807141718888897,-0.8120047329490826,1.0259973768403483,-1.6251302951078737,0.3730383780620283,-0.089382035789812,-1.3497587713623949,-1.909285182456248,0.9474202590014484,0.3983146825392735,-1.0612436865962982,-0.4969737406138543,-0.7635691210444808,-1.0459048912797364,-1.1287855512562417,-1.0828993213351026,-1.0403601088571683,0.0978593338922114,-0.3012345768467952,0.6342148442531064,1.5418900796729458,2.2295057325271936,0.1623282076856287,0.4519103797890794
G20638,0,0,1.817258219446528e-05,10.18730/JN1DP,FULL,Phaseolus,vulgaris,Phaseolus vulgaris,IND,SIROHI - RAJASTHAN,24.89,72.85,0.3591811050669926,0.2606527974169416,0.3859604233784113,-0.6178979992109257,-1.566151484129764,3.4775909608835924,0.1390208878460016,-0.8370647000467667,1.1754956705869972,-0.6499449002668611,-1.634635619552563,-1.790369690147519,-1.860985648634604,-0.3780664501346709,-0.0563344631859086,-0.2943757285059805,1.1735017181949516,0.5730886963024862,0.6565834880246127,-0.9531282804876768,-1.4923692582621089,-0.2099024452362963,1.7240194319237316,1.9567192626453056,0.2723819899886768,0.4724114636215755,-0.395864196845538,-0.1099513511812154,-0.8205145615203591,-1.1698836982734446,1.754530366754742,2.793046283466364,-0.8106409686967961,0.3823050143594204,-0.7732684634130653,2.890249364755168,-1.3346246177650165,-0.8503734490819892,0.4630372207478223,-0.8872565336207523,1.7308678613791866,1.2644200351695334,-0.9463979976590144,-1.1157958422239458,-1.0590986953467174,-1.0921955939926191,-1.1266800953205487,-0.6804403022798609,1.1130426642242446,0.5545170441806639,1.6491017839858289,1.5917507602231469,2.448501565103098,2.483925222415173,1.1473149863027374,-0.6940846030272442,-1.0961655169161562
G1805,0,0,3.4793505026725304e-05,10.18730/K0G0R,FULL,Phaseolus,vulgaris,Phaseolus vulgaris,MEX,LA BARCA - LA BARCA - JALISCO,20.28,-102.57,0.3591811050669926,0.5942180157558611,0.3859604233784113,-0.592576086589237,-1.6409803625260866,0.3282239657746287,0.9431653527053954,1.1925535031318564,-0.9962946730130688,-0.0343045334418723,-0.6630233502020273,-1.2858560454043628,-0.6834618765223034,-0.7250916881840593,-0.4620752591201768,0.9393904857531464,-1.2289571450383268,0.6071251130757639,0.20520865081049,-0.9137191799103568,-1.1895486215917153,-0.3155291241807879,1.4661045207186814,0.6442313756373401,-0.7572090019189827,-0.3070593246106268,-0.6709394610318457,-0.1099513511812154,-0.2813215727714414,-1.1698836982734446,0.5037294039421556,0.4498201114009898,-0.515521815134693,0.0105725090189722,-0.6957959243410308,1.434025808156497,-0.5398449344685202,-0.73003785952684,1.023955269213059,0.0807189018602095,0.6698491387379992,0.3462945339221508,-0.7417678071940575,-0.6684681660772357,-0.9905468715988072,-1.062320460088243,-0.8170418131641021,0.4642709717023879,0.7532034312964524,0.222614898422517,0.5869227400831347,0.8785019550068818,0.9544609321055484,0.7298878726782263,0.3158128495468633,-0.8011362203182835,-0.709146619633606
G20887,0,0,0.00030556589049334366,10.18730/JTVEJ,FULL,Phaseolus,vulgaris,Phaseolus vulgaris,RWA,NYABITARE - RUSUMO - KIBUNGO,-2.22,29.78,0.3591811050669926,-0.2253456434021149,0.3859604233784113,0.1217126760766585,0.9295085305100876,-0.991597462811498,-0.5349383427314338,-1.4814477207181571,1.529030736003754,-0.9251866124596192,-1.1488294848772953,-1.2858560454043628,-0.9189666309447634,-1.6504923229824284,-1.8145445789010708,0.5281350810001041,-0.9620172713457402,0.6071251130757639,-1.0135034096676412,-0.5984463752917978,-1.028044282034172,-1.0549158767922286,-1.4999169581393967,-1.3245004548746084,-0.973965000215332,1.381794049892478,-1.9087781498702303,-0.1099513511812154,-1.0901110558948175,2.958434244818374,0.3336858862709678,-0.3003348829785235,0.0930572303464801,-0.0656803125893248,-0.4246420375889098,-0.5858498463559431,-0.4302201505655553,0.9295904797545936,-0.4491627797402564,1.0456641834404252,0.1241032369582894,0.3298574859316582,0.4129311247153419,-0.0902153164241714,0.7232487220989459,1.7459421269231203,0.7446121316249326,-0.8903040358432732,-0.9906328513536174,0.1673706596877728,-0.0929427781677716,-0.5825076943877255,-1.260795064030765,-1.484612427021757,-0.1860801895743932,-0.265878261478529,0.3229038756448727
G50899,0,0,0.00021034510288405308,10.18730/JWG42,FULL,Phaseolus,vulgaris,Phaseolus vulgaris,MEX,EL SALTITO - DURANGO,23.78,-105.37,-2.9470184280009937,0.5969748050402833,0.3859604233784113,-0.3541368342161143,-0.5653152355789498,0.7560281529715112,-0.7669625785741311,0.0164110633833342,-0.0594125245654171,0.1949085474062286,-1.1488294848772953,-0.7813424006612064,-0.2124523676773833,-0.2623913707848747,-0.191581395163998,0.6652202159177848,1.0400317813486584,-1.7754240610536804,0.9274083903530864,-0.3225826712505587,-0.3080041015067917,0.3182309494861614,-0.8551296801267712,0.4801703897613444,1.410350981044511,-0.9566183148041288,0.429361595713385,-0.1099513511812154,0.527467910351935,0.2062222827571616,-1.1844431808303657,-1.2440783535774804,-0.135368329190289,0.2583941792459377,-0.5021145766609444,0.5659401797099213,1.3676263054430704,-0.068192116973519,3.0098316059335244,0.0247744897908356,-0.4438050273791286,-1.1447789450355088,-0.1132607936231186,-0.4829908369432339,-0.7026292118575846,-0.9876326253273024,-0.8305043471709042,-0.012692059123549,0.993096253248314,-0.0789356695327466,0.317742808756876,0.7226225790281658,0.9961458567640272,0.8390930221804623,0.0501654547396206,0.9116891458765768,0.7099227729274225
G51069,0,0,8.009129436513172e-05,10.18730/JYWC0,FULL,Phaseolus,vulgaris,Phaseolus vulgaris,MEX,23 KM W TELOLOAPAN-CALTIMIRAN RD. - TELOLOAPAN - GUERRERO,18.45,-100.0,-2.9470184280009937,0.3142345800132176,0.3859604233784113,-0.4604733226256013,-0.8026630842422854,2.194178399292946,0.5820763853101901,1.127853086300144,0.0576977112703105,-0.4232721898047584,-1.1488294848772953,-0.7813424006612064,0.0230523867450766,-0.0310412120852824,0.0789124687921807,1.6248161603415503,2.1077912761190043,-3.273026399077903,1.694745613617095,-0.3225826712505587,-0.0119128123179624,0.6351109863196359,-0.2103424021141454,-0.0120125678666426,2.8734539695448693,-0.8267065167654283,-0.6709394610318457,-0.1099513511812154,0.7970644047263937,0.2062222827571616,0.7309990945749449,0.5708128561521266,0.178091562728781,0.5062158494729032,-0.6957959243410308,1.2278183282584434,-1.170187441910569,-0.6899259963417902,-0.2225293459711661,0.2590669583951715,0.5257943534342846,0.5177092358300044,-0.8733157867786727,-0.0247527296709943,-0.7986017651046589,-0.9577574914229262,-0.2516153848784171,1.2655688634899622,1.0945893702279477,0.450797623631243,0.5354983790260761,0.9751356641006984,0.7159305298931407,0.3411963482901127,-0.050935301342359,-0.6940846030272442,-0.709146619633606
G13982,0,0,2.33638853309722e-05,10.18730/JQX6U,FULL,Phaseolus,vulgaris,Phaseolus vulgaris,ARG,"HUACALERA, QUEBRADA DE LA HUERTA - TILCARA - JUJUY",-23.44,-65.34,0.3591811050669926,1.4359746744048687,0.3859604233784113,-0.6097293047610719,-1.6363035576263163,1.211138990415003,0.0278139995235679,1.3691000833019369,-1.845343948262552,0.4727425687394918,0.7943950538237766,0.2276848888251061,-0.9189666309447634,-1.0721169262334478,-1.2735568509887132,-0.7056311332590228,3.309020707735644,-2.1838610623330137,-1.4874469887424702,-0.7560827776010773,-1.5260159956699304,-1.7943026294036697,1.208189609513631,2.1207802485213016,1.6271069793408603,0.8621468577376766,-0.1207889326592303,-0.1099513511812154,-1.3597075502692766,-1.1698836982734446,-0.8803268829434644,-1.074688518618402,-1.445897451788103,-1.285725458322078,-0.8120047329490826,1.3720521995171997,-0.9016067213483048,-0.8604014148782517,1.015456425995705,-0.2595399766122748,-0.2554257349207574,-1.2105270510967383,-0.0694114670949135,-1.1048854110984163,-0.8534432241029869,-1.0175077592316786,-1.1939927653545588,-1.109707030023204,-1.0828993213351026,2.0380322930496444,3.026565358783179,1.1830706988472144,0.1157999479051967,-0.9205734589741256,1.989649346924537,0.2693796973612255,1.4839608750675577
G20017,0,0,2.403358447587822e-05,10.18730/JMV13,FULL,Phaseolus,vulgaris,Phaseolus vulgaris,MKD,CENTER OF A PLAIN CALLED OVCE POLE - SVETI NIKOLE - SVETI NIKOLE,41.88,21.93,0.3591811050669926,-1.382206770149177,0.3859604233784113,-0.5856061608225828,-0.7290034070709054,0.3373261825234985,-2.0986690515861164,-0.4126601219265675,-0.2399191516897121,2.459797614261701,0.3085889191485086,-0.2768287559180501,-0.9189666309447634,-0.3780664501346709,-0.191581395163998,-0.7056311332590228,-0.6950773976531537,0.6071251130757639,-0.6975410236177554,-0.7166736770237575,-0.4695084410643349,-0.738035839958754,1.337147065116156,1.7926582767693102,-0.973965000215332,-0.5668829206880276,1.3921250203654618,-0.1099513511812154,-0.5509180671459002,-1.1698836982734446,-0.990691650974538,0.3691582431043418,-1.089086723752566,-1.4191678961365977,0.233874544523384,-1.7209821628819728,-1.0057502660561215,-0.3840730395557858,0.0154359955458731,-1.5396924437822224,-0.2304931505225316,-1.8374823287698543,-0.5956033854333741,-0.7339307528304128,-0.4558426463651082,-0.5096304828572832,-0.5343285990212596,-0.6899795628963796,-0.750740029401756,-1.7912887136349758,-1.7920745976461714,-1.3529889642161022,-0.3999682865596348,0.4900868742867181,-0.4249049348088657,-0.5870329857362047,-0.4511339189202276
G22490,0,0,0.0003065446091868433,10.18730/JW3YK,FULL,Phaseolus,vulgaris,Phaseolus vulgaris,BDI,"10 KM NW RUGOMBO, CIBITOKE, RUGOMBO - RUGOMBO - BUBANZA",-2.81,29.05,0.3591811050669926,-0.3926159825544468,0.3859604233784113,-0.5313562692747712,0.6249316114125559,-0.3999533741349584,-0.3592515675355226,-0.1398842819051459,-0.492477920347559,-0.7707386567841336,-0.1772172155267593,-0.2768287559180501,-0.6834618765223034,-0.6094166088342632,-0.4620752591201768,-0.020205458670619,-1.36242708188462,0.6071251130757639,-1.0586408933890536,-0.5984463752917978,-0.4964258309905922,-0.9492891978477372,0.4344448758984802,0.152048418009353,-1.299098997659856,0.2125878675441747,-0.1207889326592303,-0.1099513511812154,-0.5509180671459002,-1.1698836982734446,1.0563708695084306,0.5627466423986736,-0.2070639427675231,-0.5327288449401444,-0.5408508461969617,-0.4760115258002799,-0.8577568077871187,-0.2587234671025054,-0.0808832472393105,1.0925115140527224,0.7806604429514318,0.8253165443093397,0.6760270838845722,-0.4066178190645274,0.2982274148619031,1.0140013462659032,0.0714854312848314,-0.9189218176928294,-1.018312792348063,0.1730479332336359,0.2797951768044258,-0.4525123476305676,-1.045753786030675,-0.8203749197401151,0.1796363209466457,-0.3729298787695683,0.1938976790757006
G1756,1,1,0.998457858156307,10.18730/K0E85,FULL,Phaseolus,vulgaris,Phaseolus vulgaris,CRI,QUEBRADO DE PLATANILLO - CHIRRIPO - SAN JOSE,9.48,-83.81,0.3591811050669926,-0.0391907012706146,0.3859604233784113,1.0295600757164485,2.138462597100674,-1.337481699268552,0.0047230972425219,-1.830308130944561,2.4291804886539707,-0.791402248199095,-0.6630233502020273,-0.7813424006612064,2.1425951765472164,4.711637041256359,5.759283611871935,-0.020205458670619,-0.5616074608068605,-1.6052419771872917,1.220802034542266,2.199599765697913,2.296253373858593,2.0082578125980257,-0.8551296801267712,-0.3401345396186341,1.247783982322249,-0.5668829206880276,0.5668992278065389,-0.1099513511812154,2.953836359722064,0.2062222827571616,0.2323137527643493,-0.401162208733694,2.850837343294043,3.90899801374316,0.3113470835954186,-0.0571475161229601,0.8578710602942833,1.807037486927557,-0.6134721299918241,0.9541091960642276,0.032683809267186,0.2288871538459603,0.0182871859614965,5.419552401968233,3.245955836022038,0.7600627080787056,2.5755167565500074,2.11456305836013,0.8916031362686802,1.0017115142547988,0.4954228424781614,1.199176317029517,0.8873018868224433,0.3901697916235897,0.995148031995676,2.410411532720244,0.5809165763582509
G52467,0,0,5.8066210067811056e-05,10.18730/K51Z~,FULL,Phaseolus,vulgaris,Phaseolus vulgaris,GTM,PALIN - ESCUINTLA,14.42,-90.69,0.3591811050669926,0.230189959022342,0.3859604233784113,0.3024793256307564,0.8716330698754319,0.1006685470528827,0.1831377866012213,1.6213813133121289,0.6725265966489103,-0.7566729955324369,-0.6630233502020273,-0.2768287559180501,0.4940618955899966,1.4727348194620673,0.484653264726449,0.2539648111647425,0.3726820971171922,0.6071251130757639,0.4760335531389636,-0.0467189672093195,0.2505317394630453,0.4238576284306529,-0.5972147689217209,-0.5041955254946299,-0.2695080057521966,-0.1771475265719264,0.0167486994339235,-0.1099513511812154,1.0666608991008526,0.2062222827571616,0.5724008192925264,0.0223123978952846,0.7283137134377868,1.4689077222776536,-0.734532193877048,0.9799824692535608,-0.5398449344685202,-0.6648560818511341,-0.7267888468763674,0.8511227822925734,0.4288344688524035,0.3885611647729141,-0.9610144398350828,0.4771271021033633,-0.6203670233600925,-0.4200050811441545,0.7446121316249326,2.0764060158940554,0.9746429592520168,1.053243689517248,0.6298354827583353,1.4537026043748371,1.4440933804749845,0.7799871422952315,0.7872724978067075,0.6975861665253832,-0.709146619633606
G23413A,1,1,0.9679801937743432,10.18730/S18JQ,FULL,Phaseolus,vulgaris,Phaseolus vulgaris,PER,HUALLAGA - HUALLAGA - SAN MARTIN,-6.92,-76.77,0.3591811050669926,-0.2100072645280516,0.3859604233784113,-0.5896187143941846,0.4285058056222092,-0.6002021426100949,1.5856079289040554,-1.002243682429307,-0.352188157781708,-0.8539149096231585,0.3085889191485086,0.2276848888251061,-0.6834618765223034,-1.30346708493304,-1.544050714944892,-0.2943757285059805,-1.36242708188462,0.6071251130757639,-1.0812096352497598,-0.5196281741371581,-0.3887562712855633,-0.9492891978477372,-0.8551296801267712,-0.0120125678666426,-0.4862640040485459,0.8621468577376766,-0.6709394610318457,-0.1099513511812154,-1.0901110558948175,0.2062222827571616,1.6891290239996424,1.3451662994792175,0.5999285449390188,0.0201041117200093,2.015742943180179,-1.362060821243653,0.5344779477805366,0.3128705832844536,-0.2111975986356082,1.047400432248408,1.340257817201666,1.198671977569618,0.8514243899973923,0.4116645153501861,0.9014834638435122,1.1783145827399724,0.2599609073800597,-0.2893306170025925,-0.4093540904702608,0.1968488107912925,-0.1500415514794022,-1.35644016811231,-1.6905467872955606,-1.3503576427110189,-0.9133866491437372,-1.0152394549003625,-1.0961655169161562
G23731,0,0,7.630752050172157e-05,10.18730/PHTQA,FULL,Phaseolus,vulgaris,Phaseolus vulgaris,BOL,RAQAYPAMPA - MIZQUE - COCHABAMBA,-18.13,-65.5,0.3591811050669926,2.576156380229744,0.3859604233784113,-0.5528087706154501,-1.1826534823486108,2.121360665301987,0.7192037605341968,0.5666148626738462,-1.1426823587402992,-0.2148966738048107,-0.1772172155267593,0.2276848888251061,-1.1544713853672233,-0.7250916881840593,-1.0030629870325345,-0.7056311332590228,1.4404415918875382,-1.2989142262277915,-1.442309505021058,-0.8349009787557171,-0.3551095338777418,-1.3717959136257032,0.0475725090909048,0.8082923615133358,1.7354849784890352,1.381794049892478,-0.6709394610318457,-0.1099513511812154,-1.3597075502692766,0.2062222827571616,-0.2107804406876045,-0.5705520052302171,-0.757286093476529,-0.4469444206308101,-0.6570596548050135,0.8026722889433453,-0.4631075857364448,-0.7902056543044146,1.5395465714874683,0.2592989092514546,-0.0199515483454258,-0.4732088249411688,1.216835444399101,-0.8539454952112374,-0.2090560808726318,-0.6141934515225999,-1.0862924933001423,-1.081089248173648,-1.0459927333425083,0.5905458955294102,1.1373407287766175,-0.2175428823637576,-0.4955789470858288,-0.7398783404678483,1.1627895918254894,-0.1588267718029321,0.4519103797890794
G16078,0,0,5.298684085894693e-05,10.18730/JSGKG,FULL,Phaseolus,vulgaris,Phaseolus vulgaris,MEX,GALLOS GRANDES - TULA - TAMAULIPAS,22.75,-99.61,0.3591811050669926,0.6601747808391083,-1.80637314900962,-0.4096692881213334,-0.2028628558467623,-0.818655344582971,0.8623088816851106,0.0936503117873606,-0.9084618870688438,0.3199338040135632,-0.1772172155267593,0.2276848888251061,0.0230523867450766,0.5473341846636982,0.6199001967045383,0.1168796762470617,0.7730919076560719,-1.843496894600236,-0.1107537352393958,-0.1255371683639593,0.3918480365758957,0.0013509126526867,0.5634023315010054,-0.1760735537426384,1.4645399806185984,0.3424996655828751,-0.395864196845538,-0.1099513511812154,0.2578714159774761,-1.1698836982734446,0.5045469045489612,0.5667797492754001,-0.4921790572258261,-0.3230335855173274,-0.5408508461969617,0.6873180606816018,0.348115815145496,-0.6798980305455278,0.947466440738232,-0.2632771532517542,0.8194444337714663,-0.0153201075856856,-0.7417678071940575,-0.5702742859474701,-0.867153588852569,-0.6739437193313522,-0.5074035310076556,0.2544072381389757,0.4302707863612542,-0.1359267616662179,0.3102951426727502,0.4151778319409935,0.6550573065823458,0.701179302448257,0.5118245195017219,-0.3729298787695683,-0.4511339189202276
G52375,0,0,0.0047763942237902,10.18730/K4ZQ=,FULL,Phaseolus,vulgaris,Phaseolus vulgaris,CHL,LARAQUETE - REGION VIII LARAQUETE (REGION DEL BIO BIO),-37.18,-73.17,0.3591811050669926,-0.9264900465354678,0.3859604233784113,-0.5735286438477286,-0.6535899280621116,0.364632832770108,-1.3382259182505267,0.6343244766333869,1.3166330300796991,0.0559915367395968,1.7660073231743127,1.7412258230545752,1.4360809132798364,1.0100345020628827,1.5666287205511642,-1.5281419427651075,1.5739115287338314,-1.094695725588125,-0.2687349282643388,1.3325995529968762,1.4483555911814912,0.4238576284306529,-0.9840871357292964,-0.8323174972466213,0.5975159874332009,2.03135304008598,-0.5334018289386918,-0.1099513511812154,-0.2813215727714414,0.2062222827571616,-0.9972317537718832,-1.2037473617353205,0.3498275673440161,0.6587214926894973,0.0014569273072803,0.3231156289397213,-1.2195185946669032,2.5290510242584525,-1.083736618533342,-0.7124930763745082,-1.3857015623245694,-0.1256830305253521,-0.6686855963137158,-0.4502595435666454,-0.4832633758642722,0.1924351638955576,1.740839648128282,1.4181970333542622,1.0761360762316503,2.505533933883981,0.7982945965659413,-0.1830308434016803,-2.2661957468650327,-3.334626467429484,-1.9744287678204324,1.7681020842048922,2.1289924730634864
G19042,0,0,4.045189479353959e-05,10.18730/JMFK7,FULL,Phaseolus,vulgaris,Phaseolus vulgaris,MEX,ROAD DURANGO-ZACATECAS KM 220 - CIUDAD LERDO - DURANGO,25.52,-103.54,0.3591811050669926,0.9504000863241155,0.3859604233784113,-0.5722262668646642,-1.7099632347976963,-0.7913486943363615,1.504265703312416,1.520569382982161,-1.933176734206777,0.8130892183764231,-0.1772172155267593,-0.7813424006612064,-0.6834618765223034,-0.7250916881840593,-0.3268283271420874,1.3506458905061889,2.5082010866578845,-1.6052419771872917,-1.3520345375782332,-0.8349009787557171,-1.0347736295157364,-1.5830492715146862,2.4977641655388823,2.94108517790128,1.8980519772112967,-1.086530112842829,-0.2583265647523842,12.193604845996791,-0.2813215727714414,-1.1698836982734446,0.681948087508619,1.2806369740771522,-1.4008792758210025,-1.4001046907345236,-0.6957959243410308,0.2980684388335676,-0.8522755685919704,-0.7450798082212337,1.5678757236917795,-0.4820462298373552,1.226676139235669,0.2969834123443475,-0.800233575898331,-0.9957810998431212,-1.0179676010979712,-1.0025701922794903,-0.9382046192253204,-0.747215126595492,-0.6215669714276767,-0.4667371240501604,-0.0993264919541651,0.0346826023840908,0.0982658129298047,0.429573711547077,-0.2046497162016956,-0.265878261478529,-0.0641150216376775
G18666,0,0,0.0002602722208853704,10.18730/JSTFU,FULL,Phaseolus,vulgaris,Phaseolus vulgaris,BRA,"BURITI, RODOVIA PIRACANJUBA - MORRINHOS - PIRACANJUBA - GOIAS",-17.42,-48.85,0.3591811050669926,-0.6866658165825952,0.3859604233784113,-0.5707316108591443,-0.2543077097442341,0.992685788442127,1.160849992378043,0.5169611967908193,-0.0886901053378348,-0.4580014424714164,-0.6630233502020273,-0.7813424006612064,-0.6834618765223034,-2.228867719731409,-2.220285374835339,0.8023053508354656,-1.36242708188462,0.6071251130757639,-1.464878246881764,-0.7954918781783972,-0.7050356029190855,-1.3717959136257032,-1.2420020469343465,-0.5041955254946299,-1.353287997233943,0.7322350596989763,-1.6337028856839226,-0.1099513511812154,-1.0901110558948175,1.582328263787768,0.9795242687716624,0.6555077928629457,0.7133076547820867,0.8874799575143886,-0.4246420375889098,0.3316313642627888,0.5838091005368707,-0.5996743041754283,0.242069458020337,0.0435156807736174,0.8693095761484314,0.4871833183538153,3.0731236007597813,0.3134706352204205,1.806367537315926,0.3716859673218148,-0.7228040751164879,-1.0333929450910544,-0.9906328513536174,0.4232846826012914,0.5354983790260761,-0.2465905151568394,-0.4806914739935148,-0.8932721715985665,-0.1953649528880444,-0.4799814960606078,-0.1931213719943667
G20625,0,0,0.0030924960690145,10.18730/JN0Z8,FULL,Phaseolus,vulgaris,Phaseolus vulgaris,IND,NAGAR - HIMACHAL PRADESH,32.12,77.17,0.3591811050669926,-0.463956676306291,0.3859604233784113,-0.4739246413573715,-0.7377724162579744,0.0915663303040128,0.2390916468296099,-0.0058279133484074,-0.59387669042166,0.5063122419616997,1.7660073231743127,2.245739467797732,1.4360809132798364,0.5473341846636982,-0.4620752591201768,-1.802312212600469,0.7730919076560719,-0.1416760559363472,2.213826676413336,0.741463044337078,2.0809142544485355,1.6913777757645514,-0.2103424021141454,-0.3401345396186341,0.3807599891368515,0.6023232616602759,0.9795121240860004,-0.1099513511812154,0.527467910351935,0.2062222827571616,-0.5516850180554276,-0.0059191963915774,0.458204657635184,0.5348106575760146,0.1176657359153321,-0.4923900797617101,1.488213567736332,0.4933739676171775,0.0975906943113752,-1.1729936706570585,0.4094424338131577,-0.7996012647426701,0.6175613151802988,-0.7121098905793538,-0.7848914003550768,0.3567484003696268,0.0984104992984354,-0.1653202289878489,1.2606690161946208,-0.7569331449136981,0.3386672039456102,-0.2319228985979566,0.949498441074777,1.3775194422778274,0.5298782259449326,-1.2293425618669986,-1.3541782176295345
G14719,0,0,0.0031879671261798,10.18730/JJPR1,FULL,Phaseolus,vulgaris,Phaseolus vulgaris,ECU,HUIGRA - ALAUSI - CHIMBORAZO,-2.29,-78.99,0.3591811050669926,0.0739053887402116,-1.80637314900962,2.838519576477436,1.5076785362441736,-0.7003265268476631,0.0175762088112805,-0.3657724693691257,0.116252872815146,-0.9650485198124836,0.7943950538237766,0.7321985335682625,0.7295666500124566,0.6630092640134944,0.6199001967045383,-0.1572905935882998,1.1735017181949516,-1.094695725588125,-0.313872411985751,0.386781139141199,0.3447426042049455,-0.1042757662918048,0.6923597871035305,0.4801703897613444,1.247783982322249,0.0826760695054743,0.0167486994339235,-0.1099513511812154,0.2578714159774761,0.2062222827571616,0.1129562628642226,-0.6754124763246739,-0.0703420750155883,-0.0466171071872505,0.0014569273072803,-0.0205495825284772,-0.7590945022744502,-0.4191709198427044,-0.528484578820004,0.9520191357681148,0.0049809964235705,0.1373094014173932,1.041438138286281,-0.7339307528304128,-0.6066566586105105,1.4920034887359226,0.1118730333052374,-0.6709010416633422,-0.8799130873758353,-0.5304972731036992,-0.0429370201743559,-1.268722069083697,-1.4903929823877844,-1.2844968051246186,-1.0000444400711483,-0.4799814960606078,-0.1931213719943667
G941,1,1,0.9825899971196232,10.18730/JZWGX,FULL,Phaseolus,vulgaris,Phaseolus vulgaris,COL,PALMIRA - VALLE DEL CAUCA,3.55,-76.28,0.3591811050669926,0.7124226018128972,0.3859604233784113,-0.129580485501802,1.332882953115264,-1.319277265770812,0.93576728777831,-0.5984933440662765,-0.4692984808713789,-0.9372651193351772,0.3085889191485086,0.2276848888251061,0.0230523867450766,-0.6094166088342632,-0.3268283271420874,0.2539648111647425,-0.9620172713457402,0.6071251130757639,-0.3815786375678694,0.6626448431824382,0.0015458826451661,0.2126042705416698,-0.3392998577166706,-0.3401345396186341,-1.299098997659856,-0.6967947187267279,0.5668992278065389,-0.1099513511812154,-0.0117250783969826,0.2062222827571616,1.1176846429596798,0.5829120998571953,0.6799608577694196,0.0391673171220836,1.589643978283989,-1.1439501894785906,-0.0026834933439918,1.651604017085489,-0.5936417004845054,1.3205432209684829,0.7806604957904048,0.8793239557157083,-0.0840279092709819,0.8262608981203077,1.6555535250705236,1.4621283548315462,1.269650957890211,-0.1367024471382927,-0.1233280335276567,0.8213489008362268,-0.0283963387720152,0.1646779491412488,-0.6471003398920462,-1.048917655296341,-0.1463620353993297,-1.4434457964490774,-1.4831845679862237
G23415G,0,0,8.396936202577457e-05,10.18730/S4BC3,FULL,Phaseolus,vulgaris,Phaseolus vulgaris,MEX,3 KM S DE ESCANELILLA - PINAL DE AMOLES - QUERETARO,21.13,-99.62,-1.2939186614670004,-0.0533277125219679,2.5782939957664426,1.143231597364555,0.2730020427048514,-0.135989088417733,0.0969380152960483,0.8244132091882385,-0.2350779219459803,-0.1246006036233415,-0.6630233502020273,0.2276848888251061,0.4940618955899966,0.431659105313902,0.3494063327483596,0.9393904857531464,1.0400317813486584,0.2327245285697083,1.4464894531493275,0.702053943759758,0.5197056387256175,1.1632443810420936,-0.3392998577166706,-0.6682565113706256,0.5975159874332009,-0.6967947187267279,-0.1207889326592303,-0.1099513511812154,1.0666608991008526,0.2062222827571616,-0.3309554467874376,-0.6915447884439119,-0.7222719566132285,-0.6089816665484414,-0.4246420375889098,0.3005591943400743,-0.6549509575666335,-0.6798980305455278,1.1344391505768034,0.1834128336919126,-0.1917091729122425,-0.5671347334808574,-0.7417678071940575,-0.3957073879389978,-0.7711810356054948,-0.7187564201879165,-0.5747162010416657,-0.1271631865217739,-0.0587415045406171,0.3042802948130084,0.5514576634920598,0.888280366046137,1.082824033434833,0.69611308417238,0.310654647705946,0.3764311870368224,0.7099227729274225
G22434,0,0,0.00014611926010648998,10.18730/JW2D7,FULL,Phaseolus,vulgaris,Phaseolus vulgaris,MWI,CHITIPA - CHITIPA - CHITIPA DISTRICT,-9.73,33.28,0.3591811050669926,0.1020435134000218,0.3859604233784113,-0.6142711126745715,-1.2352675374710251,2.831333571713834,0.0615519186790926,0.0153408600156195,0.3519636505636769,-0.5605961602643428,-0.6630233502020273,-0.7813424006612064,-1.860985648634604,-2.228867719731409,-2.490779238791518,-1.3910568078474268,-1.0954872081920335,0.6071251130757639,-1.4874469887424702,-0.9925373810649966,-1.3577823086308227,-1.7943026294036697,-0.4682573133191957,-0.3401345396186341,-0.7030200023448953,3.5902946165503846,-2.4589286782428457,-0.1099513511812154,-3.246883010890488,0.2062222827571616,0.5437876860330279,0.3570588840116017,-0.0603380359117882,0.1916729603386777,-0.8120047329490826,1.224989240649761,0.1014600513638248,-0.8553874319801205,-0.2763547203001067,-0.0678116463181749,0.4703886484885958,0.1161761083856867,2.19613707019568,-1.1376167044750047,0.1611237673660828,0.1924351638955576,-0.9651296872389244,-1.109707030023204,-1.0644460273388057,-0.0680178357907023,2.02822345274442,-0.4643039609426106,-0.4942556161442897,-0.3894649097196938,2.1660598498839105,-0.4799814960606078,2.6450175669152087
G7751,0,0,0.00012712399242731913,10.18730/K2AG9,FULL,Phaseolus,vulgaris,Phaseolus vulgaris,MEX,"ZACATLAN DE GUERRERO, ZACATLANCILLO - TELOLOAPAN - GUERRERO",18.41,-99.99,0.3591811050669926,-0.0626928336697048,0.3859604233784113,-0.4346219574532045,-0.6062372784519386,1.7026586948539744,0.7583989092052328,1.2582568581212543,-0.1472452232556987,-0.4232721898047584,-1.1488294848772953,-0.7813424006612064,0.0230523867450766,-0.2623913707848747,0.2141594007702701,1.6248161603415503,1.840851402426418,-2.796516564252014,0.7468584554674373,-0.4014008724051984,-0.2339812792095844,0.1069775915971782,-0.3392998577166706,-0.8323174972466213,2.006429976359472,-0.9566183148041288,-0.6709394610318457,-0.1099513511812154,0.7970644047263937,0.2062222827571616,0.7293640699719839,0.5748458861037397,0.1614181642224474,0.4585578359677175,-0.6957959243410308,1.1798303617186316,0.1507912041201591,-0.6648560818511341,0.0380993027877794,0.2755522330368953,0.5479566037091764,0.4989241213030956,-0.8586993446026043,0.0297994259566531,-0.7437603061063307,-0.9577574914229262,-0.2785404528920212,1.2178725604073686,1.0945893702279477,0.4361677264169036,0.4897484302235894,0.9728348615032264,0.664320623173119,0.326279150033364,-0.0689890077855697,-0.6940846030272442,-0.709146619633606
G50075,0,0,0.0008362153046698181,10.18730/PHNAP,FULL,Phaseolus,vulgaris,Phaseolus vulgaris,MEX,"VENUSTIANO CARRANZA, COLONIA MARIANO MATAMOROS - VENUSTIANO CARRANZA - CHIAPAS",16.5,-92.58,-1.2939186614670004,-0.2795198925436205,2.5782939957664426,-0.3326981605992435,0.5571179403658887,0.3282239657746287,1.3733035342301718,1.2131169879299697,-0.0594125245654171,-0.4441097546529117,-0.1772172155267593,-0.2768287559180501,0.0230523867450766,0.0846338672645136,0.2141594007702701,-0.020205458670619,-0.4281375239605672,-0.1416760559363472,0.1600711670890778,-0.2437644700959189,0.1966969596105309,0.2126042705416698,-0.4682573133191957,-0.6682565113706256,0.760082986155463,0.0826760695054743,0.0167486994339235,-0.1099513511812154,0.2578714159774761,0.2062222827571616,0.9173929752224814,0.7321365158203101,0.4765453959921508,0.9446695737206112,-0.5021145766609444,0.6793573154782203,0.720840080415577,-0.6548281160548717,-0.2338609041889617,0.2056464766988119,0.7862010847786143,0.5482351533061934,-0.8148500180743993,0.3789332219735976,-0.4147115521163622,-0.6590061523791642,0.4888239854956941,1.4754325970533746,0.780883372290898,0.2964194545187366,-0.008890546646924,0.7139945692876465,0.2659980097698751,0.1025211761821327,-0.2608741162676945,0.2693796973612255,-0.1931213719943667
G3237,1,1,0.9840798886225488,10.18730/K3QNB,FULL,Phaseolus,vulgaris,Phaseolus vulgaris,GTM,ALREDEDOR DE TENEDORES - TENEDORES - IZABAL,15.56,-88.63,0.3591811050669926,-1.0476619363180355,0.3859604233784113,-0.5956101969992339,0.6489002365238781,-0.8277575613318409,0.4656120517256236,-0.1696651512312315,1.082412514781272,-0.4441097546529117,-0.1772172155267593,-0.7813424006612064,0.0230523867450766,0.3159840259641059,1.160887924616896,0.3910499460824232,-0.9620172713457402,0.3007973621162639,-0.2461661864036326,-0.4802190735598382,-0.1195823720229912,-0.2099024452362963,-0.0813849465116203,-0.6682565113706256,-0.1611300066040218,-0.6967947187267279,0.2918239636202311,-0.1099513511812154,0.527467910351935,0.2062222827571616,1.7496252773529617,1.655714452035631,1.550312259800029,0.925606368318537,1.43469890013992,-0.7558131998862931,0.6221777749029085,0.8894786165695439,-0.9250932230000268,0.1027208442096995,1.5452588171808197,1.299642287261639,0.8952737165255974,1.3063198676436063,1.6007120660721954,-0.1810040099091449,0.3272735774140698,1.1129406936256625,1.63896154311871,0.4767820679373085,0.711050508151897,1.0470357452716927,1.0725682186379055,0.9361955391347704,1.1725901753232324,-0.265878261478529,-0.580140269276917
G17213D,0,0,0.0001276260635898574,10.18730/S431*,FULL,Phaseolus,vulgaris,Phaseolus vulgaris,ECU,"CARIAMANGA, COLAISACA, PIEDRA BLANCA - CALVAS - LOJA",-4.32,-79.56,0.3591811050669926,0.8797150300673491,-1.80637314900962,2.056340441209989,1.204855418984056,-0.7276331770942726,0.7096382723929617,0.6288077427839591,-0.3229106206362619,-0.9581026676231325,0.7943950538237766,0.7321985335682625,0.0230523867450766,-0.7250916881840593,-0.867816055054445,-0.020205458670619,-0.6950773976531537,0.6071251130757639,-0.8103847329212861,0.0320992339453201,-0.4224030086933848,-0.526782482069771,-0.3392998577166706,-0.3401345396186341,-0.3778860049003713,0.3424996655828751,-0.2583265647523842,-0.1099513511812154,-0.5509180671459002,0.2062222827571616,0.292810013914118,-0.4535924058183648,-0.3237777323118576,0.4013682197614947,-0.6957959243410308,0.9655640041485952,-1.0879688539833452,-0.7801776885081522,0.0494310501233403,1.3015911467053631,0.1379546301703545,0.2594130713221494,0.5152462199478204,-0.7775724773325309,-0.5518151996121824,1.297815118357477,-0.5074035310076556,-1.0238536844745356,-1.055219380340657,0.2872484741754193,0.5003879532009119,-0.5037052054243156,-0.9253306703506244,-1.0002256685337465,-0.764830436125318,0.0552764627791469,0.7099227729274225
G357,0,0,4.316738851522176e-05,10.18730/JZBQA,FULL,Phaseolus,vulgaris,Phaseolus vulgaris,TUR,AMASYA - AMASYA,40.65,35.85,0.3591811050669926,-0.8452046379703707,0.3859604233784113,-0.5999279733035432,-0.4548257198218797,0.9562769214466476,-1.2436373062352957,-0.209004684022309,0.3029946740821416,1.2869468805879336,0.7943950538237766,0.2276848888251061,0.2585571411675366,0.5473341846636982,0.7551471286826278,-0.7056311332590228,0.6396219708097787,0.4029066124360972,-0.0430475096572774,-0.2043553695185991,0.4456828164284101,0.0013509126526867,0.8213172427060557,0.3161094038853487,-0.2153190061781092,-0.6967947187267279,1.5296626524586157,-0.1099513511812154,0.2578714159774761,-1.1698836982734446,-1.4133479253028012,-0.4939233207354107,-1.094088743304466,-1.3333834718272637,-0.4246420375889098,-1.0210483295433057,-1.2249998338620514,-0.2085836381211931,-0.808943505116636,-1.6441291510507183,-0.723603681479887,0.2641093611507147,-0.3325074262641438,-0.8539454952112374,-0.5792359291113465,-0.2556918446700854,-0.4131657929600414,-0.6995188235128984,-0.9168196753684292,-1.6168217304371078,-1.089511430376977,-1.3058225109679298,-0.2937709785011288,0.7386130263755699,0.6536750701269486,-0.5870329857362047,-0.4511339189202276
G6944,0,0,0.0009740252168362056,10.18730/PP02P,FULL,Phaseolus,vulgaris,Phaseolus vulgaris,BRA,UBA - MINAS GERAIS,-21.11,-42.94,0.3591811050669926,-0.830833163193175,0.3859604233784113,-0.5882268833119866,-0.0128676567935996,-0.4363622411304377,0.7501784823136861,-0.4776190153622658,-0.0301349437929994,-0.1176547265936929,-0.1772172155267593,-0.7813424006612064,-0.6834618765223034,-1.5348172436326322,-1.6792976469229814,-0.1572905935882998,-0.9620172713457402,0.6071251130757639,-1.1940533445532904,-0.6378554758691177,-0.7723290777347286,-1.1605425557367202,-1.2420020469343465,-0.5041955254946299,-1.0823429993635068,1.641617645969879,-1.6337028856839226,-0.1099513511812154,-1.3597075502692766,1.582328263787768,0.7882253065187935,0.7805335675656965,0.301474711675649,0.3918366170604576,-0.2696969594448407,0.3389661226156768,1.4224386973945529,-0.639786167360478,0.117421101867527,-0.1641701994089653,0.8332959326614755,0.2194946189761822,2.5030823558931155,0.0188889948311236,1.6281327955713594,-0.2556918446700854,-0.8170418131641021,-0.9952359026249792,-0.9075930283702808,0.7571520384330063,-0.3043146346505782,-0.3417862226272361,-1.5370403980770346,-1.9307210918698088,-1.7639741327110052,-0.9081878376093228,-0.3221277223510561
G18963,0,0,2.7005005253140025e-05,10.18730/JMD53,FULL,Phaseolus,vulgaris,Phaseolus vulgaris,MEX,SIERRA DE LA VENTANA - FRONTERAS - SONORA,30.91,-109.47,0.3591811050669926,0.0032203324834452,0.3859604233784113,-0.5510262652741033,-1.763161890532582,-0.8095531278341012,0.644026741084323,0.9788917059962912,-1.611123476591097,1.417378267768906,-0.1772172155267593,-1.2858560454043628,-0.9189666309447634,-0.6094166088342632,-0.191581395163998,0.2539648111647425,1.840851402426418,-2.7284437307054583,-1.3746032794389391,-0.9137191799103568,-1.2433834014442298,-1.6886759504591775,0.9502746983085808,1.6285972908933144,2.2773749742299088,0.8621468577376766,-1.2210899894044611,-0.1099513511812154,-0.8205145615203591,-1.1698836982734446,-0.1020506975640416,0.9862212874902078,-1.1241008606158662,-0.8282085286722954,-0.6570596548050135,0.524738702647133,-0.4192576721752588,-0.434212868537098,2.114629193099894,-0.7311055995812652,1.0382969062211425,0.489531485661774,-0.4932882902008956,-0.8757663574622965,-0.8534432241029869,-0.9726950583751144,-1.1401426293273509,-0.9570788601589044,-0.0587415045406171,-0.3531916531328996,0.5457832512374878,0.7381529965611006,1.957876618527508,2.091574762605593,1.423278784791815,1.0187408907830586,1.096941977785008
G23449,0,0,6.330676973180867e-05,10.18730/PHX3C,FULL,Phaseolus,vulgaris,Phaseolus vulgaris,PER,"2 KM SEE DE PACHAR, OLLANTAYTAMBO - URUBAMBA - CUZCO",-13.28,-72.22,-1.2939186614670004,2.1661830539404985,2.5782939957664426,0.2723839425836306,0.0672226271149643,0.6194949017384636,0.2208382707367368,0.0976626384002603,-1.113404821594853,-0.6108101409565528,-0.1772172155267593,0.2276848888251061,-0.6834618765223034,-0.0310412120852824,-0.191581395163998,-1.1168865380120652,1.974321339272712,-2.626334480385625,-0.8329534747819922,-0.0073098666319996,-0.3080041015067917,-0.738035839958754,0.1765299646934299,0.3161094038853487,1.4645399806185984,1.511705847931179,-0.395864196845538,-0.1099513511812154,-1.0901110558948175,0.2062222827571616,-0.5713054316995316,-1.2884423369086977,-0.8289817070537631,-0.7710189124660727,-0.6570596548050135,0.4818233874443993,-0.5179199776879273,-0.7601217569156273,1.1457708033534817,0.9043742473760612,-0.5241432176499704,-0.513127344468165,0.7198764104127772,-0.7993933395835899,-0.2638975398709599,-0.5096304828572832,-1.0459048912797364,-1.0906285087901668,-1.0090861453499145,0.6067042894676358,0.6766493838585543,-0.5873968999073532,-0.4658040009012009,-0.8440172716942075,-0.1809219877334758,-0.8011362203182835,-0.0641150216376775
G23903,0,0,0.0142057215734834,10.18730/JTMSV,FULL,Phaseolus,vulgaris,Phaseolus vulgaris,CRI,"TERCERO, PASO HONDO - SANTA CRUZ - GUANACASTE",10.24,-85.7,0.3591811050669926,-1.679084006427596,0.3859604233784113,-0.6012454023141819,0.3396465125265762,0.7287215027249015,1.377525722086522,1.3510441352254228,0.5261387745873934,-0.6733228023806165,-1.1488294848772953,-1.2858560454043628,-0.4479571220998433,2.051110216211048,2.3781103124197007,-0.8427162681767036,0.6396219708097787,0.2327245285697083,0.9048396484923804,-0.3619917718278785,-0.4762377885458992,0.4238576284306529,-0.2103424021141454,-0.1760735537426384,0.0014369921182401,0.2125878675441747,0.5668992278065389,-0.1099513511812154,0.7970644047263937,0.2062222827571616,1.8493623862566169,1.772674320685386,1.241854387432859,1.5928185573911364,-0.7732684634130653,0.708425849642446,-0.380888997809221,1.7418557092518512,-0.7437863463040021,0.5144383016621903,1.354109289672189,1.4569681644711507,-0.931781555482946,2.539198584828441,1.2305322178334808,-0.6739437193313522,1.4177388319650337,2.105023797743612,0.319551022383472,1.3565411108712386,0.7837539151636006,1.6840704644467035,1.573779812745808,0.6341926385783286,0.8238957308772206,2.410411532720244,0.1938976790757006
G24432,1,1,0.9860611341780944,10.18730/JRANQ,FULL,Phaseolus,vulgaris,Phaseolus vulgaris,MEX,ELOTEPEC - HUATUSCO - VERACRUZ,19.19,-97.02,0.3591811050669926,0.8655780188159958,0.3859604233784113,0.9484838425618496,1.185563598772504,-0.5910999258612251,-0.1976422571831442,-1.0398601771462488,1.6386862876953794,-0.2843551791381266,-0.1772172155267593,0.2276848888251061,0.9650714044349166,0.7786843433632905,1.0256409926388066,0.6652202159177848,-0.294667587114274,0.6071251130757639,0.4534648112782575,0.2685538374092394,1.044594742287633,0.7407376652641275,-0.9840871357292964,-0.996378483122617,-0.2153190061781092,-0.8267065167654283,0.1542863315270773,-0.1099513511812154,1.0666608991008526,1.582328263787768,-0.0922404942747564,-0.4616586195718204,1.2068402505695586,1.3831232979683197,0.8536548570996605,0.1483745888693702,1.0168269969535824,-0.1434018604454873,-0.4406640975684986,0.0405592714691265,0.032683809267186,-0.2689200382491665,-0.2740416575598704,0.5753209822331289,-0.0993731628759756,-0.0166907734350757,0.3676611794344759,1.6662178093837494,1.565148367133522,-0.1632213460213287,-0.2181344985342661,-0.0921491408015433,-0.2590335412857296,-0.1828757866922677,-0.7581247737321254,-0.5870329857362047,-0.580140269276917
G23543,0,0,3.8559121876088914e-05,10.18730/PG72P,FULL,Phaseolus,vulgaris,Phaseolus vulgaris,MEX,SAN ANDRES DE LA CAL - TEPOZTLAN - MORELOS,18.96,-99.11,-1.2939186614670004,0.2435495237564511,0.3859604233784113,-0.3987573109821689,-0.6237752968260768,1.620738744114146,1.2618084927159272,1.431794241163506,-0.7035189525428345,-0.4371638776232631,-0.6630233502020273,-0.7813424006612064,0.0230523867450766,0.5473341846636982,0.8903940606607171,0.9393904857531464,1.0400317813486584,-2.217897479106292,0.8371334229102618,-0.4014008724051984,-0.5233432209168494,0.2126042705416698,0.4344448758984802,-0.1760735537426384,2.4399419729521705,-0.3070593246106268,-0.5334018289386918,-0.1099513511812154,0.527467910351935,0.2062222827571616,0.5764883885963767,0.3852906321486949,-0.0286585787497545,0.3346470008542348,-0.6570596548050135,1.2232986813261146,-0.0191272109294366,-0.7049679450361839,0.5281943153955005,0.3747643531973408,0.4897806571083557,0.3603833586204943,-0.8148500180743993,-0.2429613521815846,-0.8945743183517331,-0.8830696566619857,-0.4535533949804475,0.9984695662274374,0.9008297832668288,0.4031958685159298,0.5262774591123965,0.875625951760042,0.6596889648777324,0.3654016133859691,-0.0303024939786897,-0.6940846030272442,-0.709146619633606
G11613,0,0,9.017616743869613e-05,10.18730/JQ36J,FULL,Phaseolus,vulgaris,Phaseolus vulgaris,GTM,SAN CRISTÓBAL TOTONICAPAN - SAN CRISTOBAL TOTONICAPAN - TOTONICAPAN,14.93,-91.44,0.3591811050669926,-0.2733674955815272,0.3859604233784113,0.238830113848706,0.0420848007786997,0.7378237194737715,-0.6240066046014621,1.6855804523923847,-0.1472452232556987,-0.4649472532602724,-1.1488294848772953,-0.7813424006612064,0.7295666500124566,1.7040849781616596,1.2961348565949853,1.213560755588508,-0.0277277134216875,0.6071251130757639,1.2659395182636783,0.07150833452264,0.1630502222027094,0.9519910231531106,-0.726172224524246,-0.996378483122617,-0.0527520074558472,-0.8267065167654283,-0.2583265647523842,-0.1099513511812154,1.60585388784977,0.2062222827571616,-0.7323562984615368,-1.469931454035403,0.1614181642224474,0.4585578359677175,-0.6570596548050135,0.5083736213803933,0.7975774291476525,-0.7500937911193648,0.0211017763433229,0.5513650314198676,-0.6044815202036276,-0.6516680511665756,-0.931781555482946,0.2152767550906549,-0.5106841053634363,-0.4050675141919664,0.8119248016589427,1.2178725604073686,0.3380043163797691,0.9929772472611632,0.7004109851745745,1.4824626368432352,1.4973574508719298,0.6184310706089338,0.4674639836698329,1.4469471047163314,0.0648911749314939
G987,0,0,1.879481364797237e-05,10.18730/JZXT$,FULL,Phaseolus,vulgaris,Phaseolus vulgaris,IRN,SHIRAZ - FARS,29.6,52.53,0.3591811050669926,-1.3556055086036252,0.3859604233784113,-0.5534101176991427,-2.1320448770019533,1.8118852958404124,1.6046863796013342,1.1651830814780952,-1.7220195511575067,0.797467606156232,0.3085889191485086,-0.2768287559180501,-1.3899761397896833,-1.0721169262334478,-0.867816055054445,-0.2943757285059805,-0.0277277134216875,0.6071251130757639,-1.4197407631603518,-0.9925373810649966,-1.229924706481101,-1.6886759504591775,1.8529768875262569,2.7770241920252845,-1.353287997233943,-0.6967947187267279,1.117049756179154,-0.1099513511812154,-1.0901110558948175,-1.1698836982734446,0.0867957382608648,1.8170381117038144,-1.5125910458134368,-1.4477627042397092,-0.8120047329490826,0.9507993355251364,-1.614167816717577,-0.273765415796899,1.397900494284643,-1.2249804378059954,-1.5990133908830428,1.6330791562075702,-0.3178909840880755,-1.159437566726064,-0.9357054126004792,-0.8830696566619857,-1.1132175613137465,-1.119246290639723,-1.073672674336954,-0.4171701588612793,1.02952689593975,0.0737962465411118,0.4549035016745696,1.1962614106297862,2.629266375198287,-0.0517750268964503,-0.0641150216376775
G20030,0,0,2.8680648261473412e-05,10.18730/JMVGJ,FULL,Phaseolus,vulgaris,Phaseolus vulgaris,MKD,N OF PELAGONIA PLAIN - PRILEP - PRILEP,41.37,21.56,0.3591811050669926,-0.8025893088436922,0.3859604233784113,-0.5855520016683563,-0.1210187701007845,-0.0358647041801648,-1.5992911233431126,-0.3613352955152183,0.1195665311357353,1.6570916979958998,1.2802011884990447,0.7321985335682625,-0.4479571220998433,-0.6094166088342632,-0.4620752591201768,-0.9798014030943843,-0.4281375239605672,0.6071251130757639,-0.8555222166426983,-0.6772645764464376,-0.449320398619642,-0.8436625189032455,1.208189609513631,1.4645363050173188,-1.299098997659856,-0.1771475265719264,1.254587388272308,-0.1099513511812154,-0.8205145615203591,-1.1698836982734446,-1.312793350876363,-0.1309451249445584,-1.0740806650968655,-1.4001046907345236,0.2726108140594013,-1.631170899729863,-1.038637701227011,-0.4041289711483107,-0.4038361247312079,-1.6061158722704791,-0.5656974897543651,-2.0394229915416453,-0.5809869432573057,-0.6575577349517062,-0.4284219168659441,-0.4200050811441545,-0.5074035310076556,-0.7281366053624546,-0.7599666763999045,-1.7268734945569142,-1.675394495661535,-1.2836772859672636,-0.310974280741136,0.5035967896890566,-0.2531368135063185,-0.5870329857362047,-0.3221277223510561
G420,0,0,4.6388744830277937e-05,10.18730/JZDJ*,FULL,Phaseolus,vulgaris,Phaseolus vulgaris,TUR,IGDIR - KARS,40.43,42.91,0.3591811050669926,-0.8339845823423909,0.3859604233784113,-0.5998243010886806,-0.1455719958245779,0.4010416997655874,-0.7585339265413285,-0.1737890460964656,0.1891489026217677,0.8414834274015547,0.7943950538237766,0.2276848888251061,0.4940618955899966,0.7786843433632905,1.160887924616896,-0.4314608634236613,-0.828547334499447,0.6071251130757639,-1.0812096352497598,0.0320992339453201,0.8965490976932183,-0.3155291241807879,0.6923597871035305,0.8082923615133358,-0.5946420031967207,-1.4762655069589303,2.079813180831231,-0.1099513511812154,0.527467910351935,-1.1698836982734446,-2.5169958357306146,-1.1795487974000696,-1.1057601222588993,-1.142751417806521,-0.0760156117647542,-0.7983181153533419,-1.082487614788197,-0.5495344751941161,0.0919248831200015,-1.7406723563104196,-1.4466477869073158,-3.603289013227839,-0.7125349228419209,-0.7993933395835899,-0.7163395766071667,-0.4050675141919664,-0.1439151128240009,-0.5182728717990424,-0.7046067944110134,-1.422265933153878,-0.9263720780580325,-0.8597544073830802,-0.0744288749410368,0.7008978458773749,0.935312890641035,-0.6940846030272442,-0.4511339189202276
G3543,0,0,1.3703452800016715e-05,10.18730/K20V~,FULL,Phaseolus,vulgaris,Phaseolus vulgaris,MEX,LA UNION - LA UNION - GUERRERO,17.97,-101.81,0.3591811050669926,-1.6819114086778666,0.3859604233784113,-0.6169052322237011,-1.258651561969876,1.4751032761322285,1.725761577912972,0.6057359559547021,-0.820629188378562,-0.6663769584713641,-1.1488294848772953,-0.7813424006612064,-0.4479571220998433,-0.6094166088342632,-0.191581395163998,0.9393904857531464,0.7730919076560719,-3.681463400357236,1.220802034542266,-0.6378554758691177,-0.2608986691358416,0.5294843073751444,0.4344448758984802,0.8082923615133358,2.9276429691189567,-0.4369711226493272,-0.5334018289386918,-0.1099513511812154,0.2578714159774761,-1.1698836982734446,1.824019309999492,1.6637805119388556,-0.2620861578384236,0.2690510718287824,-0.7732684634130653,1.4298045666395938,1.2470390431498088,-0.7450798082212337,-0.1800353677590818,0.8328942501638285,1.5812725399262348,1.2432867197441504,-0.6833020384897842,-0.0465735919220534,-0.9494157773500612,-1.0921955939926191,-0.9382046192253204,0.387956886770238,0.6148037263242246,0.4593135339500376,0.6131668967605302,0.9138767949430112,0.5564691514376892,0.0532662762777737,0.2539144274558553,-0.0517750268964503,0.0648911749314939
G23010,0,0,0.0018338316633476,10.18730/JWV1J,FULL,Phaseolus,vulgaris,Phaseolus vulgaris,MWI,"LIVINGSTONIA, MSUKA - MSUKA - LIVINGSTONIA",-10.58,34.12,0.3591811050669926,-0.1070483552771104,0.3859604233784113,-0.586147955477749,-0.2923067495548667,0.6012904682407239,0.0398030893548475,-0.3022963073726432,-0.2825357045196782,-0.3509812891220554,-0.6630233502020273,-0.7813424006612064,-0.4479571220998433,-1.1877920055832438,-1.6792976469229814,0.5281350810001041,-0.9620172713457402,0.0625424447033194,-0.7426785073391676,-0.2831735706732388,-0.4022149662486919,-0.526782482069771,-0.9840871357292964,-0.8323174972466213,0.5433269878591136,1.2518822518537778,-1.9087781498702303,-0.1099513511812154,-1.0901110558948175,1.582328263787768,0.516809670933886,0.2602648574459451,0.2714625943642486,0.7254427115967572,-0.734532193877048,0.7735410108750412,-0.1068270380518085,-0.7099819279343151,-0.9250931959832032,-0.3237765769151975,0.5590377816855954,0.1467020034681993,2.327685049780296,-1.0830645488473571,-0.0445317038776475,1.865442662540625,-0.2381528508716151,-0.9475395995423856,-0.9906328513536174,0.0343914447096732,2.194909312722472,-0.4746575726312338,-0.6897777627566795,-0.923106568112064,1.994807548765455,-0.265878261478529,2.2579986696326584
G16148,0,0,0.00010321980883411853,10.18730/JSKG=,FULL,Phaseolus,vulgaris,Phaseolus vulgaris,PER,CELENDIN - CELENDIN - CAJAMARCA,-6.88,-78.16,0.3591811050669926,1.6965357144963091,-1.80637314900962,1.980221796034335,1.1931634067346304,-1.0189041130581074,-0.0490442324615238,-0.8357280144551688,-0.4107433193265435,-0.8191856569565006,1.2802011884990447,1.2367121783114188,0.7295666500124566,-0.0310412120852824,-0.0563344631859086,-0.7056311332590228,-0.294667587114274,0.6071251130757639,-0.6975410236177554,0.1109174350999599,-0.0522888972073482,-0.3155291241807879,-0.0813849465116203,-0.3401345396186341,0.3807599891368515,0.2125878675441747,0.429361595713385,-0.1099513511812154,-0.2813215727714414,0.2062222827571616,-0.7029256840863578,-1.6554537165013925,-0.2954329548510906,-0.5136656395380701,-0.1147518813007715,-0.5430287835493051,0.0795350945832318,-0.5645764238885097,0.6273464899489194,1.3154284165524093,-0.7014414312049962,-0.4755569810522892,0.4567804512435469,0.0297994259566531,0.229675591113993,0.4164986681783791,-0.5612536670348637,-0.8998432964597919,-0.8983663813721323,0.1245727514189591,-0.0698904783835729,-0.7941815333551332,-0.9008490479321526,-1.2231392726723311,-0.9257663335619388,0.3764311870368224,1.096941977785008
G22384,1,1,0.9581496564642444,10.18730/JVHAF,FULL,Phaseolus,vulgaris,Phaseolus vulgaris,GEO,"E SUCHUMI, GUL'RIPS - RAYON GUL'RIPS - ABCHASIA",42.93,41.11,0.3591811050669926,-1.6225359614221828,0.3859604233784113,-0.4181987207399344,-0.5951298668149845,-0.0540691376779045,-1.976506517925937,-1.5282532064213274,1.0639402160111606,2.352610071818436,-0.1772172155267593,0.2276848888251061,0.2585571411675366,0.2003089466143097,-0.867816055054445,-0.4314608634236613,-0.828547334499447,0.6071251130757639,0.20520865081049,0.2685538374092394,1.266663209179255,0.7407376652641275,-0.5972147689217209,-1.488561440750604,-0.5946420031967207,-0.6967947187267279,1.117049756179154,-0.1099513511812154,0.2578714159774761,0.2062222827571616,-0.7454365722751614,0.1231396082627837,0.7033036156782866,-0.227717558506956,2.984149681580611,-1.8222434894408208,0.2220473136570863,1.2454714023368605,-1.4633479692890108,-1.7109425390042052,-1.7042842237575404,0.3369018646903142,1.085287464814486,0.3243810663459501,0.9151938285930942,0.685374873317765,0.3138110434072678,0.0636220258086008,-0.1786879155165479,-1.7605004224824108,-1.844208260235052,-1.5856576268854403,-0.8105317111721146,0.1517760760864918,-1.4508712809673232,0.1623282076856287,0.4519103797890794
G24582,0,0,0.0001893626459934416,10.18730/PG9V0,FULL,Phaseolus,vulgaris,Phaseolus vulgaris,MEX,"VENUSTIANO CARRANZA, CHITAMA - VENUSTIANO CARRANZA - CHIAPAS",16.33,-92.45,-2.9470184280009937,-0.6400136794531294,-2.902539935203636,-0.5630970157675119,-0.0777583247779105,0.4010416997655874,1.605112001185931,0.8284257271285242,-0.352188157781708,-0.4788390073195697,-0.1772172155267593,-0.2768287559180501,0.0230523867450766,-0.1467162914350786,0.2141594007702701,0.9393904857531464,-0.0277277134216875,-1.4690963100941803,0.0246587159248409,-0.3225826712505587,0.041921967534552,0.0013509126526867,0.0475725090909048,-0.0120125678666426,1.3019729818963364,-0.9566183148041288,0.0167486994339235,-0.1099513511812154,0.2578714159774761,0.2062222827571616,1.2076114950952792,1.0830154294435383,0.4081844621161834,1.039985600730983,-0.6570596548050135,0.9255360190793483,0.8578710602942833,-0.7902056543044146,-0.1233771984345741,0.2829006338897225,1.0189048711818969,0.644509195563326,-0.9171651133068778,0.3789332219735976,-0.6889188471080027,-0.6739437193313522,0.6503743935773184,1.608982245684637,0.6886169023094127,0.4348575863678584,0.2535510201270304,0.9061115861765436,0.4426626904653337,0.3704678316618461,0.1249593814329219,0.1623282076856287,-0.3221277223510561
G414,0,0,0.0001790731253976712,10.18730/JZDCT,FULL,Phaseolus,vulgaris,Phaseolus vulgaris,TUR,POSOF - KARS,41.51,42.75,0.3591811050669926,-0.8425079261961913,0.3859604233784113,-0.591292804225016,-0.0157906598559559,-0.4909755416236568,-1.4630469199354597,-0.8034426963337378,0.488485767787196,1.3383649102945785,1.2802011884990447,1.2367121783114188,0.9650714044349166,0.5473341846636982,0.3494063327483596,-0.8427162681767036,-0.0277277134216875,0.5730886963024862,0.1600711670890778,0.0320992339453201,0.8292556228775754,0.2126042705416698,0.1765299646934299,0.3161094038853487,-0.1611300066040218,-0.8267065167654283,1.6672002845517695,-0.1099513511812154,0.527467910351935,0.2062222827571616,-1.962719356281498,-1.002092902537765,-0.7989695897423627,-0.9711825691878524,0.505028431275505,-1.1229691375754072,-0.4795513033218895,-0.31889126188008,-0.1347088377028401,-1.5022783510992057,-0.5407649714048538,-2.656985694631198,-0.4932882902008956,-0.7339307528304128,-0.5381048348626004,-0.2556918446700854,-0.0227523067627827,-0.2130165320704426,-0.5385271484443401,-1.6229357173326524,-1.282086796266514,-1.1565579424569452,-0.269289356082657,0.4754511326008514,-0.0421663582127996,-0.6940846030272442,-0.709146619633606
G20357,0,0,7.181151791607314e-05,10.18730/JNBZV,FULL,Phaseolus,vulgaris,Phaseolus vulgaris,MKD,ZDUNJE - MAKEDONSKI BROD,41.82,21.17,0.3591811050669926,-1.057055511368051,0.3859604233784113,-0.5855258990022678,0.0181161756673777,-0.2634201229019108,-1.6115401842385346,-0.4528580502934814,0.1795918188467964,1.5887091322742113,0.3085889191485086,0.7321985335682625,0.0230523867450766,0.6630092640134944,0.7551471286826278,-1.253971672929746,1.0400317813486584,0.6071251130757639,0.5663085205817883,-0.0467189672093195,1.091700174658583,0.5294843073751444,0.6923597871035305,-0.5041955254946299,-0.1611300066040218,0.4724114636215755,0.8419744919928466,-0.1099513511812154,-0.0117250783969826,-1.1698836982734446,-1.1991584665777208,-0.026084730775215,-0.8306490469043963,-1.219004239414818,0.5437647008115223,-1.7086967344095605,-0.9509378741046388,-0.1032899972604375,-0.7466193270402307,-1.7117613698146754,-1.8982040424578408,0.4730944712617959,-0.3032745419120071,-0.5811847170729996,-0.1542146218743036,-0.3303796794310259,-0.3593156569328333,-0.6709010416633422,-0.7138334414091619,-1.7502376587648891,-1.6831968125115715,-1.3112869171369257,-0.3625841874611576,0.4636299566238052,-0.370227995295142,-0.8011362203182835,-0.709146619633606
G897,0,0,7.796139837546721e-05,10.18730/JZTVD,FULL,Phaseolus,vulgaris,Phaseolus vulgaris,TUR,SAMSUN - SAMSUN,41.25,36.37,0.3591811050669926,-1.012975817896941,0.3859604233784113,-0.585558957260071,-0.1812326331853253,0.0096463795641843,-1.4898259243280192,-0.708308590908106,0.3902854151942765,1.4673118116944686,0.7943950538237766,0.2276848888251061,0.0230523867450766,0.2003089466143097,0.2141594007702701,-0.1572905935882998,-0.1611976502679807,0.6071251130757639,-0.4492848631499879,-0.4014008724051984,0.263990434426174,-0.3155291241807879,1.0792321539111058,0.6442313756373401,-0.3778860049003713,-1.4762655069589303,1.6672002845517695,-0.1099513511812154,0.2578714159774761,-1.1698836982734446,-0.8476261976175777,0.0545770605963178,-0.7489493942233622,-1.152283020507558,0.3888196226674531,-1.4501011475318049,-1.016712744446418,-0.0631781340753878,-1.8344603406878623,-1.8843367510753883,-1.1834708238151623,0.5881536280458367,-0.1132607936231186,-0.3738865256879388,-0.0993731628759756,-0.1959415768613329,-0.4670159289872495,-0.6613617810468234,-0.7968732643924986,-1.6788350260919194,-1.505516778790286,-1.5292879632473806,-0.7109510578213037,0.3578022859721538,-0.4181992724156732,0.80463765620098,0.5809165763582509
G3171,0,0,9.143262450126745e-05,10.18730/K1PCZ,FULL,Phaseolus,vulgaris,Phaseolus vulgaris,GTM,SAPUYUCA - SAPUYUCA - JUTIAPA,14.14,-89.99,0.3591811050669926,-0.2996005510748153,0.3859604233784113,-0.5501776480242851,-0.1245263737756121,0.6923126357294223,0.7660213790610557,1.640941859952557,0.3211958073411554,-0.7149978989565268,-0.6630233502020273,-0.7813424006612064,-0.4479571220998433,-0.493741529484467,-0.191581395163998,0.3910499460824232,-0.1611976502679807,0.2667609453429861,0.4760335531389636,-0.4802190735598382,-0.6646595180296997,0.1069775915971782,-0.3392998577166706,-0.3401345396186341,0.0014369921182401,-0.1771475265719264,-0.2583265647523842,-0.1099513511812154,-0.0117250783969826,0.2062222827571616,1.323698927993036,1.0426845914516076,0.6699568186656195,1.0209223953289084,-0.734532193877048,0.7887101044904011,-0.468588824931593,-0.6899259963417902,-0.6616316981950422,0.5772847288037195,1.0881620221786228,0.8746275987061135,-0.9610144398350828,0.8808130537479553,-0.6614981176088386,-0.3303796794310259,0.8523124036793487,1.7806889367819745,1.1130426642242446,1.1729031473300535,0.8287945624342657,1.6527220290561502,1.7011504158689383,0.8844075300924727,0.979673426472924,0.3764311870368224,-0.8381529699902952
G7257,1,1,0.7079236420606624,10.18730/JFFFT,FULL,Phaseolus,vulgaris,Phaseolus vulgaris,COL,SOATA - SOATA - BOYACA,6.33,-72.68,0.3591811050669926,-0.6013708088943764,0.3859604233784113,0.4010078109234796,0.5027500834060605,-0.5637932756146155,0.1339287960390552,-1.0228073585548063,0.9945798160909904,-0.8955900061990688,-1.1488294848772953,0.7321985335682625,1.2005761588573765,3.207861009709009,0.484653264726449,0.1168796762470617,0.5061520339634855,0.5050158627559306,2.2815329019954547,0.1109174350999599,0.6946686732462893,1.2688710599865851,-0.726172224524246,-0.3401345396186341,-0.2153190061781092,0.4724114636215755,-0.6709394610318457,-0.1099513511812154,2.145046876598688,0.2062222827571616,0.1113212304648118,-0.6149161039491056,0.8933803586504886,0.6682530953905345,0.3113470835954186,-0.649438501244697,0.6934338844398358,1.300625214216304,-0.4831578326291731,1.3012390492083938,0.0105215325728087,0.2054056823094568,-0.5663705010812374,0.9026339159990144,0.7506694515981099,2.896134782241604,1.4985140360058458,0.5215065354015004,-0.3355409144850726,1.0008380875554352,0.3418590608388069,0.8094778770827271,-0.1217379561010567,-0.5228753243177863,0.2435980237740206,-1.2293425618669986,-1.4831845679862237
G11763,0,0,5.7897348791883727e-05,10.18730/JQJ9M,FULL,Phaseolus,vulgaris,Phaseolus vulgaris,PER,SUCCHUBAMBA - CHOTA - CAJAMARCA,-7.51,-78.52,0.3591811050669926,-0.2048925572372773,-1.80637314900962,0.7553114944732212,0.4261674031723241,0.6012904682407239,0.2703086109415165,0.3499438684104523,-1.0255722101585147,-0.6941603341083734,1.2802011884990447,0.7321985335682625,0.2585571411675366,-0.7250916881840593,-1.0030629870325345,0.1168796762470617,0.6396219708097787,-1.401023476547625,-1.306897053856821,-0.2043553695185991,-0.2878160590620988,-1.0549158767922286,0.6923597871035305,0.6442313756373401,1.1394059831740744,0.3424996655828751,-0.5334018289386918,-0.1099513511812154,-0.8205145615203591,0.2062222827571616,-0.3710137873516815,-1.22794596453313,-0.9073466800335304,-0.7710189124660727,-0.734532193877048,0.3168617411714655,-0.6604321967617818,-0.820289551693202,0.2873962312279915,1.387873369354355,-0.3856291005929222,-0.2524829902586736,0.208300934250385,-0.5702742859474701,-0.5792359291113465,-0.0913786081960162,-0.9247420852185184,-1.081089248173648,-1.0644460273388057,0.2492544127531051,0.4241380385301008,-0.8407727859539377,-0.6477620053628157,-0.9892488622693462,-0.360427411797399,0.4834829319433041,1.2259481743541794
G9905,0,0,0.000980189962923195,10.18730/K399*,FULL,Phaseolus,vulgaris,Phaseolus vulgaris,MEX,CIUDAD MENDOZA - CIUDAD MENDOZA - VERACRUZ,18.8,-97.18,0.3591811050669926,-0.3219309262976804,0.3859604233784113,-0.3907633062094706,0.0245467824045616,-0.6002021426100949,0.3332674205722312,0.303299399655254,0.7018041610612138,-0.2635176142899733,-0.6630233502020273,-0.2768287559180501,0.0230523867450766,0.0846338672645136,0.2141594007702701,0.1168796762470617,0.2392121602708989,0.0285060279300417,1.220802034542266,-0.4408099729825183,-0.6242834331403139,0.5294843073751444,-0.0813849465116203,-0.6682565113706256,0.2181929904145895,-0.047235728533226,-0.1207889326592303,-0.1099513511812154,0.2578714159774761,0.2062222827571616,0.4326054127050966,0.2844633448560798,-0.0019811411396209,0.134483344132455,-0.0372793422287369,0.2703398779582055,0.1507912041201591,-0.4993946462128039,0.8114863507582732,0.2222572560652794,0.4316047105075344,0.134961267699948,-0.5663705010812374,-0.1993196276794666,-0.5655255643617644,-0.4498802150485307,-0.0631399087831888,0.7409095295814314,0.5594438443353336,-0.0854863697779732,-0.0964892858268791,0.0806986543335273,-0.1779795211164649,-0.0629752874965136,-0.6657929607797052,-0.6940846030272442,-0.580140269276917
G955,1,1,0.8216680941345661,10.18730/JZWCS,FULL,Phaseolus,vulgaris,Phaseolus vulgaris,CRI,CAÑAS - CAÑAS - GUANACASTE,10.43,-85.1,0.3591811050669926,-1.1516204489567086,0.3859604233784113,-0.6068988861673857,0.23091079860692,1.092810172679695,1.0737913705021136,1.1734942342428851,0.5261387745873934,-0.7427813077139324,-0.1772172155267593,-0.2768287559180501,-0.4479571220998433,-0.7250916881840593,-0.3268283271420874,-0.2943757285059805,-0.294667587114274,0.6071251130757639,0.9499771322137924,-0.7166736770237575,-1.1962779690732797,0.2126042705416698,0.3054874202959551,-0.5041955254946299,-0.3236970053262839,0.2125878675441747,0.0167486994339235,-0.1099513511812154,-0.5509180671459002,-1.1698836982734446,1.863260103178232,1.6799130163708818,1.9771512615621667,1.783450611411879,-0.5021145766609444,0.3423274489708252,-0.0903833204663638,2.052722648935987,-0.9732529262873642,0.7168510628118367,1.4815423080112755,1.449923651350435,-0.8733157867786727,2.724675913962443,1.1894011235847346,-0.4349426480963426,1.7139145801146782,2.3625838343896173,2.469359772952077,1.2547869003953858,0.7990038980977627,1.6067059771067136,1.4791616504257683,0.516543791949631,0.7078361894565806,1.8751535738804888,-0.0641150216376775
G16984,0,0,1.5979028780062572e-05,10.18730/JKRZQ,FULL,Phaseolus,vulgaris,Phaseolus vulgaris,IRN,SARAB - AZERBAIJAN,37.94,47.56,0.3591811050669926,-0.7208291768005777,0.3859604233784113,-0.5999550847418367,-1.1358854333509092,1.7026586948539744,-0.9785707702217072,0.0262517058981773,0.0150518784920326,1.2118369306899246,0.3085889191485086,-0.2768287559180501,-0.9189666309447634,0.0846338672645136,0.484653264726449,-0.020205458670619,-0.828547334499447,0.6071251130757639,-1.3520345375782332,-0.7954918781783972,-0.671388865511264,-1.3717959136257032,1.8529768875262569,1.9567192626453056,-1.0281539997894191,-0.9566183148041288,1.117049756179154,-0.1099513511812154,-0.2813215727714414,-1.1698836982734446,-1.7411722478608458,-0.5140887781939333,-1.3975445961197357,-1.3429150745283007,-0.5021145766609444,-0.3095516452119615,-1.4278056840825366,-0.6197302357679532,0.4347080415266874,-1.5094795350382142,-1.68489219202073,0.2147982843602639,-0.7125349228419209,-0.9630498064665326,-0.7848914003550768,-0.4797553489529069,-0.4266283269668434,-0.9380003389258668,-1.0090861453499145,-1.4593865678768287,-0.9253081257603002,-1.3239413314230204,-0.5055039291473714,0.6077357209154158,1.0890273055003714,-0.3729298787695683,0.0648911749314939
G52195,1,1,0.9974008025463552,10.18730/K4S49,FULL,Phaseolus,vulgaris,Phaseolus vulgaris,CRI,PILAS - BUENOS AIRES - PUNTARENAS,9.08,-83.44,0.3591811050669926,-1.2408366576356442,0.3859604233784113,-0.5768858937633062,0.7342519259446835,0.0369530298107938,1.1614105485923072,0.1578490682128442,1.902184296512281,-0.7566729955324369,-0.1772172155267593,-0.7813424006612064,0.2585571411675366,-0.0310412120852824,0.3494063327483596,0.6652202159177848,-0.294667587114274,0.436943029209375,0.4083273275568453,0.5050084408731587,0.6139165034675177,0.8463643442086191,-0.726172224524246,-0.0120125678666426,-0.3778860049003713,-0.5668829206880276,-0.1207889326592303,-0.1099513511812154,0.527467910351935,0.2062222827571616,1.4479615462771924,1.1999751442430613,2.922532956871277,3.4133546732892293,1.1635450133877987,-0.1704719697407213,1.6526507435907791,3.3714001511444973,-0.6729633104464846,0.7814516767875803,1.0410671742957616,1.1564053467188544,-0.1278772357991869,4.852209983440699,1.5870017013226134,1.3725029531184176,3.7871448171621895,2.381662355622655,1.7589079540946408,1.12770331563799,0.8178003886910324,1.3887049309962585,0.7523221307854636,0.3017924283666254,1.0420876687480238,1.0187408907830586,-0.1931213719943667
G24469,0,0,5.235876057950146e-05,10.18730/JTCDJ,FULL,Phaseolus,vulgaris,Phaseolus vulgaris,MDG,70 KM NE OF TULEAR TO SAKARAHA - ANDRANOVORY - TULEAR,-23.13,44.15,0.3591811050669926,-1.057055511368051,0.3859604233784113,-0.6172423117743453,-1.0838559788409663,1.1929345569172634,-0.2419983799670726,0.3268414334970404,-0.5122770887388406,0.0045302085107311,-1.1488294848772953,-1.2858560454043628,-1.1544713853672233,-0.493741529484467,-0.191581395163998,-0.4314608634236613,-1.0954872081920335,0.6071251130757639,-1.4874469887424702,-0.9531282804876768,-1.2568420964073583,-1.6886759504591775,0.5634023315010054,1.300475319141323,-1.0281539997894191,2.940735626356883,-2.5964663103359995,-0.1099513511812154,-1.898900539018194,-1.1698836982734446,1.134035044918275,1.1919090843398377,-0.6972618588537283,-0.1991227504038447,-0.6570596548050135,1.250151235495594,0.896239734660321,-0.7902056543044146,1.0154567491422428,-0.0536266366799372,1.304244252973168,0.4848352294237231,1.5968629409768782,-0.9630498064665326,-0.2227664456222138,-0.8531945227576094,-1.0593674252865384,-1.042932205707573,-1.0459927333425083,2.18979018206406,2.8183853591935693,1.0332309296868618,0.2057864519298498,-0.7162359885137559,1.983459504715437,1.125792380458656,1.2259481743541794
G21946,1,1,0.93556772452051,10.18730/JVMTG,FULL,Phaseolus,vulgaris,Phaseolus vulgaris,BRA,JAGUARUNA - SANTA CATARINA,-28.65,-49.02,0.3591811050669926,-0.7869673218755314,0.3859604233784113,-0.5942019978367661,-0.2654151213811882,-1.219152881533244,-0.791137192462252,-1.840840703546732,0.9653022353185728,0.1115582880136154,-0.6630233502020273,-0.2768287559180501,-0.9189666309447634,-0.8407667675338554,-1.1383099190106238,-0.4314608634236613,-1.4958970187309133,0.6071251130757639,-0.0881849933786897,0.1897356362545997,-0.3483801863961775,0.2126042705416698,-1.3709595025368717,-1.1604394689986126,-0.973965000215332,1.2518822518537778,-0.9460147252181532,-0.1099513511812154,-0.8205145615203591,1.582328263787768,0.4661235729947789,0.6676068827177832,0.524898251660518,-0.3325651882183645,2.4805781776123865,-1.662224935986715,0.874314777879728,0.5685837110891458,-0.6984597351972904,-0.5880612457927674,0.944107131196962,-0.0082757176301896,1.2314518865751694,0.1389037372119483,0.270806685362739,0.7750002750308936,0.1118730333052374,-0.2320950533034801,-0.2986343264924786,1.1305419524109217,-0.1581985190953495,-0.6046529193883918,-2.113020190381892,-2.5558361357988466,-2.493343873016716,1.3398956150407346,2.903030575203621
G3575,0,0,1.3170711751866743e-05,10.18730/K21RS,FULL,Phaseolus,vulgaris,Phaseolus vulgaris,MEX,EJIDO DE LA ESTANZUELA - ZIMAPAN - HIDALGO,20.71,-99.44,0.3591811050669926,0.9364935173535808,0.3859604233784113,-0.4258924415363861,-0.6337135072380884,0.0782330158389114,1.0954998107120146,0.9352564343689208,-1.5818459394456506,-0.1037630387751882,-0.6630233502020273,-0.7813424006612064,-0.4479571220998433,-0.2623913707848747,-0.0563344631859086,0.8023053508354656,1.306971655041245,-2.1157882287864584,0.3857585856961391,-0.6772645764464376,-0.9472921122554004,-0.3155291241807879,1.0792321539111058,0.4801703897613444,1.6271069793408603,-0.3070593246106268,-0.5334018289386918,-0.1099513511812154,-0.0117250783969826,-1.1698836982734446,0.1742700558065943,-0.001886127977408,-1.1541129779272663,-1.142751417806521,-0.5795871157329789,0.2590617435727526,-0.8632380469822669,-0.7601217569156273,1.0267881857843326,0.1904104411281594,0.2653876749289272,-0.250134867738068,-0.8294664602504677,-0.7993933395835899,-0.9768365068492252,-0.7934442549488571,-0.6420288710756757,-0.3942624837842987,-0.520073854448043,0.4023224418165663,0.831277117795641,1.1456826566382972,1.28165450740107,0.9975530715870576,0.8202849895885784,-0.3729298787695683,-0.1931213719943667
G19733,0,0,0.0152537883027179,10.18730/JVBA8,FULL,Phaseolus,vulgaris,Phaseolus vulgaris,PER,"CAJABAMBA, MATIBAMBA - CAJABAMBA - CAJAMARCA",-7.58,-77.94,0.3591811050669926,1.5300175476296003,-1.80637314900962,0.253079660712016,1.5082631368566448,-1.1190284972956757,-0.9996677530296804,-0.0678499000888061,0.9945798160909904,-0.770564716471338,2.2518134578495808,2.245739467797732,2.1425951765472164,0.5473341846636982,0.3494063327483596,-0.9798014030943843,1.974321339272712,-0.6522223075355139,1.1305270670994416,2.593690771471112,0.7619621480619323,1.057617702097602,-0.4682573133191957,-0.5041955254946299,0.760082986155463,0.3424996655828751,0.7044368598996927,-0.1099513511812154,0.7970644047263937,0.2062222827571616,-1.7787780261821882,-2.933943697255767,0.4598719974858173,0.1535465495345292,0.3113470835954186,-0.5725684578491878,0.7920961899525043,-0.3539891421669985,0.4517055071832929,1.1163184242186823,-1.574080864690247,-1.2856677546600597,1.041438138286281,0.6298731378607765,0.9426145580922582,1.1036267479790318,-0.3997032589532394,-0.8521469933771982,-0.7230600884073104,-0.0387580413620236,-0.3206285698824727,-1.20027319180891,-1.910550556326422,-1.4018641951824342,-1.5684782829402384,1.125792380458656,1.99998596891928
G19881,0,0,0.00012651689817187148,10.18730/JVF9R,FULL,Phaseolus,vulgaris,Phaseolus vulgaris,PER,"DAGUAS, TEJAPATA - CHACHAPOYAS - AMAZONAS",-6.22,-77.8,0.3591811050669926,0.9645370975754688,-1.80637314900962,1.8758126543458715,1.3445749653646892,-1.1372329307934153,0.0147738838475313,-0.4906593160134221,-0.6449637909979988,-0.8539149096231585,0.3085889191485086,0.7321985335682625,0.4940618955899966,0.431659105313902,0.0789124687921807,0.1168796762470617,0.1057422234246057,-2.0477153952399028,0.20520865081049,1.1749631506875966,0.4524121639099744,0.7407376652641275,0.0475725090909048,-0.0120125678666426,1.1394059831740744,0.0826760695054743,-0.1207889326592303,-0.1099513511812154,0.2578714159774761,0.2062222827571616,-0.0194814706382881,-0.7601073745729333,-0.4621669399144258,-0.7328925016619242,0.2726108140594013,-0.9665464138084264,-0.2657829747111078,-0.4241849027408356,0.0380993027877794,1.0607742378089302,-0.1113709231975562,-0.0200164310047654,0.1790680498982483,-0.1884091965539371,0.0514408493694266,0.2820605656086862,-0.5343285990212596,-0.823529211527642,-0.8245532053869441,0.0970598103890075,-0.1213148394406315,-0.8082739492646481,-1.1337552936430193,-1.1541824128062286,-0.963937027184727,-0.265878261478529,0.1938976790757006
G24534,0,0,6.091644802036381e-05,10.18730/JXE84,FULL,Phaseolus,vulgaris,Phaseolus vulgaris,BOL,"9 KM W DE TOMATITAS, RINCÓN DE VICTORIA - MENDEZ - TARIJA",-21.54,-64.83,0.3591811050669926,1.219003300099828,-1.80637314900962,-0.2629895888017766,-0.2940605513922805,1.3021611579037011,0.7705797182029321,0.5761444971183318,-1.3769030049196411,0.3268796810432118,0.7943950538237766,0.7321985335682625,-0.2124523676773833,-0.493741529484467,-1.1383099190106238,-0.7056311332590228,0.6396219708097787,-1.5031327268674584,-1.1714846026925845,-0.1255371683639593,-0.2945454065436631,-0.8436625189032455,-0.3392998577166706,-0.1760735537426384,1.085216983599987,0.7322350596989763,-0.1207889326592303,-0.1099513511812154,-0.8205145615203591,0.2062222827571616,-0.0914229897697248,-0.3648644006933764,-0.7856308709372959,-0.6471080773525899,-0.6957959243410308,0.7329558020361242,0.0904975729735283,-0.7801776885081522,0.9956259954330416,0.1381331482053336,0.2155225589714486,-0.4849495942999346,0.9098901587016658,-0.8539454952112374,-0.305028634119706,-0.4797553489529069,-1.0459048912797364,-1.081089248173648,-1.055219380340657,0.934239301728965,0.6777133361562865,0.0435982124492941,-0.9223531757321616,-1.29294050225108,0.2513353265353966,-0.265878261478529,0.7099227729274225
G18660,0,0,0.0002602722208853704,10.18730/JST2Q,FULL,Phaseolus,vulgaris,Phaseolus vulgaris,BRA,"BOA ESPERANÇA, ESTRADA QUE LIGA PIRES DO RIO - PIRACANJUBA - PIRACANJUBA - GOIAS",-17.3,-48.99,0.3591811050669926,-0.6866658165825952,0.3859604233784113,-0.5540336213014608,-0.1806480325728541,0.8379481037113397,1.0860091242136922,0.4798463624801063,-0.0594125245654171,-0.4649472532602724,-0.1772172155267593,-0.7813424006612064,-0.6834618765223034,-1.9975175610318168,-2.220285374835339,0.3910499460824232,-1.4958970187309133,0.6071251130757639,-1.464878246881764,-0.6772645764464376,-0.5704486532877995,-1.3717959136257032,-1.1130445913318214,-0.5041955254946299,-1.2449099980857687,0.9920586557763772,-1.358627621497615,-0.1099513511812154,-1.3597075502692766,1.582328263787768,1.0212176144477427,0.6998716608064878,0.7283137134377868,0.8684167521123143,-0.4246420375889098,0.3147081277244116,0.6057340573174638,-0.5896463383791658,0.1599149990291401,0.085694420520299,0.8970123889920468,0.5341462838204974,3.0877400429358497,0.3352914974714795,1.83378826681509,0.4015611012261911,-0.6958790071028839,-1.0333929450910544,-0.9906328513536174,0.385727334528659,0.5830215816581165,-0.2926065671062759,-0.4135324287104098,-0.9056562607173768,-0.0235968315854972,-0.4799814960606078,-0.1931213719943667
G51429,1,1,0.999464672021638,10.18730/K413H,FULL,Phaseolus,vulgaris,Phaseolus vulgaris,COL,VEREDA LOS PLANES - SANTUARIO DEL CARMEN - RISARALDA,5.12,-76.0,0.3591811050669926,1.2331403113511812,-1.80637314900962,2.282383156070789,1.6392136740502097,-1.44670830025499,-0.7717453226447453,-2.789779480765997,2.0485721567473982,-0.9442109632444295,1.2802011884990447,1.2367121783114188,3.320118948659516,3.092185930359213,3.460085768244416,-0.2943757285059805,-0.4281375239605672,0.5050158627559306,2.552357804323928,4.130645693986588,1.979974042225071,2.6420178862649752,-1.3709595025368717,-0.996378483122617,-0.1611300066040218,-0.047235728533226,0.2918239636202311,-0.1099513511812154,2.953836359722064,1.582328263787768,-0.250838800742973,-1.1150193950728906,2.6891053777826075,1.4498445168755794,4.494864193485285,-1.4638937332388342,2.3597305997649034,3.180868801015511,-1.477512508243035,1.2071812680558602,-0.3690073336282956,-0.0904608904016271,3.233904464696533,2.6046611715816184,1.9297608200621643,2.92600991614598,2.319728610420769,0.3116428018380881,0.1811513174112443,0.6669707317237203,-0.0507393370243924,-0.0340538752153798,-0.5012031035873696,-0.6740175028814481,0.4607583212766403,-1.4434457964490774,-1.6121908414491544
G24296,0,0,5.681398708768568e-05,10.18730/JY4JF,FULL,Phaseolus,vulgaris,Phaseolus vulgaris,CHN,HAERBIN - HAERBIN - HEILONGJIANG,45.75,126.77,0.3591811050669926,-1.5348864916637923,0.3859604233784113,-0.418055740526701,-0.6138370864140652,0.310019532276889,-1.938110869737153,-1.5688344898238993,1.1382351476761088,2.1755587160192347,1.2802011884990447,1.2367121783114188,0.7295666500124566,1.125709581412679,1.0256409926388066,-0.8427162681767036,-0.828547334499447,0.6071251130757639,-0.0881849933786897,0.1897356362545997,-0.4560497461012063,-0.1042757662918048,0.9502746983085808,-0.0120125678666426,-1.0823429993635068,-0.8267065167654283,1.6672002845517695,-0.1099513511812154,0.527467910351935,-1.1698836982734446,-2.634718295911362,0.1150735483595593,-0.9707055943575978,-0.4183496125276987,-0.6957959243410308,1.2896997556648226,0.2987846623891618,-0.8152755687950707,-0.2763547414070035,-2.2001408973041188,0.5645783706738049,-4.610644138784762,-0.9463979976590144,-0.9412289442154737,-0.9905468715988072,-0.7934442549488571,-0.6689539390892798,-0.3561054413182237,0.3380043163797691,-1.7602820658075695,-1.8743535753374647,-0.8994432521894691,-0.3480275471042285,0.3791929853591897,-1.141379170512283,0.6975861665253832,1.870979772350108
G22027,0,0,2.297353298219118e-05,10.18730/JVPJ=,FULL,Phaseolus,vulgaris,Phaseolus vulgaris,MEX,EL VELDUQUE - ZARAGOZA - CHIHUAHUA,27.63,-105.95,0.3591811050669926,0.3707826250186307,-1.80637314900962,-0.4501694106452552,-1.5801818988290746,-0.081375787924514,0.4981188388620829,0.8645376232815518,-1.5525684023002044,1.0700857411023266,-1.634635619552563,-1.790369690147519,-0.4479571220998433,-0.3780664501346709,-0.0563344631859086,2.310241834929954,2.641671023504178,-3.307062815851181,0.1375024252283716,-0.7954918781783972,-0.9001866798844502,-0.6324091610142625,1.337147065116156,2.1207802485213016,2.8734539695448693,-0.8267065167654283,-1.358627621497615,-0.1099513511812154,0.527467910351935,-1.1698836982734446,0.0034089975717958,0.635342258479308,-1.1457762786740997,-0.8472717340743697,-0.6957959243410308,1.4089814227498183,-0.2438580179305148,-0.7551077740174961,1.7321851178456842,-0.5470697847314874,0.6920114418518641,-0.287705203161847,-0.8733157867786727,-0.9630498064665326,-1.0042572363483893,-1.0175077592316786,-1.0324423572729344,-0.7281366053624546,-0.1510079745221023,-0.4086542485424847,0.1914871360926492,0.4801755053195725,1.0216199773886534,1.1776852769515709,0.3648157670355779,0.1623282076856287,0.1938976790757006
G3246,0,0,0.0013451257020823,10.18730/K1RHT,FULL,Phaseolus,vulgaris,Phaseolus vulgaris,GTM,EL ZAPOTAL - GUALAN - ZACAPA,14.99,-89.36,0.3591811050669926,-0.7360098094324841,0.3859604233784113,-0.4423658572560238,0.4355210129718644,-1.0006996795603678,0.3198163519677524,0.1036812239833025,0.5554163389996968,-0.4927306951380743,-0.1772172155267593,-0.7813424006612064,0.4940618955899966,-0.3780664501346709,-0.191581395163998,0.6652202159177848,-0.5616074608068605,-0.005530388843236,-0.2913036701250449,-0.2831735706732388,0.109215442350195,-0.1042757662918048,-0.8551296801267712,-0.996378483122617,0.4349489887109389,-0.047235728533226,-0.6709394610318457,-0.1099513511812154,0.2578714159774761,0.2062222827571616,0.9468235584118644,0.6555077159378305,0.7516564713466537,0.8398219440092028,-0.1147518813007715,0.37856838792043,0.8469085819039868,-0.1885277065286683,-1.1403952336354377,0.042505093181769,0.8609986662466316,0.6139832780871369,-0.6102198276094425,0.4116645153501861,-0.0719524333768115,-0.5096304828572832,0.4888239854956941,1.5994429850681182,1.3252555451816606,0.6468819176383588,0.7518353462316332,1.36857290826838,1.5076132656688572,0.8900366615101137,0.983799987945658,0.1623282076856287,-0.709146619633606
G52342,0,0,0.0410479119981729,10.18730/K4YR4,FULL,Phaseolus,vulgaris,Phaseolus vulgaris,CHL,"HUEPIL, SAN DIEGO - TUCAPEL - REGION VIII BIO BIO (REGION DEL BIO BIO)",-37.17,-71.97,0.3591811050669926,-0.9138340407277348,0.3859604233784113,-0.5733411465330408,-1.137054634575852,0.3701152007930141,-0.8840622700158741,0.8168902163686678,1.0531349340088545,0.5838762037691152,-0.1772172155267593,1.7412258230545752,0.7295666500124566,0.2003089466143097,0.7551471286826278,-0.020205458670619,0.5061520339634855,0.6071251130757639,2.123551708970512,1.017326748378317,0.3043665193155598,1.6913777757645514,-0.2103424021141454,-0.1760735537426384,-0.5404530036226333,-0.8267065167654283,0.8419744919928466,-0.1099513511812154,0.7970644047263937,0.2062222827571616,-1.0585455677890332,-0.7883390842474711,0.5465736697187515,0.7254427115967572,0.0789294663793148,0.2932215486827574,-1.1208562891542346,2.759694237572489,-0.2593572288930917,-0.9969094394330932,-1.7458384570583152,0.1161760412046573,-0.6540691541376474,-0.3957073879389978,-0.4969737406138543,0.0729346282780528,2.198565804359551,1.4849718576698934,1.1960824872075813,2.646810702506035,0.8539747668139289,0.2276624202470399,-2.071666098458797,-3.2617292155710325,-1.865590708977077,0.4834829319433041,0.4519103797890794
G8255,0,0,0.0010719874643962,10.18730/K2J4Z,FULL,Phaseolus,vulgaris,Phaseolus vulgaris,HND,SIGUATEPEQUE - SIGUATEPEQUE - COMAYAGUA,14.54,-87.82,0.3591811050669926,-0.2272129509136133,0.3859604233784113,-0.1764742662553329,0.8494182466015237,-0.991597462811498,0.4708057487246799,0.567116523080075,0.2919182483822235,-0.4441097546529117,0.3085889191485086,0.2276848888251061,0.2585571411675366,-0.1467162914350786,-0.191581395163998,0.3910499460824232,-0.6950773976531537,0.5390522795292084,0.2729148763926085,-0.2437644700959189,-0.1061236770598626,0.2126042705416698,-0.4682573133191957,-1.1604394689986126,-0.2695080057521966,-0.4369711226493272,0.0167486994339235,-0.1099513511812154,0.2578714159774761,0.2062222827571616,0.695028366195025,0.3772244953203553,0.3931784034604833,0.420431425163569,-0.2309606899088233,0.0907501796349462,0.7920961899525043,-0.2186116039174556,-0.7041254062388942,0.3109724007865789,0.5202537644460751,0.4566574456649792,-0.5371376167291007,0.6080522756097174,-0.2638975398709599,-0.4200050811441545,1.1350256178221911,0.9889303056109188,0.319551022383472,0.7706901522731412,0.8834107803845211,1.6176347894447047,1.4318525692657484,1.155450207851889,1.2391309790710658,0.2693796973612255,-0.4511339189202276
G20664,0,0,0.0012876923496528,10.18730/JN1X1,FULL,Phaseolus,vulgaris,Phaseolus vulgaris,IND,BHADARWAH - JAMMU AND KASHMIR,32.98,75.71,0.3591811050669926,-1.2193922078170985,0.3859604233784113,-0.600173381593272,-0.9645974538968272,-0.0540691376779045,0.344767802469531,0.1892886056590041,-0.6851195174970285,0.2698639655945741,0.3085889191485086,0.7321985335682625,-0.2124523676773833,-0.3780664501346709,-0.5973221910982662,-0.5685459983413421,1.0400317813486584,0.5730886963024862,1.672176871756389,-0.3619917718278785,-0.4560497461012063,0.7407376652641275,0.5634023315010054,0.4801703897613444,-0.0527520074558472,-1.086530112842829,1.6672002845517695,-0.1099513511812154,0.2578714159774761,-1.1698836982734446,-0.5966484748217473,0.3086619091913314,0.0480390543793796,-0.4469444206308101,0.1176657359153321,-0.8159141607854795,0.2713784664134206,0.9045205652639376,-0.4378311202093739,-1.5263477955962927,-1.906514932545026,-0.2055200695793447,1.041438138286281,-0.7448411839559423,-0.7848914003550768,0.25218543170431,-0.3727781909396353,-0.5850476961146734,0.3103243753853235,-1.048439305826281,0.1535395041401991,-0.65440777555872,0.4807084550345805,1.1112615262234065,0.6928774041179203,-1.336394179158038,-1.4831845679862237
G18574,0,0,0.00034989318248169506,10.18730/JSQSR,FULL,Phaseolus,vulgaris,Phaseolus vulgaris,BRA,ESTRADA QUE LIGA MOSSÂMEDES - SANCLERLÂNDIA - MOSSÂMEDES - GOIAS,-16.17,-50.13,0.3591811050669926,-0.866205859474782,0.3859604233784113,-0.544360411818208,-0.0859427333525083,0.6376993352362033,0.5364920816762346,0.7862954367198401,0.7603592898858205,-0.5969184531380481,0.3085889191485086,-0.2768287559180501,-0.6834618765223034,-1.8818424816820207,-1.94979151087916,-0.2943757285059805,-1.36242708188462,0.6071251130757639,-1.3520345375782332,-0.6772645764464376,-0.5502606108431066,-1.1605425557367202,-0.9840871357292964,-0.3401345396186341,-1.0281539997894191,1.381794049892478,-1.2210899894044611,-0.1099513511812154,-1.6293040446437357,0.2062222827571616,1.1234072602558396,0.796665995072605,0.966743312078356,0.8779483548133514,-0.5021145766609444,0.2471926726691611,0.8907584954651727,-0.5846323554810346,-0.0865490803818536,0.2513540367579602,0.908093566968464,0.6844277374839987,3.248520906872601,0.5425896888565404,2.203968115053805,0.7003124402699531,-0.6689539390892798,-1.0238536844745356,-1.0090861453499145,0.3680404438665472,0.6454401164584084,-0.2100652739219742,-0.4598490116642753,-0.8009544163492535,-0.1489411363197884,-0.5870329857362047,-0.3221277223510561
G20738,0,0,0.0035020692962415,10.18730/JTQN8,FULL,Phaseolus,vulgaris,Phaseolus vulgaris,RWA,KAMIGA - KYIOMBE - BYUMBA,-1.41,30.09,0.3591811050669926,0.9101278140032526,0.3859604233784113,0.7661259383978369,1.412973237023828,-1.4831171672504693,-0.26212570322878,-0.9585134112461297,0.7294006080857068,-0.9143601133350532,-0.6630233502020273,-0.2768287559180501,0.0230523867450766,-0.493741529484467,-0.4620752591201768,0.9393904857531464,-0.828547334499447,0.6071251130757639,-0.5621285724535185,0.4655993402958388,0.3178252142786884,0.1069775915971782,-1.2420020469343465,-1.1604394689986126,-0.4862640040485459,-0.1771475265719264,-0.8084770931249995,-0.1099513511812154,0.2578714159774761,1.582328263787768,0.0074965756466531,-0.7883389688597972,-0.1086908915801553,-0.3135019828162902,-0.3471694985168752,-0.6941206770507137,-0.3973327153946658,-0.0080243221959443,-0.1290429505266466,1.2765372327764732,-0.0975195299854923,0.0457316937761779,0.0182871859614965,-0.12294660980076,0.4490414271073054,1.3575653861662296,0.5830617235433082,-0.8521469933771982,-0.9721795573573204,0.0671449459358061,-0.3036053331187567,-0.65440777555872,-1.3431724151415687,-1.6098606010642704,-0.4403795403316177,-0.8011362203182835,-0.1931213719943667
G449,0,0,0.0042062580823917,10.18730/JZEEQ,FULL,Phaseolus,vulgaris,Phaseolus vulgaris,IND,DEHRA DUN - UTTAR PRADESH,30.33,78.03,0.3591811050669926,-0.7255753241095206,0.3859604233784113,-0.577717605696888,-1.2878815925934397,1.5388187933743172,0.143318817482326,0.1323318728752383,-0.2220833503869589,0.1103407544381211,-0.1772172155267593,-0.2768287559180501,-0.9189666309447634,-1.0721169262334478,-1.2735568509887132,-0.4314608634236613,0.7730919076560719,0.5050158627559306,1.017683357795911,-0.7166736770237575,-1.2568420964073583,0.1069775915971782,0.4344448758984802,-0.0120125678666426,0.0556259916923274,-0.1771475265719264,0.5668992278065389,-0.1099513511812154,-0.5509180671459002,-1.1698836982734446,0.7964004529229439,1.6476481613570595,1.4386004898075944,4.128224875867014,-0.2696969594448407,2.050797453983304,2.655717516302909,-0.2386675355099805,0.4120445063303304,-0.96261616141852,1.2848521915144355,-0.3910237081539237,-0.0840279092709819,-0.3302448011858208,-0.921995047850897,-0.8830696566619857,-0.6958790071028839,0.3307213230711256,4.370049054570671,-0.3088652481401998,0.705376095897325,0.40913822512263,1.5344107172350223,1.7527010512636023,0.2982749632877444,-1.4434457964490774,-1.6121908414491544
G20128,0,0,6.462252213953143e-05,10.18730/JMYA$,FULL,Phaseolus,vulgaris,Phaseolus vulgaris,MKD,BUKOVO - BITOLA,40.99,21.33,0.3591811050669926,-0.7460412638382791,0.3859604233784113,-0.5945247778215723,0.0607920203777804,-0.1086824381711235,-1.4975242431206546,-0.4473911566172863,0.2720295802411824,1.4299429449387522,0.7943950538237766,0.7321985335682625,0.4940618955899966,0.6630092640134944,0.2141594007702701,-1.3910568078474268,0.2392121602708989,0.6071251130757639,1.19823329268156,-0.0861280677866394,1.596401235775906,1.057617702097602,-0.0813849465116203,-0.6682565113706256,-0.1611300066040218,0.3424996655828751,0.9795121240860004,-0.1099513511812154,0.2578714159774761,0.2062222827571616,-1.4861069401682647,-0.5423204109433525,-0.7206046167625952,-1.0950934043013352,0.7374460484916087,-1.590791743532277,-0.9399753957143424,0.002003643600318,-0.4038360470578371,-1.548875179243295,-2.0062451446453697,0.2594130713221494,-0.1424936779752553,-0.4066178190645274,0.0240201198702626,-0.2706294116222735,-0.3727781909396353,-0.6995188235128984,-0.7138334414091619,-1.6847306563126232,-1.552330679890505,-1.261819661291281,-0.2408377408395681,0.5919741529460208,-0.1473936757675132,-0.3729298787695683,-0.0641150216376775
G11106,0,0,0.00015217123643134688,10.18730/JPBK3,FULL,Phaseolus,vulgaris,Phaseolus vulgaris,MEX,EN KANKABCHEN - HOPELCHEN - CAMPECHE,19.35,-89.79,0.3591811050669926,-1.5942619389194763,-1.80637314900962,-0.6086721001526544,-0.0619741082411862,-1.1918462312866345,1.3890342285131692,-0.5142323805941355,-0.5278535551622713,-0.1523839792603508,-0.1772172155267593,-0.2768287559180501,0.7295666500124566,1.125709581412679,1.4313817885730749,1.213560755588508,-0.294667587114274,-2.898625814571848,-0.1558912189608081,-0.0467189672093195,0.6408338933937748,0.2126042705416698,1.0792321539111058,-0.0120125678666426,2.006429976359472,0.3424996655828751,-1.4961652535907688,-0.1099513511812154,0.527467910351935,-1.1698836982734446,1.5141803779444245,1.5145562498259726,-0.0003138012889875,0.134483344132455,0.0014569273072803,-0.0392169196921165,-0.0410521677100296,-0.4291988856389668,0.338388891611836,0.1523207694126915,1.3236361030760109,0.8981091598173225,-0.4348225214966222,0.3243810663459501,-0.3187389988692879,-0.4648177820007188,0.0849479652916334,0.3116428018380881,0.1073381414260561,0.0950946003154395,0.3436323146683607,0.6041312452583669,0.6947572348285164,0.7518414852070263,0.6588332719678659,-0.265878261478529,-0.3221277223510561
G23506,0,0,2.405054471720217e-05,10.18730/PGCB6,FULL,Phaseolus,vulgaris,Phaseolus vulgaris,MEX,"24 KM NE OF CIUDAD GUZMAN, LA CALAVERNA - CONCEPCION BUENOS AIRES - JALISCO",19.92,-103.33,-2.9470184280009937,1.0917701988376485,0.3859604233784113,0.1782692393133826,-0.0198828641432548,0.4829616505054159,0.2451998887321425,1.1499215523169437,-0.4692984808713789,-0.1176547265936929,-0.6630233502020273,-0.7813424006612064,0.2585571411675366,1.4727348194620673,1.4313817885730749,0.5281350810001041,1.1735017181949516,-0.788367974628625,0.3406211019747269,0.1897356362545997,0.1495915272395808,0.3182309494861614,-0.4682573133191957,-0.996378483122617,0.7058939865813756,-0.6967947187267279,0.2918239636202311,-0.1099513511812154,1.0666608991008526,0.2062222827571616,-0.2393935232701804,-0.5745850351818277,-0.3354491112662911,0.067762125225195,-0.5021145766609444,0.916074358319464,0.589290339732019,-0.6247442186660844,0.6755061527110202,0.2451208921775866,0.029913594031541,-0.2055200695793447,-0.6248362697855108,-0.2211404899305256,-0.7848914003550768,-0.9876326253273024,-0.7362666091232899,0.4451924504693505,0.8085633132853435,0.2809161306050336,0.4567659089938897,0.981462871243746,1.003424176942492,0.6989276498812006,0.0228269849827587,-0.3729298787695683,-0.4511339189202276
G1944,0,0,0.0108998389867686,10.18730/K0M37,FULL,Phaseolus,vulgaris,Phaseolus vulgaris,GTM,PANAJACHEL - PANAJACHEL - SOLOLA,14.74,-91.25,0.3591811050669926,0.4188484632732319,0.3859604233784113,1.5330175182308832,0.81551141107819,-0.1632957386643426,0.0791899571923033,0.8224069502180956,0.5846939034120002,-0.7775105603805903,-1.1488294848772953,-0.2768287559180501,0.7295666500124566,2.28246037491064,0.484653264726449,0.5281350810001041,0.5061520339634855,-0.6862587243087916,1.1079583252387355,0.4261902397185189,2.2087718565982573,1.3744977389310766,-0.8551296801267712,-1.1604394689986126,0.7058939865813756,-0.3070593246106268,-0.1207889326592303,-0.1099513511812154,1.60585388784977,0.2062222827571616,-0.0243865756329674,-0.6108829586098193,1.8054152569469315,2.3648783761751444,-0.5021145766609444,0.5722145558086261,2.376174317350348,-0.5896463383791658,-0.2565242907927886,0.3402628687180691,-0.0864384312675329,-0.1491645244555322,-0.8733157867786727,2.004587459677495,-0.1953457161230497,0.1476224630389933,1.59275177405346,3.0589498593954856,1.5559217201353734,1.0499683393946346,0.7270097926178807,1.4813122355444994,1.3984384629918882,0.7535302246323187,0.7583865674975705,0.80463765620098,-0.580140269276917
G21197,0,0,8.7732283405969e-05,10.18730/JW9YT,FULL,Phaseolus,vulgaris,Phaseolus vulgaris,ARG,"TUMBAYA, QUEBRADA DEL RÍO LEÓN - TUMBAYA - JUJUY",-24.05,-65.45,-2.9470184280009937,0.8797150300673491,-2.902539935203636,-0.1909694454473166,0.3221084941524381,0.4101439165144572,0.0091692339200329,0.6112530724589019,-1.4061805420650872,0.4032840634061758,1.2802011884990447,1.2367121783114188,0.4940618955899966,-0.3780664501346709,-0.4620752591201768,-0.2943757285059805,2.1077912761190043,-1.5712055604140138,-0.9006597003641106,0.1503265356772798,-0.0119128123179624,-0.6324091610142625,-0.3392998577166706,-0.5041955254946299,1.1935949827481618,-0.1771475265719264,0.429361595713385,-0.1099513511812154,-0.2813215727714414,0.2062222827571616,-0.6048236777501568,-0.7560743446213228,-1.0007177116689985,-0.7328925016619242,-0.6570596548050135,1.0090977125967937,-0.2219330611499218,-0.800233620100677,0.5083638588713583,-0.3710190083564376,-0.0338030472354351,-0.7761198267966812,0.7783421791170506,-0.9848706687175915,-0.5243944701130183,-0.778506687996669,-1.0997550273069443,-1.0715499875571293,-1.0459927333425083,1.11045313832556,0.8983061125527726,0.2069551968697935,-1.3157132981046342,-1.7728239556049783,-0.1210868463788348,0.0552764627791469,1.2259481743541794
G19111,0,0,3.120519119689313e-05,10.18730/JMHNU,FULL,Phaseolus,vulgaris,Phaseolus vulgaris,MEX,SAHUAYO - SAHUAYO - MICHOACAN,20.07,-102.73,0.3591811050669926,0.6676598612970498,0.3859604233784113,-0.5679533481357942,-1.3311420379163137,0.3464283992723683,0.7902707945920892,0.6849814633288713,-0.9962946730130688,-0.1037630387751882,-1.634635619552563,-1.790369690147519,-0.6834618765223034,-0.0310412120852824,0.3494063327483596,1.3506458905061889,0.2392121602708989,-0.5841494739889583,0.3857585856961391,-0.7954918781783972,-1.0011268921079148,-0.2099024452362963,0.4344448758984802,0.152048418009353,0.8684609853036377,-0.5668829206880276,-0.8084770931249995,-0.1099513511812154,0.2578714159774761,-1.1698836982734446,0.5519628558265279,0.4901509109303625,-0.5455339324460934,-0.008490696383102,-0.6570596548050135,1.2871297964130577,-0.5014762601024825,-0.7099819279343151,1.1117757234477406,0.1685216011217229,0.6449165411300305,0.4331759069474467,-0.7417678071940575,-0.6466473038261766,-0.880863953602151,-1.0175077592316786,-0.8170418131641021,0.5024280141684629,0.7347501373001554,0.2645393799919672,0.5461379020033985,0.9055363855271756,0.9319643060993852,0.6975203670267903,0.1786046805784622,-0.8011362203182835,-0.709146619633606
G52023,0,0,2.2321549029290925e-05,10.18730/PH3NC,FULL,Phaseolus,vulgaris,Phaseolus vulgaris,AZE,SAATLY - SAATLI RAYONU REGION,39.92,48.37,0.3591811050669926,-1.2238209672219935,0.3859604233784113,-0.5952499992834175,-0.5694074398662486,0.4556550002588064,-1.9410210534140977,-0.7559060733217803,0.047342460451534,2.197542484894424,1.2802011884990447,0.7321985335682625,-0.2124523676773833,-0.0310412120852824,0.2141594007702701,-0.5685459983413421,-0.6950773976531537,0.6071251130757639,-0.6975410236177554,-0.5984463752917978,-0.5435312633615422,-0.738035839958754,1.981934343128782,1.9567192626453056,-1.299098997659856,-2.1258244971524323,2.767501341297,-0.1099513511812154,-0.2813215727714414,-1.1698836982734446,-0.5852032207383028,0.9539565478640613,-1.332518341945035,-1.524015525848006,-0.6183233852689962,-1.0301938629752725,-1.4332869232776848,-0.4392268514352292,-0.5568137107616956,-1.6979882195677367,-0.8371853198166531,1.074220106766389,-0.5956033854333741,-0.8103037707091194,-0.7300499413567487,-0.5395056167616593,-0.790116745150498,-0.9189218176928294,-1.03676608634436,-1.6408409646696052,-1.820801309684942,-1.6584205090304869,-0.7446959968305487,0.4368915823900103,-0.6018312579523303,-0.0517750268964503,-0.0641150216376775
