ACCENUMB,y_true,y_pred,y_proba,DOI,CURATION,GENUS,SPECIES,GRIN_NAME,ORIGCTY,COLLSITE,DECLATITUDE,DECLONGITUDE,SAMPSTAT,ELEVATION,COLLSRC,MODCF_CloudForestPrediction,MODCF_meanannual,MODCF_seasonality_concentration,current_30arcsec_annualPET,current_30arcsec_aridityIndexThornthwaite,current_30arcsec_climaticMoistureIndex,current_30arcsec_continentality,AWCh1_M_sl1,AWCh1_M_sl2,AWCtS_M_sl1,CECSOL_M_sl1,CECSOL_M_sl2,CLYPPT_M_sl1,CRFVOL_M_sl1,BDRICM_M,ORCDRC_M_sl1,ORCDRC_M_sl2,OCDENS_M_sl1,OCSTHA_M_sd1,PHIHOX_M_sl1,PHIKCL_M_sl1,BDRLOG_M,SNDPPT_M_sl1,SLTPPT_M_sl1,SLGWRB,WWP_M_sl1,ACDWRB_M_ss,bio1,bio10,bio12,bio13,bio14,bio15,bio18,bio19,bio2,bio3,bio8,bio9,prec_1,prec_10,prec_11,prec_4,prec_5,prec_6,prec_7,srad_1,srad_10,srad_3,srad_4,srad_5,srad_9,wind_1,wind_10
G21191,0,0,0.000895356324693632,10.18730/JVY2G,FULL,Phaseolus,vulgaris,Phaseolus vulgaris,MEX,LA UNION - DOCTOR ARROYO - NUEVO LEON,23.79,-100.14,0.3591811050669926,0.483878715029457,-1.80637314900962,-0.4517266898865645,-0.7126345899217098,-0.363544507139479,0.8954140819648705,0.8550079888370662,-1.5525684023002044,0.1323959191025613,-0.1772172155267593,0.2276848888251061,-0.6834618765223034,-0.493741529484467,-0.3268283271420874,0.5281350810001041,0.7730919076560719,-1.1968049759079582,-0.9909346678069352,-0.559037274714478,-0.4695084410643349,-0.9492891978477372,1.208189609513631,1.1364143332653274,0.8684609853036377,-0.4369711226493272,-0.1207889326592303,-0.1099513511812154,-0.2813215727714414,-1.1698836982734446,-0.0243866146152152,-0.163209903033263,-1.1924617944918334,-1.295257061023115,-0.463378307124927,-0.2973289621290806,-0.731688306298709,-0.6748840476473966,1.7095216468142858,0.0798146498676284,0.2570767650271274,-0.4379866624237674,-0.7417678071940575,-0.886676788587826,-0.9905468715988072,-0.7336939871401047,-0.3593156569328333,-0.6518225204303046,-0.6123403244295282,-0.1811265933582813,0.1953882945176675,0.3593833689523018,0.5885599267700103,0.7464938103602673,0.308591366969579,0.9116891458765768,0.8389292770716291
G727,1,1,0.9879135759876132,10.18730/JZPAG,FULL,Phaseolus,vulgaris,Phaseolus vulgaris,CMR,20 MI. W OF BAMENDA - BAMENDA - MEZAM,5.9,10.09,0.3591811050669926,-0.9014433087998384,0.3859604233784113,0.1053441453932854,1.0230446285054908,-0.2179090391575616,-0.5683573947589344,-1.2359561751727726,0.9073066854686336,-0.6301455400082757,0.3085889191485086,0.7321985335682625,1.4360809132798364,0.6630092640134944,0.6199001967045383,0.9393904857531464,-0.294667587114274,0.6071251130757639,0.2954836182533146,0.4261902397185189,0.7686914955434966,0.6351109863196359,-1.3709595025368717,-0.996378483122617,-0.648831002770808,-1.606177304997631,0.8419744919928466,-0.1099513511812154,1.3362573934753113,1.582328263787768,0.9460061006855304,0.6958387077799925,1.7203809245646309,1.7167293925046192,-0.3859057680528925,0.1262452159016849,0.1672349217056038,4.479490371631497,-0.8032777428932528,0.2833491961623438,0.4260641479388114,0.8746276434934664,-0.8294664602504677,1.491797196777608,-0.4010011873667801,1.4621283548315462,1.2023382878562012,1.2178725604073686,2.1279738340205814,0.6283216002768834,-0.7270583476161914,0.0651682368005925,-0.3860733116734752,-0.8488020333992023,-2.586191506153228,-0.6940846030272442,-0.580140269276917
G22451,0,0,0.0584425339533874,10.18730/JW2WP,FULL,Phaseolus,vulgaris,Phaseolus vulgaris,MWI,BUNDA - BUNDA - LILONGWE DISTRICT,-14.19,33.81,0.3591811050669926,-0.7055575395655819,0.3859604233784113,-0.5347399023098791,0.0292235873043318,0.3282239657746287,0.1427021036831119,-0.1629575628192799,-0.4109974629969165,-0.3862292028575912,-1.1488294848772953,-1.2858560454043628,-1.3899761397896833,-1.6504923229824284,-1.8145445789010708,-1.1168865380120652,-1.4958970187309133,0.6071251130757639,-1.4197407631603518,-0.874310079333037,-0.9136453748475788,-1.4774225925701947,-0.3392998577166706,-0.1760735537426384,-1.1907209985116811,3.5902946165503846,-2.7340039424291533,-0.1099513511812154,-2.9772865165160294,0.2062222827571616,0.5298899301291674,0.4538532182777189,-0.3071043338055241,0.353710206256309,-0.8120047329490826,1.429397355279728,-0.095864559661512,-0.8604014148782517,0.3383888645950123,-0.0345476463102868,0.6116732185566661,-0.0388016575000551,2.4446165871888423,-1.0612436865962982,-0.0445317038776475,-0.2706294116222735,-1.0593674252865384,-1.119246290639723,-1.0644460273388057,0.3579960368238664,2.0473745941036,0.0044845682922731,-0.274582679848813,-0.56453089680833,1.6987267630968002,-0.4799814960606078,1.096941977785008
G2993,0,0,0.00032664267207659255,10.18730/K1HRZ,FULL,Phaseolus,vulgaris,Phaseolus vulgaris,GTM,SAN CRISTÓBAL FRONTERA - ASUNCION MITA - JUTIAPA,14.19,-89.68,0.3591811050669926,-0.4070053047241906,0.3859604233784113,-0.5963992484286395,-0.5477772172048117,0.7378237194737715,1.0313450870098562,1.2191357648403984,0.116252872815146,-0.6524852375324631,-0.6630233502020273,-0.7813424006612064,-0.4479571220998433,-0.493741529484467,-0.191581395163998,0.8023053508354656,-0.294667587114274,0.130615278249875,0.4760335531389636,-0.5984463752917978,-0.4695084410643349,0.2126042705416698,-0.2103424021141454,-0.3401345396186341,0.1640039908405021,-0.5668829206880276,-0.2583265647523842,-0.1099513511812154,0.2578714159774761,0.2062222827571616,1.3114361421169882,0.9700888984458572,0.3581642665971829,0.563405465679126,-0.7732684634130653,0.8715639842497559,-0.687838392737523,-0.7400658253231024,-0.6191379091007203,0.7476084455349312,1.046607763283971,0.8957609141314955,-0.9756308820111512,0.4225749464757157,-0.8123121298542408,-0.4648177820007188,0.448436383475288,1.2941866453395183,1.103816017226096,1.1311970224354442,0.8745445112367524,1.5555131193129657,1.5598848378596484,0.7771725765864109,0.9776101457365572,0.2693796973612255,-0.9671593203469846
G20962,1,1,0.9987088934181004,10.18730/JTWXW,FULL,Phaseolus,vulgaris,Phaseolus vulgaris,RWA,RUHINGA I - NYARUTOVU - RUHENGERI,-1.62,29.75,0.3591811050669926,0.7912075966324648,0.3859604233784113,1.1616293452666553,1.4895559172575643,-0.9460863790671488,-0.5360015502040222,-0.9068513324512424,0.9594671168681675,-0.9103143890953448,0.3085889191485086,0.7321985335682625,0.4940618955899966,-0.1467162914350786,0.0789124687921807,0.5281350810001041,-0.828547334499447,0.6071251130757639,-0.6524035398963431,0.386781139141199,0.7081273682094179,0.0013509126526867,-0.9840871357292964,-1.3245004548746084,-0.4320750044744585,-0.4369711226493272,0.0167486994339235,-0.1099513511812154,0.2578714159774761,1.582328263787768,-0.0521821654051853,-0.8649676533546035,0.2314464379490482,-0.1038067233934733,-0.1534881508367888,-0.7970110058125177,0.1946411176813451,0.0621714383778926,-0.3358460088220656,1.2900602108113624,-0.1501549404370754,0.0105094640777471,0.2959995873067951,0.2370976173417139,0.8740627343443481,1.686191859114368,0.6099867915569123,-0.785372169061567,-0.9260463223665778,0.0625594557641475,-0.3752447878327281,-0.7007114278328405,-1.471866349206238,-1.684446592348014,-0.5615972835931751,-0.265878261478529,-0.4511339189202276
G51885,0,0,0.1620769393172153,10.18730/PH6GX,FULL,Phaseolus,vulgaris,Phaseolus vulgaris,MMR,NYAUNGSHWE - NYAUNGSHWE - SHAN,20.67,96.95,0.3591811050669926,-0.4496534346966786,0.3859604233784113,-0.6116864985800714,-0.3063371642541772,2.185076182544076,-0.4635577422730911,0.3382509556407451,0.8630662087601414,-0.6405752731189032,-0.6630233502020273,-0.7813424006612064,-0.6834618765223034,-0.7250916881840593,-0.4620752591201768,0.2539648111647425,0.5061520339634855,0.6071251130757639,1.175664550820854,0.1503265356772798,-0.8127051626241144,0.6351109863196359,-0.5972147689217209,-0.8323174972466213,-1.0823429993635068,-0.9566183148041288,0.7044368598996927,-0.1099513511812154,0.2578714159774761,0.2062222827571616,0.7326341347708054,0.7079379514850586,0.8683702608909883,1.001859189926834,-0.6957959243410308,0.5065734716322867,1.1264517808565475,-0.7551077740174961,-1.112065932838596,-0.7652476032685014,0.7778902012963009,0.238279755896766,-0.9463979976590144,0.7171565868650126,-0.0445317038776475,-0.3901299472397783,1.686989512101074,1.160636996708256,1.4636552501538882,0.8774665662703346,0.5301786175374148,1.670553249186557,1.8033777311028272,0.673878015072698,-0.0287550334264145,-1.5504973499323955,-1.2251718672728455
G884,1,1,0.9843428936146136,10.18730/JZV0J,FULL,Phaseolus,vulgaris,Phaseolus vulgaris,TUR,PASA FABRICASI - SIVAS,39.75,37.03,0.3591811050669926,-0.8045834197668401,0.3859604233784113,-0.599851588729047,-0.7330956113582042,0.9562769214466476,-0.685195099721544,0.0956514698004453,0.0475340167619014,0.9902232921809948,0.3085889191485086,0.2276848888251061,-0.9189666309447634,-0.1467162914350786,-0.3268283271420874,-0.2943757285059805,-0.1611976502679807,0.6071251130757639,-0.6524035398963431,-0.1649462689412792,-0.671388865511264,-0.526782482069771,1.5950619763212064,2.448902220273293,-0.7572090019189827,-0.8267065167654283,1.117049756179154,-0.1099513511812154,-0.2813215727714414,-1.1698836982734446,-1.658603035675254,-0.5544197315735372,-1.0974234230057325,-1.2666622529200036,-0.5021145766609444,-0.7990734633141288,-1.3017371825941269,-0.2486955013062429,0.108922277857444,-1.495782174712562,-1.5934728567978285,0.2194945741888292,-0.4055896371444856,-0.8321246329601785,-0.5655255643617644,-0.1361913090525806,-0.3458531229260313,-0.7376758659789734,-0.9906328513536174,-1.5921474261800874,-0.8458663541962923,-1.1953839862892823,-0.1346404327810621,0.8027851245366777,1.2190139918914882,-0.8011362203182835,-0.4511339189202276
G20179,1,1,0.9993745796958832,10.18730/JN6P6,FULL,Phaseolus,vulgaris,Phaseolus vulgaris,MKD,PEHCEVO - PEHCHEVO,41.77,22.88,0.3591811050669926,-0.3784789713030935,0.3859604233784113,-0.5025681838259716,0.0754070356895621,-0.6821220933499235,-1.9411994332132048,-0.8741681021513715,0.1280184430522666,2.2186012787254903,0.7943950538237766,0.7321985335682625,-0.2124523676773833,-0.0310412120852824,-0.3268283271420874,-1.1168865380120652,-0.1611976502679807,0.6071251130757639,-0.5621285724535185,-0.4802190735598382,0.1159447898317593,-0.4211558031252794,0.6923597871035305,0.4801703897613444,-0.9197760006412448,-0.3070593246106268,1.3921250203654618,-0.1099513511812154,-0.2813215727714414,-1.1698836982734446,-1.7558875566320893,-0.9294972095320144,-0.9323567777930308,-1.295257061023115,0.4662921617394877,-1.7574246052459743,-0.819388133421081,-0.2787793986950302,-0.3358460843847425,-1.4608853000340274,-0.9950915049373048,-2.2789340051328684,-0.507904732376964,-0.7448411839559423,-0.4284219168659441,-0.345317246383214,-0.3593156569328333,-0.5755084354981548,-0.6400202654239737,-1.8008964073279747,-1.832150134194086,-1.445883869089027,-0.5925129385535618,0.1492429669485533,-0.886563999570967,-0.0517750268964503,0.0648911749314939
G7958,1,1,0.9976252055837772,10.18730/K2ER$,FULL,Phaseolus,vulgaris,Phaseolus vulgaris,BRA,RECIFE - PERNAMBUCO,-8.07,-35.01,0.3591811050669926,-0.8988431962857731,0.3859604233784113,-0.6065006085563138,0.3682919425376684,-1.4102994332595105,-0.3517701301893505,-0.0598250555356206,0.906747117400709,-0.6524852375324631,-0.1772172155267593,-0.7813424006612064,-0.9189666309447634,-1.419142164282836,-1.6792976469229814,-0.4314608634236613,-0.828547334499447,0.6071251130757639,-0.4267161212892817,-0.4802190735598382,-0.5031551784721564,-0.4211558031252794,-1.3709595025368717,-1.3245004548746084,-0.648831002770808,1.90144124204728,-1.4961652535907688,-0.1099513511812154,-1.3597075502692766,1.582328263787768,1.3555820402904095,1.0830153525184223,0.3148134304807157,0.1726097549366035,0.0014569273072803,-0.2305599717838926,-0.1013457988566603,1.7318277434555889,-1.2877069223584283,0.285336497305683,0.8997826834861508,1.1117904701822636,-0.1424936779752553,-0.8975872197133555,-0.8260224946038229,1.5218786226402987,1.1888757538493993,0.7409095295814314,0.9100564302649772,1.6275217443487784,2.1048280181811414,0.5353947676588963,-0.2861618255872795,-0.7460703850272534,1.6342492400853337,0.2693796973612255,0.8389292770716291
G18188,0,0,0.0230658705768474,10.18730/JT9R7,FULL,Phaseolus,vulgaris,Phaseolus vulgaris,ESP,AGENCIA SEA DE ALMAGRO - ALMAGRO - CIUDAD REAL,38.88,-3.71,0.3591811050669926,-0.6329451738274527,0.3859604233784113,-0.5997654107696374,-1.0692409635291844,0.4647572170076762,-0.673073532486021,0.3260672205152702,-0.2326892675051003,1.238830376365858,0.3085889191485086,-0.2768287559180501,-1.3899761397896833,-0.9564418468836516,-0.7325691230763556,-0.8427162681767036,-0.0277277134216875,0.6071251130757639,-1.1940533445532904,-0.9531282804876768,-1.068420366923558,-1.4774225925701947,1.5950619763212064,1.300475319141323,-1.299098997659856,0.4724114636215755,0.2918239636202311,-0.1099513511812154,-1.3597075502692766,-1.1698836982734446,-0.484648622922516,0.857162328985618,-1.1807904155374,-1.3524466772293378,-0.5408508461969617,-0.8890676641923514,-1.3949182489116472,-0.2085836381211931,0.125919790793489,-1.3815803038911831,-1.2776604502297322,1.0507386800172385,-0.3763567527923488,-0.7121098905793538,-0.4969737406138543,-0.4648177820007188,-0.6285663370688738,-0.8712255146102357,-1.0090861453499145,-1.3696419745172246,-1.1838485341092364,-0.7401126723145454,0.3285253967575936,1.1016920028134167,0.5113086993176302,0.0552764627791469,0.3229038756448727
G12440,0,0,0.0202939596572543,10.18730/JRFN=,FULL,Phaseolus,vulgaris,Phaseolus vulgaris,ECU,"AMBUQUI, HACIENDA CARPUELA - IBARRA - IMBABURA",0.45,-78.02,0.3591811050669926,0.780755951307876,0.3859604233784113,0.2173939181048282,0.5413337238291643,-1.155437364291155,0.198083519741217,0.5816616136225318,-1.3769030049196411,-0.9928319202897904,1.7660073231743127,1.2367121783114188,0.2585571411675366,0.431659105313902,0.6199001967045383,-1.3910568078474268,0.5061520339634855,0.4709794459826528,-0.0881849933786897,0.1109174350999599,-0.449320398619642,-0.1042757662918048,1.337147065116156,1.1364143332653274,0.3265709895627642,0.6023232616602759,0.8419744919928466,-0.1099513511812154,-0.5509180671459002,-1.1698836982734446,0.0843431451976234,-0.7278426349467867,-0.8673305236183301,-1.1236882124044467,-0.2309606899088233,-0.8603565267358078,-0.5179199776879273,-0.0381082195847317,-0.6219710282981703,1.3665789077898516,-0.0282624318277391,0.1373093790237167,-0.3909731949684172,-0.4066178190645274,-0.1267938923751396,0.0878721952302409,-0.5477911330280616,-0.8712255146102357,-0.9444996163628748,0.4925037485258523,-0.0035707851582628,-0.2871421609372803,-1.0665962483599143,-1.015987236503141,-0.92318723264148,-0.4799814960606078,-0.3221277223510561
G18561,0,0,0.0005883885153622324,10.18730/JSQED,FULL,Phaseolus,vulgaris,Phaseolus vulgaris,BRA,"FAZ. QUILÔMETRO, RODOVIA INHUMAS - GOIÁS - INHUMAS - GOIAS",-16.27,-49.62,0.3591811050669926,-0.647082185078806,0.3859604233784113,-0.4731765983017498,0.0064241634179522,0.7378237194737715,0.3286342797874422,0.6082438753310737,0.7018041610612138,-0.5482974795324893,0.3085889191485086,-0.2768287559180501,0.0230523867450766,-1.7661674023322245,-1.94979151087916,0.5281350810001041,-1.2289571450383268,0.6071251130757639,-1.1714846026925845,-0.4014008724051984,-0.2878160590620988,-0.8436625189032455,-0.9840871357292964,-0.3401345396186341,-1.1907209985116811,0.7322350596989763,-1.358627621497615,-0.1099513511812154,-1.0901110558948175,0.2062222827571616,0.9010426356354818,0.5103164837765582,0.9817493707340562,0.8779483548133514,-0.3859057680528925,0.210036371239044,0.9620146050021,-0.5645764238885097,-0.449162725706609,0.2969083150843145,0.6975519780011012,0.5505832646299621,3.233904464696533,0.5862314133586584,2.272519938801715,0.7451251411265174,-0.6689539390892798,-1.0143144238580168,-0.9814062043554688,0.3641100237194112,0.6103296906332442,-0.2672977385340858,-0.4370215529227273,-0.8043318951998382,-0.1252134078515686,-0.4799814960606078,-0.1931213719943667
G18613,0,0,0.0006544603817054148,10.18730/JSS0T,FULL,Phaseolus,vulgaris,Phaseolus vulgaris,BRA,"CÓRREGO SÃO PATRÍCIO, RODOVIA ITAPURANGA - CERES - CARMO DO RIO VERDE - GOIAS",-15.36,-49.68,0.3591811050669926,-0.8464140437228874,0.3859604233784113,-0.5662265639798375,-0.1958476484971071,1.0290946554376064,0.4950551642557201,0.7215950198881277,0.7018041610612138,-0.6524852375324631,-0.1772172155267593,-0.2768287559180501,-0.9189666309447634,-2.113192640381613,-2.085038442857249,0.1168796762470617,-1.36242708188462,0.6071251130757639,-1.306897053856821,-0.6378554758691177,-0.583907348250928,-1.1605425557367202,-1.1130445913318214,-0.3401345396186341,-1.1365319989375942,1.381794049892478,-1.4961652535907688,-0.1099513511812154,-1.6293040446437357,0.2062222827571616,1.2018888700026698,0.9015263123168332,0.8200174052226211,0.7254427115967572,-0.5408508461969617,0.3134215809742328,0.8304648643185419,-0.639786167360478,-0.0525542166107022,0.2391108048015478,0.98566149576956,0.7196499223950765,3.014657832055508,0.5425896888565404,2.1765473855546404,0.6106870385568245,-0.763191677136894,-1.0524714663240915,-1.018312792348063,0.3946799581971353,0.5032251593281979,-0.1882076492459919,-0.4181640870057963,-0.7429743627475508,-0.1525518776084305,-0.6940846030272442,-0.4511339189202276
G50425,0,0,0.0008915487570620282,10.18730/JV4NH,FULL,Phaseolus,vulgaris,Phaseolus vulgaris,PER,SOCOTA Y SAN LUIS DE LUCMA - CUTERVO - CAJAMARCA,-6.31,-78.69,0.3591811050669926,0.7383449175538161,-1.80637314900962,0.8913649364796629,1.0481824548417555,-1.164539581040025,0.3119699332907721,-0.6621906314129172,-0.6449637909979988,-0.8400232052444557,0.7943950538237766,0.7321985335682625,0.4940618955899966,0.6630092640134944,0.7551471286826278,-0.1572905935882998,0.1057422234246057,-1.0266228920415694,-0.4492848631499879,0.5444175414504786,-0.0321008547626553,0.0013509126526867,0.5634023315010054,-0.0120125678666426,0.8142719857295503,0.3424996655828751,-0.2583265647523842,-0.1099513511812154,-0.0117250783969826,0.2062222827571616,-0.120036099639873,-0.8972325083684233,-0.4088120646941585,-0.7328925016619242,0.3888196226674531,-1.0762637748009407,-0.3973327153946658,-0.3289192276763424,0.0012713198191805,1.116438469987592,-0.141844136213221,-0.1045497150999706,0.1206022811939749,-0.1120361786752305,0.1062823083677547,0.4164986681783791,-0.4670159289872495,-0.7662936478285296,-0.7968732643924986,0.1737030032581585,-0.0549951462153214,-1.080343856415691,-0.8482466430059766,-1.1688181544920953,-0.85767806926183,0.1623282076856287,0.8389292770716291
G22514,1,1,0.9925675448113508,10.18730/JW4N5,FULL,Phaseolus,vulgaris,Phaseolus vulgaris,BDI,"13.2 KM N MURAGO, RUMONGE, RUTUMO - RUMONGE - BURURI",-3.77,29.43,0.3591811050669926,-0.5198490838166264,0.3859604233784113,1.8468477354643256,1.7286575677583138,-0.8732686450761901,-0.5821385024740856,-1.316718621824528,1.6366411612848564,-0.923661206029366,0.7943950538237766,1.2367121783114188,0.9650714044349166,0.0846338672645136,0.2141594007702701,0.2539648111647425,-0.5616074608068605,0.0625424447033194,-0.1558912189608081,0.741463044337078,0.3783893416127671,0.3182309494861614,-0.9840871357292964,-0.8323174972466213,0.2723819899886768,0.0826760695054743,-0.2583265647523842,-0.1099513511812154,0.527467910351935,0.2062222827571616,-0.0039486589456664,-0.7762397251547285,0.5865898261339519,0.2869889873490491,-0.5021145766609444,-0.2585592145001756,-0.5617698912491133,-0.1534298262417497,-0.7522851365430546,0.889502946401391,-0.064276075314695,-0.0035794054079493,1.5383971722726046,0.0516202882077122,1.2168218530838988,2.29863210415408,0.4080487814548819,-0.9666181207754232,-1.0090861453499145,-0.0501125884537497,-0.1280532039929358,-0.7510414846525365,-1.2171251429599774,-1.2960365245307826,-0.081884512387863,-0.1588267718029321,-0.4511339189202276
G22489,0,0,0.0390366919298214,10.18730/JW3XJ,FULL,Phaseolus,vulgaris,Phaseolus vulgaris,BDI,"0.3 KM W BUGANDA, CIBITOKE, BUGANDA, GASENYI - BUGANDA - BUBANZA",-2.98,29.2,0.3591811050669926,-0.4915750613139198,0.3859604233784113,-0.5409305366826987,0.4957348760564052,-0.3726467238883489,-0.3078991210763383,-0.1441601915021748,-0.0898085420345337,-0.7656563280231482,0.3085889191485086,0.2276848888251061,-0.9189666309447634,-0.9564418468836516,-0.867816055054445,-1.5281419427651075,-1.2289571450383268,0.6071251130757639,-1.3746032794389391,-0.7954918781783972,-0.7521410352900356,-1.3717959136257032,0.3054874202959551,-0.1760735537426384,-1.2449099980857687,2.680912030279482,-1.2210899894044611,-0.1099513511812154,-2.168497033392653,0.2062222827571616,1.147932777432789,0.6474415791094902,-0.2787595563447572,-0.5994500638474043,-0.6183233852689962,-0.4081232443676417,-0.907087960543453,-0.3239052447782112,-0.1998658783168717,1.0930781215556764,0.8637690135797084,0.9028053824648588,0.5883284308281621,-0.4393491124411159,0.3393585091106492,0.9094383776005864,-0.0092897727559807,-0.9666181207754232,-1.03676608634436,0.15929146271866,0.2730568122521216,-0.4697683671116062,-1.0421146259414424,-0.8504907728244946,0.3101388275218542,-0.3729298787695683,0.4519103797890794
G23607,0,0,0.0003892323865187725,10.18730/JXDRS,FULL,Phaseolus,vulgaris,Phaseolus vulgaris,BOL,EN MOJOTORO - OROPEZA - CHUQUISACA,-18.92,-65.12,0.3591811050669926,1.0493591650835885,-1.80637314900962,-0.5895935408412287,-1.4153245261121763,1.9029074633291108,0.5304390779988378,0.54404511890559,-1.347625467774195,-0.2565717372603247,0.3085889191485086,0.2276848888251061,-1.3899761397896833,-0.7250916881840593,-0.867816055054445,-0.9798014030943843,1.306971655041245,-1.1627685591346806,-1.3746032794389391,-0.8349009787557171,-0.092664982096734,-1.1605425557367202,0.8213172427060557,0.8082923615133358,1.085216983599987,1.641617645969879,-0.6709394610318457,-0.1099513511812154,-1.6293040446437357,-1.1698836982734446,0.3238756567904839,0.0545770990588758,-0.9623688951044312,-0.6185132692494786,-0.734532193877048,0.9662648536874652,-0.095864559661512,-0.8303175174894644,1.00129186910082,0.1264404469170259,0.4925509516024614,-0.1186385957825036,0.9537394852298708,-0.9521393753410032,-0.4558426463651082,-0.7187564201879165,-1.1266800953205487,-1.109707030023204,-1.0644460273388057,0.6861861191097183,1.088753573846845,-0.1082547589838461,-0.5862271165812514,-0.9976925593958076,0.8677404465250179,-0.265878261478529,0.4519103797890794
G7056,0,0,0.00037204553854095846,10.18730/JFM9*,FULL,Phaseolus,vulgaris,Phaseolus vulgaris,NIC,DIRIAMBA - DIRIAMBA - CARAZO,11.84,-86.25,0.3591811050669926,-1.1518971410463557,0.3859604233784113,-0.5907661188590738,-0.1327107823502099,0.938072487948908,0.6241112597664282,1.2632723142192257,0.4675836457627866,-0.721943742865779,-1.1488294848772953,-0.7813424006612064,-0.4479571220998433,-0.1467162914350786,0.3494063327483596,0.9393904857531464,0.1057422234246057,-0.2778217230294583,0.7919959391888496,-0.5196281741371581,-0.3281921439514846,0.3182309494861614,-0.3392998577166706,-0.1760735537426384,0.3265709895627642,-0.8267065167654283,-0.1207889326592303,-0.1099513511812154,0.527467910351935,0.2062222827571616,1.2713778132474192,0.9983204158076032,0.4231905207718835,0.98279598452476,-0.6957959243410308,0.7948240215586125,-0.4850325425170377,-0.4743247317221478,-1.398190763196936,0.4337538377710381,0.9828912012754544,0.8441017484109539,-0.9463979976590144,2.0700500464306724,-0.1679249866238857,-0.8083818219010451,1.2158008218630032,1.3609614696551495,0.051978259437165,1.3122147058785387,0.978457185648602,2.0243016485478496,1.9393499853459613,1.0648211920278678,1.3706651260144578,1.9822050635560864,-0.0641150216376775
G3397,0,0,0.00025008713546149854,10.18730/K1WQC,FULL,Phaseolus,vulgaris,Phaseolus vulgaris,MEX,TEPETZALA - ACAJETE - PUEBLA,19.12,-97.94,0.3591811050669926,1.0917701988376485,0.3859604233784113,-0.1373120845912449,-0.3887658506126262,1.0837079559308254,0.4436044049440721,0.0093893483152205,-0.6742414153973884,-0.2982468669566313,-0.6630233502020273,-0.2768287559180501,-1.1544713853672233,-1.1877920055832438,-1.0030629870325345,-0.2943757285059805,-0.294667587114274,0.6071251130757639,0.7694271973281435,-0.7166736770237575,0.6071871559859534,0.5294843073751444,0.5634023315010054,0.6442313756373401,-0.81139800149307,0.7322350596989763,-0.5334018289386918,-0.1099513511812154,-1.0901110558948175,-1.1698836982734446,-0.7012906497378362,-1.2803762000803582,-0.6138948663220607,-0.4755392287339215,-0.5795871157329789,0.3782661160226117,-0.0629771244906226,-0.7400658253231024,1.6018707833349015,0.5770209370095237,-0.5130621321417536,-0.7502902103458958,-0.8294664602504677,-0.548453423696411,-0.9631261420996432,-0.4498802150485307,0.0580228972780293,0.2830250199885319,-0.0771947985369141,0.2909605376477144,0.3095858411409288,0.5845744231798564,0.3202545783729748,0.2393090696308099,-0.3568166705087569,-0.1588267718029321,0.0648911749314939
G22815,0,0,0.00024384202468052263,10.18730/JR89N,FULL,Phaseolus,vulgaris,Phaseolus vulgaris,MEX,SAN PABLO ETLA - ETLA - OAXACA,17.15,-96.75,0.3591811050669926,0.5828377937889301,0.3859604233784113,-0.4173351356068344,-0.1917554442098082,1.2566500741593525,0.972870270985686,0.4663042100953349,-1.1426823587402992,-0.3538136844714425,-1.1488294848772953,-0.7813424006612064,-0.6834618765223034,0.2003089466143097,0.484653264726449,0.3910499460824232,1.4404415918875382,-1.094695725588125,0.7017209717460251,-0.559037274714478,-0.8598105949950645,0.0013509126526867,0.9502746983085808,0.3161094038853487,0.9768389844518124,0.0826760695054743,-0.5334018289386918,-0.1099513511812154,-0.0117250783969826,-1.1698836982734446,0.5854810628949078,0.316728046019671,-0.700596538554995,-0.504134036837033,-0.6957959243410308,0.615797287676072,-0.2548204963208113,-0.7500937911193648,0.5423589117602755,0.4457370287416083,0.5285645950894172,0.2194945517951532,-0.9463979976590144,-0.6575577349517062,-0.908284683101315,-0.6590061523791642,-0.184302714844407,0.2544072381389757,-0.1141013865295082,0.3027517980891223,0.1184290783150349,0.5330939650614245,-0.1577987242579948,-0.0289190424197854,-0.8669628325754811,0.3764311870368224,0.1938976790757006
G22630,0,0,0.2087427315983545,10.18730/JW7SZ,FULL,Phaseolus,vulgaris,Phaseolus vulgaris,COD,"6 KM S KAYNA, NORD-KIVU, BULOTO - BATANGI - KIVU DEL NORTE",-0.67,29.16,0.3591811050669926,0.9221260638214088,0.3859604233784113,-0.4261547184912455,0.1712815361348504,-0.8004509110852314,-0.1632935884796074,-0.7165875662369797,-0.1241661407449551,-0.9481572777028964,-0.6630233502020273,-0.2768287559180501,0.0230523867450766,-0.6094166088342632,-0.5973221910982662,1.213560755588508,-1.2289571450383268,0.6071251130757639,0.7919959391888496,0.6626448431824382,0.3716599941312028,1.2688710599865851,-1.2420020469343465,-0.3401345396186341,-0.2695080057521966,-0.4369711226493272,-0.8084770931249995,-0.1099513511812154,0.527467910351935,1.582328263787768,0.1382993001391001,-0.6028167833189209,0.4665413568883507,-0.4469444206308101,1.8220615955000927,-1.5157261659530008,0.4741843166339058,1.165247675966761,-0.1177113652920274,1.3620499797745078,-0.0061001551333601,0.1467020258618753,0.2813831451307267,0.3789332219735976,0.9563249228418402,1.1036267479790318,0.3811237134412779,-0.4228802656338549,-0.4554873254610034,0.1206423312718232,-0.3426169173689391,-0.7613950963411598,-1.4414297375508407,-1.3869469969256851,-0.4816451550589564,-0.3729298787695683,-0.580140269276917
G11568,0,0,0.0282148240085905,10.18730/JPXDJ,FULL,Phaseolus,vulgaris,Phaseolus vulgaris,ECU,SUCUA - SUCUA - MORONA SANTIAGO,-2.46,-78.17,0.3591811050669926,-0.0391907012706146,0.3859604233784113,-0.2328352481493758,1.6175834513887724,-1.4194016500083804,0.4508154657638726,-2.1708627467034862,1.4922984274602624,-0.7775105603805903,-0.1772172155267593,-0.2768287559180501,0.4940618955899966,-0.0310412120852824,-0.191581395163998,0.2539648111647425,-1.2289571450383268,0.6071251130757639,-0.2913036701250449,0.8990994466463574,-0.1061236770598626,0.3182309494861614,-1.3709595025368717,-0.6682565113706256,-1.1365319989375942,-0.3070593246106268,0.1542863315270773,-0.1099513511812154,0.527467910351935,1.582328263787768,0.9165754551245532,0.413522149510441,1.945471804400133,0.4490262332666804,3.9525564199810432,-1.6320995469024349,0.8797960170748762,2.253281964861236,-0.5143199014047578,0.8360161910379728,0.6559977191064494,0.8041831840966047,1.3776163083358528,0.8262608981203077,0.9014834638435122,2.4031950728193965,2.0908655323051346,1.2083332997908498,0.9285097242612742,-0.0990244836181082,-0.3773726924281925,-1.405332223308586,-1.8910314249387208,-1.8583867531531224,-1.1042401172576783,-0.9081878376093228,-0.580140269276917
G15939,1,1,0.9994341191188596,10.18730/JS91~,FULL,Phaseolus,vulgaris,Phaseolus vulgaris,NLD,OOSTERHESSELEN - OOSTERHESSELEN - DRENTHE,52.75,6.71,0.3591811050669926,-1.0374806006257484,0.3859604233784113,0.3577402717602647,0.8190190147530176,-1.273766182026463,-1.5519773753727826,-1.8525763804806503,1.5550403226281178,0.458473200905151,-1.1488294848772953,0.2276848888251061,-0.9189666309447634,0.6630092640134944,-1.1383099190106238,-3.4473338316126383,-0.9620172713457402,0.6071251130757639,3.0940076089808755,1.8449178605020344,-0.0321008547626553,3.2757779599319243,-1.3709595025368717,-2.4729273560065783,-1.353287997233943,5.27914799105349,-2.183853414056538,-0.1099513511812154,-2.7076900221415707,1.582328263787768,-1.6626905982790314,-1.2279459260705718,-0.5271931940891265,-1.1332198151054838,1.0085999352437296,-1.811328936588413,-0.490513781712186,0.1223392331554673,-1.3386994235962977,-1.534481874448122,-2.009015424278514,-1.6942453605848742,0.0329036281375648,-0.4284386813155864,-0.0856627981263935,-0.4050675141919664,-0.4400908609736454,-0.3942624837842987,-0.3909007964739638,-2.545274311860556,-3.4440378652584416,-2.657831637307309,-1.7054342603878745,-0.494166754087817,-3.598746527525301,2.196308553369049,1.7419735757809365
G19897,0,0,0.0019410043423425,10.18730/JTK9G,FULL,Phaseolus,vulgaris,Phaseolus vulgaris,ARG,"20 KM W DE ALPACHIRI, CAMPAMENTO LAS LENGUAS - CHICLIGASTA - TUCUMAN",-27.32,-65.92,-2.9470184280009937,0.2435495237564511,-2.902539935203636,-0.2957273700964093,0.6676074561229587,-0.2816245563996505,0.1549275328564444,0.2250572130935423,-1.171960070393632,0.8617102251023788,0.7943950538237766,1.2367121783114188,0.4940618955899966,-0.1467162914350786,-0.5973221910982662,-0.7056311332590228,0.9065618445023652,-0.1416760559363472,-0.6524035398963431,0.4655993402958388,0.4927882487993602,-0.2099024452362963,-0.726172224524246,-0.8323174972466213,0.4891379882850262,0.6023232616602759,0.0167486994339235,-0.1099513511812154,-0.2813215727714414,0.2062222827571616,0.0843431900272089,0.5708128561521266,-0.7556187536258956,-0.6280448719505157,-0.3471694985168752,0.1372368051147759,0.1781974000959003,-0.6548281160548717,0.5168627098982619,-0.7801044646401413,0.7307953798329255,-0.4685125631046989,0.9391230430538025,-0.7339307528304128,-0.2638975398709599,-0.4648177820007188,-0.8170418131641021,-0.976157381391942,-0.962952910359172,1.5947682431226455,1.0022187869646222,-0.1033655534642185,-1.6045302760955245,-2.2147107718898,-0.1087071619606332,0.2693796973612255,1.2259481743541794
G50431A,0,0,0.0226663621688775,10.18730/S47KY,FULL,Phaseolus,vulgaris,Phaseolus vulgaris,PER,"HUALGAYOC, PAMPA GRANDE - HUALGAYOC - CAJAMARCA",-6.72,-78.56,0.3591811050669926,2.2227310989459115,-1.80637314900962,1.5693752230641325,1.2697460869683668,-1.1099262805468058,-0.2577613410286534,-0.9149733305019526,-0.1472452232556987,-0.8052939525777978,0.7943950538237766,0.7321985335682625,0.2585571411675366,0.6630092640134944,0.7551471286826278,-0.5685459983413421,-0.294667587114274,0.6071251130757639,0.0472274577855471,1.4114177541515158,-0.1734171518755056,0.5294843073751444,0.1765299646934299,-0.0120125678666426,0.3807599891368515,0.3424996655828751,0.2918239636202311,-0.1099513511812154,0.2578714159774761,0.2062222827571616,-0.9449106858049616,-1.953902452271229,-0.2537494585852569,-0.5422604476411815,0.1951382749873667,-0.7280303985903421,-0.0081647325391401,-0.4592827830277541,0.7463291885685359,1.369086952779567,-0.8898207038487509,-0.6540161848840208,0.544479104299957,0.0843515815843007,0.229675591113993,0.4613113690349434,-0.5074035310076556,-0.8330684721441607,-0.8430064993832411,0.1110346375788242,-0.0447102740039097,-0.7688727047829432,-0.9858730609260344,-1.1857055487450183,-0.9133866491437372,0.6975861665253832,1.4839608750675577
G142A,0,0,0.0017695958509624,10.18730/JSC8S,FULL,Phaseolus,vulgaris,Phaseolus vulgaris,IND,"MADRAS, SALEM - SALEM - TAMIL NADU",11.65,78.18,0.3591811050669926,-1.0810903453611436,0.3859604233784113,-0.6113853572709947,0.2402644084064603,0.5466771677475049,0.3667095373083276,0.4275370989126036,1.414385438842861,-0.7677807744600148,-0.1772172155267593,-0.7813424006612064,-1.3899761397896833,-1.1877920055832438,-0.7325691230763556,-0.4314608634236613,0.3726820971171922,0.6071251130757639,-1.148915860831878,-0.7166736770237575,-1.2366540539626654,-1.3717959136257032,0.6923597871035305,0.4801703897613444,-0.5946420031967207,0.6023232616602759,-0.2583265647523842,-0.1099513511812154,-1.3597075502692766,-1.1698836982734446,2.00632559015738,2.232446504579338,-0.3304470917143911,-0.0275539017851762,-0.5021145766609444,0.1344035138472329,-0.8303506118113775,-0.1032899972604375,-0.8514373651301196,-0.3479242221664885,1.570191414788789,1.421745867591691,-0.8733157867786727,0.9135443471245438,0.2982274148619031,-0.5395056167616593,0.0984104992984354,-0.5373513930320798,-0.252501091501736,1.4486876276540923,1.036265260492054,2.199162645955708,1.7924602508351304,0.8889108352265855,1.5862779629648025,-0.4799814960606078,-0.580140269276917
G1803,0,0,0.0002870614107655894,10.18730/K0FYP,FULL,Phaseolus,vulgaris,Phaseolus vulgaris,MEX,OCOTLAN - OCOTLAN - JALISCO,20.35,-102.77,0.3591811050669926,0.3851676379872691,0.3859604233784113,-0.5891597565415966,-1.562059279842465,0.5102683007520254,1.0311959398316082,1.5621980129846165,-0.820629188378562,-0.048196221260377,-1.1488294848772953,-1.2858560454043628,-1.1544713853672233,-0.493741529484467,-0.0563344631859086,0.9393904857531464,0.1057422234246057,0.6071251130757639,0.8145646810495557,-0.9531282804876768,-1.2635714438889225,0.0013509126526867,1.981934343128782,0.6442313756373401,0.0556259916923274,-0.047235728533226,-0.9460147252181532,-0.1099513511812154,-0.2813215727714414,-1.1698836982734446,0.4890140889581157,0.3973898758537636,-0.54886861214736,0.0963569333283064,-0.734532193877048,1.5475145845589786,0.5125529909999436,-0.73003785952684,1.080613600638509,0.1327611832364104,0.6587680136005533,0.3345537757602235,-0.7856171337222626,-0.7557516150814718,-0.9631261420996432,-1.0473828931360547,-0.9247420852185184,0.4165746686197942,0.8362432542797891,0.239865075734947,0.5248588560487536,0.9230800053328984,0.9796042199947896,0.7425534183679185,0.0867886878101337,-0.8011362203182835,-0.709146619633606
G5542,0,0,0.0005895356373409207,10.18730/JK8FD,FULL,Phaseolus,vulgaris,Phaseolus vulgaris,IRN,ARAK - MARKAZI,34.07,49.69,0.3591811050669926,-0.5009523346236618,0.3859604233784113,-0.5478324852132246,-1.425262736524188,1.38408110864353,-0.7711136677007306,0.3275084458441786,-0.8521600477640517,1.6674741704808522,-0.1772172155267593,-0.7813424006612064,-1.860985648634604,-0.7250916881840593,-0.0563344631859086,-0.8427162681767036,1.0400317813486584,0.6071251130757639,-1.2617595701354087,-0.9925373810649966,-1.2568420964073583,-1.5830492715146862,1.981934343128782,2.1207802485213016,-0.7030200023448953,-0.4369711226493272,1.3921250203654618,-0.1099513511812154,-1.0901110558948175,-1.1698836982734446,-0.9645311291730292,0.9055594191935596,-1.3875405570159356,-1.4191678961365977,-0.8120047329490826,0.1907742350422373,-1.5977240991321322,-0.2687514328987678,0.3383887700361296,-1.6277837488493363,-2.668343012280309,1.0202126953600203,-0.4055896371444856,-1.0939749799728868,-0.7163395766071667,-0.5843183176182236,-0.8305043471709042,-1.1001677694066854,-1.073672674336954,-1.0532431526727806,0.0010396747985769,-0.5825076943877255,0.0691525322159464,1.0307649469511395,2.125310055340664,-0.1588267718029321,0.3229038756448727
G8178,1,1,0.9688057452727862,10.18730/K2GJJ,FULL,Phaseolus,vulgaris,Phaseolus vulgaris,COL,SILVANIA - SILVANIA - CUNDINAMARCA,4.4,-74.4,0.3591811050669926,0.384919636269984,0.3859604233784113,1.2906538735868456,1.960744010909408,-1.4285038667572505,-0.1447716349788952,-1.32574547959679,0.7603592898858205,-0.8539149096231585,0.7943950538237766,1.2367121783114188,1.2005761588573765,0.7786843433632905,1.0256409926388066,-0.2943757285059805,-0.5616074608068605,0.6071251130757639,-0.4041473794285756,0.5444175414504786,0.5735404185781319,0.2126042705416698,-0.8551296801267712,-0.3401345396186341,-0.8655870010671574,0.3424996655828751,-0.1207889326592303,-0.1099513511812154,0.527467910351935,0.2062222827571616,0.4187076256154381,-0.2438716559422396,1.1634894144530914,0.6205950818853488,2.4805781776123865,-1.137129723937318,0.9894208009778412,0.8593947191807566,-1.28204106219906,1.2255301447478328,0.2099820228222121,0.3885611423792391,0.2521502607785901,1.6554536636605508,2.0257333733092384,1.9401304973015647,1.081175481794983,0.1399361107407508,-0.1048747395313597,0.9270335314592156,0.1375802196742153,0.0249041913448356,-0.6788602824889826,-0.9374608532270486,0.1688040970807193,-1.4434457964490774,-1.4831845679862237
G22146,0,0,0.1206689943382379,10.18730/JVS68,FULL,Phaseolus,vulgaris,Phaseolus vulgaris,COL,EL QUEREMAL - DAGUA - VALLE DEL CAUCA,3.52,-76.72,0.3591811050669926,0.3448554097803726,-1.80637314900962,1.070203234664718,1.8315472755532567,-1.44670830025499,0.4381863030162747,-1.5790299347557468,0.643249032236607,-0.9094817105777716,2.2518134578495808,1.7412258230545752,2.6136046853921364,0.6630092640134944,1.0256409926388066,-0.020205458670619,-0.4281375239605672,0.5050158627559306,0.4308960694175514,2.869554475512351,1.7040707954809349,1.3744977389310766,-1.2420020469343465,-0.5041955254946299,-0.3778860049003713,-0.047235728533226,0.1542863315270773,-0.1099513511812154,1.0666608991008526,1.582328263787768,0.3786492733565186,-0.3124342420712636,0.9934207496884896,0.1821413576376406,2.1319517517882307,-1.3392414694366743,0.786614950757356,1.81706545272382,-0.7239559167966834,1.2721583670879832,0.1795088362260333,0.3369018870839907,0.3983146825392735,1.1535738318861932,1.4636084185763751,1.835567528636249,1.2831134918970135,-0.0031527985070303,-0.3816741494758153,0.8580328222094956,-0.038681210983427,0.1016934780354577,-0.5475196865412352,-0.90199732529591,-0.3537217494042065,-1.2293425618669986,-1.3541782176295345
G474,0,0,0.0059244333030341,10.18730/JZF7B,FULL,Phaseolus,vulgaris,Phaseolus vulgaris,IND,URI - JAMMU AND KASHMIR,34.08,74.03,0.3591811050669926,-1.1979986872801938,0.3859604233784113,-0.6001009889118003,-0.849431133239987,-0.2270112559064314,-0.1070753339264409,-0.0193330580649672,-0.4632516602674906,0.4050087517207899,-0.1772172155267593,0.7321985335682625,0.0230523867450766,0.0846338672645136,-0.5973221910982662,-0.9798014030943843,0.5061520339634855,-0.1076396391630694,1.852726806642038,-0.0073098666319996,0.465870858873103,1.2688710599865851,0.1765299646934299,-0.1760735537426384,0.6517049870072883,-0.4369711226493272,1.5296626524586157,-0.1099513511812154,0.2578714159774761,0.2062222827571616,-0.4396852148840038,0.7845666744424229,-1.0157237703246984,-1.0379037880951123,-0.1147518813007715,-0.6881438432963861,-1.0989313323736416,-0.2837933815931615,0.2024087222699565,-1.387368223028298,-1.1529977263847495,-0.8606530870986046,-0.4348225214966222,-0.886676788587826,-0.867153588852569,-0.0166907734350757,-0.5343285990212596,-0.8903040358432732,-0.7415133824036074,-1.3028248320159137,-0.1039369519110048,-0.9589765193990524,-0.0006531749502367,0.8556989598625034,0.6774027985951683,-1.336394179158038,-1.741197191805843
G4134,0,0,0.0225335438287217,10.18730/K27EP,FULL,Phaseolus,vulgaris,Phaseolus vulgaris,CRI,PACUARE - PACUARE - CARTAGO,9.92,-83.56,0.3591811050669926,-0.2284385126851963,0.3859604233784113,-0.3530020613736889,1.7350881744954978,-1.1918462312866345,0.2153832240950636,-2.561071195756901,2.0485721567473982,-0.770564716471338,1.2802011884990447,0.2276848888251061,1.9070904221247564,1.819760057511456,2.3781103124197007,0.1168796762470617,-0.828547334499447,0.3348337788895417,-0.9683659259462292,1.5296450558834755,1.5694838458496485,0.4238576284306529,-1.2420020469343465,-0.3401345396186341,-0.2153190061781092,-0.5668829206880276,0.429361595713385,-0.1099513511812154,1.3362573934753113,1.582328263787768,0.9631739057953128,0.5466142148917624,3.604474955780317,1.9359562546284728,4.339919115341216,-1.3174400235133013,2.2117371414959006,3.4867217578015155,-1.1007343476039768,0.6926404389537444,0.7917416209278507,0.8370572800775905,2.590781008949526,1.7754684060413757,2.944327811531234,1.3725029531184176,4.204483371373052,2.105023797743612,1.5928283081279675,0.7219966137836236,1.083079161592273,0.9357344196189934,0.9309718078932308,0.4574379120644001,1.2417100799915246,1.125792380458656,-0.3221277223510561
G22798,0,0,0.0002769197357473669,10.18730/JR80C,FULL,Phaseolus,vulgaris,Phaseolus vulgaris,MEX,YANHUITLAN - NOCHISTLAN - OAXACA,17.54,-97.35,0.3591811050669926,1.0859828555481663,0.3859604233784113,-0.0657203880011256,-0.1864940386975668,0.6741082022316826,0.7289557966751362,0.356464114399724,-1.084127284449407,-0.4441097546529117,-0.6630233502020273,-0.7813424006612064,-0.4479571220998433,-0.1467162914350786,-0.0563344631859086,0.6652202159177848,-0.0277277134216875,0.1986881117964306,0.1826399089497839,-0.4802190735598382,0.7148567156909822,0.1069775915971782,0.4344448758984802,0.152048418009353,-0.0527520074558472,-0.3070593246106268,-0.2583265647523842,-0.1099513511812154,-0.0117250783969826,-1.1698836982734446,-0.2410285751607137,-0.715743391241718,-0.8739998830208635,-0.656639680053627,-0.6957959243410308,0.6944053837438808,-0.380888997809221,-0.7851916714062834,0.5621894223180648,0.4820388389712496,-0.1917091993317272,-0.3558014672586549,-0.9463979976590144,-0.8539454952112374,-0.9494157773500612,-0.7038188532357285,-0.2381528508716151,0.1017790682746758,-0.2155945035091419,0.2684698001391031,0.1499929964810916,0.5650176011013459,0.0807316779544128,0.1163125481553533,-0.7689569975980518,0.2693796973612255,0.1938976790757006
G9657,1,1,0.9922510252372412,10.18730/K35QX,FULL,Phaseolus,vulgaris,Phaseolus vulgaris,MEX,HUATUSCO - HUATUSCO - VERACRUZ,19.15,-96.95,0.3591811050669926,-0.3341635495815662,0.3859604233784113,0.0859676611947836,0.7266521179825569,-0.4636688913770472,-0.0340610985000718,-0.8036286362424276,1.3751881916245348,-0.2565717372603247,-1.634635619552563,-0.2768287559180501,0.4940618955899966,2.629485612960029,0.3494063327483596,0.3910499460824232,-0.1611976502679807,0.5050158627559306,-0.5846973143142247,0.2685538374092394,0.5533523761334389,0.1069775915971782,-0.9840871357292964,-1.3245004548746084,-0.1611300066040218,0.2125878675441747,-0.6709394610318457,-0.1099513511812154,1.60585388784977,1.582328263787768,0.4383280377977075,0.2199339425289009,0.8066786864175544,0.9542011764216484,0.5437647008115223,0.1018594861842,0.74276503719617,-0.2236255868155868,0.1570820419326349,0.0834707748232114,0.498091540590669,0.0786057449698117,-0.3032745419120071,0.4116645153501861,-0.0856627981263935,-0.2855669785744616,0.2599609073800597,1.4372755545872995,1.1684025462131358,-0.2320036985962078,-0.2312565768729638,-0.1453552008680792,-0.3169292699780616,-0.1454420627649548,-0.6369070304705681,-0.5870329857362047,-0.580140269276917
G20746,1,1,0.9705089195250196,10.18730/JTQVE,FULL,Phaseolus,vulgaris,Phaseolus vulgaris,RWA,RWANKUBA - MURAMBI - BYUMBA,-1.84,30.34,0.3591811050669926,0.2619994262478642,0.3859604233784113,0.0354810709145517,0.9710151739955478,-0.982495246062628,-0.3776719212260739,-0.7166928264923614,0.2259702168471363,-0.8094149518477719,-1.1488294848772953,-1.2858560454043628,-0.4479571220998433,-0.7250916881840593,-0.7325691230763556,1.076475620670827,-0.9620172713457402,0.6071251130757639,-0.8103847329212861,-0.3619917718278785,-0.6242834331403139,-0.738035839958754,-0.9840871357292964,-0.3401345396186341,-1.0281539997894191,0.2125878675441747,-1.358627621497615,-0.1099513511812154,-0.2813215727714414,1.582328263787768,0.4358754853003672,-0.1954745657342962,-0.2604188179877903,-0.294438777414216,-0.4246420375889098,-0.4297871658268866,-0.687838392737523,0.458276087330259,-0.6616316441613947,1.1137856030671562,0.2515363081363504,0.4026500342586106,-0.0547950249188452,-0.2429613521815846,0.4353310623577233,1.3874405200706057,0.3811237134412779,-0.9666181207754232,-0.9906328513536174,0.2090767845823821,0.0152257054350068,-0.4487735434096758,-1.037482967646056,-1.2065333349902905,0.0744090033919321,-0.1588267718029321,0.3229038756448727
G24353,0,0,0.0002829346343935086,10.18730/JY6E1,FULL,Phaseolus,vulgaris,Phaseolus vulgaris,MEX,1.5 KM ENE FCO. VILLA - DURANGO - DURANGO,24.18,-104.4,-2.9470184280009937,0.9504000863241155,0.3859604233784113,-0.4794228356745953,-1.1920070921481511,0.8743569707068191,0.6802699615057812,0.4492515828312786,-1.3183477561208623,0.4796884457691414,-1.634635619552563,-1.790369690147519,-0.6834618765223034,0.3159840259641059,0.7551471286826278,1.4877310254238694,0.3726820971171922,-1.843496894600236,-0.8329534747819922,-0.874310079333037,-0.671388865511264,-1.0549158767922286,1.0792321539111058,1.9567192626453056,1.5729179797667732,-0.6967947187267279,-0.6709394610318457,-0.1099513511812154,0.2578714159774761,-1.1698836982734446,-0.0178464538317767,0.2199338656037849,-1.0207257898765985,-0.7328925016619242,-0.734532193877048,1.2747323434859033,-0.5234012168830755,-0.7200098937305776,1.9871477139503968,-0.1842972536116519,0.3734287110677424,-0.1444682346269668,-0.800233575898331,-0.864855926336767,-0.9631261420996432,-1.062320460088243,-1.0324423572729344,-0.4801158293329673,0.033524965440868,-0.1791613832847134,0.2723475107203001,0.5112363403854421,0.7777962514100897,0.8298049553413547,0.1853103429716547,0.2693796973612255,0.3229038756448727
G20155,1,1,0.999306680163354,10.18730/JN61P,FULL,Phaseolus,vulgaris,Phaseolus vulgaris,MKD,KONOPISTE - KAVADARCI,41.24,22.08,0.3591811050669926,-0.8025893088436922,0.3859604233784113,-0.5912314176800375,0.1233442859122063,-0.1450913051666029,-1.9657542486376929,-0.6647312035703233,0.0637679637913985,2.015353666469337,0.7943950538237766,0.7321985335682625,0.2585571411675366,0.431659105313902,0.3494063327483596,-0.9798014030943843,0.2392121602708989,0.6071251130757639,-0.0881849933786897,-0.3619917718278785,0.9705719199904256,0.0013509126526867,0.3054874202959551,-0.0120125678666426,-0.3778860049003713,-0.5668829206880276,1.5296626524586157,-0.1099513511812154,0.2578714159774761,-1.1698836982734446,-1.4158004729273608,-0.4132614909013181,-1.042401207934832,-1.3905730880334863,0.3113470835954186,-1.7413765260367209,-0.9838253092755284,-0.3790590566576546,-0.2735217902204251,-1.505372737508193,-0.6931305477226815,-2.2624969851344705,-0.5663705010812374,-0.6684681660772357,-0.4421322816155262,-0.4200050811441545,-0.4939409970008535,-0.6995188235128984,-0.732286735405459,-1.7513294421390937,-1.7427781411845773,-1.3509757619433145,-0.351335874458076,0.4504014977923488,-0.468749650456663,-0.5870329857362047,-0.3221277223510561
G51604,0,0,0.0113010201943236,10.18730/K45TM,FULL,Phaseolus,vulgaris,Phaseolus vulgaris,CHN,SHANDONG KENLI - KENLI - SHANDONG,37.59,118.52,0.3591811050669926,-1.7229087413067912,0.3859604233784113,-0.5960896610682674,-0.4092268720491206,-1.100824063797936,0.2206778382835846,-0.0257658819163436,-0.4554392567547382,0.0569286172213434,1.2802011884990447,1.2367121783114188,-0.6834618765223034,-0.9564418468836516,-1.4088037829668023,-1.253971672929746,-0.6950773976531537,0.6071251130757639,-0.1333224771001019,-0.9531282804876768,-1.4789105632989803,-0.8436625189032455,2.110891798731307,0.8082923615133358,-1.1365319989375942,-1.736089103036331,3.042576605483308,-0.1099513511812154,-0.8205145615203591,-1.1698836982734446,-0.8271882555918175,1.2161074948248571,-0.8473224454107299,-0.0275539017851762,-0.5408508461969617,1.432371993511237,0.5564029045611295,-0.7601217569156273,-0.5341504119625471,-1.9436528503802943,1.320865861420878,-2.499659823020106,-0.887932228954741,-0.8975872197133555,-0.8534432241029869,-0.6440685854269761,-0.7362666091232899,-0.5182728717990424,0.7162968433038583,-1.0012742640606496,-0.6717328281341145,-0.4024698911355554,0.4373693666991777,1.0349867955143703,0.0439756125305198,0.4834829319433041,0.9679354736408012
G47,0,0,0.0041755809200916,10.18730/PQ47*,FULL,Phaseolus,vulgaris,Phaseolus vulgaris,CAN,NORQUAY - SASKATCHEWAN,51.89,-102.0,0.3591811050669926,-1.0366075235326673,0.3859604233784113,-0.4140994586354707,-0.0479436935418758,-1.1372329307934153,-2.6903290128487893,-0.2443966715862723,-0.5571310923077175,4.202664490612777,4.195037996550653,1.2367121783114188,4.497642720771816,1.819760057511456,1.972369516485432,-1.253971672929746,-1.36242708188462,0.6071251130757639,2.4169453531596914,2.633099872048432,1.0715121322138903,2.0082578125980257,0.3054874202959551,0.4801703897613444,-0.973965000215332,0.6023232616602759,0.5668992278065389,-0.1099513511812154,1.875450382224229,-1.1698836982734446,-3.296089495221097,-1.1916481564928096,-0.9823769733120312,-1.0760301988992609,0.0401931968432975,-0.5803603215520181,-0.3480015626383315,-0.4993946462128039,-0.3868385645157198,-2.117474615038233,-0.3329936637218516,-4.422792307709338,-0.5956033854333741,-0.9194080819644146,-0.7437603061063307,-0.7038188532357285,-0.3593156569328333,-0.3179483988521487,-0.3263142674869241,-2.239356610408474,-2.958520966726626,-1.32825533629328,-0.290793483882666,0.5486298410301849,-2.3819267132529016,1.4469471047163314,2.2579986696326584
G18208,1,1,0.9927224919534614,10.18730/JTA9R,FULL,Phaseolus,vulgaris,Phaseolus vulgaris,ESP,AGENCIA SEA DE POTES - POTES - CANTABRIA,43.13,-4.6,0.3591811050669926,-1.1560145901275245,0.3859604233784113,-0.5081979524334436,-0.0608049070162437,-0.8823708618250599,-1.9808859731080808,-0.804169840635629,0.0381515822592066,2.357934950045972,0.7943950538237766,1.7412258230545752,1.2005761588573765,0.5473341846636982,-0.0563344631859086,-0.9798014030943843,1.4404415918875382,0.436943029209375,1.356214485706503,1.1749631506875966,1.6838827530362417,1.2688710599865851,-0.4682573133191957,-1.3245004548746084,0.2181929904145895,-0.047235728533226,1.117049756179154,-0.1099513511812154,0.7970644047263937,0.2062222827571616,-1.3373188512422174,-0.9819273681541272,-0.5672093505043269,-1.0569669934971866,0.6212372398835568,-1.4696303430033804,-0.9235316781288976,0.2827866858956663,-1.174390165792924,-1.324937264239291,-1.6294865333091426,-0.0317571443793402,0.1352187233700433,-0.3738865256879388,0.0103097551206805,-0.0017532064828876,-0.1439151128240009,-0.6804403022798609,-0.7046067944110134,-1.865529983080877,-2.021533643190426,-1.3840497992819718,-0.4191565852119506,0.2609812255887279,-1.0825756695258255,0.9116891458765768,0.9679354736408012
G3377,0,0,0.0004539878445619843,10.18730/PE879,FULL,Phaseolus,vulgaris,Phaseolus vulgaris,MEX,PINO SUAREZ - TEPANCO - PUEBLA,18.52,-97.49,0.3591811050669926,0.5262897487835169,0.3859604233784113,-0.5453065583757402,-1.050533743930104,1.3294678081503108,0.7944555816269865,0.802345125826211,-1.5232908651547583,-0.2843551791381266,-0.6630233502020273,-0.7813424006612064,-0.6834618765223034,-0.1467162914350786,0.2141594007702701,0.8023053508354656,-1.0954872081920335,0.6071251130757639,0.363189843835433,-0.6772645764464376,-0.6915769079559569,0.1069775915971782,1.337147065116156,0.4801703897613444,-0.7572090019189827,-0.047235728533226,-0.8084770931249995,-0.1099513511812154,-0.0117250783969826,-1.1698836982734446,0.2658319364433806,0.0666763427639418,-0.9056793401828972,-0.7614873097650355,-0.5795871157329789,0.5058556459539411,-0.4959950209073342,-0.7250238766287087,1.0267880642086262,0.2063900815041122,0.3512665136318229,-0.1350756549698357,-0.844082902426536,-0.6902890283282948,-0.921995047850897,-0.7336939871401047,-0.3458531229260313,-0.0031527985070303,-0.3539942084813697,0.1614750294670689,0.0999872384876759,0.3990722137586908,0.0532725609174782,0.125319158423579,-0.5956414157432294,-0.4799814960606078,-0.4511339189202276
G805,0,0,0.00032041881817679524,10.18730/JZRMG,FULL,Phaseolus,vulgaris,Phaseolus vulgaris,NIC,RIVAS - RIVAS - RIVAS,11.43,-85.83,0.3591811050669926,-1.2978553642356363,0.3859604233784113,-0.6133828036064816,-0.2817839385303838,0.8197436702136,0.9345718298144468,1.3500411970677375,0.3211958073411554,-0.7080520550472744,-0.1772172155267593,0.2276848888251061,-0.4479571220998433,-0.7250916881840593,-0.4620752591201768,-0.1572905935882998,-0.6950773976531537,0.6071251130757639,1.0853895833780294,-0.7560827776010773,-0.7925171201794214,0.4238576284306529,0.0475725090909048,0.152048418009353,-0.3778860049003713,0.2125878675441747,0.0167486994339235,-0.1099513511812154,-0.2813215727714414,0.2062222827571616,1.7667930902591935,1.5669864084480851,0.5799204667314186,0.7445059169988315,-0.6570596548050135,0.5349978532255092,-0.5836948480297063,-0.2085836381211931,-1.9307795648989785,0.4328401990825686,1.3679607093037394,1.3301681375568004,-0.844082902426536,1.3936033166478423,0.1748341321156649,-0.8830696566619857,1.1081005498085872,1.3895792515047058,0.3841375513705117,1.2069667886052318,0.9256142215279004,1.653872430354886,1.4086942777888156,0.8393744787513444,1.2148874304187545,2.196308553369049,0.0648911749314939
G17227A,0,0,0.0034013651385782,10.18730/S1WJ$,FULL,Phaseolus,vulgaris,Phaseolus vulgaris,ECU,"GONZANAMÁ, LANZACA - GONZANAMA - LOJA",-4.25,-79.49,0.3591811050669926,1.0634961763349418,-1.80637314900962,1.1823168566605764,1.3176833371910108,-1.0006996795603678,0.8392553802255175,0.4562732978993926,-0.5864087167071068,-0.9581026676231325,0.3085889191485086,0.2276848888251061,-0.2124523676773833,-0.9564418468836516,-0.7325691230763556,0.1168796762470617,-0.9620172713457402,0.4709794459826528,-0.8555222166426983,0.1109174350999599,-0.4560497461012063,-0.526782482069771,-0.4682573133191957,-0.1760735537426384,-0.81139800149307,0.2125878675441747,-0.2583265647523842,-0.1099513511812154,-0.5509180671459002,0.2062222827571616,0.3843718906526805,-0.3446989432348522,-0.4121467443954252,0.277457384648012,-0.6183233852689962,0.8925569099275108,-1.0989313323736416,-0.7601217569156273,0.0380993298046032,1.1883613238324648,0.2293739521835125,0.3157686164459617,0.4129311247153419,-0.7884829084580603,-0.5929462938609285,1.1335018818834082,-0.5612536670348637,-1.0238536844745356,-1.03676608634436,0.2289472419929027,-0.3493552819212434,-0.4737947716571819,-1.0543554371506785,-1.2614173663122903,-1.0222247079870928,-0.0517750268964503,0.5809165763582509
G50883,0,0,0.0681192002286752,10.18730/PHH83,FULL,Phaseolus,vulgaris,Phaseolus vulgaris,COL,"8 KM NW AGUADAS VÍA ARMA, VEREDA LETICIA - AGUADAS - CALDAS",5.62,-75.52,-1.2939186614670004,0.9362630750727622,2.5782939957664426,-0.0738738729530617,0.7324981241072697,-0.7367353938431425,0.2948567769366266,-1.835825151785068,1.4044657287699809,-0.8608607535324109,-0.1772172155267593,0.2276848888251061,1.2005761588573765,0.7786843433632905,0.8903940606607171,0.9393904857531464,-0.828547334499447,-0.1757124727096249,0.3406211019747269,1.5690541564607954,0.4793295538362316,1.057617702097602,-1.1130445913318214,-0.8323174972466213,0.1640039908405021,-1.086530112842829,0.1542863315270773,-0.1099513511812154,1.3362573934753113,1.582328263787768,0.6762255130929322,0.0868419540726955,2.087195691703968,0.84935354671024,2.867940872972559,-1.2476688522725763,2.113074835983232,2.423757383397697,-0.8825994068888813,1.058855920799514,0.3900504780323691,0.5458870867697787,0.3983146825392735,1.426334610024431,2.820934528784996,2.806509380528475,2.4274288824751853,0.7790665720475064,0.3103243753853235,0.8868559032884926,0.1709173916698258,0.4286950472011405,-0.2567177121380363,-0.5718487676512634,0.2105855319921497,-1.4434457964490774,-1.6121908414491544
G22751,1,1,0.9991444273866736,10.18730/JN7ZA,FULL,Phaseolus,vulgaris,Phaseolus vulgaris,BIH,CELOPEK - ZVORNIK,44.45,19.12,0.3591811050669926,-1.0287814888653448,0.3859604233784113,-0.4563749611248767,0.1204212828498499,-0.3817489406372187,-1.9626345658840445,-0.8480251675344944,0.0866907605283945,2.301149344184325,0.3085889191485086,0.7321985335682625,0.0230523867450766,0.431659105313902,0.0789124687921807,-0.8427162681767036,-1.0954872081920335,0.6071251130757639,0.1375024252283716,-0.3619917718278785,1.421438201255234,0.4238576284306529,0.0475725090909048,-0.5041955254946299,-0.4862640040485459,-0.9566183148041288,1.9422755487380767,-0.1099513511812154,0.2578714159774761,0.2062222827571616,-1.2768225878996973,-0.2277392284353284,-0.392138666187825,-0.8377401313733326,1.1635450133877987,-1.64210119222188,-0.117789516442105,-0.0130383050940756,-0.6587987630497026,-1.6092788592840226,0.0880895406323605,-1.9525415471365053,-0.171726562327392,-0.4393491124411159,-0.0582420686272295,-0.0465659073394519,-0.0900649767967928,-0.0794668834391802,-0.2617277384998845,-2.0157593753714065,-2.088562637947558,-1.6722253246153176,-0.8121858748490385,0.0937960224847891,-0.9634212070006352,-0.6940846030272442,-0.4511339189202276
G516,1,1,0.9665304194919084,10.18730/JZGGF,FULL,Phaseolus,vulgaris,Phaseolus vulgaris,TUR,MANYAS - BALIKESIR,40.06,27.97,0.3591811050669926,-0.764750850845317,0.3859604233784113,-0.5998099611231222,-0.6366365103004447,1.1292190396751745,-0.6831466049955033,0.1095971663430213,0.0326440606282903,1.0035699616603433,0.7943950538237766,0.2276848888251061,-0.4479571220998433,-0.0310412120852824,0.3494063327483596,-0.2943757285059805,-0.6950773976531537,0.6071251130757639,-0.6298347980356369,-0.7560827776010773,-0.2878160590620988,-0.738035839958754,1.4661045207186814,1.300475319141323,-0.973965000215332,-1.736089103036331,1.9422755487380767,-0.1099513511812154,-0.0117250783969826,-1.1698836982734446,-0.6743125641051899,0.3126950160680579,-0.7139352573600618,-0.7996137205691841,-0.2696969594448407,-0.5023317927652643,-1.32366213937472,0.5384998137003585,-0.3330131678134725,-1.367170300434983,-1.7486087375170674,0.757220285810951,0.4421640090674786,-0.5375429925708816,0.0788615788685907,-0.2108791438135211,-0.6824164730960819,-0.8903040358432732,-0.9537262633610234,-1.591492356155565,-1.0696509874859752,-1.1177318986246083,0.0016626541974565,1.09803306739195,1.041571848563932,0.4834829319433041,0.3229038756448727
G3017,0,0,0.00029418783648328087,10.18730/K1K2U,FULL,Phaseolus,vulgaris,Phaseolus vulgaris,GTM,CONCEPCIÓN LAS MINAS - CONCEPCION LAS MINAS - CHIQUIMULA,14.52,-89.45,0.3591811050669926,-0.6859946791899532,0.3859604233784113,-0.5177488268012755,0.3080780794531276,-0.1268868716688632,0.4850787231860429,0.79181255322404,-0.2058003848005344,-0.5621892004713902,-0.1772172155267593,-0.2768287559180501,-0.2124523676773833,-0.8407667675338554,-0.7325691230763556,0.2539648111647425,-0.6950773976531537,0.4029066124360972,-0.1558912189608081,-0.4014008724051984,-0.2339812792095844,-0.1042757662918048,-0.5972147689217209,-0.5041955254946299,0.3265709895627642,-0.1771475265719264,0.0167486994339235,-0.1099513511812154,-0.2813215727714414,0.2062222827571616,1.071903688997499,0.7644012169839004,0.0196942769186126,0.2869889873490491,-0.7732684634130653,0.853557912521449,0.3645595327309408,-0.73003785952684,-0.905262874543178,0.417860720156856,0.9108638614625696,0.7760054451252123,-0.9756308820111512,0.1389037372119483,-0.7986017651046589,-0.6141934515225999,0.1791857033392475,1.046165869310031,0.7347501373001554,0.9482141289187817,0.8706433528117341,1.6578988349004615,1.8222351970197583,0.9792583944797242,1.0302238045139138,0.3764311870368224,-0.709146619633606
G50381,0,0,0.0023459712083307,10.18730/JYHV~,FULL,Phaseolus,vulgaris,Phaseolus vulgaris,MEX,SURROUNDING THE CHURCH OF SANTO DOMINGO DE ALBARRADAS - TLACOLULA DE MATAMOROS - OAXACA,17.07,-96.27,-2.9470184280009937,0.3566456137672774,0.3859604233784113,-0.3978872357549753,-0.3665510273387179,0.6741082022316826,0.1255218211478076,0.6894956416753858,-0.3229106206362619,-0.4163263127751098,-0.6630233502020273,-0.2768287559180501,0.2585571411675366,0.6630092640134944,0.7551471286826278,0.8023053508354656,1.306971655041245,-1.9456061449200688,0.9951146159352048,-0.1255371683639593,0.7013980207278536,0.5294843073751444,-0.2103424021141454,-0.3401345396186341,1.6271069793408603,-0.3070593246106268,-0.5334018289386918,-0.1099513511812154,0.7970644047263937,0.2062222827571616,0.2053356986829603,-0.1148126974376472,0.0713818122882465,0.0868253306272693,-0.1534881508367888,0.3195435134706733,0.2713784664134206,-0.4191709198427044,-0.0497211514469021,0.2835694594596191,0.1518060762213908,0.0809538562935794,-0.7417678071940575,-0.1120361786752305,-0.4695530111146903,-0.5395056167616593,0.2061107713528516,0.8172236145135814,0.4948573153482939,0.186149333724089,0.0850919063194245,0.4284074468764565,-0.212716958331864,-0.0857732697379598,-0.8618046307345638,0.4834829319433041,0.3229038756448727
G17197,0,0,0.0031092974551348,10.18730/JPKM1,FULL,Phaseolus,vulgaris,Phaseolus vulgaris,ECU,"AMALUZA, AMALUZA - ESPINDOLA - LOJA",-4.59,-79.42,0.3591811050669926,0.5969748050402833,-1.80637314900962,2.0030585567244867,1.2837765016676772,-0.9733930293137584,0.6982798253597201,0.3664952179230523,-0.5571310923077175,-0.9303192671458258,0.7943950538237766,0.7321985335682625,0.4940618955899966,-0.493741529484467,-0.4620752591201768,-0.020205458670619,-0.828547334499447,0.5730886963024862,-1.0586408933890536,0.2291447368319195,-0.1464997619492484,-0.526782482069771,-0.2103424021141454,0.4801703897613444,-0.2695080057521966,0.0826760695054743,-0.1207889326592303,-0.1099513511812154,-0.2813215727714414,0.2062222827571616,0.2380363778569588,-0.5060225644404777,-0.2037292630662563,0.2488625765449006,-0.5408508461969617,0.5035859059268278,-0.8906442429580081,-0.4592827830277541,-0.2140304476648193,1.0772562677797133,0.0880895142128741,0.2194945517951532,0.9975888117580758,-0.6793785972027653,-0.2090560808726318,0.9841262123615272,-0.3458531229260313,-1.0238536844745356,-0.999859498351766,0.0736956461810327,-0.3075064915437749,-0.52498762945093,-0.7198835416766921,-1.1561526088024028,-1.0113924841211666,0.0552764627791469,0.8389292770716291
G16801,0,0,0.0041173515550211,10.18730/JNECY,FULL,Phaseolus,vulgaris,Phaseolus vulgaris,CAN,LAC DU BONNET - MANITOBA,50.26,-96.07,0.3591811050669926,-1.0534633357505945,0.3859604233784113,-0.4180149446423589,0.0081779652553661,-1.0735174135513266,-2.755193439943461,-0.7559810380021572,-0.2058003848005344,4.140151729827523,2.7376195925248488,0.7321985335682625,2.6136046853921364,1.5884098988118631,1.4313817885730749,-0.8427162681767036,-0.6950773976531537,0.6071251130757639,1.2659395182636783,1.6084632570381152,1.1926403868820477,1.58575109682006,0.6923597871035305,0.8082923615133358,-1.0823429993635068,0.7322350596989763,0.1542863315270773,-0.1099513511812154,0.7970644047263937,-1.1698836982734446,-3.059827099591257,-0.8569015165262639,-0.929022098091764,-1.009308979992001,-0.1922244203728061,-0.5492885696971099,-0.3041516490771455,-0.5645764238885097,-0.6899609567780977,-2.2077666042536923,-0.1030600661347294,-4.657607037070417,-0.6686855963137158,-0.7448411839559423,-0.7163395766071667,-0.6739437193313522,-0.3593156569328333,-0.2511735745365175,-0.3263142674869241,-2.12013386594535,-3.0308697229724184,-1.3596037716838336,-0.3232150919503719,0.3943916401868205,-2.510365939091743,1.2328441253651377,2.5160113703460363
G3529,0,0,0.0437145610629857,10.18730/K20EM,FULL,Phaseolus,vulgaris,Phaseolus vulgaris,MEX,GUTIERREZ ZAMORA - GUTIERREZ ZAMORA - VERACRUZ,20.49,-97.11,0.3591811050669926,-1.7313909480576033,0.3859604233784113,-0.6129967520641952,-0.3367363961026832,-0.6184065761078346,0.2338035847698643,-0.9917111098271364,0.4090285169381799,0.1254500420729127,-0.1772172155267593,-0.2768287559180501,-0.2124523676773833,0.2003089466143097,-0.0563344631859086,-0.020205458670619,-0.5616074608068605,0.5730886963024862,0.1375024252283716,-0.4408099729825183,0.5533523761334389,0.1069775915971782,0.4344448758984802,-0.5041955254946299,-0.7572090019189827,0.2125878675441747,-0.2583265647523842,-0.1099513511812154,-0.0117250783969826,0.2062222827571616,1.280370518731747,1.5306886004077678,0.6266059825491525,0.7731007251019429,1.318490091531868,-0.6227916196158165,0.3371533367551996,0.3078566003863224,-0.930759191226689,-0.6874407456124549,1.3180955669267742,0.7595684195283963,0.0475200703136332,0.979006933877721,0.6821176278501998,-0.06150347429164,-0.0362148407695847,0.1876324138233445,0.1534713764167987,-0.3191280118577214,0.1460918380560733,-0.1010647508667466,0.0747766887174872,0.2604183124469638,0.1234119208806467,0.80463765620098,1.096941977785008
G13613,0,0,0.00023684927533564463,10.18730/JR7KU,FULL,Phaseolus,vulgaris,Phaseolus vulgaris,MEX,MOROLEON - MOROLEON - GUANAJUATO,20.13,-101.2,0.3591811050669926,0.6224570911103382,0.3859604233784113,-0.5368646717561757,-1.1855764854109672,0.137077414048362,1.02465718158286,1.1042800217194304,-1.0548497473039609,0.0212622840729388,-1.1488294848772953,-1.2858560454043628,-0.9189666309447634,0.431659105313902,0.8903940606607171,0.8023053508354656,-0.1611976502679807,0.436943029209375,0.5663085205817883,-0.7954918781783972,-1.028044282034172,0.0013509126526867,1.337147065116156,0.6442313756373401,0.0014369921182401,-0.3070593246106268,-0.395864196845538,-0.1099513511812154,0.2578714159774761,-1.1698836982734446,0.1088686701710218,0.0182793294811135,-0.6339029445296609,-0.3135019828162902,-0.5795871157329789,1.1154706377688284,-0.7152445887132642,-0.7149959108324463,1.0324539243679969,0.0862528758367226,0.1462654343942089,0.1631390290650169,-0.7710006915461942,-0.6030055793240586,-0.9494157773500612,-0.9726950583751144,-0.763191677136894,0.0636220258086008,0.4394974333594028,0.2977295945677818,0.6294808319924247,0.9112883920208552,0.940235124484004,0.6057655249192414,0.2172911943853422,-0.3729298787695683,-0.1931213719943667
G23727,0,0,0.0457537901474501,10.18730/PHTVE,FULL,Phaseolus,vulgaris,Phaseolus vulgaris,PER,BUENA VISTA - PATAZ - LA LIBERTAD,-8.35,-77.2,0.3591811050669926,1.580649733612065,-1.80637314900962,0.3320798195118172,1.5737384054534271,-1.0917218470490662,-0.6077158102117778,-0.7128474267810155,-0.293633083490816,-0.7775105603805903,2.2518134578495808,2.245739467797732,1.6715856677022964,1.125709581412679,1.0256409926388066,-1.802312212600469,-0.0277277134216875,-0.6181858907622361,0.4083273275568453,1.647872357615435,1.0513240897691971,1.057617702097602,-0.726172224524246,-0.6682565113706256,0.760082986155463,0.8621468577376766,0.8419744919928466,-0.1099513511812154,0.527467910351935,0.2062222827571616,-1.5694936734263425,-2.6758258139013207,-0.320443052610591,-0.5231972422391072,-0.2309606899088233,-0.3747598483757592,0.1288662473395661,-0.5896463383791658,0.8766434420288476,1.173779314598038,-1.38570152269534,-1.1447789366378802,0.5152462199478204,-0.1884091965539371,0.4353310623577233,0.2372478647521219,-0.749729143130092,-0.9856966420084606,-0.8891397343739837,-0.0800274529069511,0.1964522468153997,-1.2738988749280082,-2.035605330301859,-1.1966823550094183,-1.1800656843191633,0.80463765620098,1.6129670716367297
G521,1,1,0.9975500150442572,10.18730/JZGNM,FULL,Phaseolus,vulgaris,Phaseolus vulgaris,TUR,ARAC - KASTAMONU,41.23,33.33,0.3591811050669926,-0.8898297755407057,0.3859604233784113,-0.6000051775095152,-0.3899350518375687,0.137077414048362,-1.3530745386330212,-0.2943374842591005,0.2762039313213421,1.365048725732934,0.7943950538237766,0.7321985335682625,0.0230523867450766,0.2003089466143097,0.0789124687921807,-0.9798014030943843,-0.1611976502679807,0.6071251130757639,0.1149336833676655,-0.4408099729825183,0.4187654265021529,0.0013509126526867,0.6923597871035305,-0.0120125678666426,-0.8655870010671574,-0.4369711226493272,1.5296626524586157,-0.1099513511812154,-0.0117250783969826,-1.1698836982734446,-1.4542238015578746,-0.538287380991742,-0.9373587973449308,-1.2380674448168922,0.2726108140594013,-1.4778965680114706,-1.000269026860973,-0.1032899972604375,-0.2763547709566538,-1.4560271235614055,-0.748536279087856,0.2054056599157803,-0.2009594466795287,-0.7884829084580603,-0.5381048348626004,-0.2556918446700854,-0.2785404528920212,-0.642283259813786,-0.7784199703962016,-1.667917192349875,-1.1483834575181615,-1.355577367138258,-0.4019532829719434,0.6077357209154158,0.3235501523082393,-0.6940846030272442,-0.580140269276917
G50341,1,1,0.9947142389394772,10.18730/JXTAM,FULL,Phaseolus,vulgaris,Phaseolus vulgaris,RWA,"NORD-KIVU, BUTEMBO - BUTEMBO - KIVU",0.37,29.3,0.3591811050669926,0.8090299738105826,0.3859604233784113,0.2326614491221026,1.54743137789222,-1.3920949997617709,-0.4472587767032939,-1.8066680598792928,1.0745721133998976,-0.9579819465549054,-0.1772172155267593,-0.2768287559180501,0.4940618955899966,-0.6094166088342632,-0.7325691230763556,0.8023053508354656,-1.2289571450383268,0.6071251130757639,-0.6749722817570493,0.3079629379865593,0.3245545617602527,0.0013509126526867,-1.3709595025368717,-1.1604394689986126,-0.7572090019189827,0.0826760695054743,-0.8084770931249995,-0.1099513511812154,0.2578714159774761,1.582328263787768,0.6672327920157037,0.082808770270853,0.653283420159286,-0.2753755720121417,1.8607978650361097,-1.5229158632401254,0.5180342301950918,1.4811285985490277,-0.7891131465284791,1.1845518949466138,0.4177533172954711,0.5811092492871791,0.0182871859614965,0.6298731378607765,0.8192212753460201,1.282877551405289,0.3407361114208718,-0.1367024471382927,-0.0956480925332112,0.4492691269073569,-0.0727276845108589,-0.5016920031515277,-1.1016645183106983,-0.8814509956215203,-0.4986672211339836,-0.265878261478529,-0.3221277223510561
G10140,1,1,0.9994504059112038,10.18730/JP4M2,FULL,Phaseolus,vulgaris,Phaseolus vulgaris,NLD,ROUVEEN - ROUVEEN - OVERIJSSEL,52.62,6.17,0.3591811050669926,-1.057520452502404,0.3859604233784113,1.0281102943796203,0.7535437461562353,-1.3010728322730725,-1.5036264945929796,-1.9012023887049927,1.6072761262062332,0.3148723321018519,-0.1772172155267593,0.7321985335682625,0.2585571411675366,1.0100345020628827,0.0789124687921807,-0.5685459983413421,-0.828547334499447,0.6071251130757639,1.1305270670994416,2.041963363388634,0.5937284610228247,2.0082578125980257,-0.3392998577166706,-0.8323174972466213,-1.353287997233943,0.9920586557763772,-0.5334018289386918,-0.1099513511812154,0.2578714159774761,0.2062222827571616,-1.6160921410300164,-1.183581981201912,-0.515521815134693,-1.152283020507558,1.047336204779747,-1.8351270121131595,-0.4740700641267412,0.1072972844610736,-1.3188689898676005,-1.4843345329103432,-1.9923937157257188,-1.6378898254332457,0.0182871859614965,-0.4066178190645274,-0.0719524333768115,-0.3901299472397783,-0.3862407249464373,-0.4038017444008174,-0.3724475024776668,-2.5376318282411243,-3.4213402162401536,-2.637987214904116,-1.6802909724986332,-0.4851601438195914,-3.520857679727449,2.517463022395841,2.1289924730634864
G16795,0,0,0.0141913264747956,10.18730/JSKP4,FULL,Phaseolus,vulgaris,Phaseolus vulgaris,PER,TRITA - LUYA - AMAZONAS,-6.17,-77.98,0.3591811050669926,1.189601599776297,-1.80637314900962,2.753729786560878,1.5211243503310128,-1.3647883495151614,-0.3361894952997553,-0.8382357425041547,-0.4107433193265435,-0.8678066140018613,2.2518134578495808,1.7412258230545752,1.4360809132798364,-0.1467162914350786,-0.0563344631859086,-0.7056311332590228,-0.4281375239605672,0.2327245285697083,-0.6975410236177554,0.7808721449143978,0.2034263070920952,-0.1042757662918048,-0.4682573133191957,-0.6682565113706256,0.0014369921182401,0.6023232616602759,0.0167486994339235,-0.1099513511812154,-0.2813215727714414,0.2062222827571616,-0.5443273620252416,-1.4013688294438214,-0.1937252239624562,-0.5994500638474043,0.7374460484916087,-1.2028703207119094,-0.0410521677100296,-0.1935416894267995,0.0664285495509738,1.1860083147888854,-0.5629272348894893,-0.3957199755888113,0.3983146825392735,0.0188889948311236,0.229675591113993,0.4762489359871316,-0.3593156569328333,-0.6613617810468234,-0.6492469124221223,0.0640879524880337,-0.122024140972453,-0.8183399606285874,-1.2075309936338197,-1.254380952040239,-0.9665161281051856,0.0552764627791469,0.7099227729274225
G22828,0,0,0.00030004686356845627,10.18730/JR9DM,FULL,Phaseolus,vulgaris,Phaseolus vulgaris,MEX,"39 KM SE DE SAN LUIS POTOSI, OJO CALIENTE - SANTA MARIA DEL RIO - SAN LUIS POTOSI",21.85,-100.74,0.3591811050669926,1.1200321468991536,0.3859604233784113,-0.4852266774913129,-0.7915556726053312,0.5284727342497652,1.149902498273237,1.0787006981685738,-1.669678550881989,-0.0273587226530163,-0.6630233502020273,-0.7813424006612064,-0.6834618765223034,-0.1467162914350786,0.0789124687921807,0.9393904857531464,1.1735017181949516,-2.796516564252014,-1.2391908282747026,-0.7954918781783972,-0.9876681971447862,-1.3717959136257032,1.4661045207186814,1.6285972908933144,1.8438629776372093,-0.5668829206880276,-0.2583265647523842,-0.1099513511812154,-0.2813215727714414,-1.1698836982734446,0.1808101776077857,0.0868418002224661,-1.2258085915045005,-1.2475990475179293,-0.5021145766609444,0.103834155836771,-0.9947877876658248,-0.73003785952684,1.106109822763135,0.0456694003080201,0.3484962191377173,-0.1491645356523701,-0.8294664602504677,-0.9412289442154737,-1.0042572363483893,-0.8083818219010451,-0.709341541109686,-0.565969174881636,-0.4647139724591519,0.1649687362645231,0.5677715987239542,0.8687235439676265,1.0474249307486645,0.8616095478510265,0.4612741414607321,-0.0517750268964503,0.0648911749314939
G50015F,0,0,0.00030869795978281727,10.18730/S2SCZ,FULL,Phaseolus,vulgaris,Phaseolus vulgaris,ARG,"SANTA VICTORIA, RODEOPAMPA - SANTA VICTORIA - SALTA",-22.25,-65.0,-1.2939186614670004,2.3641012114594444,2.5782939957664426,-0.4262609194177782,-0.6617743366367093,1.9029074633291108,0.5313731863200876,0.8720609987558946,-1.5525684023002044,0.4796884457691414,-0.1772172155267593,-0.2768287559180501,-1.3899761397896833,-0.7250916881840593,-0.867816055054445,-0.5685459983413421,1.974321339272712,-1.0266228920415694,-1.4874469887424702,-0.6772645764464376,-0.9338334172922718,-1.4774225925701947,0.4344448758984802,0.9723533473893315,1.085216983599987,0.4724114636215755,0.1542863315270773,-0.1099513511812154,-1.0901110558948175,-1.1698836982734446,-0.4911888031970769,-0.7278426349467867,-1.0790826846487656,-0.8853981448785183,-0.7732684634130653,1.0384962131904518,-0.3041516490771455,-0.8353315003875956,1.1854316015802666,-0.0303820954170534,-0.036573288890566,-0.8512605536284318,0.544479104299957,-0.9848706687175915,-0.5518151996121824,-0.7635691210444808,-1.1401426293273509,-1.1001677694066854,-1.073672674336954,1.296711381964836,1.2997707795637408,0.4261066442789847,-0.654047827335126,-1.0131726707943205,1.1143024945208664,-0.0517750268964503,1.096941977785008
G282,0,0,0.00026295565753260035,10.18730/JZ9GD,FULL,Phaseolus,vulgaris,Phaseolus vulgaris,MEX,PENOLES - NOCHIXTLAN - OAXACA,17.08,-97.0,0.3591811050669926,0.6441867556917554,0.3859604233784113,-0.2947072070927391,-0.2472925023945788,0.9653791381955174,0.7259664676041055,1.191550182319399,-0.820629188378562,-0.4927306951380743,-0.6630233502020273,-0.2768287559180501,-0.2124523676773833,-0.2623913707848747,-0.191581395163998,0.5281350810001041,1.306971655041245,-0.9585500584950138,1.0402520996566171,-0.3619917718278785,1.5896718882943417,0.7407376652641275,0.1765299646934299,-0.0120125678666426,1.0310279840258996,-0.047235728533226,-0.5334018289386918,-0.1099513511812154,-0.0117250783969826,0.2062222827571616,-0.1126784421478548,-0.5987837533673104,-0.6155622061726941,-0.294438777414216,-0.6570596548050135,0.6751034846139051,-0.1945268651741805,-0.6949399792399215,0.3553862559553514,0.5465718087634689,-0.0892086993421502,-0.1186386517666945,-0.931781555482946,-0.5920951481985292,-0.8534432241029869,-0.6888812862835404,-0.3054655209056252,0.4642709717023879,-0.021834916548023,0.3671670171671836,0.1290686012923574,0.5586903939582984,-0.0833613587964252,-0.0624123743547495,-0.8416876435549862,0.3764311870368224,0.1938976790757006
G51193,0,0,0.0006940857296919217,10.18730/PHD2H,FULL,Phaseolus,vulgaris,Phaseolus vulgaris,PER,SANTA ROSA - SANCHEZ CARRION - LA LIBERTAD,-7.8,-78.08,0.3591811050669926,2.5054713239729773,0.3859604233784113,0.5038144271158181,0.5641331477155439,-0.536486625368006,-0.0266630335729865,-0.1270332004163187,-0.7913516512331161,-0.7427813077139324,0.3085889191485086,0.2276848888251061,0.0230523867450766,-0.3780664501346709,-0.3268283271420874,-0.5685459983413421,0.5061520339634855,-1.1968049759079582,-1.0360721515283473,0.1109174350999599,-0.1734171518755056,-0.6324091610142625,-0.4682573133191957,-0.5041955254946299,1.085216983599987,0.8621468577376766,-0.395864196845538,-0.1099513511812154,-0.8205145615203591,0.2062222827571616,-0.8181955618021629,-1.812744173136452,-0.7022638784056283,-0.656639680053627,-0.6183233852689962,0.0216347411199719,-0.4631075857364448,-0.7651357398137585,0.9871273537865192,1.2174476368538578,-0.7734687974373673,-0.5600902763443322,0.2521502607785901,-0.4066178190645274,-0.2364768103717958,0.0579970613258647,-0.8305043471709042,-1.0333929450910544,-1.03676608634436,0.3521004066031625,0.2290801172791887,-0.7809519184196703,-0.6927552573751422,-0.9619475748937872,-0.337215503513271,0.5905344216189015,1.2259481743541794
G239A,0,0,0.0215102526150976,10.18730/JSC2K,FULL,Phaseolus,vulgaris,Phaseolus vulgaris,TUR,SINDIRGI - BALIKESIR,39.2,28.2,0.3591811050669926,-0.2292827947411988,0.3859604233784113,-0.5603574365763395,-0.760571840144354,1.4022855421412697,-0.7303234888310176,0.0580752335786565,-0.0679403622370755,1.0711698142099566,0.7943950538237766,0.2276848888251061,0.2585571411675366,0.7786843433632905,0.7551471286826278,-0.9798014030943843,0.7730919076560719,0.6071251130757639,0.2503461345319023,-0.2437644700959189,0.8090675804328824,0.1069775915971782,0.6923597871035305,0.3161094038853487,-0.1611300066040218,-0.3070593246106268,1.254587388272308,-0.1099513511812154,0.2578714159774761,-1.1698836982734446,-0.9326479273992164,0.0061800857760474,-0.7172699370613285,-0.6661712827546642,-0.4246420375889098,-0.2203343682983033,-1.372993292131054,0.6939332835424263,-0.0723845914511678,-1.34169269499439,-2.2777329383808653,0.5271018826681645,0.500629777771752,-0.7448411839559423,-0.0445317038776475,-0.1959415768613329,-0.5747162010416657,-0.8903040358432732,-0.9814062043554688,-1.464408771398169,-0.7139362692774937,-0.9057704593325168,0.2153806012560077,1.1990759763386067,1.5491389097101975,0.1623282076856287,0.1938976790757006
G50061,0,0,0.0038010958716957,10.18730/JTF5*,FULL,Phaseolus,vulgaris,Phaseolus vulgaris,PER,YAURISQUE - PARURO - CUZCO,-13.67,-71.92,0.3591811050669926,-0.1655887335346444,0.3859604233784113,-0.1058450861837445,0.1648509293976664,0.4010416997655874,-0.2609376742069655,0.342420684263496,-0.8499068127779518,-0.5344057917139846,0.7943950538237766,0.7321985335682625,0.0230523867450766,-0.2623913707848747,-0.5973221910982662,-0.8427162681767036,0.9065618445023652,-1.9456061449200688,-1.0586408933890536,-0.1649462689412792,0.1226741373133236,-0.738035839958754,0.1765299646934299,-0.0120125678666426,1.247783982322249,0.3424996655828751,0.5668992278065389,-0.1099513511812154,-0.5509180671459002,0.2062222827571616,-1.297260548929304,-2.139424657043381,-0.6289009249777608,-0.3802232017235502,-0.6570596548050135,0.6221324635483386,-0.337039084248035,-0.7902056543044146,0.896473763468875,0.5609631607955686,-1.03941609795529,-1.1377345046942418,1.3191505396315797,-0.7666620462070013,-0.0856627981263935,-0.3901299472397783,-1.0728299592933406,-1.0906285087901668,-1.03676608634436,0.1776334234052945,0.5553588219170781,-0.6135685294535952,-0.5452038573935419,-0.8654079710812433,-0.5517967000954321,-0.5870329857362047,0.1938976790757006
G15941,1,1,0.9995290123510092,10.18730/JS93=,FULL,Phaseolus,vulgaris,Phaseolus vulgaris,NLD,DRENTE - DRENTE - DRENTHE,52.83,6.58,0.3591811050669926,-1.0411695391578617,0.3859604233784113,0.3577436712550477,0.8447414417017535,-1.3101750490219424,-1.5032575920600983,-1.901471655816776,1.6075174809629935,0.3136865253564994,-1.1488294848772953,0.2276848888251061,-0.6834618765223034,0.6630092640134944,-0.7325691230763556,-3.173163561777277,-0.9620172713457402,0.6071251130757639,2.800613964791696,2.120781564543273,0.4860589013177959,3.2757779599319243,-1.2420020469343465,-1.9807443983785915,-1.353287997233943,5.019324394976089,-2.183853414056538,-0.1099513511812154,-2.7076900221415707,1.582328263787768,-1.6692307365258576,-1.244078315114925,-0.4671689594663258,-1.0950934043013352,1.086072474315764,-1.8221522132254344,-0.468588824931593,0.1774930450349107,-1.3160360610543291,-1.512922563292017,-2.009015413958402,-1.6989416504134398,0.0913693968418382,-0.3957073879389978,-0.0034006096289014,-0.3751923802875902,-0.3862407249464373,-0.4038017444008174,-0.3724475024776668,-2.541998961737942,-3.440136706833423,-2.6448896226965304,-1.6875692926770978,-0.4964184066548734,-3.625569177098071,2.410411532720244,1.99998596891928
G13746,0,0,0.0003031983558006074,10.18730/JRDH4,FULL,Phaseolus,vulgaris,Phaseolus vulgaris,MEX,19 KM DE FRESNILLO Y 2 KM DE RIO FLORIDA - FRESNILLO - ZACATECAS,23.33,-102.97,0.3591811050669926,1.1269749192512346,0.3859604233784113,-0.5165165813840841,-1.2399443423707954,0.364632832770108,1.0146059388702735,0.980897964966434,-1.611123476591097,0.3129879269839146,-0.6630233502020273,-1.2858560454043628,-1.1544713853672233,-1.0721169262334478,-0.7325691230763556,1.213560755588508,-0.4281375239605672,0.6071251130757639,-1.0360721515283473,-0.9137191799103568,-1.068420366923558,-1.2661692346812117,1.5950619763212064,1.9567192626453056,-0.5404530036226333,-0.047235728533226,-1.2210899894044611,-0.1099513511812154,-0.5509180671459002,-1.1698836982734446,-0.2998898487406579,-0.2680702587400466,-1.1807904155374,-0.999777377290964,-0.6957959243410308,0.7867772909821091,-0.7590945022744502,-0.7099819279343151,2.193950819525256,0.0220783435641702,0.0825488723856934,-0.3182311878190653,-0.7856171337222626,-0.886676788587826,-0.9494157773500612,-1.0324453261838666,-0.9920547552525284,-0.5468906536485986,-0.3263142674869241,-0.0723849692875201,0.2833416844635333,0.5434475767500476,0.7761420877331658,0.8748380066824829,0.2270917778830851,0.9116891458765768,0.8389292770716291
G7253C,0,0,0.2940721815645421,10.18730/S62Y5,FULL,Phaseolus,vulgaris,Phaseolus vulgaris,COL,"PAEZ, VEREDA MESA DE AVIRAMA - PAEZ - CAUCA",2.67,-76.01,0.3591811050669926,0.4697417037781037,0.3859604233784113,1.580085883295427,1.6181680520012436,-1.4102994332595105,0.1547405287491663,-1.9276093950678568,0.906747117400709,-0.9581026676231325,0.3085889191485086,0.7321985335682625,1.9070904221247564,3.092185930359213,2.919098040332058,-0.5685459983413421,-1.0954872081920335,-0.0736032223897916,0.3406211019747269,1.4508268547288357,2.32317076378485,1.2688710599865851,-1.1130445913318214,-0.8323174972466213,-0.1069410070299345,0.4724114636215755,0.0167486994339235,-0.1099513511812154,1.60585388784977,1.582328263787768,0.0982409556766324,-0.6754124763246739,0.8700376007416216,0.0963569333283064,2.1319517517882307,-1.290343832289624,0.9620146050021,1.8772332475013944,-1.06673921366459,1.3663807581722318,-0.0504247085221175,0.120872398214252,0.7783421791170506,1.0553799517564275,1.408766959578047,1.5666913234968631,0.8253873356657446,-0.3370269200851862,-0.3816741494758153,0.7060565765202389,-0.0670532722562869,-0.4700559674362902,-1.1734552218891898,-1.2349604486493777,-0.0627991655764689,-1.2293425618669986,-1.2251718672728455
G50020,0,0,0.0006609080497140011,10.18730/JWHB4,FULL,Phaseolus,vulgaris,Phaseolus vulgaris,PER,"BAMBAMARCA, ANTIGUA HDA DE CHALA - HUALGAYOC - CAJAMARCA",-6.68,-78.51,0.3591811050669926,1.9258538626674924,-1.80637314900962,2.6292513730540428,1.2691614863558955,-1.1281307140445456,0.0967514672963473,-0.432479145170981,-0.7913516512331161,-0.8052939525777978,0.7943950538237766,0.7321985335682625,0.2585571411675366,0.431659105313902,0.3494063327483596,-0.5685459983413421,-0.4281375239605672,0.2667609453429861,-0.9232284422248168,0.4261902397185189,-0.5569899583246709,-0.526782482069771,0.1765299646934299,0.152048418009353,0.3265709895627642,0.3424996655828751,0.1542863315270773,-0.1099513511812154,-0.2813215727714414,0.2062222827571616,-0.5386047915077788,-1.4578321526364972,-0.5755460497574937,-0.7996137205691841,-0.1147518813007715,-0.6560086747231929,-0.3699265194189245,-0.5846323554810346,0.8001545493890648,1.3900124979235493,-0.5407650110340835,-0.3675422366174204,0.1059858390179066,-0.1338570409262895,0.0925719436181727,0.1625600299911814,-0.6689539390892798,-0.9380003389258668,-0.8983663813721323,0.1291582415906177,0.1503476472470023,-0.7467274797822769,-0.834351668119817,-1.2239836423849777,-0.909775907855095,0.3764311870368224,1.096941977785008
G846,1,1,0.9518580160103304,10.18730/JZSWK,FULL,Phaseolus,vulgaris,Phaseolus vulgaris,MEX,HUAUCHINANGO - HUAUCHINANGO - PUEBLA,20.19,-98.06,0.3591811050669926,-0.3219309262976804,0.3859604233784113,0.472245418606226,0.7272367185950283,-0.4727711081259171,-0.0585349189598463,-0.2659634771968431,1.580131126150544,-0.013466968593719,-0.1772172155267593,0.2276848888251061,0.4940618955899966,0.5473341846636982,0.484653264726449,0.1168796762470617,-0.1611976502679807,0.3348337788895417,0.4083273275568453,-0.0467189672093195,0.2034263070920952,0.4238576284306529,-0.5972147689217209,-1.488561440750604,0.1640039908405021,-0.1771475265719264,0.0167486994339235,-0.1099513511812154,0.527467910351935,0.2062222827571616,-0.0374668426246978,-0.3285665541905016,1.2351850280303256,1.3831232979683197,0.8149185875636432,0.313789327947216,0.5728466221465743,-0.183513723630537,0.1740794873266209,0.0968127603088889,0.0908597558680067,-0.2642237036332497,-0.3325074262641438,0.8917234848734849,0.0651512141190086,-0.3005045455266497,-0.157377646830803,1.4468148152038185,1.9618941880539085,0.0964047403644848,0.319161411820519,0.4568798790201703,0.5399275146684515,0.4366101258191283,0.0713140822873817,-0.8011362203182835,-0.709146619633606
G20837,1,1,0.9532457607700228,10.18730/JTSCT,FULL,Phaseolus,vulgaris,Phaseolus vulgaris,RWA,RUTABO - NTONGWE - GITARAMA,-2.22,29.97,0.3591811050669926,0.2625008240827564,0.3859604233784113,-0.1449411586650132,0.8511720484389375,-0.9733930293137584,-0.3945125846620507,-0.757366018997365,0.2761622848186303,-0.8124475397204691,-0.6630233502020273,-0.7813424006612064,-0.4479571220998433,-1.0721169262334478,-1.1383099190106238,0.6652202159177848,-1.2289571450383268,0.6071251130757639,-1.0360721515283473,-0.4802190735598382,-0.449320398619642,-0.8436625189032455,-0.726172224524246,-0.1760735537426384,-1.1907209985116811,0.9920586557763772,-1.6337028856839226,-0.1099513511812154,-0.8205145615203591,1.582328263787768,0.5895686789774556,-0.0099523801934216,-0.0920174930738218,-0.1991227504038447,-0.5795871157329789,-0.4755750294541681,-0.5727323696394098,-0.1183319459548312,-0.5483149002600278,1.1426531335105188,0.3789693264754367,0.4942277642935023,0.2521502607785901,-0.1120361786752305,0.6684072631006178,1.5368161895924868,0.4888239854956941,-0.9380003389258668,-1.0275394393462116,0.2173743382263357,0.0145164039031853,-0.4663171632153985,-1.1122511658430103,-1.2507220166187722,0.0517129152918958,-0.265878261478529,0.4519103797890794
G23610,0,0,0.00030779722402612383,10.18730/PHW7N,FULL,Phaseolus,vulgaris,Phaseolus vulgaris,PER,"YUCAY, EN HUAYACORI - URUBAMBA - CUZCO",-13.32,-72.11,0.3591811050669926,2.2227310989459115,-1.80637314900962,-0.1468425914961791,-0.1280339774504398,-0.2745270422294826,-0.1111063345924451,0.276215668867869,-1.0255722101585147,-0.5691350443806426,0.3085889191485086,0.2276848888251061,-0.6834618765223034,-0.3780664501346709,-0.3268283271420874,-0.7056311332590228,1.306971655041245,-0.7543315578553472,-1.3971720212996457,-0.5196281741371581,-0.826163857587243,-1.3717959136257032,0.1765299646934299,0.3161094038853487,0.760082986155463,0.8621468577376766,-0.2583265647523842,-0.1099513511812154,-0.8205145615203591,0.2062222827571616,-0.8737867296519256,-1.6272220645206938,-0.8589938243651634,-0.7233608989608871,-0.6957959243410308,0.5689847146725486,-0.5453261736636685,-0.800233620100677,0.8624788220243529,0.7672886901688132,-0.737455127530925,-0.7831642783347872,0.792958621293119,-0.8321246329601785,-0.2638975398709599,-0.5395056167616593,-1.0728299592933406,-1.1001677694066854,-1.03676608634436,0.4767820679373085,0.7348121094679172,-0.6089669242586515,-0.4684506627842789,-0.8431729019815613,-0.461012347695287,-0.6940846030272442,0.0648911749314939
G20904,1,1,0.999014904588412,10.18730/JTVAE,FULL,Phaseolus,vulgaris,Phaseolus vulgaris,RWA,KIGEYO - MABANZA - KIBUYE,-1.82,29.31,0.3591811050669926,0.955486151410189,0.3859604233784113,0.3877961582060176,1.185563598772504,-1.0098018963092377,-0.5944108029242413,-1.050709583769323,1.0611823078155642,-0.9100576909282588,0.7943950538237766,0.7321985335682625,1.2005761588573765,0.0846338672645136,0.0789124687921807,0.2539648111647425,-1.0954872081920335,0.6071251130757639,-0.4267161212892817,0.386781139141199,1.0580534372507615,0.3182309494861614,-1.2420020469343465,-1.1604394689986126,-0.7030200023448953,-0.5668829206880276,0.2918239636202311,-0.1099513511812154,0.527467910351935,1.582328263787768,-0.0415544431143462,-0.8730338671080591,0.5632470682250851,0.0296357144210465,0.1951382749873667,-0.9922937006773552,0.501590512609647,1.330709111605091,-0.6049733667695958,1.2650846395426287,-0.1390737624606576,0.0410353591602597,0.7344928525888456,0.3789332219735976,1.0248767465897504,1.8953177964450008,0.9600126757337648,-0.527812132415561,-0.8430064993832411,0.0123374205507437,-0.4667446854377013,-0.7685851044582592,-1.5032954590677896,-1.672625416370968,-0.7199540801093371,-0.8011362203182835,-0.1931213719943667
G22486,1,1,0.998624700618238,10.18730/PF3EX,FULL,Phaseolus,vulgaris,Phaseolus vulgaris,RWA,"11.5 KM NW DE KANZENZE, CYUGARO COLLINE - NTARAMA SECTEUR - KIGALI",-2.13,30.03,0.3591811050669926,0.2435495237564511,0.3859604233784113,-0.0566021266321548,1.049351656066698,-1.0371085465558472,-0.4272130923645028,-0.7380041641934774,0.2968466411541047,-0.8118222047684351,-1.1488294848772953,-0.7813424006612064,-0.6834618765223034,-0.9564418468836516,-1.0030629870325345,0.5281350810001041,-0.9620172713457402,0.6071251130757639,-1.0586408933890536,-0.3619917718278785,-0.5368019158799779,-0.8436625189032455,-0.8551296801267712,-0.6682565113706256,-1.1365319989375942,1.2518822518537778,-1.9087781498702303,-0.1099513511812154,-0.8205145615203591,1.582328263787768,0.5576855043084858,-0.0744818209831594,-0.1420376885928224,-0.2658439693111046,-0.5795871157329789,-0.4604742667388744,-0.6165822832005957,-0.0832340656679126,-0.4774920265034502,1.0122191547241948,0.3651178804244003,0.4590055793824229,0.1790680498982483,-0.144767472051819,0.6135658041022897,1.43225322092717,0.5695991895365062,-0.928461078309348,-1.0275394393462116,0.2237066817967214,0.0102605947122563,-0.4640163606179266,-1.0851228815414606,-1.2726756291475725,0.0867886878101337,-0.265878261478529,0.3229038756448727
G11866,1,1,0.9994816453093436,10.18730/JQMHJ,FULL,Phaseolus,vulgaris,Phaseolus vulgaris,NLD,WOUDA - WOUDA - SOUTH HOLLAND,52.0,4.71,0.3591811050669926,-1.012086067798187,0.3859604233784113,1.0381804092420217,0.7669895602430745,-1.264663965277593,-1.55108253765426,-1.8527613825382403,1.554990119379137,0.4550519522348986,-0.6630233502020273,-0.2768287559180501,-0.4479571220998433,-0.0310412120852824,0.3494063327483596,0.2539648111647425,-0.9620172713457402,0.6071251130757639,0.0697961996462532,1.9631451622339944,0.0082752301267304,1.1632443810420936,-0.0813849465116203,0.152048418009353,-1.1907209985116811,-0.6967947187267279,0.5668992278065389,-0.1099513511812154,0.2578714159774761,0.2062222827571616,-1.5188076349351631,-1.0988870444910943,-0.4805076782713927,-1.0569669934971866,0.931127396171695,-1.717449348783731,-0.490513781712186,0.117325250257336,-1.503008811418134,-1.5262129834629252,-1.280430761236016,-1.597971341771122,0.0036707437854281,-0.2975135078092322,0.0788615788685907,-0.4349426480963426,-0.4670159289872495,-0.4228802656338549,-0.4185807374684093,-2.520818364278376,-3.381619330458149,-2.576728345746428,-1.578394490000129,-0.4153589142408425,-3.4403897310091387,2.945669491559998,2.5160113703460363
G5711,0,0,0.0045431652815419,10.18730/JGG4=,FULL,Phaseolus,vulgaris,Phaseolus vulgaris,GTM,CHIMALTENANGO - CHIMALTENANGO,14.67,-90.83,0.3591811050669926,0.5785213768296886,0.3859604233784113,-0.1127364607306639,0.1245134871371488,-0.0540691376779045,-0.1415957579081602,1.0160065403070042,0.1748079907330101,-0.5760808882898949,-1.634635619552563,-0.7813424006612064,0.7295666500124566,1.4727348194620673,1.5666287205511642,1.3506458905061889,-0.294667587114274,0.5730886963024862,1.2433707764029722,-0.0861280677866394,-0.4089443137302562,0.7407376652641275,-0.8551296801267712,-1.1604394689986126,-0.1611300066040218,-1.086530112842829,-0.2583265647523842,-0.1099513511812154,1.60585388784977,0.2062222827571616,-0.0734376099868655,-0.6633131941570473,0.5382369704655848,1.0304539980299456,-0.5795871157329789,0.7163280790026872,-0.6056198048102992,-0.5344925264997225,-0.3925044483148063,0.3521252940546673,-0.0393435041262121,-0.0693275525825677,-0.9025486711308094,0.4989479643544223,-0.4421322816155262,-0.3751923802875902,0.5292115875161002,1.790228197398493,0.9469630182575712,0.9106567808461492,0.6794865899858403,1.406823751451349,1.4308600710595942,0.733828264670575,0.718668413322507,1.125792380458656,-0.3221277223510561
G24067,1,1,0.9593437382706672,10.18730/JSM7N,FULL,Phaseolus,vulgaris,Phaseolus vulgaris,BTN,"52 KM FROM THIMPHU, MENDIGANG-SISIDING - THIMPHU - THIMPHU DISTRICT",27.52,89.82,0.3591811050669926,0.5262897487835169,-1.80637314900962,0.3271466679426968,-0.5238085920934896,0.6103926849895936,-0.3190418943000876,-0.1803920972129093,-0.0316118990989548,-0.4728667729772217,1.2802011884990447,1.2367121783114188,0.9650714044349166,0.2003089466143097,-0.3268283271420874,-1.1168865380120652,1.306971655041245,0.3688701956628195,0.7694271973281435,1.2143722512649164,2.2895240263770287,1.1632443810420936,-0.5972147689217209,-0.3401345396186341,-0.2153190061781092,-0.047235728533226,1.254587388272308,-0.1099513511812154,0.2578714159774761,0.2062222827571616,-0.2802693839323545,-0.0180185554843175,0.0497063942300129,0.3441786035552719,-0.5021145766609444,0.495284737222492,1.8554565938112648,-0.5896463383791658,-0.5086540952790385,-0.8961979957663002,0.4731589429827015,-0.7620309181220514,-0.7125349228419209,-0.4393491124411159,-0.9357054126004792,-0.0166907734350757,0.2330358393664556,0.5310457960180192,1.011549547244611,-0.128065921371946,0.1095628091672662,0.3199821244705969,0.7122913698039083,0.3558320899759794,-0.671982802988806,-1.1222909445759592,-1.2251718672728455
G9900,0,0,0.056831762430949,10.18730/K394V,FULL,Phaseolus,vulgaris,Phaseolus vulgaris,MEX,"PUERTO DEL AIRE, PUEBLA-VERACRUZ. STATE LINE - ESPERANZA - PUEBLA",18.75,-97.32,0.3591811050669926,-0.1906276221718627,0.3859604233784113,0.2253003017494537,0.0713148314022632,-0.1723979554132124,0.1485383778935214,0.2401037727148418,-1.171960070393632,-0.4163263127751098,-0.6630233502020273,0.2276848888251061,0.4940618955899966,0.6630092640134944,0.7551471286826278,0.9393904857531464,1.0400317813486584,-0.9585500584950138,1.830158064781332,-0.0467189672093195,0.889819750211654,1.1632443810420936,-0.3392998577166706,-0.996378483122617,1.3019729818963364,-0.6967947187267279,-0.2583265647523842,-0.1099513511812154,1.0666608991008526,0.2062222827571616,-1.1550125498877324,-1.8087111239535625,-0.8039716092942627,-0.8091453232702213,-0.2696969594448407,-0.0158701894141954,-0.5234012168830755,-0.569590406786641,-0.3443446977480307,0.1485118565850857,-0.9479966372398286,-0.9099641988791752,-0.6979184806658525,-0.6139160104495881,-0.7848914003550768,-0.6888812862835404,-0.3862407249464373,-0.050849101589624,-0.1694612685183993,0.0813381298004637,-0.0152742604333175,0.330048135834536,0.0516183972405544,0.0977364144771379,-0.7349128654479974,-0.0517750268964503,-0.0641150216376775
G23764A,0,0,0.0615027534824747,10.18730/S3NRE,FULL,Phaseolus,vulgaris,Phaseolus vulgaris,PER,PONTO - DOS DE MAYO - HUANUCO,-9.79,-76.67,0.3591811050669926,2.547882357727037,0.3859604233784113,0.7534269107587497,1.07332028117802,-0.709428743596533,-0.5747980701468764,-0.6451378128214749,-0.3229106206362619,-0.8122398130472482,1.2802011884990447,1.2367121783114188,0.4940618955899966,-0.0310412120852824,-0.191581395163998,-0.9798014030943843,0.9065618445023652,0.0285060279300417,-0.5846973143142247,0.2685538374092394,0.1428621797580165,-0.3155291241807879,-0.5972147689217209,-0.5041955254946299,0.9768389844518124,0.4724114636215755,0.429361595713385,-0.1099513511812154,-0.2813215727714414,0.2062222827571616,-1.4207055779220403,-2.4862704926368,-0.353789849623258,-0.5327288449401444,-0.2696969594448407,-0.4240500316777897,-0.0300896893197331,-0.5996743041754283,1.0749477945127854,0.9631609071761114,-1.2471873726139342,-1.067290059293428,0.5883284308281621,-0.3302448011858208,0.2982274148619031,0.1177473291346171,-0.6420288710756757,-0.9952359026249792,-0.9260463223665778,0.3215304721254384,-0.2418960998502863,-1.157995944080365,-1.1658460689753405,-1.1586857179403414,-0.888627280307334,0.80463765620098,1.6129670716367297
G19892,0,0,0.0003014911453883216,10.18730/JTK4B,FULL,Phaseolus,vulgaris,Phaseolus vulgaris,ARG,"17 KM W DE CHICOANA, EN EL NOGALAR - CHICOANA - SALTA",-25.15,-65.65,-2.9470184280009937,0.4273306700240438,-2.902539935203636,-0.2673722463416197,-0.1894170417599231,0.4738594337565461,-0.0490816332829801,1.0420875242640897,-1.6404010137365428,0.4171756849838879,0.7943950538237766,1.2367121783114188,0.2585571411675366,-0.2623913707848747,-0.7325691230763556,-0.4314608634236613,1.306971655041245,-1.0606593088148473,-0.5846973143142247,0.1109174350999599,0.0957567473870664,-0.4211558031252794,-0.726172224524246,-0.1760735537426384,1.0310279840258996,0.0826760695054743,0.2918239636202311,-0.1099513511812154,-0.2813215727714414,0.2062222827571616,-0.4879186955177845,-0.5261880603615573,-1.2508186892640007,-1.009308979992001,-0.734532193877048,1.2864776127293511,-0.3041516490771455,-0.8403454832857268,0.3752167462505242,-0.4663349584853437,0.1241031841193181,-0.921704945844264,0.3544653560110685,-1.0939749799728868,-0.7163395766071667,-0.942819924470738,-1.1536051633341526,-1.109707030023204,-1.0644460273388057,1.3401643602581723,0.917457253911953,-0.252630121975203,-1.4285272608708353,-1.856416557156948,-0.0633149857605606,0.1623282076856287,1.2259481743541794
G11885,1,1,0.9982956842146936,10.18730/JQN40,FULL,Phaseolus,vulgaris,Phaseolus vulgaris,NLD,HENDRIK-IDO-AMBACH - HENDRIK-IDO-AMBACHT - SOUTH HOLLAND,51.85,4.62,0.3591811050669926,-1.0193983243187714,0.3859604233784113,1.035579723895158,0.7851121792296839,-1.2555617485287232,-1.67142942424551,-1.7325250740459863,1.4260816767062303,0.8131933897757853,-0.6630233502020273,-0.2768287559180501,-0.9189666309447634,-0.1467162914350786,-0.3268283271420874,-0.1572905935882998,-1.2289571450383268,0.6071251130757639,-0.4944223468714001,0.386781139141199,-0.6848475604743927,0.0013509126526867,-0.0813849465116203,0.6442313756373401,-1.353287997233943,-0.8267065167654283,1.117049756179154,-0.1099513511812154,-0.0117250783969826,0.2062222827571616,-1.5008222278647303,-1.1150193566103326,-0.4504955609599923,-1.0188405826930382,1.047336204779747,-1.7529690842261034,-0.490513781712186,0.1474091476461234,-1.5709987415866138,-1.540215680761394,-1.8178658158602057,-1.5721417057258695,0.0329036281375648,-0.2866030766837027,0.1337030378669188,-0.3901299472397783,-0.4535533949804475,-0.4419587868668924,-0.4093540904702608,-2.511647383935059,-3.358567030673951,-2.578741548019216,-1.588981137532441,-0.4333721347772938,-3.453285235611432,2.838618001884401,2.2579986696326584
G10131,1,1,0.9994269635063084,10.18730/JP4P4,FULL,Phaseolus,vulgaris,Phaseolus vulgaris,NLD,VEENOORD - VEENOORD - DRENTHE,52.71,6.84,0.3591811050669926,-1.0351553896790224,0.3859604233784113,0.3572955714659427,0.7646511577931895,-1.210050664784374,-1.5780471742652122,-1.8264576202855023,1.527028819116688,0.5359956659224573,-0.6630233502020273,0.2276848888251061,-1.1544713853672233,0.0846338672645136,-1.0030629870325345,-3.173163561777277,-0.828547334499447,0.6071251130757639,1.6044706461742704,1.4508268547288357,-0.0051834648363981,2.0082578125980257,-1.2420020469343465,-1.9807443983785915,-1.353287997233943,4.8894125969373885,-1.9087781498702303,-0.1099513511812154,-2.9772865165160294,1.582328263787768,-1.656967978241932,-1.2118135754887758,-0.5788807294587603,-1.161814623208595,0.8923911266356778,-1.7890417512668193,-0.5069574992976308,0.0772133870722863,-1.369861501869985,-1.5392586872258889,-2.009015424278514,-1.691897202199396,-0.0109456983906401,-0.4611699746921749,-0.1405042571247216,-0.4498802150485307,-0.4939409970008535,-0.4228802656338549,-0.3816741494758153,-2.544837598510873,-3.4380088022379587,-2.677963660035188,-1.7001409366217184,-0.4919151015207606,-3.621442615625337,2.089256553231684,1.6129670716367297
G2415,0,0,0.0008060346622030282,10.18730/K11R0,FULL,Phaseolus,vulgaris,Phaseolus vulgaris,USA,CHINLE - ARIZONA,36.16,-109.55,0.3591811050669926,0.0921751173799293,0.3859604233784113,-0.5518122500045773,-1.570243688417063,-1.0553129800535868,-0.3280438700511213,1.40922449739525,-1.874621485407998,2.4592558477686444,0.7943950538237766,0.2276848888251061,-1.860985648634604,-1.419142164282836,-1.0030629870325345,-1.5281419427651075,-0.9620172713457402,0.6071251130757639,-1.4197407631603518,-1.0319464816423165,-1.4654518683358515,-1.6886759504591775,2.239849254333832,2.612963206149289,-0.4320750044744585,1.641617645969879,-0.1207889326592303,12.193604845996791,-2.438093527767112,-1.1698836982734446,-1.132122099219658,0.4740185988111254,-1.46924020969697,-1.581205142054229,-0.5408508461969617,-1.220532009559514,-1.2688497474232374,-0.6347721844623468,1.9503197613757213,-1.1980489257294529,0.6975519780011012,-0.1820386344325662,-0.7563842493701259,-0.930318513089944,-0.8534432241029869,-0.8980072236141737,-1.0189798232661325,-1.0620107269406105,-0.8430064993832411,-0.8794312394994352,0.0056501347554166,0.3015757036908222,1.4199425907918972,2.1931805846940136,1.4568070967577773,-0.0517750268964503,0.5809165763582509
G6757,0,0,0.0005824374854371624,10.18730/JFVQB,FULL,Phaseolus,vulgaris,Phaseolus vulgaris,MEX,ACAPONETA - ACAPONETA - NAYARIT,22.51,-105.37,0.3591811050669926,-1.6451551794243482,0.3859604233784113,-0.6175492500516102,-1.4907380051209702,0.3191217490257588,0.8120166356234501,0.8976399396519791,-0.0008574066475531,-0.048196221260377,-1.1488294848772953,-1.2858560454043628,-0.9189666309447634,-0.9564418468836516,-0.5973221910982662,0.8023053508354656,0.2392121602708989,-0.788367974628625,0.9725458740744988,-0.7166736770237575,-1.0616910194419935,0.2126042705416698,-0.3392998577166706,0.3161094038853487,1.1935949827481618,-0.047235728533226,-0.8084770931249995,-0.1099513511812154,-0.2813215727714414,0.2062222827571616,1.578764208398045,1.7646078761565858,0.2981400319743822,1.6023501600921737,-0.7732684634130653,1.9292127938847032,2.8091922137670604,-0.5846323554810346,0.7831569959277846,0.1201075176399124,1.6255970404760194,1.1352719865061196,-0.5663705010812374,-0.3520656634368798,-0.5929462938609285,-1.0921955939926191,-1.1401426293273509,-0.1367024471382927,2.044934011037245,-0.0767521027843378,0.5408181405147373,0.680632931624305,0.8879635522932128,0.744523614364093,0.3715214294287705,-0.8011362203182835,-0.8381529699902952
G22865,1,1,0.9654317320963912,10.18730/JWPTZ,FULL,Phaseolus,vulgaris,Phaseolus vulgaris,MWI,"CHITIPA NORTH, MWENELOZA - MWENELOZA - CHITIPA NORTH",-9.61,33.06,0.3591811050669926,0.0739053887402116,0.3859604233784113,-0.6001918891229773,-0.6237752968260768,2.003031847566679,-0.077100051625024,0.0345578082331717,0.8038806338393664,-0.65893392202538,-0.6630233502020273,-0.7813424006612064,-1.3899761397896833,-1.7661674023322245,-2.085038442857249,-1.1168865380120652,-1.36242708188462,0.6071251130757639,-1.4874469887424702,-0.8349009787557171,-1.1020671043313794,-1.5830492715146862,-0.5972147689217209,-0.8323174972466213,-1.299098997659856,3.200559222434284,-2.183853414056538,-0.1099513511812154,-2.7076900221415707,0.2062222827571616,0.5568679842105563,0.2562316736441026,0.0630451130350797,0.277457384648012,-0.7732684634130653,1.020031857726404,-0.9838253092755284,-0.7350518424249712,0.2902291072740257,0.3841672662033957,0.4759292638962918,0.3063760143951546,2.2546028388999537,-1.0721541177218277,0.270806685362739,0.8496881097918342,-0.8843544831981122,-1.0906285087901668,-1.073672674336954,-0.1060118972130165,1.903386383143836,-0.5764680875693621,-0.5971445968489483,-0.4080410433979092,2.0500003084632707,-0.3729298787695683,1.870979772350108
G23531,0,0,0.00028496174565851803,10.18730/JXCDK,FULL,Phaseolus,vulgaris,Phaseolus vulgaris,MEX,OAXTEPEC - PANTITLAN - MORELOS,18.9,-99.97,-2.9470184280009937,0.1728644674996846,0.3859604233784113,0.2022688465122361,-0.039759284967278,0.9107658377022984,0.2828255712247455,1.20759987142577,0.116252872815146,-0.277409302108478,-0.6630233502020273,-0.2768287559180501,0.0230523867450766,0.0846338672645136,0.2141594007702701,0.8023053508354656,1.1735017181949516,-0.5501130572156805,1.2433707764029722,0.1897356362545997,1.582942540812777,1.057617702097602,-0.2103424021141454,-0.8323174972466213,0.8684609853036377,-0.6967947187267279,0.0167486994339235,-0.1099513511812154,0.527467910351935,0.2062222827571616,-0.2304008372769752,-0.7480080924053092,0.0397023551262128,0.2202677684417892,-0.4246420375889098,0.7042024070439937,0.1727161609007521,-0.6598420989530029,0.1004236294567142,0.5285807851436077,-0.2027902980496884,-0.2290015187221703,-0.7125349228419209,0.0079785637055941,-0.6614981176088386,-0.7486315540922928,-0.0766024427899908,0.9793910449944,0.762430078294601,0.4158605556567012,0.435132212273334,0.9374600215670972,0.7589387854931586,0.3780671590756615,-0.1489411363197884,-0.265878261478529,-0.1931213719943667
G12913,0,0,0.00020132792069703595,10.18730/JNE0J,FULL,Phaseolus,vulgaris,Phaseolus vulgaris,MEX,"CERRO DE TORO, CUARERAMO - PENJAMO - GUANAJUATO",20.62,-101.72,-2.9470184280009937,0.8500273064395072,0.3859604233784113,-0.5541864147556946,-1.334649641591141,0.0369530298107938,0.938794017670797,0.8575159082134378,-1.0548497473039609,0.0282080948617949,-1.1488294848772953,-1.2858560454043628,0.0230523867450766,0.3159840259641059,0.484653264726449,1.6248161603415503,1.1735017181949516,-3.0007350648916806,0.4760335531389636,-0.5984463752917978,-0.3618388813593061,-0.1042757662918048,0.0475725090909048,-0.1760735537426384,2.1148079755076465,-0.5668829206880276,-0.9460147252181532,-0.1099513511812154,0.7970644047263937,0.2062222827571616,0.1693649469136913,0.1392720742322503,-0.733943335567662,-0.1991227504038447,-0.6570596548050135,1.3094084832872843,-0.819388133421081,-0.7400658253231024,1.3610725978543052,0.0628815821792692,0.2515362552973774,0.1866205229951955,-0.7856171337222626,-0.7448411839559423,-0.9768365068492252,-1.0025701922794903,-0.776654211143696,-0.0890061440556989,0.550217197337185,0.2440138525569239,0.6305447842901569,0.8868423644227171,1.015664988151728,0.7870235565672827,0.3658474074037614,-0.3729298787695683,-0.1931213719943667
G19968A,0,0,0.0006616396386443785,10.18730/S39EV,FULL,Phaseolus,vulgaris,Phaseolus vulgaris,USA,GALLUP - NEW MEXICO,35.55,-108.74,0.3591811050669926,1.317962378859301,0.3859604233784113,-0.5515691969055511,-1.2224063239966572,-1.100824063797936,-0.6095840268542773,1.0681681255664026,-1.669678550881989,2.1189090656501275,1.2802011884990447,0.2276848888251061,-1.3899761397896833,-1.419142164282836,-1.0030629870325345,-1.253971672929746,-0.5616074608068605,0.6071251130757639,-1.4874469887424702,-1.0713555822196363,-1.3779703510755157,-1.7943026294036697,1.981934343128782,2.1207802485213016,-0.4320750044744585,1.1219704538150774,0.0167486994339235,-0.1099513511812154,-1.898900539018194,-1.1698836982734446,-1.619362203514266,-0.304368028317808,-1.3308510020944018,-1.3810414853324493,-0.3471694985168752,-0.7785623224731755,-1.016712744446418,-0.5545484580922473,2.369591890095557,-1.0193951657649347,0.1822791175103942,-0.5671346830950857,-0.6686855963137158,-0.864855926336767,-0.8123121298542408,-0.8980072236141737,-1.0324423572729344,-1.0143144238580168,-0.6584735594202709,-0.7888132194404675,0.1006965400194974,0.356507365705462,1.5168765822596302,2.192899128123132,1.4717658820964377,0.5905344216189015,1.2259481743541794
G576,1,1,0.9995968083288304,10.18730/JZJB0,FULL,Phaseolus,vulgaris,Phaseolus vulgaris,TUR,AYVACIK - CANAKKALE,41.0,36.65,0.3591811050669926,-0.7589485357169263,0.3859604233784113,-0.5855320108436928,0.1683585330724941,-0.8459619948295805,-1.4504938086026118,-0.8272428442762504,0.5219038016629091,1.278695376893814,-0.1772172155267593,0.2276848888251061,0.2585571411675366,0.5473341846636982,0.484653264726449,-0.020205458670619,0.3726820971171922,0.6071251130757639,0.5888772624424944,-0.0073098666319996,0.5264349862071818,0.4238576284306529,-0.2103424021141454,-0.5041955254946299,0.1098149912664148,-1.086530112842829,1.254587388272308,-0.1099513511812154,0.7970644047263937,0.2062222827571616,-1.1476549479454143,-0.4858572223696292,-0.757286093476529,-1.1904094313117066,0.2726108140594013,-1.5004614512346357,-1.0057502660561215,0.0371015238872365,-1.452016248970274,-1.666101568648022,-1.4743506624972107,0.2758500521316125,-0.1132607936231186,-0.4611699746921749,-0.1679249866238857,-0.1212537421003924,-0.3997032589532394,-0.6232047385807484,-0.78764661739435,-1.6493568749883998,-1.386708772210185,-1.4274774483092525,-0.5660463197227814,0.4357657561064821,-0.2758329016063547,-0.265878261478529,-0.4511339189202276
G4321,0,0,0.00018539436164031749,10.18730/JFA87,FULL,Phaseolus,vulgaris,Phaseolus vulgaris,MEX,VALPARAISO - VALPARAISO - ZACATECAS,22.79,-103.57,0.3591811050669926,1.021085142580882,0.3859604233784113,-0.5091558917123981,-1.0926249880280352,0.2872868258861879,0.7202126704983591,0.688993981269157,-1.4354580792105334,0.3268796810432118,-1.1488294848772953,-1.2858560454043628,-0.9189666309447634,-0.2623913707848747,-0.0563344631859086,1.4877310254238694,0.6396219708097787,-0.0395668056165138,-0.9909346678069352,-0.8349009787557171,-1.1559018841838935,-1.2661692346812117,0.9502746983085808,1.4645363050173188,0.5433269878591136,-0.3070593246106268,-1.0835523573113073,-0.1099513511812154,-0.0117250783969826,-1.1698836982734446,-0.1960651276526792,-0.1793421382273867,-0.9707055943575978,-0.6185132692494786,-0.734532193877048,1.0395273650064774,-0.446663868151,-0.5796183725829034,2.463078272031665,0.0216375061864255,0.2210631743791445,-0.3041422679475971,-0.551754058905169,-0.864855926336767,-0.908284683101315,-1.077258027040431,-1.0459048912797364,-0.4514980474834111,0.1442447294186502,-0.0049127567616862,0.3716497251753099,0.6705669202603658,0.9498292738101618,0.9437948665485856,0.3152970293627715,0.1623282076856287,0.1938976790757006
G13666,0,0,0.0002823678637293982,10.18730/JRA57,FULL,Phaseolus,vulgaris,Phaseolus vulgaris,MEX,AHUALULCO - AHUALULCO - SAN LUIS POTOSI,22.4,-101.17,0.3591811050669926,0.91039013972891,0.3859604233784113,-0.5293070920031178,-1.0692409635291844,-0.2270112559064314,1.0151664950845376,1.2427088294211122,-1.757511336826214,-0.0551420982900256,-0.1772172155267593,-0.7813424006612064,-0.4479571220998433,-0.3780664501346709,-0.0563344631859086,1.3506458905061889,0.6396219708097787,-0.7202951410820694,-1.3746032794389391,-0.8349009787557171,-0.9338334172922718,-1.4774225925701947,1.4661045207186814,1.4645363050173188,0.5975159874332009,-0.9566183148041288,-0.2583265647523842,-0.1099513511812154,-0.0117250783969826,-1.1698836982734446,-0.0301091773362285,-0.1672428560597601,-1.1857924350893,-1.209472636713781,-0.5021145766609444,0.0857661749411765,-0.6494697183714853,-0.6999539621380526,1.2420901829113302,0.0456693583539984,0.295860808686133,-0.3252755385856276,-0.7563842493701259,-0.8757663574622965,-0.9905468715988072,-0.8681320897097976,-0.6554914050824778,-0.4514980474834111,-0.4647139724591519,0.0734772895061918,0.4840740179690174,0.745918205327568,0.9895292020563322,0.8680830489813137,0.3281925339650648,0.2693796973612255,0.3229038756448727
G22839,0,0,0.0046426264744338,10.18730/JWGSQ,FULL,Phaseolus,vulgaris,Phaseolus vulgaris,MEX,HUITZILAC - HUITZILAC - MORELOS,19.04,-99.27,0.3591811050669926,1.2331403113511812,0.3859604233784113,0.874488128877062,0.2449412133062304,0.8470503204602094,-0.0237115614309926,0.7416572269347843,0.4383060758971118,-0.3538136844714425,0.3085889191485086,1.2367121783114188,0.4940618955899966,0.3159840259641059,0.3494063327483596,-0.4314608634236613,0.3726820971171922,0.6071251130757639,0.8371334229102618,0.386781139141199,2.8278718249021733,1.3744977389310766,-0.5972147689217209,-1.1604394689986126,-0.4320750044744585,0.0826760695054743,0.429361595713385,-0.1099513511812154,0.527467910351935,0.2062222827571616,-0.7854949001701748,-1.4497660350394364,0.0963919100477467,0.3346470008542348,-0.463378307124927,0.8155313491779458,0.2494535096328275,-0.6748840476473966,0.6301794132743966,0.4952528564090964,-0.5934003554369518,-0.7761198379935195,-0.6686855963137158,-0.2538717833071142,-0.8534432241029869,-0.5544431837138475,0.0310978292644253,0.9126162206787688,1.066909429233502,0.4121484921844062,0.3337020932228597,0.8399635114992288,0.5521683258776874,0.2595739427343177,-0.4470852027248102,0.1623282076856287,0.4519103797890794
G649,0,0,0.0023048030026055,10.18730/JZMEY,FULL,Phaseolus,vulgaris,Phaseolus vulgaris,IND,KULU - PUNJAB,31.97,77.12,0.3591811050669926,-0.3414689571534992,0.3859604233784113,-0.5784507073407087,-1.304250409742635,-0.0358647041801648,0.3500483055691964,0.1872325248799089,-0.8150854990291654,0.6248653214571674,1.2802011884990447,1.7412258230545752,0.2585571411675366,-0.493741529484467,-0.7325691230763556,-1.9393973475181496,0.7730919076560719,-0.4820402236691249,2.0784142252491,0.2685538374092394,1.5694838458496485,1.480124417875568,0.1765299646934299,1.300475319141323,0.6517049870072883,1.2518822518537778,0.7044368598996927,-0.1099513511812154,-0.5509180671459002,0.2062222827571616,0.0107666433691426,0.5748459630288557,0.3831743643566832,0.6682530953905345,0.1951382749873667,-0.2925039054155276,1.592357112444149,0.3930943096545531,0.1145880535892399,-1.1786762812475418,0.7474171203780663,-0.3511051886269276,0.5737119886520937,-0.7121098905793538,-0.7574706708559128,0.1774975969433695,-0.0631399087831888,-0.1939380108374051,1.3898420741687,-0.6645682714560033,0.4439984814211027,-0.1229223755427289,1.0752148805209836,1.4749034158030174,0.6681180352815171,-1.336394179158038,-1.3541782176295345
G10072,1,1,0.999524934509378,10.18730/K3E53,FULL,Phaseolus,vulgaris,Phaseolus vulgaris,NLD,ABBEKERK - ABBEKERK - NORTH HOLLAND,52.74,5.02,0.3591811050669926,-1.0370177854026066,0.3859604233784113,1.032837084321855,0.7155447063456029,-1.2464595317798537,-1.6344126837409767,-1.7684854506823664,1.4640772750093416,0.7021864246175538,-0.6630233502020273,0.7321985335682625,0.2585571411675366,1.0100345020628827,0.3494063327483596,-0.5685459983413421,-0.6950773976531537,0.6071251130757639,1.672176871756389,0.8990994466463574,0.1361328322764522,1.797004454709043,0.0475725090909048,0.4801703897613444,-1.299098997659856,-0.9566183148041288,1.5296626524586157,-0.1099513511812154,0.7970644047263937,-1.1698836982734446,-1.5907491053387912,-1.2158466823655032,-0.515521815134693,-0.999777377290964,0.7761823180276259,-1.486303080251885,-0.5891760872248545,0.0822273699704175,-1.7353081121007976,-1.6442266182355865,-1.2970524687568,-1.6613712908464775,-0.0255621405667085,-0.1993196276794666,0.1474134026165008,-0.494692915905095,-0.5477911330280616,-0.5564299142651172,-0.4739406194573004,-2.5317361980204205,-3.432334389983387,-2.6221691970464964,-1.6134627599509128,-0.4443489410416938,-3.5177627586228986,4.230288388590702,4.064086959476238
G15288,1,1,0.9991034198468656,10.18730/JS0KP,FULL,Phaseolus,vulgaris,Phaseolus vulgaris,ESP,"BETWEEN VILALLE & BALEIRA, IN HAMLET SOUTO DE TORRES - SOUTO DE TORRES - LUGO",43.02,-7.36,0.3591811050669926,-0.5622601175706863,-1.80637314900962,-0.4559783286330987,-0.0491128947668183,-0.4181578076326981,-1.948408140476365,-1.3353864709399157,0.7652012287230276,2.413806146945468,0.7943950538237766,2.245739467797732,0.2585571411675366,-0.493741529484467,-0.867816055054445,-1.802312212600469,0.3726820971171922,0.6071251130757639,1.19823329268156,0.7808721449143978,1.5156490659971342,1.2688710599865851,-1.1130445913318214,-1.1604394689986126,-0.5404530036226333,1.2518822518537778,0.5668992278065389,-0.1099513511812154,-0.5509180671459002,1.582328263787768,-1.105144026621702,-0.8649677302797195,0.4682086967389841,-0.1133383260945104,0.6212372398835568,-0.9184016958948664,-0.6933196319326712,1.6315480854929645,-0.9420906751482202,-1.0728624175860473,-1.740297896966419,0.0504279836047433,1.4945478457443997,0.4880375332288927,1.1756907588351526,0.6405621724612007,0.2195733053596536,-0.5850476961146734,-0.7415133824036074,-1.9168438016684848,-2.05167895829284,-1.6089532531848425,-0.590858774876638,0.1126536127338866,-1.24454320733063,0.2693796973612255,0.3229038756448727
G23853,0,0,0.00038587005320634126,10.18730/JXDWX,FULL,Phaseolus,vulgaris,Phaseolus vulgaris,BOL,"13 KM N DE AIQUILE, EN RUMICANCHA - CAMPERO - COCHABAMBA",-18.12,-65.15,0.3591811050669926,1.473469502624187,-1.80637314900962,-0.5558122830009239,-1.224160125834071,1.8209875125892825,0.887343258359149,0.7030374114053851,-1.4647356163559797,-0.0412504104715209,-0.1772172155267593,0.2276848888251061,-1.6254808942121433,-1.419142164282836,-1.544050714944892,-0.8427162681767036,-0.294667587114274,0.0625424447033194,-1.4874469887424702,-1.150173783374276,-0.9943975446263504,-1.6886759504591775,0.4344448758984802,0.6442313756373401,0.6517049870072883,1.7715294440085794,-1.0835523573113073,-0.1099513511812154,-1.898900539018194,-1.1698836982734446,0.1636423179228566,-0.0623825388155344,-0.9740402740588644,-0.7805505151671098,-0.7732684634130653,0.9606508161278936,-0.6768759143472265,-0.845359466183858,1.6245340821340528,0.2085029915346094,0.3568070233615735,-0.3017941006396387,0.7052599682367089,-0.9957810998431212,-0.373580457867616,-0.7187564201879165,-1.1401426293273509,-1.119246290639723,-1.073672674336954,0.6230810400807022,1.1040035567810071,-0.3469630284715477,-0.7926667434613379,-0.9639177708899616,0.952850776900154,-0.1588267718029321,0.5809165763582509
G18586,0,0,0.0007434690284547447,10.18730/JSR5U,FULL,Phaseolus,vulgaris,Phaseolus vulgaris,BRA,RODOVIA QUE LIGA FIRMINÓPOLIS - NAZÂRIO - TURVÂNIA - GOIAS,-16.56,-50.17,0.3591811050669926,-0.8040030099688276,0.3859604233784113,-0.5867317494800558,-0.1970168497220496,0.9016636209534286,0.717559492712858,0.285745111984969,0.4090285169381799,-0.5344057917139846,-0.1772172155267593,-0.2768287559180501,-0.9189666309447634,-1.9975175610318168,-2.085038442857249,-0.2943757285059805,-1.4958970187309133,0.6071251130757639,-1.442309505021058,-0.6772645764464376,-0.8328932050688073,-1.3717959136257032,-1.1130445913318214,-0.3401345396186341,-1.2449099980857687,1.641617645969879,-1.4961652535907688,-0.1099513511812154,-1.898900539018194,0.2062222827571616,1.2084290385825578,0.9095925260702888,0.9434005541694892,0.9160747656175,-0.3859057680528925,0.2386413174542126,0.8852772562700245,-0.5645764238885097,0.0154360782848941,0.256193605926829,0.9995129682400828,0.7290425468395602,3.2046715803443964,0.5207688266054813,2.231388844552969,0.6405621724612007,-0.6554914050824778,-1.0238536844745356,-0.9814062043554688,0.3750278574614555,0.5408181405147373,-0.2324980992473245,-0.4641498372242771,-0.8603417528053664,-0.1793745271812006,-0.5870329857362047,-0.3221277223510561
G20975,1,1,0.9992481330041906,10.18730/JTXKD,FULL,Phaseolus,vulgaris,Phaseolus vulgaris,RWA,KABAYA - NKUMBA - RUHENGERI,-1.75,29.53,0.3591811050669926,0.938276153641001,0.3859604233784113,2.61906546697664,1.7064427444844057,-1.382992783012901,-1.2107015635954608,-1.4111131412750244,0.7881082976481462,-0.9123784243018734,1.2802011884990447,1.2367121783114188,1.6715856677022964,0.8943594227130865,0.7551471286826278,-0.1572905935882998,-1.2289571450383268,0.6071251130757639,-1.0812096352497598,0.9385085472236772,0.6139165034675177,-0.1042757662918048,-1.628874413741922,-1.1604394689986126,-0.5404530036226333,-0.4369711226493272,0.5668992278065389,-0.1099513511812154,0.7970644047263937,1.582328263787768,-0.3775539091528725,-1.2642438110360046,0.5732511073288852,0.2202677684417892,0.1176657359153321,-0.8231973662124749,0.4303344030727198,0.2395847656120457,-0.9590881678216489,1.3379495935506964,-0.4188724495857743,-0.224305228893605,0.500629777771752,0.3571123597225386,0.9837456523410044,2.194069135488763,1.2561884238834091,-0.6613617810468234,-0.8614597933795382,0.0608126023654204,-0.5543434246176564,-0.8332951775121542,-1.6257035711601486,-1.8831549313907427,-0.9856014749165798,-0.265878261478529,-0.4511339189202276
G11295,0,0,0.0003447205108624331,10.18730/JPS6Z,FULL,Phaseolus,vulgaris,Phaseolus vulgaris,MEX,EL MIRADOR - SILAO - GUANAJUATO,20.9,-101.42,0.3591811050669926,0.77651484793247,0.3859604233784113,-0.565463390533776,-1.4480621604105677,0.5011660840031557,0.9243714399236124,0.3213553477317682,-1.2305151446845242,-0.0343045334418723,-1.1488294848772953,-1.2858560454043628,-0.9189666309447634,-0.2623913707848747,0.2141594007702701,1.213560755588508,-1.36242708188462,0.6071251130757639,-1.4874469887424702,-0.9137191799103568,-1.2164660115179724,-1.6886759504591775,1.208189609513631,1.1364143332653274,-1.1907209985116811,-0.3070593246106268,-0.9460147252181532,-0.1099513511812154,-0.2813215727714414,-1.1698836982734446,0.3181530239014254,0.3530259309851037,-0.8423204258588298,-0.4088180098266616,-0.6570596548050135,1.2231614248889282,-0.8358318510065257,-0.73003785952684,1.837002973572016,0.1000916567735998,0.5701189332425267,0.2711537846967237,-0.7856171337222626,-0.8757663574622965,-0.9905468715988072,-0.9577574914229262,-0.8035792791573001,-0.1271631865217739,0.3472309633779176,0.2647577366668081,0.7319749033406312,0.903523183254388,1.0464324325425098,0.8593578952839701,0.5763020425131886,-0.4799814960606078,-0.1931213719943667
G611,0,0,0.2035895427753946,10.18730/JZKJ2,FULL,Phaseolus,vulgaris,Phaseolus vulgaris,TUR,MUSTAFA KEMALPASA - BURSA,40.05,28.38,0.3591811050669926,-0.7597828046069655,0.3859604233784113,-0.5998293722257902,-0.7161421935965374,1.101912389428565,-0.6616621092539882,0.1823314572648402,0.0067333744402262,1.034732249720063,0.3085889191485086,-0.2768287559180501,-0.4479571220998433,-0.0310412120852824,0.2141594007702701,-0.2943757285059805,-0.6950773976531537,0.6071251130757639,-0.7652472491998737,-0.5984463752917978,-0.4358617036565134,-0.738035839958754,1.337147065116156,1.6285972908933144,-1.1365319989375942,-1.606177304997631,1.9422755487380767,-0.1099513511812154,-0.2813215727714414,-1.1698836982734446,-0.6334367194013723,0.4538532567402769,-0.7789615115347625,-0.8853981448785183,-0.2309606899088233,-0.6022313816330731,-1.3126996609844233,0.4382201557377341,-0.0497211717095179,-1.3433687088773465,-1.7402978738493682,0.8394054585823886,0.3398489138350001,-0.6139160104495881,-0.0308213391280654,-0.2855669785744616,-0.6689539390892798,-0.8807647752267544,-0.9444996163628748,-1.5980430564007917,-1.030284752469882,-1.155695141482893,-0.0185181426610134,1.048215254345827,0.9311863291683012,0.1623282076856287,-0.0641150216376775
G52362,0,0,0.0080145785511819,10.18730/K4ZAP,FULL,Phaseolus,vulgaris,Phaseolus vulgaris,CHL,COELEMU - REGION VIII ÑUBLE (REGION DEL BIO BIO),-36.51,-72.69,0.3591811050669926,-0.9104123073618984,0.3859604233784113,-0.5736189677471402,-1.1943454945980363,1.3385700248991808,-1.1897400959932751,0.954315703257892,0.643249032236607,0.2643670527395445,1.7660073231743127,2.750253112540888,1.2005761588573765,0.431659105313902,0.6199001967045383,-1.6652270776827882,2.641671023504178,-0.1076396391630694,-0.0656162515179835,0.6232357426051183,0.3582012991680742,0.0013509126526867,-0.4682573133191957,-0.1760735537426384,0.2723819899886768,2.1612648381246804,-0.6709394610318457,-0.1099513511812154,-0.8205145615203591,0.2062222827571616,-0.8394510297731899,-0.8085044647808776,0.0513737340806463,0.9160747656175,-0.463378307124927,0.7985244111884421,-1.3839557705213503,2.253281964861236,-0.8372727282401106,-0.8998653316037382,-1.382931274435336,0.0410353591602597,-0.800233575898331,-0.6030055793240586,-0.6477877528592566,-0.1810040099091449,1.3773512299446276,1.6757570700002682,0.799336666287195,2.6461556324815123,0.8798642727254136,0.2279500205717239,-1.9959054020556888,-3.350388035398878,-1.69691750877908,1.125792380458656,1.2259481743541794
G18204,1,1,0.928078433815285,10.18730/JTAK$,FULL,Phaseolus,vulgaris,Phaseolus vulgaris,ESP,AGENCIA SEA DE CAÑETE - CAÑETE - CUENCA,40.05,-1.65,0.3591811050669926,-0.3219309262976804,0.3859604233784113,-0.5998400606650276,-0.4133190763364195,-0.536486625368006,-0.9914920468791248,-0.1280407569103551,0.1513965831730663,1.0776131050730249,1.2802011884990447,1.2367121783114188,-0.6834618765223034,-0.7250916881840593,-0.4620752591201768,-1.5281419427651075,1.0400317813486584,0.6071251130757639,-0.5846973143142247,-0.559037274714478,-0.5031551784721564,-0.8436625189032455,1.4661045207186814,1.300475319141323,-0.0527520074558472,0.4724114636215755,0.9795121240860004,-0.1099513511812154,-1.3597075502692766,-1.1698836982734446,-1.230224105555861,-0.2801694639825573,-1.0674113056943322,-1.295257061023115,0.0014569273072803,-1.3572057236785835,-1.1098938107639382,-0.3389471934726049,0.4602043210620647,-1.137180658070434,-0.8787395390820769,0.3862129862681175,-0.4786718480248273,-0.6575577349517062,-0.5929462938609285,-0.3602548133354021,-0.3593156569328333,-0.6804403022798609,-0.8891397343739837,-1.422265933153878,-1.405150612037544,-0.824379567446951,0.1482215559729026,0.8483810890195701,0.0150896822213827,0.1623282076856287,0.3229038756448727
G345,1,1,0.998441285748326,10.18730/JZBCU,FULL,Phaseolus,vulgaris,Phaseolus vulgaris,TUR,BARTIN - BARTIN,41.64,32.35,0.3591811050669926,-0.6695567345720423,0.3859604233784113,-0.594568014816396,-0.706788583796997,0.8561525372090794,-1.5002396353494205,-0.24145480750837,0.1111661842946284,1.6273978897582675,0.7943950538237766,0.7321985335682625,0.0230523867450766,0.0846338672645136,-0.0563344631859086,-0.9798014030943843,-0.828547334499447,0.6071251130757639,-0.2687349282643388,-0.4408099729825183,0.0553806624976806,-0.2099024452362963,0.9502746983085808,0.8082923615133358,-1.1907209985116811,-0.4369711226493272,1.5296626524586157,-0.1099513511812154,-0.2813215727714414,-1.1698836982734446,-0.7274511890813551,0.1997684466078187,-0.4504955609599923,-0.8377401313733326,1.1248087438517815,-1.432794126258733,-0.7042821103229677,0.4432341386358653,-0.5794770382662219,-1.4279130310905983,-1.2139439575723678,-0.0317571555761782,0.2813831451307267,-0.1774987654284075,0.0925719436181727,-0.3602548133354021,-0.4804784629940515,-0.6518225204303046,-0.5569804424406372,-1.7535130088875024,-1.413662230419402,-1.550282786949311,-0.5868887820520209,0.5021895068346464,-0.0478403802378086,0.3764311870368224,0.1938976790757006
G20971,1,1,0.998512999887393,10.18730/JTX60,FULL,Phaseolus,vulgaris,Phaseolus vulgaris,RWA,KARAMBO - NYARUTOVU - RUHENGERI,-1.64,29.84,0.3591811050669926,0.9355487236094164,0.3859604233784113,1.46624810177257,1.5643847956538868,-1.1918462312866345,-0.508243710692882,-0.9904122110599124,1.164187106358164,-0.9170967548069808,-0.1772172155267593,0.2276848888251061,0.2585571411675366,-0.0310412120852824,-0.0563344631859086,0.2539648111647425,-0.9620172713457402,0.6071251130757639,-0.9232284422248168,0.386781139141199,0.5264349862071818,-0.1042757662918048,-1.1130445913318214,-0.6682565113706256,-0.648831002770808,0.2125878675441747,-0.395864196845538,-0.1099513511812154,-0.0117250783969826,1.582328263787768,0.1521970872287601,-0.5947504926403502,0.2497871763060151,0.0486989198231207,-0.1534881508367888,-0.7181747970835136,-0.1232707556372533,1.029870137717218,-0.2905192626312348,1.3834830075202105,-0.0005596189841236,0.1913167904300843,0.3252324716589318,0.1934558928395959,0.8192212753460201,1.925192930349377,0.7042245296045264,-0.785372169061567,-0.9260463223665778,0.076970996303646,-0.3766633908963711,-0.6664869891954471,-1.4374597447262236,-1.6211188638995524,-0.4914457385566993,-0.4799814960606078,-0.0641150216376775
G11030A,0,0,0.0002691838475537769,10.18730/S42ED,FULL,Phaseolus,vulgaris,Phaseolus vulgaris,MEX,"IGNACIO ZARAGOZA, MALPAIS LOS CAMPOS - FRANCISCO I. MADERO - DURANGO",24.48,-104.32,-1.2939186614670004,1.162455255094415,2.5782939957664426,-0.4560551606316933,-0.9417980300104476,0.5648816012452444,0.6632320629021252,0.581159953216303,-1.3769030049196411,0.4449591931024834,-1.1488294848772953,-1.2858560454043628,-0.4479571220998433,-0.493741529484467,-0.191581395163998,1.761901295259231,1.974321339272712,-2.864589397798569,-1.2166220864139965,-0.7166736770237575,-0.8127051626241144,-1.3717959136257032,0.8213172427060557,1.300475319141323,2.2231859746558214,-0.8267065167654283,-0.8084770931249995,-0.1099513511812154,-0.0117250783969826,-1.1698836982734446,-0.2320359145059702,-0.1390112617728988,-0.975707613909498,-0.6185132692494786,-0.734532193877048,1.3666538935142356,-0.468588824931593,-0.7350518424249712,1.8341701583138288,-0.0859081878053002,0.2127522644773447,-0.3299719179888973,-0.8294664602504677,-0.8539454952112374,-0.9768365068492252,-1.0324453261838666,-1.0055172892593305,-0.4705765687164486,0.0981114944279076,-0.191389357075803,0.1929057391562922,0.4649326881113216,0.6821855908838957,0.7585964429081956,-0.0184386297445798,0.6975861665253832,0.7099227729274225
G12878,0,0,0.00037690588883083177,10.18730/JMJZ4,FULL,Phaseolus,vulgaris,Phaseolus vulgaris,MEX,5.5 MI E TELOLOAPAN - TELOLOAPAN - GUERRERO,18.35,-99.77,-2.9470184280009937,0.2463769260067217,0.3859604233784113,-0.5859801830443486,-1.4474775597980962,0.25540623178367,0.6767579331495199,1.1955627002596847,-0.2643554590914262,-0.4232721898047584,-1.1488294848772953,-0.7813424006612064,0.0230523867450766,0.8943594227130865,1.160887924616896,1.076475620670827,3.309020707735644,-4.736592320328847,2.0784142252491,-0.2437644700959189,0.4187654265021529,0.7407376652641275,0.4344448758984802,-0.1760735537426384,3.4695329648598303,-0.1771475265719264,-0.9460147252181532,-0.1099513511812154,1.0666608991008526,0.2062222827571616,0.6672327920157037,0.4659523850576698,-0.0920174930738218,0.2583941792459377,-0.6957959243410308,1.21270123337154,0.0795350945832318,-0.7099819279343151,-0.1205441332707709,0.285424500067051,0.514713228296838,0.4496130445126452,-0.8733157867786727,-0.3957073879389978,-0.867153588852569,-0.92788235751855,-0.197765248851209,1.017548087460475,0.9654163122538684,0.4597502472997193,0.5943704061672604,0.9725472611785424,0.6742456052346616,0.3848221167768307,0.0790513850487577,-0.5870329857362047,-0.709146619633606
G50971,0,0,0.0033505103550271,10.18730/JXV16,FULL,Phaseolus,vulgaris,Phaseolus vulgaris,PER,CHAVIN DE PARIARCA - HUAMALIES - HUANUCO,-9.42,-76.77,0.3591811050669926,1.515880536378247,0.3859604233784113,0.4153181748022261,0.6202548065127858,-0.3817489406372187,-0.1720477804024155,-0.4349868732199666,-0.6449637909979988,-0.8052939525777978,1.7660073231743127,1.7412258230545752,1.2005761588573765,0.2003089466143097,0.3494063327483596,-0.4314608634236613,1.1735017181949516,-0.4139673901225694,-0.3590098957071633,0.4261902397185189,0.3783893416127671,-0.1042757662918048,-0.3392998577166706,-0.1760735537426384,0.922649984877725,-0.1771475265719264,0.7044368598996927,-0.1099513511812154,0.2578714159774761,0.2062222827571616,-1.1059615447705191,-2.099093665201222,-0.4721709790182259,-0.5899184611463671,-0.2696969594448407,-0.3596613751598482,-0.095864559661512,-0.6297582015642156,1.2534217006038937,0.9667782905100324,-1.0200240761257875,-0.8066457498712893,0.3398489138350001,-0.4284386813155864,0.3256481443610671,0.102809762182429,-0.763191677136894,-0.9856966420084606,-0.9537262633610234,0.2850649074270104,-0.1025183488473618,-1.1870435768734469,-1.4662421927046974,-1.1640333927871005,-0.9314403555869478,0.6975861665253832,1.4839608750675577
G23883,0,0,0.0009637803213269356,10.18730/JTKT~,FULL,Phaseolus,vulgaris,Phaseolus vulgaris,CRI,"TERCERO, LA ALIANZA - NICOYA - GUANACASTE",10.17,-85.46,0.3591811050669926,-1.679084006427596,0.3859604233784113,-0.6023972675755643,0.2928784635288746,0.7378237194737715,1.384849441478275,0.9929351361325192,0.9945798160909904,-0.6802686462898687,-0.1772172155267593,-0.2768287559180501,-0.6834618765223034,-0.8407667675338554,-0.4620752591201768,-0.1572905935882998,-0.5616074608068605,0.6071251130757639,-0.2687349282643388,-0.5196281741371581,-0.4224030086933848,-0.3155291241807879,-0.3392998577166706,-0.5041955254946299,-0.3236970053262839,-0.3070593246106268,0.429361595713385,-0.1099513511812154,-0.2813215727714414,0.2062222827571616,1.742267627657391,1.5911851266335648,1.2601951257898258,1.821577022216028,-0.6957959243410308,0.6066307603724426,0.1891598784861968,1.5212404617340776,-0.5653122916203663,0.6548718350460152,1.293163022157776,1.370086701871148,-0.9463979976590144,2.495556860326323,0.5724347098535436,-0.1959415768613329,2.2793410084003627,1.6757570700002682,0.3380043163797691,1.3486802705769667,0.7784341536749393,1.692986074511907,1.7544144862658837,0.5990105672180722,0.8883732538886873,2.089256553231684,0.0648911749314939
G16455,0,0,0.0006864254541630732,10.18730/JK9MD,FULL,Phaseolus,vulgaris,Phaseolus vulgaris,IRN,BAM - KHORASAN,34.37,57.12,0.3591811050669926,-0.5206235568354884,0.3859604233784113,-0.5509722190375737,-2.080600023104481,2.621982586489828,-0.6021060051972578,1.1369786260775332,-1.7077503295739358,2.400346353194568,0.7943950538237766,0.7321985335682625,-2.3319951574795232,-1.8818424816820207,-1.8145445789010708,-2.213567617353512,0.9065618445023652,0.6071251130757639,-1.4874469887424702,-1.150173783374276,-1.815377937377196,-2.0055559872926523,1.8529768875262569,2.7770241920252845,-1.353287997233943,2.2911766361633807,-0.2583265647523842,-0.1099513511812154,-2.9772865165160294,-1.1698836982734446,0.1603722688387556,2.0186927632141574,-1.5959580383451044,-1.5526103339511177,-0.8120047329490826,0.8714149289993459,-1.6196490559127252,-0.4693107488240166,0.7633267956413267,-1.481241563848168,-1.6571893804155284,1.5368051587377891,-0.5956033854333741,-1.1812584289771229,-1.0316779658475532,-0.8233193888532333,-1.0997550273069443,-1.119246290639723,-1.0828993213351026,-0.7872847227165812,0.2624172892747991,-0.4050582940577112,0.4979117572745877,1.4110127742127916,2.1082879892656363,-0.0517750268964503,-0.0641150216376775
G18565,0,0,0.0006153971642486941,10.18730/JSQHG,FULL,Phaseolus,vulgaris,Phaseolus vulgaris,BRA,"CÓRREGO FUNDO, ESTRADA QUE LIGA MOSSÂMEDES A RODOVIA INHUMAS - GOIÁS - MOSSÂMEDES - GOIAS",-16.2,-50.08,0.3591811050669926,-0.866205859474782,0.3859604233784113,-0.5272050645734121,-0.0228058672056112,0.710517069227162,0.4513760219781399,0.705043670375528,0.8189144187104272,-0.5830267321991472,0.7943950538237766,-0.2768287559180501,-0.2124523676773833,-1.9975175610318168,-2.085038442857249,0.1168796762470617,-1.36242708188462,0.6071251130757639,-1.3746032794389391,-0.4802190735598382,-0.5569899583246709,-1.1605425557367202,-0.8551296801267712,-0.1760735537426384,-1.1907209985116811,1.2518822518537778,-1.4961652535907688,-0.1099513511812154,-1.6293040446437357,0.2062222827571616,1.02040014112851,0.6676070365680152,0.9967554293897564,0.8874799575143886,-0.4246420375889098,0.2233895790208971,0.9455708874166552,-0.5746043896847722,-0.1432074928577742,0.265234194798043,0.8139039240417156,0.623375924925297,3.26313734904867,0.5753209822331289,2.258809574052133,0.7301875741743293,-0.6689539390892798,-1.0238536844745356,-0.9906328513536174,0.3558124700754576,0.6121029444627979,-0.2463029148321554,-0.4677889973135095,-0.7964511112151407,-0.2402413089040252,-0.4799814960606078,-0.1931213719943667
G20909,1,1,0.9955724923888593,10.18730/JTW21,FULL,Phaseolus,vulgaris,Phaseolus vulgaris,RWA,NZIGE - BICUMBI - KIGALI,-2.02,30.33,0.3591811050669926,0.2620013008429856,0.3859604233784113,0.326679005362989,1.1247651350754917,-0.991597462811498,-0.4112205527307122,-0.8099053640985805,0.3464127188394948,-0.8168971350931263,-0.6630233502020273,-0.7813424006612064,-0.2124523676773833,-0.8407667675338554,-0.7325691230763556,0.9393904857531464,-0.9620172713457402,0.6071251130757639,-0.6975410236177554,-0.2043553695185991,-0.0186421597995267,-0.3155291241807879,-0.8551296801267712,-0.5041955254946299,-0.9197760006412448,0.2125878675441747,-1.2210899894044611,-0.1099513511812154,-0.2813215727714414,1.582328263787768,0.4121674726284487,-0.2398386259906265,-0.2037292630662563,-0.2563123666100675,-0.463378307124927,-0.4073206016266247,-0.6823571535423747,-0.183513723630537,-0.715457234624925,0.9712497636852138,0.2349145675912085,0.3721241615697745,0.0621365124897015,-0.2102300588049961,0.5587243451039616,1.4471907878793582,0.3272735774140698,-0.976157381391942,-0.999859498351766,0.2217414717231535,-0.0010882297968875,-0.4542379495786714,-1.0411221277352882,-1.2138512058332236,0.0599660382373635,-0.265878261478529,0.0648911749314939
G22373,1,1,0.9974061456732716,10.18730/JVGJW,FULL,Phaseolus,vulgaris,Phaseolus vulgaris,GEO,"NE IMERETIA, CIATURA, UPPER COURSE KVIRILA - KVIRILA - IMERETIA",42.29,43.29,0.3591811050669926,-0.9336679329366808,0.3859604233784113,-0.554493932337685,-0.420918884298546,-0.2816245563996505,-1.9241690386754544,-1.002522488219716,0.3570005819194234,2.1445974870403584,1.7660073231743127,1.2367121783114188,0.9650714044349166,0.6630092640134944,0.6199001967045383,-0.8427162681767036,0.5061520339634855,0.5050158627559306,-0.0881849933786897,-0.0467189672093195,0.8225262753960111,0.1069775915971782,0.4344448758984802,0.3161094038853487,-0.1069410070299345,-0.8267065167654283,1.804737916644924,-0.1099513511812154,0.527467910351935,-1.1698836982734446,-1.108414065594783,0.014246299529503,-0.011985180243421,-0.7328925016619242,2.093215482252213,-1.8673199943328265,-0.2164518219547735,0.7039612493386888,-1.1403950056809893,-1.806183568073735,-2.3082060820453782,0.571716692023726,0.544479104299957,-0.1011257475497009,0.270806685362739,0.1774975969433695,-0.0496773747763868,-0.1843987502208864,-0.3170876204887756,-1.6921547832572137,-1.6966735416161798,-1.4105090291528977,-0.4985564417042916,0.407901555589159,-0.7901056251458128,-0.9081878376093228,-0.709146619633606
G591,1,1,0.9993476978376764,10.18730/JZJZM,FULL,Phaseolus,vulgaris,Phaseolus vulgaris,TUR,UGAZ - KASTAMONU,41.37,33.78,0.3591811050669926,-0.868304948936195,0.3859604233784113,-0.5986427406820277,-0.1923400448222795,0.3919394830167175,-1.4286262883747567,-0.3955138083136305,0.2902311461645666,1.3792349268797135,0.3085889191485086,0.7321985335682625,-0.4479571220998433,0.431659105313902,0.3494063327483596,-1.253971672929746,0.1057422234246057,0.6071251130757639,-0.1558912189608081,-0.4802190735598382,0.0486513150161163,-0.2099024452362963,0.6923597871035305,0.8082923615133358,-0.4862640040485459,-0.4369711226493272,1.6672002845517695,-0.1099513511812154,-0.0117250783969826,-1.1698836982734446,-1.5776688395043468,-0.5987837149047524,-0.9890463327145648,-1.219004239414818,0.233874544523384,-1.4134936911987457,-0.9399753957143424,-0.2837933815931615,-0.2735217794559089,-1.499884063459,-0.8150229968881747,0.1537464046205333,-0.3909731949684172,-0.7339307528304128,-0.6477877528592566,-0.2407542777178972,-0.2516153848784171,-0.5945869567311922,-0.750740029401756,-1.725563354507869,-1.2941449223074797,-1.4136726327244216,-0.4406607130119596,0.5292093376393233,0.1332125043783897,-0.4799814960606078,-0.4511339189202276
G8184,0,0,0.1294180118678127,10.18730/K2GQQ,FULL,Phaseolus,vulgaris,Phaseolus vulgaris,COL,"TABIO, VEREDA CENTRO, FINCA EL RHIN - TABIO - CUNDINAMARCA",4.93,-74.11,0.3591811050669926,2.003607424549936,0.3859604233784113,4.330833426957344,1.859023504339407,-1.1463351475422852,-0.8458760313090039,-0.3085954280117564,-0.293633083490816,-0.9442109632444295,0.7943950538237766,1.2367121783114188,2.8491094398145966,2.629485612960029,2.7838511083539688,-0.4314608634236613,-0.828547334499447,0.1646516950231528,3.003732641538051,4.564145800337106,1.7511762278518848,3.0645246020429413,-1.628874413741922,-1.488561440750604,0.0556259916923274,-0.3070593246106268,0.7044368598996927,-0.1099513511812154,2.953836359722064,1.582328263787768,-1.0217572709488325,-2.018431873829688,-0.1753844856054894,-0.6852344881567385,0.6987097789555914,-1.2195640411234077,0.0850163337783801,0.0220595751928429,-0.925093155457968,1.2515453156809315,-0.9341452176082788,-0.6728013553951205,-0.4202060793205539,0.1607245994630073,0.1611237673660828,0.4762489359871316,0.3272735774140698,-0.0699276228226615,-0.6492469124221223,0.7226516838081463,0.1177197767832134,0.1157858939449726,-0.7556134770982456,-0.8879244967518075,0.1543611319261507,-1.336394179158038,-1.4831845679862237
G9518,1,1,0.8680554972450291,10.18730/JH588,FULL,Phaseolus,vulgaris,Phaseolus vulgaris,ETH,ADDIS ABABA - ADDIS ABABA - SHEWA,9.03,38.7,0.3591811050669926,-0.8415354535627932,0.3859604233784113,0.109700028243962,0.3758917504997949,0.8197436702136,-0.2653055987726597,-0.934753118694704,1.568868828316784,-0.8566146582237805,-1.634635619552563,-1.2858560454043628,0.2585571411675366,1.819760057511456,2.1076164484635216,1.4877310254238694,0.2392121602708989,0.6071251130757639,1.0853895833780294,-0.2437644700959189,-0.4156736612118205,0.5294843073751444,-0.0813849465116203,-0.5041955254946299,-1.0281539997894191,-1.4762655069589303,0.0167486994339235,-0.1099513511812154,1.875450382224229,0.2062222827571616,-0.3391306126827142,-0.9738611544006716,-0.073676754716855,0.5062158494729032,-0.5408508461969617,0.6916870984892254,-0.4302201505655553,-0.6097022699716907,0.4715359839700505,0.763695373239564,-0.4271833198583446,-0.3017941230333152,-0.7563842493701259,-0.8212142018346489,-0.9768365068492252,0.0579970613258647,-0.170840180837605,-0.0985454046722177,1.103816017226096,1.2844834081737462,1.6675436238131878,1.0691809702723591,0.7999620446808682,0.4273220589800205,-0.0499036609741756,-1.0152394549003625,-1.0961655169161562
G24307,0,0,0.0008377414726715557,10.18730/JY4WS,FULL,Phaseolus,vulgaris,Phaseolus vulgaris,CHN,YUCI - YUCI - SHANXI,37.69,112.71,0.3591811050669926,-0.573569726571769,0.3859604233784113,-0.5960503554084458,-0.5524540221045818,-1.0098018963092377,0.3160785776293736,0.1384931818751494,-0.6347717365647506,0.1261140193045626,1.7660073231743127,1.7412258230545752,-1.3899761397896833,-1.5348172436326322,-1.4088037829668023,-1.802312212600469,-0.5616074608068605,0.6071251130757639,-1.1940533445532904,-0.9137191799103568,-1.2164660115179724,-1.3717959136257032,2.110891798731307,1.300475319141323,-1.2449099980857687,-0.3070593246106268,2.217350812924385,-0.1099513511812154,-1.6293040446437357,-1.1698836982734446,-1.4493186702501784,0.3570589609367177,-1.1757883959855,-0.8377401313733326,-0.7732684634130653,1.1865003635925238,-0.2219330611499218,-0.845359466183858,0.3978801058375281,-1.7067819222509546,0.4454561565585713,-2.9082374467898817,-0.9756308820111512,-1.0066915309686506,-0.9768365068492252,-0.7934442549488571,-0.776654211143696,-0.6995188235128984,-0.0679681515387656,-0.7977658431089438,-0.7334420614025848,-0.3345962145101366,0.183951491394456,0.9764438287709036,-0.2072288171221542,0.4834829319433041,-0.0641150216376775
G50107,0,0,0.002152898685775,10.18730/JXTNZ,FULL,Phaseolus,vulgaris,Phaseolus vulgaris,MDG,TULEAR STATION - TULEAR - TULEAR,-23.35,43.69,0.3591811050669926,-1.721495040181656,0.3859604233784113,-0.6180962796968916,-2.184658932124368,2.157769532297466,0.0030395747680938,1.3813498533461237,-1.8474605304783829,0.4964987943736665,-0.1772172155267593,-0.7813424006612064,-0.9189666309447634,-0.493741529484467,-0.5973221910982662,-0.8427162681767036,-0.9620172713457402,0.6071251130757639,-1.306897053856821,-0.9925373810649966,-1.250112748925794,-1.5830492715146862,1.208189609513631,2.612963206149289,-0.7030200023448953,2.8108238283181826,-2.046315781963384,-0.1099513511812154,-2.168497033392653,-1.1698836982734446,1.4389688329964136,1.6315159646254955,-0.8973426409297304,-0.4660076260328844,-0.6957959243410308,1.315003122020877,0.5180342301950918,-0.7952196372025458,-0.1375416056815837,-0.2607150204603486,1.6062051375342037,0.6656425109887089,1.1876025600469644,-1.0394228243452392,-0.4421322816155262,-0.912944790566362,-1.0728299592933406,-1.042932205707573,-1.0459927333425083,2.171448221377425,2.894280623098469,1.1160598231958474,0.3073521016929693,-0.6337692132453148,2.1160252920270124,1.8751535738804888,2.7740237634843807
G12869,0,0,0.00039059243350549847,10.18730/PGEA*,FULL,Phaseolus,vulgaris,Phaseolus vulgaris,MEX,CIRIMICUARO-10 M.E URUAPAN - CIRIMICUARO - MICHOACAN,19.42,-102.58,-2.9470184280009937,0.1163164224942715,0.3859604233784113,-0.583102198723721,-0.834231517315734,2.021236281064419,1.6365729336443489,1.518563124012018,-0.820629188378562,-0.2565717372603247,-2.120441754227832,-1.790369690147519,-0.6834618765223034,1.0100345020628827,1.4313817885730749,0.9393904857531464,1.840851402426418,-1.707351227507125,0.6114460043032005,-0.6378554758691177,-0.9674801547000932,-0.3155291241807879,0.4344448758984802,-0.1760735537426384,2.006429976359472,-0.4369711226493272,-0.5334018289386918,-0.1099513511812154,0.7970644047263937,-1.1698836982734446,1.2386771262769696,1.2604713627683983,-0.2787595563447572,0.1726097549366035,-0.6570596548050135,1.2299868176539928,-0.5069574992976308,-0.6949399792399215,0.6755061932362555,0.3355463194769488,0.9995129154011098,0.9591609051949952,-0.7125349228419209,-0.2975135078092322,-0.867153588852569,-1.0473828931360547,-0.8170418131641021,0.5119672747849817,0.9100564302649772,0.3136696318311666,0.4741437965235164,0.8744755504613061,0.7549687926685416,0.3960803796121128,0.076472284128299,-1.0152394549003625,-1.0961655169161562
G24354,0,0,0.0005689949084319929,10.18730/JY68*,FULL,Phaseolus,vulgaris,Phaseolus vulgaris,MEX,2 KM W ACAHUIZOTLA - CHILPANCINGO DE BRAVOS - GUERRERO,17.35,-99.48,-2.9470184280009937,-0.1946978250355008,0.3859604233784113,-0.5733854647395338,-0.7208189984963076,1.4842054928810982,1.3880253185490068,1.3043996664702242,-0.1765227604011446,-0.5205140707750836,-1.1488294848772953,-0.7813424006612064,-0.4479571220998433,-0.6094166088342632,-0.7325691230763556,1.3506458905061889,0.7730919076560719,-2.0817518120131804,0.4760335531389636,-0.4408099729825183,-0.0051834648363981,0.2126042705416698,-0.726172224524246,-0.8323174972466213,2.1148079755076465,-0.8267065167654283,-0.5334018289386918,-0.1099513511812154,0.2578714159774761,0.2062222827571616,1.2002538220103602,0.9983204158076032,0.3881763839085832,1.0876436142361685,-0.7732684634130653,1.347919650487173,0.0740538553880836,-0.7400658253231024,0.242069458020337,0.5617506469861494,1.0050534515503462,0.9521164816489842,-0.7856171337222626,0.0952620127098302,-0.7574706708559128,-1.0324453261838666,-0.4535533949804475,1.2560296028734437,1.3990687211668489,0.5029848689182148,0.5833762324240273,0.941486426112673,0.5147842267792101,0.2021568022743791,0.0594502180532718,-0.6940846030272442,-0.9671593203469846
G297,1,1,0.9973932098331304,10.18730/JZ9ZW,FULL,Phaseolus,vulgaris,Phaseolus vulgaris,TUR,KESAN - EDIRNE,40.86,26.6,0.3591811050669926,-0.8491773973083162,0.3859604233784113,-0.5999257522688403,-0.4519027167595233,0.3373261825234985,-1.229984814880564,-0.1232163260824737,0.2484154852639866,1.3474740388598136,0.3085889191485086,-0.2768287559180501,-0.6834618765223034,-0.0310412120852824,0.3494063327483596,-0.1572905935882998,-0.5616074608068605,0.6071251130757639,-0.471853605010694,-0.8349009787557171,-0.4022149662486919,-0.6324091610142625,1.5950619763212064,1.4645363050173188,-1.1365319989375942,-1.606177304997631,1.804737916644924,-0.1099513511812154,-0.0117250783969826,-1.1698836982734446,-0.6734950470527473,0.3610920678134442,-0.7872982107879293,-0.9521193637857782,-0.2309606899088233,-0.7784480478753499,-1.2469247906426444,0.3329265148769785,-1.1913876213182208,-1.678089435495146,-1.7181356281153255,0.7478277061538214,0.1059858390179066,-0.5811847170729996,0.0240201198702626,-0.3751923802875902,-0.6824164730960819,-0.7949114296780858,-0.9075930283702808,-1.677524886042874,-1.2930809700097472,-1.2856904882400513,-0.0367139431071748,0.966874305360914,0.5102770589494467,0.3764311870368224,0.4519103797890794
G20482,0,0,0.0014349536730789,10.18730/JMP5*,FULL,Phaseolus,vulgaris,Phaseolus vulgaris,TUR,SILIFKE - ICEL,36.38,33.96,0.3591811050669926,-0.2973537576953836,0.3859604233784113,-0.546917400640826,-1.4720307855218897,1.4842054928810982,-0.7532671971855557,0.3884887067060292,-0.8984727911478119,1.7141628867926446,0.7943950538237766,0.2276848888251061,-0.6834618765223034,-0.3780664501346709,-0.191581395163998,-0.9798014030943843,-0.9620172713457402,0.6071251130757639,-1.3746032794389391,-0.5984463752917978,-0.8934573324028859,-1.2661692346812117,1.5950619763212064,1.6285972908933144,-0.9197760006412448,-0.3070593246106268,1.254587388272308,-0.1099513511812154,-0.8205145615203591,-1.1698836982734446,0.3214231198860423,1.4500267705736751,-0.8273143672031297,-0.5613236530432557,-0.7732684634130653,0.6150363846205731,-1.5538741855709464,0.8744366678751502,-0.6956266835418999,-1.4496718701752769,-1.152997650428727,1.4193977562679223,0.7637257369409822,-0.7121098905793538,-0.0445317038776475,-0.6291310184747879,-0.8708919491913102,-1.042932205707573,-1.0275394393462116,-1.155870789847997,-0.1021636980814511,-0.3403482210038162,0.8138570195670278,1.5579331042132227,2.2382746756567533,-0.0517750268964503,-0.0641150216376775
G18249,0,0,0.0056035991952618,10.18730/JTJ3F,FULL,Phaseolus,vulgaris,Phaseolus vulgaris,HND,YORO - YORO - YORO,15.14,-87.14,0.3591811050669926,-1.0562065470194646,0.3859604233784113,-0.4923181245716114,0.5331493152545665,-0.9460863790671488,0.9328153595287356,-0.3201311300989985,-0.3814657821810976,-0.4232721898047584,-0.1772172155267593,-0.2768287559180501,0.2585571411675366,-0.0310412120852824,0.3494063327483596,0.2539648111647425,-0.6950773976531537,0.6071251130757639,1.1305270670994416,-0.4408099729825183,0.0755687049423735,0.8463643442086191,0.1765299646934299,-0.3401345396186341,-0.4320750044744585,-0.1771475265719264,0.0167486994339235,-0.1099513511812154,0.2578714159774761,0.2062222827571616,1.2174216894917405,1.074949292615198,-0.0186545396459544,-0.1705279423007333,0.0014569273072803,-0.2823048003924798,0.1288662473395661,-0.3790590566576546,-0.3783397708995639,0.1819188545819094,1.005053398711374,0.7807017125601017,-0.5371376167291007,0.302560204094891,-0.1405042571247216,-0.494692915905095,0.4215113154616839,0.387956886770238,0.1442447294186502,0.6726480052695833,0.8426259423047849,1.4416233907381104,1.112268146884076,1.022039793253796,1.3309469718393945,-0.5870329857362047,-0.9671593203469846
G15273,1,1,0.99528119119025,10.18730/JRYZ7,FULL,Phaseolus,vulgaris,Phaseolus vulgaris,ESP,"15 KM S OF BENAVENTE, VILHUEZA DEL AGUA - BENAVENTE - ZAMORA",41.92,-5.67,0.3591811050669926,-0.7177672413355725,-1.80637314900962,-0.6000250431821259,-0.6617743366367093,0.3464283992723683,-1.4376147115905464,-0.1351544945466589,0.0822013000415846,1.6362627071789622,0.3085889191485086,0.2276848888251061,-1.6254808942121433,-1.30346708493304,-1.4088037829668023,-1.5281419427651075,0.1057422234246057,0.6071251130757639,-0.9683659259462292,-0.8349009787557171,-1.028044282034172,-1.2661692346812117,1.208189609513631,0.9723533473893315,-1.1907209985116811,0.7322350596989763,0.7044368598996927,-0.1099513511812154,-1.898900539018194,-1.1698836982734446,-1.0699907910521371,-0.3245334857763305,-0.8273143672031297,-1.1236882124044467,-0.1147518813007715,-1.0876981700763428,-1.2030748770814583,0.1875210108311731,-0.3613423187513699,-1.3008981547742884,-2.053339957852655,0.3650796932364126,0.0475200703136332,-0.4939012680687635,-0.1679249866238857,-0.3154421124788378,-0.4266283269668434,-0.747215126595492,-0.9075930283702808,-1.738883111673163,-1.642766625197746,-1.160871947327205,-0.107842981214897,0.6510800328312518,-0.1210868463788348,0.1623282076856287,0.7099227729274225
G3565,0,0,0.0004647418924738068,10.18730/K21EF,FULL,Phaseolus,vulgaris,Phaseolus vulgaris,MEX,SANTA MARIA TECOMAVACA - TEOTITLAN - OAXACA,17.97,-97.02,0.3591811050669926,0.8385564142115391,0.3859604233784113,-0.611898637612662,-1.2124681135846456,0.8925614042045587,1.4966806342780492,0.6062376163609308,-1.4061805420650872,-0.0690337861085303,-0.1772172155267593,-0.7813424006612064,-0.2124523676773833,0.0846338672645136,0.484653264726449,0.5281350810001041,1.306971655041245,-0.1757124727096249,0.8822709066316742,-0.6772645764464376,-1.1087964518129436,-0.1042757662918048,1.4661045207186814,1.1364143332653274,0.9768389844518124,0.0826760695054743,-0.5334018289386918,-0.1099513511812154,-0.0117250783969826,-1.1698836982734446,1.544428535806882,1.756541739328246,-0.5672093505043269,-0.4278812152287359,-0.5021145766609444,0.7556705134057464,-0.4740700641267412,-0.7200098937305776,0.7321647407962905,0.007402493071742,1.3402578700406371,0.9121980293030176,-0.844082902426536,-0.5920951481985292,-0.7986017651046589,-0.8083818219010451,-0.5477911330280616,0.2257894562894194,0.3287776693816206,-0.0042576867371636,-0.0397451632811592,0.2334144267407195,-0.2980718040611306,-0.1935711363857857,-0.7132484177161447,-0.265878261478529,-0.3221277223510561
G20803,1,1,0.9962203770450704,10.18730/JTRYC,FULL,Phaseolus,vulgaris,Phaseolus vulgaris,RWA,MUGONGO - MUTURA - GISENYI,-1.57,29.35,0.3591811050669926,0.8041567158617584,0.3859604233784113,2.159671239430015,1.8730539190387168,-1.328379482519682,-1.17907951753601,-1.4540444899558722,0.8151958128350582,-0.910791818636854,1.2802011884990447,1.7412258230545752,1.4360809132798364,2.3981354542604363,2.6486041763758794,-0.7056311332590228,-0.9620172713457402,0.6071251130757639,-0.3815786375678694,1.1355540501102768,1.2397458192529978,0.6351109863196359,-0.0813849465116203,-0.0120125678666426,-0.4862640040485459,-0.8267065167654283,1.5296626524586157,-0.1099513511812154,1.3362573934753113,0.2062222827571616,-0.3988093537345531,-1.2763430162785132,0.7049709555289199,0.0391673171220836,0.3500833531314358,-1.010188006540646,0.4084094462921268,1.1351637785779736,-0.5341503309120765,1.276167654639505,-0.4493455833429801,-0.2125644931253539,0.7783421791170506,0.5753209822331289,1.2442425825830628,1.9102553633971893,0.8253873356657446,-0.6613617810468234,-0.8060999113906471,-0.0599386388215895,-0.5529248215540135,-0.8537148005647166,-1.5711161698216642,-1.7289167305473785,-0.9304087152187644,-0.5870329857362047,-0.3221277223510561
G18573,0,0,0.0023662361961814,10.18730/JSQRQ,FULL,Phaseolus,vulgaris,Phaseolus vulgaris,BRA,"Á 1 KM DE MOSSÂMEDES, ESTRADA MOSSÂMEDES - SANCLERLÂNDIA - MOSSÂMEDES - GOIAS",-16.08,-50.17,0.3591811050669926,-0.866205859474782,0.3859604233784113,-0.5131568632242842,-0.0210520653681973,0.7287215027249015,0.421559357341061,0.6594021397780148,0.9360246763596408,-0.5830267321991472,0.7943950538237766,0.2276848888251061,-0.4479571220998433,-1.7661674023322245,-1.8145445789010708,-0.8427162681767036,-1.2289571450383268,0.4709794459826528,-1.148915860831878,-0.4802190735598382,-0.4560497461012063,-0.9492891978477372,-1.1130445913318214,-0.6682565113706256,-0.3778860049003713,1.90144124204728,-1.2210899894044611,-0.1099513511812154,-1.898900539018194,1.582328263787768,1.0024147379563022,0.6434084722327637,1.0017574489416563,0.8970115602154257,-0.463378307124927,0.2309164864126186,0.9455708874166552,-0.5746043896847722,-0.2055317654930621,0.2526313095737778,0.7972822099160602,0.6092869882585715,3.2777537912247383,0.597141844484188,2.258809574052133,0.7301875741743293,-0.6554914050824778,-1.0238536844745356,-0.999859498351766,0.3691322272407516,0.6156494521219054,-0.2069016703504505,-0.4701048264612027,-0.8006729597783715,0.0125105813009241,-0.4799814960606078,-0.1931213719943667
G2412,0,0,0.0006190966281204393,10.18730/K11N$,FULL,Phaseolus,vulgaris,Phaseolus vulgaris,USA,ZIA - NEW MEXICO,35.51,-106.72,0.3591811050669926,-0.1561271840707075,0.3859604233784113,-0.5522406926458627,-1.7596542868577545,-0.9642908125648884,-0.2268988217135363,1.2642756350316828,-1.7867888739716598,2.2230968236501014,0.7943950538237766,0.7321985335682625,-1.860985648634604,-1.30346708493304,-1.0030629870325345,-1.6652270776827882,-0.6950773976531537,0.6071251130757639,-1.4874469887424702,-1.0713555822196363,-1.4654518683358515,-1.899929308348161,2.110891798731307,2.7770241920252845,-0.3236970053262839,1.641617645969879,0.0167486994339235,3.991234047878121,-2.438093527767112,-1.1698836982734446,-0.977611374724524,0.5788789929804687,-1.3808711976134025,-1.4096362934355606,-0.3084332289808579,-0.7941898213455055,-1.0496001796173071,-0.6548281160548717,1.9361552629469327,-1.143938472058153,0.7363359424016491,-2.098126673182112,-0.7417678071940575,-0.9194080819644146,-0.8534432241029869,-0.8830696566619857,-0.9382046192253204,-0.976157381391942,-0.7230600884073104,-0.715008663344248,0.1056616507422479,0.4151778319409935,1.635645534262757,2.2517235514374803,1.6811888768376813,0.5905344216189015,1.354954370923351
G7386,0,0,0.0270709032189604,10.18730/K28PS,FULL,Phaseolus,vulgaris,Phaseolus vulgaris,COL,"SUAZA, VEREDA TORIBIO, FINCA SAN IGNACIO - SUAZA - HUILA",1.97,-75.8,0.3591811050669926,0.1587274562483314,0.3859604233784113,0.1024733877417662,1.5965378293398067,-1.43760608350612,0.5755002262399858,-1.5870547793089322,0.2040855715054277,-0.9233734149564744,0.3085889191485086,0.2276848888251061,0.2585571411675366,-0.1467162914350786,-0.191581395163998,0.1168796762470617,-1.36242708188462,0.6071251130757639,-0.471853605010694,0.7808721449143978,0.5533523761334389,0.4238576284306529,-0.8551296801267712,-0.3401345396186341,-0.81139800149307,0.0826760695054743,-0.1207889326592303,-0.1099513511812154,-0.0117250783969826,0.2062222827571616,0.9860643905728516,0.4377207907708078,0.6466140607567527,-0.294438777414216,2.403105638540352,-1.72605874841075,0.2001223568764933,0.8543807362826253,-0.9817517705600636,1.2592076556123304,0.7640387816647488,0.8206202320870979,0.2229173764264533,0.4443958087267747,0.8877730990939302,1.3874405200706057,0.6503743935773184,0.0063864621094884,-0.0310615635461716,0.362581526995525,-0.1422392346293658,-0.6848934099752216,-1.3071116469846304,-1.347261620431316,-0.3640381530860412,-1.336394179158038,-1.3541782176295345
G5190,0,0,0.0028137361530242,10.18730/JGR4*,FULL,Phaseolus,vulgaris,Phaseolus vulgaris,VEN,LOS CERRITOS - MIRANDA,10.2,-65.95,0.3591811050669926,-0.0038481731422314,0.3859604233784113,-0.6109032041705891,-0.1239417731631409,-1.0098018963092377,1.1680241084839678,-0.7233799993831865,0.5554163389996968,-0.6663769584713641,-0.1772172155267593,-0.2768287559180501,-0.4479571220998433,0.3159840259641059,0.2141594007702701,-0.020205458670619,-0.6950773976531537,0.6071251130757639,-0.4041473794285756,-0.4802190735598382,-0.4425910511380777,-0.4211558031252794,0.1765299646934299,-0.1760735537426384,-0.5946420031967207,0.0826760695054743,-0.1207889326592303,-0.1099513511812154,-0.0117250783969826,0.2062222827571616,1.93683664691263,1.7605747692798566,0.5899245058352187,0.0486989198231207,0.3500833531314358,-0.6983384119547452,0.2494535096328275,0.3730383780620283,-0.9222603469539896,0.5488318799311999,1.567421120294685,1.327820071020385,-0.0694114670949135,0.4553062398523042,1.2442425825830628,-0.1660664429569568,0.1118730333052374,0.6073598809501691,0.7901100192890465,0.5667450179717536,0.6043006276127614,1.0496241481938486,0.48137012050535,-0.0455249801018264,0.9714203035274565,1.4469471047163314,0.8389292770716291
G13051,1,1,0.9955262445309436,10.18730/JH650,FULL,Phaseolus,vulgaris,Phaseolus vulgaris,CRI,"20 KM E OF CARTAGO, ROAD TO TURRIALBA - CARTAGO - CARTAGO",9.93,-83.77,0.3591811050669926,-0.0391907012706146,0.3859604233784113,1.6282179453975951,1.6701975065111867,-1.0826196303001965,-0.4701031365239935,-1.6853591729173012,2.253515091273408,-0.8400232052444557,1.2802011884990447,1.2367121783114188,3.320118948659516,2.860835771659621,3.5953327002225053,0.6652202159177848,-1.36242708188462,0.6071251130757639,1.1305270670994416,4.721782202646385,2.740390307641837,2.6420178862649752,-1.1130445913318214,-0.6682565113706256,-0.648831002770808,-0.9566183148041288,0.429361595713385,-0.1099513511812154,2.6842398653476054,1.582328263787768,0.0467374234005397,-0.6350814460199541,3.787882339349986,2.841458511227001,3.332776107404767,-0.9104047061065936,2.4912803404484616,4.374196730770741,-0.7182900566373148,0.9316946945493234,-0.1030600661347294,0.14200573603331,2.590781008949526,3.564779110628216,5.686400761447639,0.9243759445527746,2.5485916885364035,2.085945276510574,1.0945893702279477,0.7119522067409428,0.9635618534803504,0.9133015942936432,0.942881786367082,0.5024709634055284,1.155568109248205,1.9822050635560864,0.1938976790757006
G23731,0,0,0.00028043389654904514,10.18730/PHTQA,FULL,Phaseolus,vulgaris,Phaseolus vulgaris,BOL,RAQAYPAMPA - MIZQUE - COCHABAMBA,-18.13,-65.5,0.3591811050669926,2.576156380229744,0.3859604233784113,-0.5528087706154501,-1.1826534823486108,2.121360665301987,0.7192037605341968,0.5666148626738462,-1.1426823587402992,-0.2148966738048107,-0.1772172155267593,0.2276848888251061,-1.1544713853672233,-0.7250916881840593,-1.0030629870325345,-0.7056311332590228,1.4404415918875382,-1.2989142262277915,-1.442309505021058,-0.8349009787557171,-0.3551095338777418,-1.3717959136257032,0.0475725090909048,0.8082923615133358,1.7354849784890352,1.381794049892478,-0.6709394610318457,-0.1099513511812154,-1.3597075502692766,0.2062222827571616,-0.2107804406876045,-0.5705520052302171,-0.757286093476529,-0.4469444206308101,-0.6570596548050135,0.8026722889433453,-0.4631075857364448,-0.7902056543044146,1.5395465714874683,0.2592989092514546,-0.0199515483454258,-0.4732088249411688,1.216835444399101,-0.8539454952112374,-0.2090560808726318,-0.6141934515225999,-1.0862924933001423,-1.081089248173648,-1.0459927333425083,0.5905458955294102,1.1373407287766175,-0.2175428823637576,-0.4955789470858288,-0.7398783404678483,1.1627895918254894,-0.1588267718029321,0.4519103797890794
G13660,0,0,0.0004293060580457901,10.18730/JR9Z1,FULL,Phaseolus,vulgaris,Phaseolus vulgaris,MEX,PRESA VERDE PRESITAS - CEDRAL - SAN LUIS POTOSI,23.97,-100.7,0.3591811050669926,0.1239197045327331,0.3859604233784113,-0.4785588198791073,-1.2136373148095885,-0.6366110096055743,0.9615861694877764,1.2050923347041704,-1.757511336826214,0.2226919230432379,-0.1772172155267593,-0.7813424006612064,-0.6834618765223034,-0.2623913707848747,0.0789124687921807,0.6652202159177848,0.2392121602708989,0.4709794459826528,-1.4874469887424702,-0.7560827776010773,-0.9069160273660146,-1.4774225925701947,1.981934343128782,2.284841234397297,-0.2153190061781092,-0.5668829206880276,-0.1207889326592303,-0.1099513511812154,-0.2813215727714414,-1.1698836982734446,-0.1257586993940229,-0.1995076726110226,-1.299171544932368,-1.3905730880334863,-0.463378307124927,-0.4702141960191171,-0.9180504389337496,-0.6698700647492654,2.270439634491668,0.0857666518139174,0.226603710528381,-0.4802532876761118,-0.7271513650179893,-0.9630498064665326,-0.9631261420996432,-0.8083818219010451,-0.6420288710756757,-0.7185973447459358,-0.6677002064184193,-0.2544944361048191,0.198934802176775,0.370599781614977,0.60245490165617,0.7915268617013956,0.3302558147014318,1.2328441253651377,1.096941977785008
G826,0,0,0.000400237486480231,10.18730/JZRZV,FULL,Phaseolus,vulgaris,Phaseolus vulgaris,SLV,AHUACHAPAN - AHUACHAPAN - AHUACHAPAN,13.92,-89.86,0.3591811050669926,-0.358087316871131,0.3859604233784113,-0.5239121564510311,0.1058062675380682,0.3191217490257588,0.7892618846279269,1.6213813133121289,0.7603592898858205,-0.721943742865779,-0.6630233502020273,-0.7813424006612064,-0.2124523676773833,-0.493741529484467,-0.4620752591201768,0.9393904857531464,-0.294667587114274,0.0625424447033194,0.0246587159248409,-0.4408099729825183,-0.3012747540252274,0.0013509126526867,-0.726172224524246,-0.8323174972466213,0.3265709895627642,-0.4369711226493272,-0.395864196845538,-0.1099513511812154,0.2578714159774761,0.2062222827571616,1.2345895803624676,0.869261534228126,0.9917534098378564,1.430781311473505,-0.6957959243410308,0.79222198781659,-0.358964041028628,-0.6498141331567405,-0.6361354355451769,0.6356172968646153,0.9828912541144268,0.8558424841792047,-0.9463979976590144,1.1644842630117227,-0.6203670233600925,-0.3005045455266497,1.054250413781379,1.857003021714124,1.5466950731372249,1.1807639876243254,0.8419166407729635,1.6325900063282717,1.5929681113981238,0.8061626033872623,0.7743769932044142,0.6975861665253832,-0.580140269276917
G18571,0,0,0.0005257934871496611,10.18730/JSQPN,FULL,Phaseolus,vulgaris,Phaseolus vulgaris,BRA,"LAGOINHA, ESTRADA QUE LIGA MOSSÂMEDES A RODOVIA INHUMAS - GOIÁS - MOSSÂMEDES - GOIAS",-16.23,-50.12,0.3591811050669926,-0.866205859474782,0.3859604233784113,-0.5361364981306159,-0.0257288702679675,0.6559037687339428,0.4872456902926123,0.7366413881820411,0.7896368597514953,-0.5691350443806426,-0.1772172155267593,-0.2768287559180501,-0.4479571220998433,-1.5348172436326322,-1.6792976469229814,0.1168796762470617,-1.36242708188462,0.6071251130757639,-1.126347118971172,-0.4802190735598382,-0.5031551784721564,-0.9492891978477372,-0.9840871357292964,-0.1760735537426384,-0.5946420031967207,1.1219704538150774,-1.4961652535907688,-0.1099513511812154,-1.0901110558948175,0.2062222827571616,1.0318453289421328,0.6797062802730813,0.9834167105846896,0.8874799575143886,-0.463378307124927,0.2287179392445606,0.9236459306360624,-0.569590406786641,-0.1318758806063318,0.2538622641462872,0.8305255853283987,0.6280721475728329,3.26313734904867,0.5644105511075994,2.231388844552969,0.7152500072221413,-0.6554914050824778,-1.0143144238580168,-0.999859498351766,0.3560308267502984,0.6145854998241732,-0.2773637498980251,-0.4694431609904332,-0.8144643317515919,-0.205681356569879,-0.4799814960606078,-0.1931213719943667
G18043,1,1,0.9996222228840068,10.18730/JT7WN,FULL,Phaseolus,vulgaris,Phaseolus vulgaris,NLD,NIJKERK - NIJKERK - GELDERLAND,52.23,5.5,0.3591811050669926,-1.040308150676692,0.3859604233784113,1.0321548470414668,0.7734201669802585,-1.2464595317798537,-1.613306549206022,-1.7911465167612148,1.4890906071929555,0.6407392149405761,-0.1772172155267593,0.7321985335682625,-0.4479571220998433,1.0100345020628827,-0.4620752591201768,-2.4877378871888727,-0.9620172713457402,0.6071251130757639,1.2433707764029722,0.8202812454917177,1.818469702667528,1.797004454709043,-0.5972147689217209,-1.3245004548746084,-1.353287997233943,3.720206414589085,-1.358627621497615,-0.1099513511812154,-1.6293040446437357,0.2062222827571616,-1.5727637574726472,-1.1190525404121752,-0.5305278737903932,-1.1236882124044467,0.931127396171695,-1.8397613035538023,-0.5398449344685202,0.1223392331554673,-1.3556969918324044,-1.5077897602184327,-1.9480691873116327,-1.621452813307625,0.0329036281375648,-0.4393491124411159,-0.0171109743784834,-0.4349426480963426,-0.3862407249464373,-0.4610373080999299,-0.4554873254610034,-2.5160145174318767,-3.386939091946811,-2.624757599968652,-1.6395985460463085,-0.4572959433022682,-3.4826869861046608,2.838618001884401,2.5160113703460363
G695,0,0,0.0012528198862131,10.18730/JZNBP,FULL,Phaseolus,vulgaris,Phaseolus vulgaris,TUR,ELBISTAN - MARAS,38.23,37.18,0.3591811050669926,-0.0731135295680224,0.3859604233784113,-0.5470813675710287,-1.2405289429832669,1.7117609116028445,-0.7383066623865611,0.1449233282896675,-0.2341729833028198,1.2098868941596448,0.3085889191485086,0.2276848888251061,-0.9189666309447634,-0.3780664501346709,-0.3268283271420874,-0.2943757285059805,-1.2289571450383268,0.6071251130757639,-0.6975410236177554,-0.6378554758691177,-0.6310127806218782,-0.738035839958754,1.7240194319237316,2.284841234397297,-1.2449099980857687,-1.3463537089202298,1.804737916644924,-0.1099513511812154,-0.5509180671459002,-1.1698836982734446,-1.373289587296768,-0.1067465221467497,-1.1057601222588993,-1.304788663724152,-0.6183233852689962,-0.5471792032331646,-1.460693119253426,-0.1183319459548312,0.7803242131742159,-1.3962757902606544,-1.3441472638006886,0.4543092671601826,-0.2301923310316654,-0.7884829084580603,-0.4010011873667801,-0.2855669785744616,-0.5612536670348637,-0.9380003389258668,-1.03676608634436,-1.373135681314679,-0.4642621300763261,-0.8295563732912625,0.3996544348653157,1.2719732281970582,2.083528620429233,-0.6940846030272442,-0.3221277223510561
G4759,0,0,0.00272095632127,10.18730/PE8WY,FULL,Phaseolus,vulgaris,Phaseolus vulgaris,PER,SANTA CRUZ - CUTERVO - CAJAMARCA,-6.62,-78.95,0.3591811050669926,0.2931424129876378,0.3859604233784113,0.5290018255258478,0.596870782013935,-0.5637932756146155,0.3889029669187765,-0.1731762000926746,-0.7620741140876701,-0.7497271516231847,0.7943950538237766,0.2276848888251061,0.0230523867450766,-0.493741529484467,-0.3268283271420874,-0.1572905935882998,-0.9620172713457402,0.6071251130757639,-1.103778377110466,-0.2831735706732388,-0.7319529928453428,-0.9492891978477372,0.3054874202959551,0.152048418009353,-0.1069410070299345,0.7322350596989763,-0.5334018289386918,-0.1099513511812154,-0.8205145615203591,0.2062222827571616,-0.1126784343514037,-0.869000837156446,-0.520523834686593,-0.4278812152287359,-0.2309606899088233,-0.5341173233698648,0.0521288986074906,-0.4993946462128039,0.0097700560245857,1.157889146944509,-0.1169115386052522,-0.0857645557857088,0.0182871859614965,-0.2975135078092322,-0.2364768103717958,0.4314362351305673,-0.4939409970008535,-0.861686253993717,-0.9444996163628748,0.2730552903107617,0.4840740179690174,-0.6253601427656382,-1.091077870778386,-1.0103581050855,-1.0382151336939367,0.3764311870368224,1.096941977785008
G987,0,0,0.0003844608519925392,10.18730/JZXT$,FULL,Phaseolus,vulgaris,Phaseolus vulgaris,IRN,SHIRAZ - FARS,29.6,52.53,0.3591811050669926,-1.3556055086036252,0.3859604233784113,-0.5534101176991427,-2.1320448770019533,1.8118852958404124,1.6046863796013342,1.1651830814780952,-1.7220195511575067,0.797467606156232,0.3085889191485086,-0.2768287559180501,-1.3899761397896833,-1.0721169262334478,-0.867816055054445,-0.2943757285059805,-0.0277277134216875,0.6071251130757639,-1.4197407631603518,-0.9925373810649966,-1.229924706481101,-1.6886759504591775,1.8529768875262569,2.7770241920252845,-1.353287997233943,-0.6967947187267279,1.117049756179154,-0.1099513511812154,-1.0901110558948175,-1.1698836982734446,0.0867957382608648,1.8170381117038144,-1.5125910458134368,-1.4477627042397092,-0.8120047329490826,0.9507993355251364,-1.614167816717577,-0.273765415796899,1.397900494284643,-1.2249804378059954,-1.5990133908830428,1.6330791562075702,-0.3178909840880755,-1.159437566726064,-0.9357054126004792,-0.8830696566619857,-1.1132175613137465,-1.119246290639723,-1.073672674336954,-0.4171701588612793,1.02952689593975,0.0737962465411118,0.4549035016745696,1.1962614106297862,2.629266375198287,-0.0517750268964503,-0.0641150216376775
G12868,0,0,0.0009015449623943438,10.18730/JHADS,FULL,Phaseolus,vulgaris,Phaseolus vulgaris,MEX,LAGUNILLA-9 KM. E SANTA MARIA DEL ORO - SANTA MARIA DEL ORO - NAYARIT,21.33,-104.58,-2.9470184280009937,-0.6583917940798887,0.3859604233784113,-0.589644853410109,-1.2662513699320024,0.3191217490257588,1.1318178327763888,1.044595060985689,-0.6742414153973884,-0.1246006036233415,-1.634635619552563,-1.790369690147519,-0.4479571220998433,-0.493741529484467,-0.3268283271420874,1.213560755588508,1.7073814655801247,-0.9925864752682916,1.017683357795911,-0.6378554758691177,-0.6579301705481354,0.0013509126526867,-0.5972147689217209,-0.0120125678666426,0.9768389844518124,-0.3070593246106268,-0.9460147252181532,-0.1099513511812154,0.2578714159774761,0.2062222827571616,0.6982984231973948,0.6676070750305706,0.0463717145287462,1.1734280385455025,-0.734532193877048,1.679691933157648,1.2086703687837712,-0.5896463383791658,1.448893214189925,0.2176639798460511,0.8554581036779085,0.3674278493475327,-0.5956033854333741,-0.548453423696411,-0.8534432241029869,-1.077258027040431,-1.0459048912797364,0.6359776627997253,1.878854365070572,0.1243543947441183,0.5571320757466318,0.9305576137746818,1.1317872782717766,0.9964272453035292,0.3823536532946969,-1.0152394549003625,-1.0961655169161562
G8912,0,0,0.0002732808146691967,10.18730/K2ZZY,FULL,Phaseolus,vulgaris,Phaseolus vulgaris,MEX,TEPEHUANES - TEPEHUANES - DURANGO,25.37,-105.75,0.3591811050669926,0.9504000863241155,0.3859604233784113,-0.5147927088954246,-1.160438659074703,0.5648816012452444,0.6878924313616042,0.7893046338476684,-1.4940131535014256,0.6186054564357731,-1.1488294848772953,-1.2858560454043628,-0.6834618765223034,-0.493741529484467,-0.3268283271420874,1.761901295259231,1.4404415918875382,-0.9585500584950138,-1.306897053856821,-0.7954918781783972,-1.0011268921079148,-1.4774225925701947,0.9502746983085808,1.4645363050173188,0.7058939865813756,-0.4369711226493272,-1.2210899894044611,-0.1099513511812154,-0.0117250783969826,-1.1698836982734446,-0.2328533819778665,-0.0704486371813169,-0.9890463327145648,-0.656639680053627,-0.6183233852689962,1.0764231973735905,0.1069412905589731,-0.6147162528698219,2.001312526449757,-0.2397702753419841,0.3014013976743425,-0.3769347938808748,-0.7125349228419209,-0.864855926336767,-0.9631261420996432,-1.0324453261838666,-1.0593674252865384,-0.527812132415561,0.1073381414260561,-0.2453234557615019,0.2918533028453913,0.4842019098651482,0.8442936312224252,0.9260631025830164,0.2786737962922585,0.0552764627791469,0.1938976790757006
G1475,1,1,0.8881901189030286,10.18730/K091Q,FULL,Phaseolus,vulgaris,Phaseolus vulgaris,ESP,ALCALA - MADRID,40.47,-3.35,0.3591811050669926,-0.5505922175716133,0.3859604233784113,-0.599934754832504,-0.9493978379725742,0.3009173155280191,-1.2802018905223091,-0.0045793746452879,0.1148044287782079,1.531585602608167,0.7943950538237766,0.7321985335682625,-0.9189666309447634,-0.7250916881840593,-0.7325691230763556,-1.253971672929746,0.7730919076560719,0.6071251130757639,-0.7652472491998737,-0.6772645764464376,-0.8732692899581931,-1.0549158767922286,1.208189609513631,1.1364143332653274,-0.9197760006412448,0.3424996655828751,0.9795121240860004,-0.1099513511812154,-1.0901110558948175,-1.1698836982734446,-0.6873928485171108,0.5103164837765582,-1.1291028801677665,-1.2761938556210408,-0.5021145766609444,-0.8379933552941594,-1.3949182489116472,-0.2135976210193244,-0.0270578745989198,-1.3751860012275532,-1.3967826940668868,0.8722794873823448,-0.4494389636726906,-0.5920951481985292,-0.2364768103717958,-0.5245680498094712,-0.6958790071028839,-0.8903040358432732,-0.999859498351766,-1.5458558111138196,-1.4888481927924808,-0.9215884771901354,0.041362582443627,0.7754838371611187,0.0254060859032174,-0.265878261478529,0.1938976790757006
G13642,0,0,0.0004907867917814667,10.18730/JR9BJ,FULL,Phaseolus,vulgaris,Phaseolus vulgaris,MEX,"85 KM N DE SAN LUIS POTOSI RUMBO A CHARCO, MOCTEZUMA - MOCTEZUMA - SAN LUIS POTOSI",22.76,-101.07,0.3591811050669926,1.120044221340355,0.3859604233784113,-0.5438419295978245,-1.1165936131393577,-0.2725223396507806,1.1018889656749378,1.1077908792534874,-1.698956088027435,-0.0829254739270349,-0.6630233502020273,-1.2858560454043628,-0.9189666309447634,0.0846338672645136,0.484653264726449,1.213560755588508,-0.5616074608068605,0.6071251130757639,-1.3971720212996457,-0.8349009787557171,-0.9338334172922718,-1.4774225925701947,1.8529768875262569,2.1207802485213016,-0.5946420031967207,-1.086530112842829,0.0167486994339235,-0.1099513511812154,-0.0117250783969826,-1.1698836982734446,-0.0824302842853972,-0.163209826108147,-1.1541129779272663,-1.1713462259096323,-0.5021145766609444,-0.0006175086079138,-0.5891760872248545,-0.684912013443659,1.0777806975756477,-0.028482986788833,0.3207933006161582,-0.4215496032364363,-0.7417678071940575,-0.864855926336767,-0.9631261420996432,-0.8233193888532333,-0.5747162010416657,-0.4133410050173361,-0.4554873254610034,-0.030242131043229,0.3783880897276141,0.6001048407127912,0.8439627984870405,0.8526029375828008,0.3194235908355054,0.2693796973612255,0.3229038756448727
G5045,1,1,0.9818823383027208,10.18730/PPGS2,FULL,Phaseolus,vulgaris,Phaseolus vulgaris,BRA,CURITIBA - PARANA,-25.42,-49.38,0.3591811050669926,-0.9505468874389552,0.3859604233784113,-0.568424485075818,0.5033346840185318,-0.5000777583725267,-0.5719209435402146,-2.187915565294929,0.9360246763596408,0.0073705300136416,-0.1772172155267593,-0.2768287559180501,0.2585571411675366,-1.1877920055832438,-1.2735568509887132,1.3506458905061889,-1.4958970187309133,0.6071251130757639,-0.9006597003641106,0.1109174350999599,-0.449320398619642,-0.4211558031252794,-1.628874413741922,-1.1604394689986126,-0.4320750044744585,-0.5668829206880276,-0.8084770931249995,-0.1099513511812154,-0.0117250783969826,1.582328263787768,-0.0742551261865698,-0.1228789111911028,0.6699568186656195,0.0582305225241579,2.093215482252213,-1.3758650887118955,1.2086703687837712,0.4532621044321278,-0.3840056715841659,-0.3875809718762759,0.4011315767503292,-0.4849495607094198,1.991506879730724,0.2480080484672434,0.5038828861056335,0.3418108334174387,0.1253355673120395,-0.1176239259052552,-0.3078609734906271,0.8551941854365641,-0.2138786893433371,-0.6046529193883918,-1.8602639805479395,-2.385273453844323,-2.349945861839214,-0.5870329857362047,-0.0641150216376775
G18628,0,0,0.0011018426014341,10.18730/JSSC1,FULL,Phaseolus,vulgaris,Phaseolus vulgaris,BRA,"Á 12 KM DE GOIANÉ, CÓRREGO CABECEIRA DE LAGES, RODOVIA GOIANÉSIA - JARAGUÁ - GOIANÉSIA - GOIAS",-15.39,-49.23,0.3591811050669926,-0.8308633313463988,0.3859604233784113,-0.5731557238867122,-0.4162420793987759,1.3112633746525713,0.4305268884465759,0.8334411832264954,0.5554163389996968,-0.6733228023806165,-0.1772172155267593,-0.2768287559180501,-1.1544713853672233,-2.113192640381613,-2.355532306813428,-0.2943757285059805,-1.36242708188462,0.6071251130757639,-1.4874469887424702,-0.7166736770237575,-0.738682340326907,-1.3717959136257032,-0.9840871357292964,-0.6682565113706256,-1.299098997659856,1.7715294440085794,-1.4961652535907688,-0.1099513511812154,-1.898900539018194,0.2062222827571616,1.1593780432109069,0.8410300168663799,0.7199770141846201,0.6587214926894973,-0.5795871157329789,0.318003766992388,0.7592087547816148,-0.639786167360478,-0.1205442143212414,0.1803436661743838,0.957958656506458,0.6797314252617568,2.912342736823029,0.4989479643544223,2.094285197057149,0.5509367707480721,-0.790116745150498,-1.042932205707573,-1.0090861453499145,0.3966451682707033,0.6330273396515321,-0.2074768709998184,-0.4042691121196367,-0.7376266879007919,0.0563552969487214,-0.6940846030272442,-0.4511339189202276
G20372,1,1,0.9679209029531798,10.18730/JNCC3,FULL,Phaseolus,vulgaris,Phaseolus vulgaris,MKD,BLATEC - VINICA,41.84,22.59,0.3591811050669926,-1.0005074663626383,0.3859604233784113,-0.5952037290511689,-0.3022449599668783,-0.135989088417733,-1.9762051120750943,-0.6810207018148535,-0.039428409588075,2.308751578399669,1.2802011884990447,1.2367121783114188,0.2585571411675366,0.2003089466143097,-0.0563344631859086,-1.5281419427651075,-0.0277277134216875,0.6071251130757639,0.3857585856961391,-0.3225826712505587,0.7956088854697538,0.3182309494861614,0.5634023315010054,-0.3401345396186341,-0.8655870010671574,0.2125878675441747,1.117049756179154,-0.1099513511812154,-0.2813215727714414,-1.1698836982734446,-1.3920925041104717,-0.2519378312331372,-1.0157237703246984,-1.371509882631412,0.2726108140594013,-1.7725372361341172,-0.907087960543453,-0.3439611763707361,-0.4123348879534362,-1.5947121717268762,-0.5961706829554154,-2.093430386152756,-0.5809869432573057,-0.7557516150814718,-0.4421322816155262,-0.4349426480963426,-0.4670159289872495,-0.6327439991972672,-0.6861535004147163,-1.78495637006459,-1.8190280558553884,-1.4358178577250875,-0.5511588466304674,0.2927858180983998,-0.7663778966775932,-0.3729298787695683,-0.3221277223510561
G52,0,0,0.0008760059997294912,10.18730/PQ43W,FULL,Phaseolus,vulgaris,Phaseolus vulgaris,CAN,WADENA - SASKATCHEWAN,51.95,-103.67,0.3591811050669926,-1.0364831202567857,0.3859604233784113,-0.4560370493666457,-0.1444027945996353,-1.219152881533244,-2.767673227459025,-0.2885334122924851,-0.4985760180168251,4.119313966256992,4.195037996550653,0.7321985335682625,4.497642720771816,1.4727348194620673,1.0256409926388066,-0.2943757285059805,-1.2289571450383268,0.6071251130757639,1.739883097338507,2.0813724639659537,1.0176773523613758,1.6913777757645514,0.6923597871035305,0.6442313756373401,-1.353287997233943,-0.5668829206880276,0.8419744919928466,-0.1099513511812154,2.145046876598688,-1.1698836982734446,-3.2266006036278254,-1.143251143209984,-1.0974234230057325,-1.152283020507558,-0.1922244203728061,-0.60727048381718,-0.5179199776879273,-0.5595624409903786,-0.4180007177188753,-2.1005266485668272,-0.2997503147290013,-4.321822017611784,-0.6540691541376474,-0.930318513089944,-0.8260224946038229,-0.7336939871401047,-0.5477911330280616,-0.4705765687164486,-0.3724475024776668,-2.2435053872304507,-2.885462908949012,-1.328830536942648,-0.2795451708795843,0.5939443489421953,-2.2715411938572707,1.9822050635560864,2.7740237634843807
G23869I,0,0,0.000494608529316655,10.18730/S6HZ5,FULL,Phaseolus,vulgaris,Phaseolus vulgaris,BOL,"20 KM NE DE TARIJA, EN SELLA CERCADO - CERCADO - TARIJA",-21.47,-64.67,-1.2939186614670004,1.0634961763349418,2.5782939957664426,-0.4397746261644008,-0.6758047513360198,1.6389431776118857,0.7421455156370014,0.4979023105566201,-1.347625467774195,0.2782586743172566,-0.1772172155267593,0.2276848888251061,-1.6254808942121433,-0.9564418468836516,-1.2735568509887132,-1.1168865380120652,0.3726820971171922,-1.1968049759079582,-1.2617595701354087,-0.4014008724051984,-1.0145855870710434,-1.2661692346812117,0.8213172427060557,0.9723533473893315,0.922649984877725,1.90144124204728,-0.9460147252181532,-0.1099513511812154,-1.898900539018194,-1.1698836982734446,0.0467374078076424,-0.1349781548961698,-0.7989695897423627,-0.7042976935588128,-0.6957959243410308,0.6913492531109261,0.0630913769977871,-0.7751637056100209,0.8624788220243529,0.0494433794832422,0.3651178804244003,-0.4074606889633874,0.8221915056452557,-0.8430350640857079,-0.2776079046205419,-0.5096304828572832,-1.0459048912797364,-1.0715499875571293,-1.055219380340657,1.3478068438776032,1.1125151751628652,0.4019482170055305,-0.7337785165628518,-1.2450928852011314,0.9858632686820248,-0.265878261478529,0.7099227729274225
G50723B,0,0,0.0773434425467784,10.18730/S1N8P,FULL,Phaseolus,vulgaris,Phaseolus vulgaris,HND,"CHAGUITE GRANDE, 4 KM ARRIBA DEL PORTON DE GUINOPE - OROPOLI - EL PARAISO",13.83,-86.92,-2.9470184280009937,0.5262897487835169,-2.902539935203636,0.5038972709900912,0.9862147899198008,-0.7458376105920123,-0.2058996287885667,0.5751411763058744,0.7310817309268886,-0.4996765059269303,-0.1772172155267593,-0.2768287559180501,0.4940618955899966,0.0846338672645136,0.0789124687921807,0.3910499460824232,-0.4281375239605672,-0.0395668056165138,0.0923649415069593,0.1897356362545997,0.687939325764725,0.4238576284306529,-0.9840871357292964,-1.1604394689986126,0.1640039908405021,-0.047235728533226,-0.395864196845538,-0.1099513511812154,0.2578714159774761,0.2062222827571616,0.234766320854589,-0.2438715790171245,0.4248578606225169,0.4409585146051147,-0.2309606899088233,0.4218431389005083,1.0003832793681378,-0.6147162528698219,-1.1432279205637108,0.2262701876476883,0.1767386209903871,0.1091316400523242,-0.7710006915461942,1.0117382272543094,-0.3872908226171981,-0.5395056167616593,1.4446638999786376,1.2083332997908498,0.1165647884242046,0.849735268565542,0.9809397410099772,1.5831227504826275,1.2856245002256872,1.1326522256104423,1.1560839294322969,1.0187408907830586,-0.0641150216376775
G19889,0,0,0.0038542793199832,10.18730/JTK3A,FULL,Phaseolus,vulgaris,Phaseolus vulgaris,ARG,7 KM N DE LOS ALISOS - SAN SALVADOR DE JUJUY - JUJUY,-24.25,-65.28,-2.9470184280009937,-0.0391907012706146,-2.902539935203636,-0.2572049326131067,0.1981731643085288,0.2645084485325398,0.0112988002051459,0.124746560515031,-0.6156862538525528,0.3616089337098698,1.2802011884990447,0.7321985335682625,-0.2124523676773833,-1.1877920055832438,-1.2735568509887132,-0.8427162681767036,-0.5616074608068605,0.6071251130757639,-1.4874469887424702,-0.5984463752917978,-1.0347736295157364,-1.4774225925701947,-0.3392998577166706,-0.6682565113706256,-0.3236970053262839,1.511705847931179,-0.8084770931249995,-0.1099513511812154,-1.3597075502692766,0.2062222827571616,-0.0783426759992977,0.0949081293635931,-0.4438262015574589,-0.084743517991399,-0.5408508461969617,0.8866398476376176,1.159339216027437,-0.7250238766287087,0.1740795413602683,-0.614271540396233,0.5507269774617398,-0.4849495271189054,1.66994515185722,-0.7448411839559423,0.1199926731173367,-0.5992558845704118,-1.0324423572729344,-0.9952359026249792,-0.999859498351766,1.2115522787768902,0.8447538469002495,-0.1795796395054726,-1.2416067653784493,-1.8583867531531224,0.0558394767646297,-0.265878261478529,0.8389292770716291
G19895,0,0,0.0018275191517279,10.18730/JTK7E,FULL,Phaseolus,vulgaris,Phaseolus vulgaris,ARG,"12 KM W DE LA HIGUERA, SENDA A GONZALO - TRANCAS - TUCUMAN",-26.43,-65.52,-2.9470184280009937,0.1728644674996846,-2.902539935203636,-0.2769245392759941,0.159589523885425,0.2645084485325398,-0.5867544742158449,0.4407252691992504,-1.2890702189754164,0.4935800673468534,0.7943950538237766,0.7321985335682625,0.4940618955899966,-0.7250916881840593,-1.0030629870325345,-0.020205458670619,0.7730919076560719,-1.5371691436407362,-0.7652472491998737,0.07150833452264,-0.1330410669861198,-0.526782482069771,-1.1130445913318214,-1.3245004548746084,1.1935949827481618,0.0826760695054743,-0.1207889326592303,-0.1099513511812154,-0.2813215727714414,1.582328263787768,-0.2516563130444536,-0.0785148124722144,-1.0640766259930654,-0.8949297475795555,-0.6957959243410308,0.7672446305511226,-0.0684583636857708,-0.7902056543044146,0.4913664134773692,-0.4999895521562084,0.4316047633465074,-0.5859199599761469,0.5298626621238887,-0.908497650838885,-0.4284219168659441,-0.8531945227576094,-1.0728299592933406,-1.0715499875571293,-1.055219380340657,1.7653048061733776,0.814253881031925,-0.0386554804103234,-1.571447002557049,-1.955207813536548,-0.159257540001623,0.2693796973612255,1.354954370923351
G19122,0,0,0.00023704599017038795,10.18730/JMJ0A,FULL,Phaseolus,vulgaris,Phaseolus vulgaris,MEX,OCOTLAN DE MORELOS - OCOTLAN DE MORELOS - MORELOS,16.8,-96.66,0.3591811050669926,0.7100708950511097,0.3859604233784113,-0.5213933350820441,-0.6161754888639502,1.830089729338152,1.1592435814857345,0.8509954708967804,-1.171960070393632,-0.277409302108478,-1.1488294848772953,-0.7813424006612064,-1.1544713853672233,-0.8407667675338554,-0.4620752591201768,0.6652202159177848,-0.4281375239605672,0.5050158627559306,0.8371334229102618,-0.7954918781783972,-1.4654518683358515,0.2126042705416698,1.4661045207186814,0.6442313756373401,-0.3778860049003713,0.0826760695054743,-0.8084770931249995,-0.1099513511812154,-0.5509180671459002,-1.1698836982734446,0.7784151043258827,0.4619194320311744,-0.5421992527448266,-0.2086543531048818,-0.734532193877048,0.7482237464839266,-0.0629771244906226,-0.7851916714062834,0.7293315945820198,0.4922359200221959,0.6393759785613087,0.4026500566522871,-0.9610144398350828,-0.6466473038261766,-0.9494157773500612,-0.3602548133354021,-0.1169900448103969,0.3497998443041631,-0.0771947985369141,0.3503535532044354,0.1507022980129131,0.5371203696070002,-0.2309127587780255,-0.1766837421328626,-0.8685102931277563,0.3764311870368224,0.0648911749314939
G20787,1,1,0.9894266941162608,10.18730/JTRF$,FULL,Phaseolus,vulgaris,Phaseolus vulgaris,RWA,NGARA - RUKONDO - GIKONGORO,-2.4,29.65,0.3591811050669926,-0.4301448762933252,0.3859604233784113,-0.0247328090783227,0.8733868717128457,-0.8823708618250599,-0.5588755845835939,-1.5127662375521362,1.5507402081538153,-0.9240746256986134,-1.1488294848772953,-0.7813424006612064,-0.2124523676773833,-1.0721169262334478,-1.1383099190106238,1.213560755588508,-0.6950773976531537,0.6071251130757639,-0.8555222166426983,-0.2831735706732388,-0.2676280166174059,-0.6324091610142625,-1.2420020469343465,-0.996378483122617,-0.3778860049003713,0.3424996655828751,-1.6337028856839226,-0.1099513511812154,-0.2813215727714414,1.582328263787768,0.3067077776144302,-0.3567982254024788,0.2131056995920813,0.0010409063179351,-0.4246420375889098,-0.6138062059260783,-0.3260766058577385,0.0320875409891053,-0.3783398249332113,1.093996573971773,0.1351843092567641,0.2969834347380239,0.6029448730042304,0.0407098570821827,0.832931640095602,1.850505095588437,0.7580746656317345,-0.8807647752267544,-0.9906328513536174,0.1285031715660951,-0.1581985190953495,-0.5836580956864614,-1.2611258967661498,-1.4893971887267523,-0.2701588795813457,-0.265878261478529,-0.3221277223510561
G1856,0,0,0.0009214068851444412,10.18730/K0HE~,FULL,Phaseolus,vulgaris,Phaseolus vulgaris,HND,NEAR LA LABOR ALONG ROAD TO OCOTOPEQUE - LA LABOR - OCOTOPEQUE,14.48,-89.01,0.3591811050669926,-0.6583917940798887,0.3859604233784113,-0.3154661484431728,0.6640998524481311,-0.6821220933499235,0.4900854160778211,0.5044223652185054,0.2333631304643595,-0.4441097546529117,-0.6630233502020273,-0.2768287559180501,0.0230523867450766,-0.493741529484467,-0.5973221910982662,0.9393904857531464,-0.6950773976531537,0.6071251130757639,0.2503461345319023,-0.2831735706732388,0.1630502222027094,0.3182309494861614,-0.8551296801267712,-0.8323174972466213,-0.1611300066040218,-0.6967947187267279,-0.1207889326592303,-0.1099513511812154,0.2578714159774761,0.2062222827571616,0.5756708840913453,0.1755698438100125,0.4882167749465843,0.6015318764832746,-0.2309606899088233,0.4132977025411494,0.8688335386845797,-0.5595624409903786,-0.5284845518031802,0.4161931004297897,0.4897806835278422,0.3768204066109868,-0.7125349228419209,0.2916497729693615,-0.4421322816155262,-0.4797553489529069,0.8523124036793487,1.3609614696551495,0.9008297832668288,0.6573630380307213,0.7536086000611869,1.44737539723179,1.6025622607242815,0.9761623722000216,0.9569773383728878,0.5905344216189015,-0.4511339189202276
G24573,0,0,0.0081836324796378,10.18730/JY8FX,FULL,Phaseolus,vulgaris,Phaseolus vulgaris,MEX,3 KM N DE SAN MIGUEL COATLAN - SAN MIGUEL COATLAN - OAXACA,16.22,-96.7,-2.9470184280009937,0.1728644674996846,-2.902539935203636,0.8273896699742134,0.6278546144749123,0.1097707638017525,-0.2543615151367645,0.581159953216303,0.49686121017509,-0.7497271516231847,-0.6630233502020273,0.2276848888251061,0.7295666500124566,0.3159840259641059,0.3494063327483596,1.213560755588508,0.2392121602708989,-0.1757124727096249,1.7850205810599196,0.6626448431824382,2.350088153711108,1.9026311336535344,-0.726172224524246,-0.996378483122617,0.3265709895627642,-0.8267065167654283,-0.2583265647523842,-0.1099513511812154,1.0666608991008526,0.2062222827571616,-0.1927950609047451,-0.7883390073223551,-0.0253238990484878,0.1440149468334921,-0.5408508461969617,0.696073270916944,0.2768597056085688,-0.6698700647492654,-0.3868385341217921,0.6448375014886046,-0.2111011551125153,-0.2008237125697502,-0.887932228954741,-0.144767472051819,-0.8123121298542408,-0.6141934515225999,0.1657231693324455,0.90307696006225,0.5963504323279276,0.5211084729300084,0.2333359264701177,0.7393033978598366,0.0416934151790118,-0.1172964056767496,-0.8463300252118118,1.125792380458656,0.5809165763582509
G23703,0,0,0.0019907792570627,10.18730/PHVAX,FULL,Phaseolus,vulgaris,Phaseolus vulgaris,PER,CARHUATAC - TARMA - JUNIN,-11.44,-75.7,0.3591811050669926,2.929581661513576,0.3859604233784113,-0.3822138241057523,-0.3408286003899821,0.7924370199669905,-0.4510474179920164,0.1844313299213862,-1.1426823587402992,-0.73583546380468,0.7943950538237766,0.7321985335682625,0.0230523867450766,-0.0310412120852824,-0.0563344631859086,-0.7056311332590228,2.1077912761190043,-1.1287321423614027,-0.9909346678069352,-0.2043553695185991,-0.6915769079559569,-1.0549158767922286,0.3054874202959551,0.152048418009353,0.8684609853036377,0.2125878675441747,0.429361595713385,-0.1099513511812154,-0.2813215727714414,0.2062222827571616,-1.3078882473435158,-2.2604174017945184,-0.9940483522664648,-0.9711825691878524,-0.6183233852689962,0.1183394516988809,-0.600138565615151,-0.7751637056100209,1.3129129705517828,0.6926968865450931,-1.11144341134869,-1.060245625950185,0.1352187233700433,-0.7121098905793538,-0.4832633758642722,-0.494692915905095,-1.0189798232661325,-1.081089248173648,-1.0275394393462116,0.6357457272214736,0.5074809685191268,-0.7757751125753587,-0.9521281219167894,-0.9104410224223716,-0.3227725383587025,0.3764311870368224,1.096941977785008
G24927,0,0,0.3071142116275551,10.18730/JYAZ=,FULL,Phaseolus,vulgaris,Phaseolus vulgaris,COL,"2 KM N CHOACHÍ, VEREDA LAS HERRERAS, SECTOR SANTA ROSA - CHOACHI - CUNDINAMARCA",4.56,-73.92,0.3591811050669926,0.7524819288051695,-1.80637314900962,3.138124447785977,1.6333676679254967,-0.9642908125648884,-0.4465260235640124,-1.016287112565535,-0.2058003848005344,-0.8955900061990688,1.2802011884990447,1.2367121783114188,1.6715856677022964,0.6630092640134944,0.7551471286826278,-0.4314608634236613,-0.1611976502679807,0.1986881117964306,1.1079583252387355,1.1749631506875966,2.363546848674236,1.480124417875568,-0.9840871357292964,-0.996378483122617,-0.2153190061781092,0.3424996655828751,0.1542863315270773,-0.1099513511812154,0.7970644047263937,1.582328263787768,-0.0848828289862864,-0.8488353412353655,0.8283541044757878,0.1440149468334921,0.7374460484916087,-0.866112649062924,1.2251140863692158,1.5463103762247337,-1.0044149680461258,1.1820251197371263,-0.1390737360411717,0.0058131966428577,-0.4055896371444856,1.0117382272543094,0.846642004845184,1.716066993018744,1.673526978094272,0.6264384021832066,0.5594438443353336,0.924631608035966,0.1702080901380043,0.110609088100661,-0.773809277544407,-0.9481562029205666,0.1569402328466094,-1.4434457964490774,-1.4831845679862237
G50775,0,0,0.0032682190162247,10.18730/JXQ8~,FULL,Phaseolus,vulgaris,Phaseolus vulgaris,PER,"SONDOR, EN LAGUNAS - HUANCABAMBA - PIURA",-5.36,-79.4,0.3591811050669926,0.8090299738105826,-1.80637314900962,0.7559903794263457,1.1142423240510089,-1.3465839160174216,0.5103370486812421,0.4422298677631646,-1.2890702189754164,-0.916427571047222,1.2802011884990447,0.7321985335682625,0.0230523867450766,-0.2623913707848747,-0.3268283271420874,-0.4314608634236613,-0.5616074608068605,-0.5501130572156805,-1.0360721515283473,0.1109174350999599,-0.671388865511264,-0.738035839958754,0.6923597871035305,0.4801703897613444,0.760082986155463,0.7322350596989763,-0.2583265647523842,-0.1099513511812154,-0.5509180671459002,-1.1698836982734446,0.0344746453209429,-0.7318757033609561,-0.7706248122815957,-0.8853981448785183,0.0401931968432975,-0.7952678580218685,-0.6933196319326712,-0.4843526975184102,-0.2055318465435327,1.0536804666708004,-0.0476544404474984,0.0480798498872981,-0.0401785827427768,-0.6030055793240586,-0.4284219168659441,0.1625600299911814,-0.6151038030620718,-0.8426077327606795,-0.8799130873758353,0.0752241429049189,-0.3532564403462616,-0.6299617479605819,-1.163861072563032,-1.2414339497796645,-0.9469149611096996,0.3764311870368224,1.2259481743541794
G20817,1,1,0.9986523601518874,10.18730/JTS2G,FULL,Phaseolus,vulgaris,Phaseolus vulgaris,RWA,HINDIRA - SATINSYI - GISENYI,-1.82,29.62,0.3591811050669926,0.2021343524633336,0.3859604233784113,0.3524425348599868,1.2165474312334812,-1.0644151968024569,-0.5757499923793581,-1.2246490328554065,1.4878179363103818,-0.9181290471564342,-0.6630233502020273,-0.2768287559180501,-0.2124523676773833,-0.8407667675338554,-0.7325691230763556,1.076475620670827,-1.0954872081920335,0.6071251130757639,-0.7652472491998737,-0.2043553695185991,-0.1397704144676841,-0.4211558031252794,-1.1130445913318214,-0.996378483122617,-0.648831002770808,-0.3070593246106268,-0.6709394610318457,-0.1099513511812154,-0.0117250783969826,1.582328263787768,0.3263282131860488,-0.3487319731864652,0.2214423988452481,-0.1609963395996961,0.0014569273072803,-0.8829561133103142,-0.0739396028809191,0.6086955742741956,-0.0497211784637258,1.2957206607667835,0.1628871749393508,0.3345537981538985,0.2521502607785901,0.1934558928395959,0.9289041933426764,1.5965664574012393,0.6234493255637144,-0.7090580841294171,-0.8891397343739837,0.1448799221791616,-0.2365763383616251,-0.6334129518567896,-1.3620298810584996,-1.5217646943781882,-0.3222567181746107,-0.3729298787695683,-0.1931213719943667
G23447C,0,0,0.0006456847674530215,10.18730/S1DG~,FULL,Phaseolus,vulgaris,Phaseolus vulgaris,BOL,"8 KM W DE TOMATITAS, RINCÓN LA VICTORIA - MENDEZ - TARIJA",-21.55,-64.87,-2.616398474694195,1.2331403113511812,-2.902539935203636,0.0873550100257556,0.0911912522262864,1.1201168229263043,0.5159790994301967,0.6965173567434998,-1.4647356163559797,0.3199338040135632,0.7943950538237766,0.7321985335682625,0.2585571411675366,-0.0310412120852824,-0.4620752591201768,-0.5685459983413421,1.7073814655801247,-3.375135649397736,-0.6072660561749308,-0.0467189672093195,0.3245545617602527,-0.4211558031252794,-0.5972147689217209,-0.0120125678666426,2.331563973803996,0.4724114636215755,0.0167486994339235,-0.1099513511812154,-0.2813215727714414,0.2062222827571616,-0.5508674945465505,-0.9214309957785588,-0.9623688951044312,-0.7996137205691841,-0.7732684634130653,0.9398894645150648,-0.1123082772469568,-0.8253035345913331,1.3695714252414886,0.0542396505268242,-0.1723172171314538,-0.8324753523260278,0.6760270838845722,-0.9412289442154737,-0.3872908226171981,-0.7336939871401047,-1.1132175613137465,-1.1001677694066854,-1.073672674336954,0.6165303398354757,1.1657127900494777,0.0758094488138996,-0.6649653076028229,-1.16262610993269,0.9466609346910532,-0.0517750268964503,0.9679354736408012
G50038,0,0,0.0008606773447274923,10.18730/PG53~,FULL,Phaseolus,vulgaris,Phaseolus vulgaris,PER,SAN LUIS DE LUCMA - CUTERVO - CAJAMARCA,-6.25,-78.52,-1.2939186614670004,0.8797150300673491,2.5782939957664426,-0.0906507301079034,0.9254163262227888,-1.0462107633047169,0.6592338238669357,0.4893756142698198,-1.3183477561208623,-0.8330773613352034,-0.1772172155267593,0.2276848888251061,-0.2124523676773833,0.2003089466143097,-0.4620752591201768,-0.020205458670619,-0.0277277134216875,-1.264877809454514,0.1149336833676655,0.1109174350999599,0.4389534689468458,0.3182309494861614,0.4344448758984802,0.152048418009353,0.2723819899886768,0.4724114636215755,-0.5334018289386918,-0.1099513511812154,-0.2813215727714414,0.2062222827571616,0.5413351725179367,-0.0381839744802837,-0.885671261975297,-0.9521193637857782,-0.3084332289808579,-0.7161466843757406,-0.4192576721752588,-0.5946603212772971,-0.0015615292100335,1.050244323477559,0.4565372552765325,0.3486426676395944,-0.171726562327392,-0.5702742859474701,-0.4284219168659441,-0.0017532064828876,-0.6420288710756757,-0.8807647752267544,-0.962952910359172,0.1616933861419098,-0.1408206315657228,-0.6696505927669708,-0.7228610362951549,-1.1322288002774286,-0.9376301977960486,-0.1588267718029321,0.3229038756448727
G10961,0,0,0.0003731314728129335,10.18730/JP5T3,FULL,Phaseolus,vulgaris,Phaseolus vulgaris,MEX,0.5 KM W DE FELIPE ANGELES - FRESNILLO - ZACATECAS,23.29,-103.3,0.3591811050669926,1.204866288848475,-1.80637314900962,-0.4500596531065677,-1.035918728618322,0.3373261825234985,0.7831714801290771,0.7657315692669546,-1.4940131535014256,0.3129879269839146,-1.1488294848772953,-1.790369690147519,-1.1544713853672233,-1.0721169262334478,-1.0030629870325345,1.4877310254238694,-0.4281375239605672,-0.1416760559363472,-1.1714846026925845,-0.9137191799103568,-1.162631231665458,-1.3717959136257032,0.8213172427060557,1.9567192626453056,0.5975159874332009,-0.5668829206880276,-0.9460147252181532,-0.1099513511812154,-0.2813215727714414,-1.1698836982734446,-0.3840940426487387,-0.4132614909013181,-1.109094801960166,-0.8949297475795555,-0.734532193877048,0.9200697333064388,-0.6385072399811887,-0.684912013443659,2.1117962727293835,0.0745107316287242,-0.0061001551333601,-0.391023663366571,-0.7271513650179893,-0.886676788587826,-0.9357054126004792,-1.0473828931360547,-0.9920547552525284,-0.4991943505660048,-0.1694612685183993,-0.0442169582330457,0.3095858411409288,0.6504348975324874,0.890279381440906,0.933943886567714,0.2518511467194884,1.0187408907830586,0.9679354736408012
G2907,0,0,0.00019865960987626923,10.18730/K1FT6,FULL,Phaseolus,vulgaris,Phaseolus vulgaris,MEX,"E OF MITLA, RANCHO SACATAL ALONG ROAD TO AYUTLA - MITLA - OAXACA",16.92,-96.34,0.3591811050669926,0.8500273064395072,0.3859604233784113,-0.4877508696950357,-0.7728484530062506,2.130462882050857,0.2198667615940308,0.6764551496968432,-1.0548497473039609,-0.4371638776232631,-1.1488294848772953,-0.7813424006612064,-0.9189666309447634,-0.1467162914350786,0.2141594007702701,0.5281350810001041,1.0400317813486584,-0.1416760559363472,0.6791522298853189,-0.5984463752917978,-1.1289844942576366,0.0013509126526867,1.208189609513631,0.4801703897613444,0.4891379882850262,0.0826760695054743,-0.6709394610318457,-0.1099513511812154,-0.2813215727714414,-1.1698836982734446,0.4326054672802432,0.082808885658527,-0.6605803821397945,-0.4469444206308101,-0.6957959243410308,0.7244427852777874,-0.1068270380518085,-0.7701497227118898,0.1542490848361259,0.5072054683588747,0.3512665400513094,0.1560946503063589,-0.9463979976590144,-0.6793785972027653,-0.9357054126004792,-0.6590061523791642,0.0984104992984354,0.3116428018380881,-0.1786879155165479,0.3289545990700286,0.189004580731274,0.6213872647394056,-0.0999029955656629,0.0836635859330353,-0.7916530856980881,0.4834829319433041,0.3229038756448727
G18575,0,0,0.0008350036279695329,10.18730/JSQTS,FULL,Phaseolus,vulgaris,Phaseolus vulgaris,BRA,"SANTO ANTÔNIO DO COCAL, RODOVIA MOSSÂMEDES - SANCLERLÂNDIA - MOSSÂMEDES - GOIAS",-16.22,-50.22,0.3591811050669926,-0.866205859474782,0.3859604233784113,-0.5434347259240301,-0.1145881633636005,0.8561525372090794,0.4981188388620829,0.7155762429776991,0.8189144187104272,-0.5691350443806426,0.3085889191485086,0.2276848888251061,-0.2124523676773833,-1.7661674023322245,-1.8145445789010708,-0.4314608634236613,-1.4958970187309133,0.6071251130757639,-1.0586408933890536,-0.2831735706732388,-0.3685682288408704,-0.738035839958754,-0.8551296801267712,0.152048418009353,-0.973965000215332,1.7715294440085794,-1.4961652535907688,-0.1099513511812154,-1.6293040446437357,0.2062222827571616,1.0498307399107902,0.6998717377316055,0.9917534098378564,0.8874799575143886,-0.463378307124927,0.2282339869217215,0.9346084090263588,-0.5746043896847722,-0.0752173870799401,0.2612663554370671,0.8416067104658447,0.644509195563326,3.26313734904867,0.5753209822331289,2.2450992093025506,0.7152500072221413,-0.6554914050824778,-1.0238536844745356,-0.999859498351766,0.354939043376094,0.6493412748834266,-0.2195560846365455,-0.4707664919319722,-0.8155901580351202,-0.2123870189630716,-0.4799814960606078,-0.1931213719943667
G23458,0,0,0.00024984043338671674,10.18730/JXF6$,FULL,Phaseolus,vulgaris,Phaseolus vulgaris,PER,"2 KM SSW DE COLCHA, EN ACCOPAMPA - PARURO - CUZCO",-13.82,-71.85,-2.9470184280009937,2.194457076443205,-2.902539935203636,-0.3961252014733027,-0.6483285225498701,1.1110146061774349,0.2097037725246526,-0.0412676383802641,-1.0255722101585147,-0.5760808882898949,0.3085889191485086,0.7321985335682625,-0.4479571220998433,-0.1467162914350786,-0.5973221910982662,-0.8427162681767036,1.306971655041245,-1.9796425616933475,-1.0135034096676412,-0.1255371683639593,-0.5031551784721564,-0.9492891978477372,0.6923597871035305,1.1364143332653274,1.4645399806185984,0.4724114636215755,0.2918239636202311,-0.1099513511812154,-0.8205145615203591,-1.1698836982734446,-0.7249985980890457,-1.4497659196517627,-0.800636929592996,-0.6947660908577756,-0.6570596548050135,0.4181962287511103,-0.5234012168830755,-0.7751637056100209,0.6698404276357678,0.744758806898766,-0.5989408387472156,-0.6821938902648987,0.836807947821324,-0.7666620462070013,-0.2638975398709599,-0.4648177820007188,-1.0459048912797364,-1.0906285087901668,-1.0275394393462116,0.6147834864367485,0.9649804565439934,-0.369683454121582,-0.2216494421872524,-0.8285371602956946,-0.0401030774764326,-0.6940846030272442,0.0648911749314939
G20725,1,1,0.998725642402768,10.18730/JTQA$,FULL,Phaseolus,vulgaris,Phaseolus vulgaris,RWA,MUKOMA - MUYIRA - BUTARE,-2.35,29.02,0.3591811050669926,-0.4880782248012038,0.3859604233784113,-0.2049245576167902,0.8330494294523281,-1.155437364291155,-0.5598344809415462,-1.5113976791629922,1.544974965853547,-0.9249040590842996,-1.634635619552563,-1.2858560454043628,0.7295666500124566,1.5884098988118631,1.160887924616896,2.173156700012273,-1.0954872081920335,0.6071251130757639,-0.6524035398963431,0.0320992339453201,-0.0321008547626553,-0.2099024452362963,-1.2420020469343465,-0.8323174972466213,-0.5946420031967207,-1.4762655069589303,-0.6709394610318457,-0.1099513511812154,1.875450382224229,1.582328263787768,0.1276715778482604,-0.6189491723632748,0.5432389900174849,-0.1038067233934733,-0.0372793422287369,-0.880207020619891,0.6057340573174638,1.3607930089938785,-0.9364249433187636,1.2797765343533938,0.0105215589922934,0.1584427392364516,0.9829723695820076,0.4443958087267747,1.2031114883343168,1.686191859114368,0.5695991895365062,-0.7662936478285296,-0.8983663813721323,0.134398801786799,-0.1890531357295846,-0.550871658672488,-1.2700583806215382,-1.2940663285346083,-0.5058887037112678,-0.4799814960606078,-0.580140269276917
G2927,0,0,0.0002631665369764265,10.18730/K1GBQ,FULL,Phaseolus,vulgaris,Phaseolus vulgaris,MEX,TUXTLA GUTIERREZ - TUXTLA GUTIERREZ - CHIAPAS,16.75,-93.04,0.3591811050669926,-0.6661884104328224,0.3859604233784113,-0.6042031410275833,-0.396950259187224,0.9107658377022984,1.4342823808615983,1.4052119794549642,-0.820629188378562,-0.4024346249566051,-0.1772172155267593,-0.2768287559180501,0.0230523867450766,0.0846338672645136,0.3494063327483596,0.6652202159177848,0.6396219708097787,-1.6392783939605695,1.017683357795911,-0.2437644700959189,-0.3887562712855633,0.4238576284306529,0.3054874202959551,-0.1760735537426384,1.7354849784890352,-0.3070593246106268,-0.2583265647523842,-0.1099513511812154,0.527467910351935,0.2062222827571616,1.497012518259495,1.4984238992441763,0.1814262424300477,0.4108998224625318,-0.2696969594448407,0.6128172299018634,0.391965728706682,-0.6147162528698219,-0.3160154712474528,0.0908198192366766,1.2765413080321224,0.949768325537864,-0.7856171337222626,-0.1120361786752305,-0.5518151996121824,-0.6291310184747879,0.1522606353256435,1.122479954242181,0.6793902553112643,0.2702166535378302,0.2677370507634604,0.5224527530481172,-0.0287739574579408,0.0200544009136916,-0.0483562004219004,0.5905344216189015,0.3229038756448727
G22047,0,0,0.00032158375515659255,10.18730/JVPZB,FULL,Phaseolus,vulgaris,Phaseolus vulgaris,MEX,EL POBLANO - CORTAZAR - GUANAJUATO,20.47,-100.99,0.3591811050669926,0.7321259819969622,-1.80637314900962,-0.5980704773423378,-1.802330131568157,0.1461796307972319,0.9479854975974692,0.3374050368381384,-1.2305151446845242,0.0351539718914435,-1.1488294848772953,-1.790369690147519,-0.6834618765223034,0.6630092640134944,1.160887924616896,1.761901295259231,-1.0954872081920335,0.6071251130757639,-0.8329534747819922,-0.7954918781783972,-0.960750807218529,-1.0549158767922286,1.7240194319237316,1.300475319141323,-1.0823429993635068,-0.9566183148041288,-0.6709394610318457,-0.1099513511812154,0.527467910351935,-1.1698836982734446,0.2061531681039679,0.1150733945093281,-0.7456147145220955,-0.437412817929773,-0.5795871157329789,1.179496273902333,0.0630913769977871,-0.7500937911193648,1.2109278304591005,0.1268607012875212,0.456537228857046,-0.1679497173603069,-0.8294664602504677,-0.7884829084580603,-0.9905468715988072,-0.942819924470738,-0.749729143130092,0.0445435045755633,0.319551022383472,0.3232773255241655,0.7294923479792559,1.0010196933222564,1.110944815942537,0.820798345073129,0.563922358094987,-0.4799814960606078,-0.1931213719943667
G419,1,1,0.9975791733039518,10.18730/JZDHZ,FULL,Phaseolus,vulgaris,Phaseolus vulgaris,TUR,ARTVIN - CORUH,41.19,41.83,0.3591811050669926,-1.203863980386602,0.3859604233784113,-0.5912905423570117,-0.5395928086302139,-0.30893120664626,-1.5255110843531552,-0.705673983666718,0.3446128202208549,1.5833411202213663,2.2518134578495808,1.2367121783114188,0.9650714044349166,0.0846338672645136,-0.191581395163998,-0.9798014030943843,1.1735017181949516,0.4029066124360972,-0.0430475096572774,0.07150833452264,0.2168850020552238,-0.1042757662918048,1.0792321539111058,0.9723533473893315,0.0556259916923274,-0.047235728533226,0.9795121240860004,-0.1099513511812154,-0.2813215727714414,-1.1698836982734446,-0.9375530590114628,-0.1027134152700232,-0.0886828133725551,-0.6280448719505157,1.43469890013992,-1.4971296545288064,-0.4795513033218895,0.8293108217919692,-0.9052628086896708,-1.6085590843782758,-2.0948942530741013,0.5036203663443084,0.6760270838845722,-0.0793048852986419,0.3941999681089773,-0.0166907734350757,-0.3189280549124272,-0.2797913563860738,-0.5477537954424886,-1.5517514413345237,-1.2937902715415688,-1.197972389211438,-0.3698625076396222,0.5207656405128618,-0.3599115916133073,-0.4799814960606078,-0.8381529699902952
G51435,1,1,0.9951552543635516,10.18730/K419Q,FULL,Phaseolus,vulgaris,Phaseolus vulgaris,COL,"11 KM S LA UNIÓN, VEREDA SAN MIGUEL - LA UNION - ANTIOQUIA",5.93,-75.3,0.3591811050669926,1.65725064889178,-1.80637314900962,0.6711556203901899,0.8646178625257767,-1.2373573150309836,-1.1284998997192313,-2.789779480765997,2.253515091273408,-0.9789402159110876,0.7943950538237766,0.7321985335682625,2.6136046853921364,2.166785295560844,2.3781103124197007,-0.020205458670619,-0.5616074608068605,0.5050158627559306,1.2433707764029722,3.618327386481429,1.5425664559233914,2.219511170487009,-1.628874413741922,-1.1604394689986126,0.5975159874332009,0.3424996655828751,-0.2583265647523842,-0.1099513511812154,1.875450382224229,1.582328263787768,-0.592560829502513,-1.5142953219789446,1.842096733660865,0.7254427115967572,1.6671165173560236,-1.1564455472702884,2.452911666082424,0.593653625579802,-1.0469086490731534,1.300981616940703,-0.5546162721487167,-0.3651940357189473,-0.0547950249188452,1.633632801409492,1.5321602423242853,2.29863210415408,2.494741552509195,1.1797155179412937,0.5225372563427395,0.941881785348396,0.2333359264701177,0.3890062023947515,-0.3969907919411721,-0.5178091060419094,0.2668099320581486,-1.336394179158038,-1.4831845679862237
G1440,0,0,0.0009981369315730248,10.18730/K08MA,FULL,Phaseolus,vulgaris,Phaseolus vulgaris,MEX,"SAN FERNANDO, 13 MI NW OF TUXTLA GUTIERREZ - TUXTLA GUTIERREZ - CHIAPAS",16.87,-93.22,0.3591811050669926,-0.8732743651004586,0.3859604233784113,-0.4883080347983563,0.0718994320147345,-0.1997046056598219,1.0066099169074647,1.0912395297408877,-0.6742414153973884,-0.3746512493195958,-0.6630233502020273,-0.7813424006612064,0.2585571411675366,0.3159840259641059,0.484653264726449,0.6652202159177848,0.1057422234246057,-0.5501130572156805,1.0628208415173233,-0.3619917718278785,0.0082752301267304,0.6351109863196359,-0.3392998577166706,-0.6682565113706256,0.8142719857295503,-0.3070593246106268,-0.2583265647523842,-0.1099513511812154,0.527467910351935,0.2062222827571616,0.9754366682820124,0.8410299399412648,0.2064363401895479,0.3155837954521605,-0.1147518813007715,0.3066374609176585,0.2494535096328275,-0.3991149882501795,-0.2196963078241897,-0.0018877382484616,0.9164043447728332,0.7173017438902799,-0.507904732376964,0.0407098570821827,-0.3872908226171981,-0.7187564201879165,0.0580228972780293,0.9984695662274374,0.5225372563427395,0.1394210053081394,0.1687894870743613,0.5437351770747316,0.1253940972313546,0.1393919869676815,-0.221155962092631,0.4834829319433041,0.1938976790757006
G52349,0,0,0.0019586131812865,10.18730/K4YZB,FULL,Phaseolus,vulgaris,Phaseolus vulgaris,CHL,SAN NICOLAS - COLBUN - REGION VII LINARES (REGION DEL MAULE),-35.67,-71.42,0.3591811050669926,-0.9104665217894928,0.3859604233784113,-0.5738922790153489,-1.3130194189297042,1.5934320938675364,-0.4139070339631843,1.2672848321595112,-0.117967642483281,0.7227932144357471,0.7943950538237766,1.7412258230545752,0.2585571411675366,1.0100345020628827,1.2961348565949853,-1.5281419427651075,1.1735017181949516,0.6071251130757639,-0.313872411985751,0.3079629379865593,0.0150045776082947,-0.1042757662918048,0.0475725090909048,-0.1760735537426384,-1.0823429993635068,1.511705847931179,-0.1207889326592303,-0.1099513511812154,-0.2813215727714414,0.2062222827571616,-0.832910865396076,-0.4414930467256248,-0.1670477863523226,0.1821413576376406,-0.3859057680528925,0.5932289442771889,-1.4168432056922402,1.8220794356219507,-0.0213919576620103,-0.9937438629461508,-1.6294865558069862,0.3181167949507583,-0.800233575898331,-0.6575577349517062,-0.7163395766071667,-0.2108791438135211,1.2427258898766074,0.941234002528325,0.6424836673186702,2.6896086107748487,0.6429575610970331,-0.3665198505500582,-2.366438065686613,-3.290437785801002,-2.373673590307434,0.0552764627791469,0.0648911749314939
G20418,0,0,0.015179060111905,10.18730/JS7DJ,FULL,Phaseolus,vulgaris,Phaseolus vulgaris,BRA,PRESIDENTE SOARES - MINAS GERAIS,-20.42,-41.96,0.3591811050669926,-0.8285173518540622,0.3859604233784113,-0.4796872371633663,0.328539100889622,-0.5546910588657457,0.5713902408480009,-0.5889637096217909,-0.0008574066475531,-0.2218424845936667,-0.1772172155267593,-0.2768287559180501,-0.4479571220998433,-1.419142164282836,-1.6792976469229814,0.3910499460824232,-1.36242708188462,0.6071251130757639,-1.329465795717527,-0.4802190735598382,-0.3887562712855633,-1.0549158767922286,-1.3709595025368717,-0.5041955254946299,-1.1907209985116811,1.2518822518537778,-1.7712405177770765,-0.1099513511812154,-1.0901110558948175,1.582328263787768,0.3868244743358175,0.2562317505692186,0.2614585552604485,0.2488625765449006,-0.0372793422287369,-0.031029611246994,0.9674958441972482,-0.5044086291109351,0.3015608816264103,-0.1389450834333184,0.5341052104971131,-0.0787201098460234,2.093821974963202,0.1389037372119483,1.5870017013226134,0.0430594943736766,-0.6285663370688738,-0.9380003389258668,-0.8522331463813897,1.0309713086834775,-0.2997041746937384,-0.355591038212067,-1.2386292707599864,-1.6743141557962602,-1.4580927635446077,-0.8011362203182835,-0.1931213719943667
G22497,1,1,0.9890654786897032,10.18730/JW44S,FULL,Phaseolus,vulgaris,Phaseolus vulgaris,BDI,"13 KM E MUSHIHA, MUSHIHA, MWIRUZI - CANKUZO - RUYIGI",-3.07,30.77,0.3591811050669926,0.2576865350078044,0.3859604233784113,-0.0401847935836195,0.943538945209398,-0.7549398273408822,-0.1048283577378817,-0.4883755576865001,1.03935122022857,-0.7788756949554082,-0.1772172155267593,-0.2768287559180501,-0.9189666309447634,-1.7661674023322245,-1.6792976469229814,-0.4314608634236613,-0.9620172713457402,0.6071251130757639,-1.306897053856821,-0.559037274714478,-0.9674801547000932,-1.2661692346812117,-0.726172224524246,-0.6682565113706256,-1.299098997659856,1.90144124204728,-1.6337028856839226,-0.1099513511812154,-1.898900539018194,1.582328263787768,0.555232975200496,-0.0099522648057485,-0.2604188179877903,-0.2849071747131789,-0.7732684634130653,-0.0105155073260777,-1.0660438972027522,-0.4693107488240166,-0.100713730780276,0.8567374650487746,0.3263339424433389,0.4543093119475341,0.4860133355956836,-0.5593638548219406,0.6958279925997818,1.402378087022794,-0.211227782858011,-1.0620107269406105,-1.073672674336954,0.3448946363334133,0.4968414455418044,-0.2997965752233753,-0.72253020355977,-0.9062191738591407,0.7852092170703406,-0.1588267718029321,0.5809165763582509
G7312,1,1,0.9924927599143064,10.18730/JFEAT,FULL,Phaseolus,vulgaris,Phaseolus vulgaris,COL,"EL TABLON, FINCA EL CUCHO - EL TABLON - NARIÑO",1.0,-77.47,0.3591811050669926,0.8090299738105826,0.3859604233784113,2.4821419354398486,1.7017659395846354,-1.4558105170038598,-0.0745269628854607,-1.2259363917608146,0.2333631304643595,-1.0067236205284436,1.2802011884990447,1.2367121783114188,1.9070904221247564,2.28246037491064,2.51335724439779,-0.5685459983413421,0.1057422234246057,0.436943029209375,-0.0430475096572774,1.2143722512649164,1.0580534372507615,0.6351109863196359,-0.4682573133191957,-0.0120125678666426,0.1098149912664148,-0.047235728533226,0.7044368598996927,-0.1099513511812154,1.3362573934753113,0.2062222827571616,-0.072620097685385,-0.909331828998608,0.5382369704655848,-0.2563123666100675,1.8607978650361097,-1.355501628029929,0.7811337115622078,1.049926069309743,-1.1432279745973577,1.3461266033588803,-0.186168583924033,0.0152057539063124,0.4129311247153419,0.6516940001118355,1.2168218530838988,1.3874405200706057,0.6369118595705163,-0.2320950533034801,-0.4278073844665578,0.3789582776085915,-0.1961461510477996,-0.5267132313990338,-1.2697275478861534,-1.4083376963127212,-0.5765560689318353,-0.8011362203182835,-0.709146619633606
G4754,0,0,0.0029260754490321,10.18730/JH2FY,FULL,Phaseolus,vulgaris,Phaseolus vulgaris,PER,FUNDO CONDECHACA - CHACHAPOYAS - AMAZONAS,-6.23,-77.86,0.3591811050669926,0.681796872548403,0.3859604233784113,2.940304947396449,1.4439570694848052,-1.2282550982821137,-0.171786430759802,-0.4966779015964651,-0.6156862538525528,-0.8678066140018613,1.7660073231743127,1.2367121783114188,0.7295666500124566,-0.1467162914350786,-0.0563344631859086,-0.2943757285059805,-0.5616074608068605,0.6071251130757639,-0.8780909585034045,0.2685538374092394,0.0957567473870664,-0.3155291241807879,-0.0813849465116203,-0.3401345396186341,-0.3778860049003713,0.2125878675441747,0.0167486994339235,-0.1099513511812154,-0.2813215727714414,0.2062222827571616,-0.3056124290036832,-1.1109863651212777,-0.3504551699219912,-0.6757028854557013,0.505028431275505,-1.0795875473777583,-0.183564386783884,-0.3239052447782112,-0.0015615562268572,1.0193414007730126,-0.3468450833534031,-0.2313496748332919,0.2521502607785901,-0.0793048852986419,0.1062823083677547,0.386623534274003,-0.4535533949804475,-0.747215126595492,-0.750740029401756,0.1413862153817074,-0.0762741921699664,-1.1973971885620702,-1.1962826806307378,-1.2076591612738183,-0.8757317757050406,-0.1588267718029321,0.4519103797890794
G52100,0,0,0.0023787359061057,10.18730/K4NBU,FULL,Phaseolus,vulgaris,Phaseolus vulgaris,NIC,SAN RAMON - MATAGALPA,12.93,-85.84,0.3591811050669926,-0.526917589442303,0.3859604233784113,-0.4793285998526752,0.7447747369691663,-0.4454644578793076,0.4736454745098888,-0.1415782909587754,0.5846939034120002,-0.6733228023806165,-0.1772172155267593,-0.2768287559180501,0.2585571411675366,-0.1467162914350786,0.0789124687921807,0.5281350810001041,-0.294667587114274,0.3688701956628195,0.0697961996462532,-0.2043553695185991,0.0688393574608092,0.1069775915971782,-0.4682573133191957,-0.5041955254946299,-0.0527520074558472,-0.5668829206880276,0.0167486994339235,-0.1099513511812154,0.2578714159774761,0.2062222827571616,1.011407404458382,0.6635738527661702,0.5949265253871188,0.6205950818853488,-0.1147518813007715,0.1579944174881216,0.7811337115622078,-0.4191709198427044,-1.1318961462113266,0.4499459143296362,0.7889713264337469,0.7079091866268252,-0.4932882902008956,1.3063198676436063,-0.0308213391280654,-0.5395056167616593,0.6638369275841204,1.3800399908881873,0.6701636083131157,0.939698218599987,1.0983291445264352,1.669402847887821,1.8185960369305256,1.1714932323921656,1.5372750454760875,0.80463765620098,-0.4511339189202276
G1695,0,0,0.000436831744553558,10.18730/K0CT~,FULL,Phaseolus,vulgaris,Phaseolus vulgaris,SLV,SAN ESTEBAN CATARINA - SAN ESTEBAN CATARINA - CHALATENANGO,13.69,-88.79,0.3591811050669926,-0.4850163319265847,0.3859604233784113,-0.5618622959044901,-0.301660359354407,0.2645084485325398,0.994130357445692,1.4503518496462486,0.877469558441777,-0.6872144901991211,-0.6630233502020273,-0.7813424006612064,-0.4479571220998433,-0.7250916881840593,-0.5973221910982662,0.2539648111647425,0.3726820971171922,0.0285060279300417,0.7017209717460251,-0.3619917718278785,-0.6983062554375212,0.3182309494861614,-0.4682573133191957,-0.0120125678666426,0.2723819899886768,0.0826760695054743,-0.395864196845538,-0.1099513511812154,-0.2813215727714414,0.2062222827571616,0.9860644217586496,0.5990444504389912,1.4819513259240615,1.7262609952056562,-0.6570596548050135,0.6995588542636445,-0.095864559661512,-0.5194505778053288,-0.8457714509371043,0.7394184314327557,0.72248457560907,0.7102572979505929,-0.9025486711308094,1.808199699417964,-0.33244936361887,-0.3005045455266497,1.673526978094272,2.257651967607911,1.814267836083532,1.1135101317733325,0.8695794005140018,1.538832300481295,1.336903574210324,0.7169408704176519,0.7439436023430019,0.5905344216189015,-0.580140269276917
G23968,0,0,0.1715991985283629,10.18730/JXZ5V,FULL,Phaseolus,vulgaris,Phaseolus vulgaris,COL,2 KM E INZA - INZA - CAUCA,2.56,-76.03,0.3591811050669926,0.6111118162916366,-1.80637314900962,0.5338946488185499,1.2393468551198608,-1.2464595317798537,0.273334884726423,-1.8283018719744173,0.6725265966489103,-0.9581026676231325,-0.1772172155267593,-0.2768287559180501,0.7295666500124566,0.431659105313902,0.7551471286826278,1.4877310254238694,-0.828547334499447,0.5390522795292084,-0.1333224771001019,1.1355540501102768,0.1899676121289666,0.5294843073751444,-0.9840871357292964,-0.5041955254946299,-0.5404530036226333,-1.3463537089202298,-0.1207889326592303,-0.1099513511812154,1.0666608991008526,0.2062222827571616,0.4293353557027269,-0.2680701818149332,0.905051737604922,0.2393309738438634,1.8607978650361097,-1.21860714973985,0.8907584954651727,0.3780523609601595,-0.4576614348951898,1.142653825365667,0.2321442995165905,0.3603834034078467,0.5883284308281621,1.2190364186393703,1.6692638898201055,1.6563167252099915,0.6907619955977244,-0.2416343139199988,-0.2709543854980331,0.6890247558826498,-0.1042916026769156,-0.1404659953484516,-0.954113118329098,-1.1291327779977258,-0.1479094959516049,-1.2293425618669986,-1.3541782176295345
G2995,0,0,0.00034209222501446025,10.18730/K1JEG,FULL,Phaseolus,vulgaris,Phaseolus vulgaris,GTM,ASUNCIÓN MITA - ASUNCION MITA - JUTIAPA,14.34,-89.72,0.3591811050669926,-0.5019415787516279,0.3859604233784113,-0.6095664800161322,-0.879830365088493,0.938072487948908,1.090829269105766,0.876574794447637,-0.3814657821810976,-0.6247018287750575,-1.1488294848772953,-0.7813424006612064,-0.4479571220998433,0.2003089466143097,0.484653264726449,0.5281350810001041,-0.0277277134216875,0.0625424447033194,1.175664550820854,-0.5984463752917978,-0.8328932050688073,0.5294843073751444,0.0475725090909048,0.152048418009353,0.1098149912664148,-0.5668829206880276,-0.1207889326592303,-0.1099513511812154,0.527467910351935,0.2062222827571616,1.4553191491940662,1.187875900537995,0.0013535385616457,0.3155837954521605,-0.7732684634130653,0.962610620692762,-0.8742005253725634,-0.7751637056100209,-0.6587989302162987,0.6101053131775986,1.1823516651053725,0.984990488055266,-0.9756308820111512,0.0516202882077122,-0.880863953602151,-0.5843183176182236,0.1387981013188415,1.0747836511595874,0.7347501373001554,1.113946845123014,0.9224223646347036,1.5296290900914076,1.5066207674627028,0.7856162737128726,1.0916064064208302,0.0552764627791469,-1.0961655169161562
G7006,0,0,0.0004208576857827571,10.18730/JFNR5,FULL,Phaseolus,vulgaris,Phaseolus vulgaris,NIC,SANTA CRUZ - SANTA CRUZ - CARAZO,11.81,-86.13,0.3591811050669926,-1.089570637246164,0.3859604233784113,-0.5927943330690505,0.1110676730503096,0.3737350495189779,0.7452465910648238,1.104781682125659,0.7896368597514953,-0.721943742865779,-1.1488294848772953,-1.2858560454043628,-0.6834618765223034,0.2003089466143097,0.6199001967045383,0.1168796762470617,-0.828547334499447,0.6071251130757639,0.0246587159248409,-0.559037274714478,-0.7117649504006498,-0.1042757662918048,-0.3392998577166706,-0.1760735537426384,0.2181929904145895,-0.3070593246106268,0.1542863315270773,-0.1099513511812154,-0.0117250783969826,0.2062222827571616,1.420983461010004,1.1959420373663348,0.524898251660518,0.9637327791226856,-0.6570596548050135,0.8215420291248706,-0.600138565615151,-0.434212868537098,-1.4803455193731896,0.4250874898673425,1.0909322638337555,1.0554349474521272,-0.9171651133068778,1.644543232535021,-0.1542146218743036,-0.8980072236141737,1.081175481794983,1.504050378902931,0.2457378463982839,1.2355715130093878,1.0057652946237297,1.7899073839304076,1.755076151736653,0.92381145001596,1.3613803627008068,1.7681020842048922,-0.1931213719943667
G1716,0,0,0.0004488289356841472,10.18730/K0DJM,FULL,Phaseolus,vulgaris,Phaseolus vulgaris,SLV,SANTO TOMAS - TEXISTEPEQUE - SANTA ANA,14.17,-89.52,0.3591811050669926,-0.4799306140058455,0.3859604233784113,-0.6119097216639086,-0.9067219932621714,0.8288458869624699,1.1685098630553192,0.8966370014942937,0.2040855715054277,-0.6663769584713641,-0.6630233502020273,-0.2768287559180501,-0.6834618765223034,-0.9564418468836516,-0.867816055054445,0.3910499460824232,-0.0277277134216875,-0.3118581398027361,0.4308960694175514,-0.5984463752917978,-0.6983062554375212,0.0013509126526867,-0.3392998577166706,-0.3401345396186341,0.2181929904145895,-0.3070593246106268,-0.1207889326592303,-0.1099513511812154,-0.2813215727714414,0.2062222827571616,1.3899178064389646,1.2080413579965168,0.5549103689719184,0.7349743142977944,-0.7732684634130653,0.829505401277193,-0.5069574992976308,-0.7250238766287087,-0.5794770500860836,0.4963603277887635,1.0881619693396498,0.9380276345569648,-0.9756308820111512,0.5316792577310109,-0.7848914003550768,-0.3901299472397783,0.7849997336453386,1.4849718576698934,1.45442860315574,1.1242096088405358,1.00115483466689,1.6104447813276053,1.5866822894258137,0.8368413696134059,1.0807741825549038,0.1623282076856287,-0.9671593203469846
G14232,1,1,0.99423749045456,10.18730/PM0T~,FULL,Phaseolus,vulgaris,Phaseolus vulgaris,HUN,MATESZALKA - SZALBOCS-SZATMAR-BEREG,47.97,22.33,0.3591811050669926,-1.1368506548878792,0.3859604233784113,-0.4179903113495499,0.0935296546761715,-0.4090555908838282,-2.1517904483743413,-1.026143171457731,0.3310520446616459,2.6839835758830146,-0.1772172155267593,0.2276848888251061,-0.6834618765223034,-0.0310412120852824,-0.4620752591201768,-0.9798014030943843,-1.2289571450383268,0.6071251130757639,-0.5846973143142247,-0.6378554758691177,-0.0119128123179624,-0.4211558031252794,0.0475725090909048,0.4801703897613444,-1.1907209985116811,0.4724114636215755,0.429361595713385,-0.1099513511812154,-0.5509180671459002,-1.1698836982734446,-1.54088057719998,-0.3850298196893409,-0.8389857461575632,-1.142751417806521,0.505028431275505,-1.4349524074169735,-0.4795513033218895,-0.2537094842043741,-0.7806142853702648,-1.764861975353462,0.0022106755099801,-2.24840808485747,-0.4348225214966222,-0.7884829084580603,-0.4558426463651082,-0.4498802150485307,-0.3593156569328333,-0.3847232231677799,-0.4185807374684093,-2.2463440240033825,-2.611317866900002,-1.853413529166224,-0.9193756811136988,0.2094746731173125,-2.154965832252539,-0.265878261478529,-0.3221277223510561
G4718,0,0,0.003880510966004,10.18730/JPW8J,FULL,Phaseolus,vulgaris,Phaseolus vulgaris,COL,VEREDA EL TIPLE - CANDELARIA - VALLE DEL CAUCA,3.35,-76.44,0.3591811050669926,-0.3219309262976804,0.3859604233784113,-0.438482421921078,0.6389620261118665,-1.264663965277593,0.9965591303024554,-0.6205616187556897,-0.1472452232556987,-0.916427571047222,-1.1488294848772953,-1.2858560454043628,-0.2124523676773833,-0.6094166088342632,-0.3268283271420874,1.4877310254238694,-1.36242708188462,0.6071251130757639,0.5663085205817883,0.4261902397185189,-0.3618388813593061,0.8463643442086191,-0.3392998577166706,-0.0120125678666426,-1.1365319989375942,-1.866000901075032,0.429361595713385,-0.1099513511812154,0.527467910351935,0.2062222827571616,1.2002538298068113,0.6837393871498104,0.7083056352301866,-0.0561487098882876,1.2797538219958506,-1.136264166038056,-0.4302201505655553,1.646590034187358,-0.5284844167190623,1.364254510218295,0.9247152282551484,0.9638572174172372,0.544479104299957,0.8371713292458373,1.4636084185763751,1.7608796938753084,0.986937743747369,-0.2320950533034801,-0.5846603834350826,0.8320483779034302,0.0953767785308362,0.0364082043321947,-0.5815954582858649,-0.9349277440891102,0.1177378988556377,-1.4434457964490774,-1.4831845679862237
G830,0,0,0.0003719255551371307,10.18730/JZSC3,FULL,Phaseolus,vulgaris,Phaseolus vulgaris,GTM,JUTIAPA - JUTIAPA - JUTIAPA,14.28,-89.89,0.3591811050669926,-0.4830928545631078,0.3859604233784113,-0.5575627317269747,-0.5431004123050415,0.7287215027249015,0.8801317414317681,0.9538140428516634,-0.117967642483281,-0.541351635623237,-1.1488294848772953,-1.2858560454043628,-0.2124523676773833,0.3159840259641059,0.7551471286826278,0.9393904857531464,-0.4281375239605672,0.6071251130757639,0.7694271973281435,-0.559037274714478,-0.8396225525503715,0.2126042705416698,-0.2103424021141454,-0.6682565113706256,-0.648831002770808,-0.8267065167654283,-0.1207889326592303,-0.1099513511812154,0.7970644047263937,0.2062222827571616,1.0882540129916014,0.6756732503214682,0.4065171222655501,0.6682530953905345,-0.8120047329490826,0.7610992614752599,-0.4740700641267412,-0.7450798082212337,-0.8486044350504356,0.6695789764229944,0.8720798442230505,0.7313906133759759,-0.9902473241872196,0.8917234848734849,-0.8397328593534049,-0.3303796794310259,0.8388498696725467,1.3705007302716683,0.7255234903020068,1.108706284926833,0.7798527567385823,1.575645142040844,1.599584766105819,0.8568247861460316,0.9538824172683372,0.4834829319433041,-0.8381529699902952
G10177,0,0,0.0480632772553131,10.18730/JJDB~,FULL,Phaseolus,vulgaris,Phaseolus vulgaris,ESP,OLMILLOS - OLMILLOS - BURGOS,42.39,-4.03,0.3591811050669926,-1.1013206782508678,0.3859604233784113,-0.5855310820219313,-0.2484617036195214,0.1825884977927112,-2.0573013000991365,-0.4869766876506677,-0.1495965180595179,2.32062509499194,0.7943950538237766,0.7321985335682625,-0.9189666309447634,-0.9564418468836516,-1.0030629870325345,-0.7056311332590228,0.3726820971171922,0.6071251130757639,-1.0360721515283473,-0.6378554758691177,-0.7992464676609857,-1.1605425557367202,1.8529768875262569,1.1364143332653274,-0.7572090019189827,-0.5668829206880276,1.3921250203654618,-0.1099513511812154,-1.0901110558948175,-1.1698836982734446,-1.2498445234027369,-0.5060225259779196,-1.014056430474065,-1.3429150745283007,0.0014569273072803,-1.3869498709170005,-1.2030748770814583,-0.1434018604454873,-0.2026987853900415,-1.2396757355569377,-2.18908389042799,0.2805464315348838,-0.2594252153838021,-0.6902890283282948,-0.3872908226171981,-0.3602548133354021,-0.4266283269668434,-0.7376758659789734,-0.8614597933795382,-1.88103330699458,-1.8821558921875017,-1.3138753200590811,-0.2808685018211234,0.55482188558959,-0.7271755626866214,0.3764311870368224,0.5809165763582509
G10133,1,1,0.9995449545974812,10.18730/JP4R6,FULL,Phaseolus,vulgaris,Phaseolus vulgaris,NLD,SCHOONOORD - SCHOONOORD - DRENTHE,52.85,6.76,0.3591811050669926,-1.0335653974014585,0.3859604233784113,0.3576225950533645,0.8751406735502595,-1.319277265770812,-1.5046866426693253,-1.9000153280912728,1.6059649618031988,0.3179075756077998,-1.634635619552563,-0.7813424006612064,-0.9189666309447634,0.6630092640134944,-1.0030629870325345,-3.4473338316126383,-0.9620172713457402,0.6071251130757639,2.7780452229309898,1.923736061656674,0.2707197819077382,3.170151280987433,-1.628874413741922,-2.4729273560065783,-1.353287997233943,5.668883385169591,-2.5964663103359995,-0.1099513511812154,-2.9772865165160294,1.582328263787768,-1.6716833046160968,-1.2360121398240274,-0.4955137369270928,-1.1236882124044467,1.047336204779747,-1.8302724948976417,-0.4631075857364448,0.1423951647479922,-1.3811932907861248,-1.538995477993683,-2.011785701847636,-1.7036379514388431,0.0621365124897015,-0.4066178190645274,-0.0719524333768115,-0.3901299472397783,-0.4131657929600414,-0.3942624837842987,-0.3724475024776668,-2.548331305308328,-3.4525494836403,-2.6730744545155605,-1.7163517406555713,-0.5051435603522171,-3.609578751391227,2.303360043044646,1.870979772350108
G1971,0,0,0.00024770222870730183,10.18730/K0MDH,FULL,Phaseolus,vulgaris,Phaseolus vulgaris,GTM,VALLE DE MONJAS - MONJAS - JALAPA,14.51,-89.86,0.3591811050669926,-0.2272129509136133,0.3859604233784113,-0.4631380576312244,0.2987244696535873,-0.254317906153041,0.5759116352760049,0.9964459936665764,-0.4985760180168251,-0.5552433234417415,-0.6630233502020273,-0.7813424006612064,-0.9189666309447634,-0.8407667675338554,-0.7325691230763556,-0.020205458670619,-0.828547334499447,0.6071251130757639,0.5663085205817883,-0.6772645764464376,-0.826163857587243,0.2126042705416698,-0.0813849465116203,-0.5041955254946299,-0.9197760006412448,0.2125878675441747,-0.2583265647523842,-0.1099513511812154,-0.5509180671459002,0.2062222827571616,1.017130045143891,0.647441502184375,0.1180673281059803,0.4013682197614947,-0.734532193877048,0.7215372168730032,-0.6823571535423747,-0.6999539621380526,-0.7551180666227393,0.5606907446632082,0.8499175411091856,0.757220285810951,-0.9610144398350828,0.3352914974714795,-0.7848914003550768,-0.4349426480963426,0.4215113154616839,1.160636996708256,0.568670491333482,0.9067263606990132,0.6532424333084448,1.3625333014500165,1.467251671951917,0.7346726343832212,0.7950098005680836,0.4834829319433041,-0.709146619633606
G1735,0,0,0.0003069426368772131,10.18730/K0E52,FULL,Phaseolus,vulgaris,Phaseolus vulgaris,SLV,CANTÓN AGUA ESCONDIDA - CANTON AGUA ESCONDIDA - LA LIBERTAD,13.84,-89.35,0.3591811050669926,-0.7304379127047653,0.3859604233784113,-0.6018589790611718,-0.5705766410911912,0.3282239657746287,1.3653449130888224,1.4067165780188784,0.5261387745873934,-0.6663769584713641,-0.6630233502020273,-0.2768287559180501,-0.2124523676773833,-0.493741529484467,-0.3268283271420874,0.6652202159177848,0.3726820971171922,0.3348337788895417,0.9499771322137924,-0.559037274714478,-0.940562764773836,0.2126042705416698,-0.3392998577166706,-0.5041955254946299,0.1640039908405021,-0.3070593246106268,-0.395864196845538,-0.1099513511812154,0.2578714159774761,0.2062222827571616,1.3351441002137616,1.0588167881831716,1.0501103046100235,1.2306176547517254,-0.6957959243410308,0.7090222119019552,-0.205489343564477,-0.6147162528698219,-0.4633275111891493,0.7075714492302871,1.0161345766877927,0.9380275897696132,-0.8586993446026043,0.9462756405011324,-0.6340773881096745,-0.1361913090525806,1.2292633558698054,1.790228197398493,1.8234944830816804,1.0750793570013364,0.8947596048936651,1.2891952186556022,1.276361183634914,0.6583979036741852,0.8280222923499545,0.3764311870368224,-0.709146619633606
G3384,0,0,0.00022261580693246535,10.18730/K1WK8,FULL,Phaseolus,vulgaris,Phaseolus vulgaris,MEX,SAN ANDRES CALPAN - SAN ANDRES CALPAN - PUEBLA,19.12,-98.49,0.3591811050669926,1.0917701988376485,0.3859604233784113,-0.3327217608051397,-0.609160281514295,0.4920638672542858,0.165538875675721,0.8966370014942937,-0.3814657821810976,-0.3468678074417939,-1.1488294848772953,-0.7813424006612064,-0.4479571220998433,-0.0310412120852824,0.0789124687921807,0.8023053508354656,-0.0277277134216875,-0.1757124727096249,1.0628208415173233,-0.2831735706732388,1.333956683994898,0.9519910231531106,-0.2103424021141454,-0.3401345396186341,0.4891379882850262,-0.1771475265719264,-0.6709394610318457,-0.1099513511812154,0.2578714159774761,0.2062222827571616,-0.6146338682483927,-1.1230856472889017,-0.3654612285776914,-0.2467807639090303,-0.5408508461969617,0.8493972906711542,-0.1342332340275498,-0.7551077740174961,1.369571293534475,0.5436424608228796,-0.477048435815825,-0.6728013665919588,-0.8586993446026043,-0.5375429925708816,-0.9357054126004792,-0.7038188532357285,-0.157377646830803,0.4738102323189067,0.4671773743538484,0.3988287350191121,0.4752077488212487,0.72147217772943,0.5147842267792101,0.3794744419300718,-0.1597733601857148,-0.0517750268964503,0.1938976790757006
G21198,0,0,0.0018193418876802,10.18730/JW9ZV,FULL,Phaseolus,vulgaris,Phaseolus vulgaris,ARG,13 KM SW DE TIRAXI - SAN SALVADOR DE JUJUY - JUJUY,-24.07,-65.37,-2.9470184280009937,0.6252488275429899,-2.902539935203636,-0.2010347938781023,0.4834582631945086,0.3464283992723683,0.0330076965226276,0.249633215831941,-1.201237607539078,0.3893923093468796,2.2518134578495808,1.7412258230545752,1.2005761588573765,-0.3780664501346709,-0.7325691230763556,-0.8427162681767036,1.840851402426418,-1.1968049759079582,-0.6524035398963431,0.3079629379865593,0.1159447898317593,-0.526782482069771,-0.3392998577166706,-1.1604394689986126,0.760082986155463,0.6023232616602759,0.2918239636202311,-0.1099513511812154,-0.2813215727714414,0.2062222827571616,-0.4535829858934868,-0.4979563891495801,-0.8323163867550297,-0.5231972422391072,-0.5795871157329789,0.9600538917775396,0.4412968814630163,-0.7751637056100209,0.1655807105959804,-0.4657624032894652,0.1434951927390775,-0.6962828717189753,1.0999039069905543,-0.9194080819644146,-0.3872908226171981,-0.7038188532357285,-1.0862924933001423,-1.0524714663240915,-1.0275394393462116,1.189061541268279,0.9036258740414338,0.1827967695963394,-1.2806450281538502,-1.7728239556049783,0.0511970951078041,-0.0517750268964503,1.096941977785008
G19153,0,0,0.0003250582050410282,10.18730/PEVXA,FULL,Phaseolus,vulgaris,Phaseolus vulgaris,MEX,CHILTEPEC - GUADALUPE - PUEBLA,18.02,-98.18,0.3591811050669926,1.0917701988376485,0.3859604233784113,-0.6090363898914471,-1.7450392715459726,1.7663742120960633,2.1068403721614075,0.4984035883080767,-1.171960070393632,-0.1523839792603508,-1.1488294848772953,-1.2858560454043628,-0.9189666309447634,-0.1467162914350786,0.2141594007702701,0.8023053508354656,1.4404415918875382,-1.5712055604140138,0.1375024252283716,-0.8349009787557171,-0.9472921122554004,-0.526782482069771,1.337147065116156,1.300475319141323,1.6271069793408603,0.2125878675441747,-0.9460147252181532,-0.1099513511812154,-0.2813215727714414,-1.1698836982734446,1.4079031628324756,1.4258283600886557,-0.6305682648283942,-0.3897548044245874,-0.6570596548050135,0.965322923217673,-0.3425203234431833,-0.7751637056100209,1.2165936771100556,0.4909861816031722,1.2072842098743688,0.7853980471760199,-0.9025486711308094,-0.5375429925708816,-0.9768365068492252,-0.8830696566619857,-0.3593156569328333,0.3688783655372005,0.1073381414260561,0.3191285487021887,0.3595915991343444,0.6337540787008167,0.1733648438621439,0.1208158532894661,-0.2319881859585574,-0.6940846030272442,-0.709146619633606
G231,0,0,0.00044763797439571664,10.18730/JZ7XU,FULL,Phaseolus,vulgaris,Phaseolus vulgaris,TUR,SELCUK - IZMIR,37.94,27.35,0.3591811050669926,-0.0548258817291383,0.3859604233784113,-0.54699959936534,-1.4767075904216598,2.2487916997861648,-0.727481836400141,0.2959815657877907,-0.4242947423067253,1.376860800594512,0.3085889191485086,-0.2768287559180501,-0.6834618765223034,-0.0310412120852824,0.2141594007702701,-1.1168865380120652,-0.0277277134216875,0.6071251130757639,-0.4267161212892817,-0.4802190735598382,-0.0724769396520411,-0.4211558031252794,1.337147065116156,0.4801703897613444,-0.3236970053262839,-0.1771475265719264,1.3921250203654618,-0.1099513511812154,-0.8205145615203591,-1.1698836982734446,-0.0374668055915633,1.236273029208495,-0.6872578197499282,-0.5327288449401444,-0.6570596548050135,0.4581904589694666,-1.5264679895952051,1.0449120864116117,0.0720945245318427,-1.2922782903893926,-1.466039759200282,1.2949460198267504,1.0268216961102126,-0.7666620462070013,0.0925719436181727,-0.4050675141919664,-0.8843544831981122,-1.042932205707573,-1.0459927333425083,-1.3281542062974565,-0.4351807672716447,-0.6055157203624438,0.5184233868684425,1.4872875049218277,1.751340421874157,1.3398956150407346,1.4839608750675577
G22741A,1,1,0.995932161668616,10.18730/S4ZDF,FULL,Phaseolus,vulgaris,Phaseolus vulgaris,PRT,CURRAL DAS FREIRAS - CAMARA DE LOBOS - MADEIRA ISLAND,32.72,-16.96,0.3591811050669926,-0.7601782750896323,0.3859604233784113,-0.5606814437446892,0.3378927106891624,-0.0449669209290347,-0.6584727036238126,-0.8605676980172067,0.3560572238500206,0.2026154307351494,0.7943950538237766,1.2367121783114188,1.2005761588573765,1.241384660762475,1.2961348565949853,-0.1572905935882998,0.7730919076560719,0.3348337788895417,1.1530958089601475,1.4114177541515158,2.309712068821722,1.58575109682006,-0.726172224524246,-0.996378483122617,0.1640039908405021,-0.6967947187267279,0.8419744919928466,-0.1099513511812154,1.3362573934753113,0.2062222827571616,-0.5361522156210894,-0.5342542741150129,-0.7122679175094284,-0.8472717340743697,-0.6183233852689962,-0.2568483413405923,-1.285293465008682,0.3579964293676346,-1.859956637108756,-1.0485161588066076,-0.9064424311841498,0.1748797648332677,0.4567804512435469,-0.3084239389347617,0.1611237673660828,-0.4200050811441545,-0.790116745150498,-1.004775163241498,-1.03676608634436,-0.8973364868363879,-0.6486805283499157,-0.1079671586591621,0.5359575218438344,1.0085298778514575,0.4721063653266585,3.373875960724156,3.419055361480309
G14185,0,0,0.00020761599657736135,10.18730/JMHR2,FULL,Phaseolus,vulgaris,Phaseolus vulgaris,MEX,CUITZEO - CUITZEO - MICHOACAN,19.97,-101.15,0.3591811050669926,0.8528547086897779,0.3859604233784113,-0.5617198329040191,-1.3837560930387278,0.1279751972994922,0.8839055755382234,0.5024161062483625,-1.1426823587402992,-0.0620879753196742,-1.1488294848772953,-1.2858560454043628,-0.6834618765223034,0.0846338672645136,0.3494063327483596,0.9393904857531464,0.1057422234246057,0.4709794459826528,0.3406211019747269,-0.7166736770237575,-0.8463519000319358,-0.2099024452362963,0.8213172427060557,0.8082923615133358,-0.1611300066040218,-0.1771475265719264,-0.8084770931249995,-0.1099513511812154,-0.0117250783969826,-1.1698836982734446,-0.0039486628438923,-0.1995076341484672,-0.6405723039321943,-0.2467807639090303,-0.6183233852689962,1.2403040360154611,-0.7152445887132642,-0.7200098937305776,0.9078055276899478,0.1417835366619883,0.1573465859511413,0.0739094327475699,-0.7563842493701259,-0.7011994594538242,-0.9631261420996432,-0.9876326253273024,-0.749729143130092,0.0636220258086008,0.5040839623464425,0.3156348419047345,0.7149516665769152,0.9736976624772784,0.9713334016101708,0.6947058013179698,0.4427046148334297,-0.3729298787695683,-0.1931213719943667
G21193,0,0,0.0012812895028397,10.18730/JVY6M,FULL,Phaseolus,vulgaris,Phaseolus vulgaris,MEX,CAMARONES - ITURBIDE - NUEVO LEON,24.53,-99.79,0.3591811050669926,-0.2795198925436205,-1.80637314900962,-0.5958422771535957,-0.273599529955786,-0.8277575613318409,0.6042336353775668,0.4567749583056213,-1.1426823587402992,0.1254500420729127,-0.1772172155267593,0.2276848888251061,0.0230523867450766,0.3159840259641059,0.484653264726449,0.5281350810001041,0.9065618445023652,-1.877533311373514,-0.6749722817570493,-0.1649462689412792,0.041921967534552,-0.4211558031252794,1.0792321539111058,0.4801703897613444,1.3561619814704238,-0.047235728533226,-0.395864196845538,-0.1099513511812154,-0.0117250783969826,-1.1698836982734446,0.1374817839393958,0.2038015534845478,-0.8473224454107299,-0.6852344881567385,-0.3084332289808579,-0.0277271428915794,-0.3260766058577385,-0.5946603212772971,0.638678142725594,-0.2637515481819686,0.5368754785717306,-0.4145051460999111,-0.6833020384897842,-0.6466473038261766,-0.9357054126004792,-0.5693807506660356,-0.3458531229260313,-0.4324195262503736,-0.4370340314647064,-0.3575587866297173,0.0056501347554166,0.1684167533621405,0.298419617837581,0.5798715203980926,0.2678415724263321,0.9116891458765768,0.8389292770716291
G18448,0,0,0.0012763651173686,10.18730/JTJP$,FULL,Phaseolus,vulgaris,Phaseolus vulgaris,NIC,MATAPALOS - CARAZO,11.6,-86.25,0.3591811050669926,-1.1872284843553809,0.3859604233784113,-0.5965614334643087,-0.2291698834079695,0.701414852478292,1.1564038557005325,0.6137609918352736,0.2333631304643595,-0.6941603341083734,-0.1772172155267593,-0.2768287559180501,0.0230523867450766,-0.1467162914350786,0.7551471286826278,0.5281350810001041,-0.6950773976531537,-1.1968049759079582,1.288508260124385,-0.4408099729825183,-0.2003345418017628,0.8463643442086191,0.1765299646934299,0.4801703897613444,0.8684609853036377,-0.6967947187267279,0.2918239636202311,-0.1099513511812154,0.527467910351935,0.2062222827571616,1.8003113674956177,1.6315159646254955,0.5082248531541845,1.3354652844631338,-0.8120047329490826,1.1717758621029637,-0.6165822832005957,-0.5946603212772971,-1.6786499225136722,0.5101182813913692,1.3901230124176045,1.3559978099917755,-0.9902473241872196,2.473735998075264,-0.4010011873667801,-0.8980072236141737,1.067712947788181,1.3800399908881873,-0.0402882105443201,1.327062959767719,1.0082478499851049,2.015098438157962,1.9290941705490336,0.9626524567976832,1.4815664655941805,2.624514512071438,0.5809165763582509
G24498B,0,0,0.0007071692920835833,10.18730/S18FM,FULL,Phaseolus,vulgaris,Phaseolus vulgaris,GIN,SOGOTORO ETHNIE PEUL - SOGOTORO - MAMOU,10.63,-11.83,0.3591811050669926,-0.9509128925781216,0.3859604233784113,-0.6075350663691517,-0.199939852784406,1.1201168229263043,0.2151407125453577,-0.3171568846896906,1.5325332011078594,-0.812725586102936,-0.1772172155267593,-0.2768287559180501,0.2585571411675366,-0.1467162914350786,-0.0563344631859086,0.1168796762470617,1.1735017181949516,0.5390522795292084,0.4986022949996698,-0.4408099729825183,-0.6108247381771853,-0.1042757662918048,-1.4999169581393967,-0.8323174972466213,-0.2695080057521966,-0.8267065167654283,0.7044368598996927,-0.1099513511812154,0.527467910351935,1.582328263787768,1.2329545089808098,1.2241737855034278,0.9283944955137888,1.7357925979066935,-0.734532193877048,0.8697910764527413,-0.3205953666625903,-0.6598420989530029,0.0041042769156858,0.2880831978092372,0.7751198275437359,0.80653131781405,-0.9610144398350828,0.6953357246139535,-0.6066566586105105,-0.06150347429164,0.8253873356657446,0.8839984388292126,1.7220013661020468,1.0519335494682025,0.809998071840996,1.4393225881406386,1.20093131996719,0.2184812833855381,-0.2660323181086118,-0.1588267718029321,-0.709146619633606
G24463,0,0,0.0111320369929093,10.18730/JTC49,FULL,Phaseolus,vulgaris,Phaseolus vulgaris,MDG,9 KM SE OF BELO-TSIRIBIHINA TO MORONDAVA - TSIMAFANA - TULEAR,-19.75,44.59,0.3591811050669926,-1.6649469951762428,0.3859604233784113,-0.6180657676693899,-1.669625792537179,2.367120517521472,-0.1967389756785301,0.7376284975113621,-1.1160495664394467,0.0212002755305197,-1.1488294848772953,-1.790369690147519,-1.6254808942121433,-1.0721169262334478,-1.1383099190106238,-1.6652270776827882,-1.0954872081920335,0.6071251130757639,-0.9457971840855228,-0.9531282804876768,-1.3577823086308227,-1.2661692346812117,-0.2103424021141454,-0.0120125678666426,-0.0527520074558472,4.239853606743886,-2.7340039424291533,-0.1099513511812154,-3.246883010890488,0.2062222827571616,1.6261802415383309,1.619416720920429,-0.1987272435143563,0.9160747656175,-0.734532193877048,1.77107885450485,2.304918207813421,-0.8403454832857268,0.1315858062995932,-0.1380893584714278,1.597894306890863,0.8229683881982195,3.306986675576874,-0.9412289442154737,-0.2776079046205419,-0.778506687996669,-1.1132175613137465,-1.109707030023204,-1.0644460273388057,1.8790686337654792,3.019826994230874,1.1591998718984442,0.6567114702592697,-0.2718160630909961,2.6019279054414253,0.1623282076856287,2.1289924730634864
G15987,0,0,0.0002462994115822962,10.18730/JSDN~,FULL,Phaseolus,vulgaris,Phaseolus vulgaris,MEX,SANTA LUCIA - CANATLAN - DURANGO,24.47,-104.69,0.3591811050669926,1.0174576547819438,-1.80637314900962,-0.5015049245715494,-1.074502369041426,0.6285971184873334,1.0095244443355862,0.6589008620265581,-1.4354580792105334,0.4866341903172038,-0.6630233502020273,-1.2858560454043628,-1.1544713853672233,-0.8407667675338554,-0.4620752591201768,1.076475620670827,-0.6950773976531537,0.6071251130757639,-1.3746032794389391,-0.874310079333037,-1.2433834014442298,-1.5830492715146862,1.0792321539111058,0.9723533473893315,-1.1907209985116811,-0.5668829206880276,-0.5334018289386918,-0.1099513511812154,-0.5509180671459002,-1.1698836982734446,-0.1690870794186253,0.014246261066945,-0.9673709146563312,-0.6089816665484414,-0.734532193877048,1.3315989850673242,-0.446663868151,-0.7099819279343151,2.613222992147427,-0.1283713878495097,0.3124825228117885,-0.2783126402999736,-0.7710006915461942,-0.8539454952112374,-0.9631261420996432,-1.0473828931360547,-1.0324423572729344,-0.4705765687164486,0.1534713764167987,-0.2112598144863236,0.2684463522952818,0.4517030731758587,0.706005547831598,0.7965930799772726,0.1982058475739481,0.2693796973612255,0.3229038756448727
G413,1,1,0.9660114220812496,10.18730/JZDBS,FULL,Phaseolus,vulgaris,Phaseolus vulgaris,TUR,CILAVUZ - KARS,40.5,42.75,0.3591811050669926,-0.8227699863962183,0.3859604233784113,-0.599854064535018,-0.2478771030070501,-0.0540691376779045,-0.999524376728437,-0.2528003582530731,0.2387244763732729,0.9734976034380384,0.7943950538237766,0.2276848888251061,0.7295666500124566,1.241384660762475,1.7018756525292535,0.1168796762470617,-0.828547334499447,0.6071251130757639,-0.5621285724535185,0.0320992339453201,0.9907599624351184,0.1069775915971782,0.6923597871035305,0.4801703897613444,-0.8655870010671574,-1.995912699113732,2.079813180831231,-0.1099513511812154,0.7970644047263937,-1.1698836982734446,-2.5496965373194067,-1.3166739696581171,-1.0724133252462322,-1.142751417806521,-0.0372793422287369,-0.8465713142400766,-1.038637701227011,-0.5395065093978536,0.0522638856441429,-1.7052857809017397,-1.51313465661968,-3.516407539430999,-0.6979184806658525,-0.7775724773325309,-0.6889188471080027,-0.3901299472397783,-0.1439151128240009,-0.4801158293329673,-0.6769268534165679,-1.4135316661602426,-0.9394941563967302,-0.8634932116039719,-0.0664888892918027,0.7101859127164827,0.8538133015545412,-0.6940846030272442,-0.3221277223510561
G50984,0,0,0.0152866788843936,10.18730/PHGCC,FULL,Phaseolus,vulgaris,Phaseolus vulgaris,PER,SANTIAGO DE CHUCO - SANTIAGO DE CHUCO - LA LIBERTAD,-8.16,-78.19,0.3591811050669926,0.4075580644622758,-1.80637314900962,0.2933536266211392,0.5220419036176125,-0.3817489406372187,-0.3748988893994331,0.1438056380766162,-1.113404821594853,-0.73583546380468,0.3085889191485086,0.2276848888251061,-0.6834618765223034,-0.0310412120852824,0.0789124687921807,-0.4314608634236613,0.3726820971171922,0.3007973621162639,-1.329465795717527,-0.5196281741371581,-0.604095390695621,-1.2661692346812117,0.5634023315010054,0.8082923615133358,0.5433269878591136,0.3424996655828751,0.1542863315270773,-0.1099513511812154,-0.5509180671459002,-1.1698836982734446,-1.203246081685713,-2.2321857786607384,-1.1291028801677665,-1.1236882124044467,-0.5795871157329789,-0.2762602689173024,-0.907087960543453,-0.7601217569156273,1.222259537269426,1.1325248078783212,-1.0643486030950584,-0.8747420419601925,-0.2740416575598704,-0.7011994594538242,-0.5655255643617644,-0.4349426480963426,-0.9247420852185184,-1.0620107269406105,-1.0275394393462116,0.2202129749992673,0.0439524174737775,-0.5664020762054228,-0.54785051927662,-0.8530238819624331,-0.4176834522315814,1.0187408907830586,1.7419735757809365
G24604,0,0,0.00015107439646053824,10.18730/JYASX,FULL,Phaseolus,vulgaris,Phaseolus vulgaris,MEX,"MONTE ALBAN, RUINAS DE MONTE ALBAN - ZIMATLAN - OAXACA",17.03,-96.77,-2.9470184280009937,0.8090299738105826,-2.902539935203636,-0.5308017574067195,-0.803832285467228,1.5934320938675364,1.276978630784661,0.2727048113338127,-1.201237607539078,-0.3260302425936406,-0.6630233502020273,-0.7813424006612064,-0.9189666309447634,-0.493741529484467,-0.191581395163998,0.6652202159177848,1.1735017181949516,-0.9925864752682916,0.6340147461639066,-0.7560827776010773,-1.0213149345526078,-0.2099024452362963,1.337147065116156,0.9723533473893315,0.8142719857295503,0.0826760695054743,-0.6709394610318457,-0.1099513511812154,-0.2813215727714414,-1.1698836982734446,0.7522545391566238,0.4820848125645809,-0.7606207731777956,-0.5517920503422187,-0.6957959243410308,0.6495836062512742,-0.2548204963208113,-0.7751637056100209,0.8709775041961136,0.4255559149304582,0.6587680136005533,0.3533389126808073,-0.9463979976590144,-0.7230203217048833,-0.9494157773500612,-0.6291310184747879,-0.1439151128240009,0.2067109350563819,-0.1786879155165479,0.314761415205371,0.1666615824788968,0.5632919991532421,-0.1667312081133832,-0.048902458952411,-0.7674095370457766,0.2693796973612255,0.0648911749314939
G13891,1,1,0.9927210832955434,10.18730/JN3ZY,FULL,Phaseolus,vulgaris,Phaseolus vulgaris,IND,SHILLONG - ASSAM,25.59,91.89,0.3591811050669926,-0.7424712941254162,0.3859604233784113,0.2925588559369086,0.8359724325146844,0.1734862810438414,-0.6081160303046532,-0.8986537477895628,1.400449129602565,-0.7018628965296596,-1.1488294848772953,-0.2768287559180501,0.2585571411675366,2.28246037491064,-0.3268283271420874,-0.2943757285059805,0.9065618445023652,0.6071251130757639,1.4690581950100337,0.1503265356772798,0.687939325764725,1.2688710599865851,-1.1130445913318214,-1.488561440750604,-0.3778860049003713,0.2125878675441747,0.1542863315270773,-0.1099513511812154,1.3362573934753113,1.582328263787768,-0.0587223066975012,-0.0059192733166925,4.064660754555122,5.977355799868218,-0.3084332289808579,0.8820196594906394,9.88547201470345,-0.6297582015642156,-1.5030087844013105,-1.1861772357023717,0.4814698000455289,-0.738549480176064,-0.800233575898331,1.6227223702839622,-0.4969737406138543,1.835567528636249,4.352571245447875,6.330916250861413,6.5290844521374245,0.2339694455142431,0.0152257054350068,0.7637494254579746,0.7572846218162349,0.2201700228108304,-0.927313794114214,-1.336394179158038,-1.3541782176295345
G146,0,0,0.0365225730490599,10.18730/JZ58S,FULL,Phaseolus,vulgaris,Phaseolus vulgaris,IND,POONA - MAHARASHTRA,18.52,73.9,0.3591811050669926,-0.7640651639254166,0.3859604233784113,-0.61776401552899,-0.9909044814580344,3.4866931776324623,0.2739210178362415,-0.0412360843112902,1.3379515854506945,-0.7716423821172469,-4.063666292928903,-4.817451558606457,-1.3899761397896833,2.629485612960029,3.189591904288237,2.0360715650945926,0.5061520339634855,0.6071251130757639,0.6791522298853189,-0.7166736770237575,-0.9943975446263504,0.1069775915971782,1.0792321539111058,-0.1760735537426384,-0.0527520074558472,-1.4762655069589303,-0.5334018289386918,-0.1099513511812154,1.60585388784977,-1.1698836982734446,1.4152608359173946,1.7888065174169498,-0.6555783625878945,-0.0942751206924362,-0.8120047329490826,1.0873752863246378,-0.6988008711278195,-0.845359466183858,-0.0780503711932727,-0.4885255829633002,1.1075539779594097,0.8487980158458428,-0.9902473241872196,-0.2429613521815846,-0.7437603061063307,-0.942819924470738,-0.6285663370688738,-0.0222313197400677,0.6517103143168187,0.9683029430041432,1.3018986841592053,1.938884352116708,2.2688593897891765,1.611691309251695,0.3926700569765315,-1.336394179158038,-1.0961655169161562
G2010,0,0,0.005454052611367,10.18730/K0P1*,FULL,Phaseolus,vulgaris,Phaseolus vulgaris,GTM,SCHIEBER FARM AT PARRAMOS - PARRAMOS - CHIMALTENANGO,14.62,-90.81,0.3591811050669926,0.8500273064395072,0.3859604233784113,0.2992724438346555,0.4957348760564052,-0.0085580539335553,-0.0327534380718396,1.0716789831004596,0.0869752920427285,-0.5552433234417415,-1.634635619552563,-0.7813424006612064,0.7295666500124566,1.7040849781616596,1.7018756525292535,1.4877310254238694,-0.6950773976531537,0.6071251130757639,1.2433707764029722,-0.0861280677866394,0.3380132567233813,0.9519910231531106,-0.8551296801267712,-0.996378483122617,-0.3236970053262839,-1.2164419108815294,-0.2583265647523842,-0.1099513511812154,1.875450382224229,0.2062222827571616,-0.0325617376300185,-0.6229822792400014,0.4081844621161834,0.9351379710195742,-0.5408508461969617,0.7681959314088201,0.896239734660321,-0.7500937911193648,-0.3698410887278061,0.3500823971669596,-0.0033298870587428,-0.0505423484809545,-0.887932228954741,0.3789332219735976,-0.5243944701130183,-0.4498802150485307,0.4215113154616839,1.6948355912333055,0.817789960283492,0.8551941854365641,0.6645912578175888,1.34326407969619,1.4040626194934291,0.7191925229847083,0.7346588390293507,1.125792380458656,-0.3221277223510561
G24277,0,0,0.0090686078043033,10.18730/PGCTN,FULL,Phaseolus,vulgaris,Phaseolus vulgaris,MEX,"ROCHEACHI, ARROYO ARRIBA AREA - BATOPILAS - CHIHUAHUA",27.17,-107.25,-2.9470184280009937,0.8675097706898028,0.3859604233784113,-0.5465951684125916,-0.987981478395678,0.5648816012452444,0.3541913557467112,0.1142139879128603,-1.113404821594853,0.4727425687394918,-1.634635619552563,-1.2858560454043628,-0.6834618765223034,-0.7250916881840593,-0.867816055054445,1.213560755588508,1.840851402426418,-3.341099232624458,0.7017209717460251,-0.7166736770237575,1.1186175645848404,0.2126042705416698,-0.726172224524246,0.152048418009353,2.710886970822607,-0.4369711226493272,-0.8084770931249995,-0.1099513511812154,0.2578714159774761,0.2062222827571616,-0.4723859150109611,-0.0825479962740569,-0.5722113700562269,-0.0942751206924362,-0.3471694985168752,0.6933343621725532,0.7372837980010217,-0.2988353302875551,2.723706731672849,-0.1848500278903896,0.3180230589610255,-0.2970978220079116,-0.3763567527923488,-0.7557516150814718,-0.7300499413567487,-0.92788235751855,-1.0189798232661325,-0.4133410050173361,0.6517103143168187,-0.2857194406070658,0.316324205693233,0.6317408764280288,1.179427192167181,1.2272216334268118,0.3735847101651374,0.9116891458765768,0.8389292770716291
G20104,0,0,0.005538842453482,10.18730/JMXND,FULL,Phaseolus,vulgaris,Phaseolus vulgaris,MKD,REZANOVCE - KUMANOVO,42.16,21.69,0.3591811050669926,-1.2125626351329375,0.3859604233784113,-0.5912746060275378,-0.4910709577950984,0.1916907145415811,-2.089223803376804,-0.4297102384190178,-0.2193706039992382,2.42778486905463,-0.1772172155267593,-0.7813424006612064,-0.4479571220998433,0.3159840259641059,0.7551471286826278,-0.1572905935882998,-0.828547334499447,0.6071251130757639,-0.5395598305928124,-0.5196281741371581,-0.1464997619492484,-0.526782482069771,1.208189609513631,0.9723533473893315,-0.9197760006412448,-1.736089103036331,1.9422755487380767,-0.1099513511812154,0.2578714159774761,-1.1698836982734446,-1.1721804232164477,0.1473382495231479,-0.9940483522664648,-1.361978279930375,0.4275558922034704,-1.770271939795841,-0.9180504389337496,-0.31889126188008,-0.1432073982988915,-1.5770193241873307,-0.3690073336282956,-1.9666304236202248,-0.5225211745530324,-0.7011994594538242,-0.4147115521163622,-0.4498802150485307,-0.4535533949804475,-0.6136654779642297,-0.7230600884073104,-1.805918610849315,-1.8016501683257613,-1.378010192463608,-0.4290815672734932,0.413249230435918,-0.5218791294181115,-0.4799814960606078,-0.1931213719943667
G11125,0,0,0.000266544329164984,10.18730/JQ5CE,FULL,Phaseolus,vulgaris,Phaseolus vulgaris,MEX,"VENUSTIANO CARRANZA, CRO SOMBRERETILLO - CANATLAN - DURANGO",24.47,-104.6,-2.9470184280009937,1.2755513451052412,-2.902539935203636,-0.4573168836728064,-1.0341649267809083,0.9653791381955174,0.904194608963104,0.6232906262797593,-1.4061805420650872,0.4935800673468534,-1.1488294848772953,-1.790369690147519,-0.9189666309447634,-0.0310412120852824,0.484653264726449,1.4877310254238694,1.4404415918875382,-0.2778217230294583,-1.3520345375782332,-0.8349009787557171,-0.9943975446263504,-1.4774225925701947,1.0792321539111058,1.300475319141323,0.4891379882850262,-0.8267065167654283,-0.6709394610318457,-0.1099513511812154,0.2578714159774761,-1.1698836982734446,-0.1600944216875497,0.0303785347236242,-0.975707613909498,-0.6375764746515529,-0.734532193877048,1.338682305500659,-0.4631075857364448,-0.7200098937305776,2.298768837352525,-0.1141530550913958,0.2847796307097159,-0.2665718821380463,-0.7856171337222626,-0.8539454952112374,-0.9631261420996432,-1.0473828931360547,-1.0324423572729344,-0.4705765687164486,0.1257914354223532,-0.210604744461801,0.2422021956178864,0.4683838920075294,0.707328878773137,0.7760467503028827,0.0671875208146478,0.3764311870368224,0.4519103797890794
G14161,1,1,0.9609795686735062,10.18730/JKTE~,FULL,Phaseolus,vulgaris,Phaseolus vulgaris,IRN,MAZANDARAN - MAZANDARAN,36.5,53.5,0.3591811050669926,-1.0612288893871862,0.3859604233784113,-0.5912657313289251,0.1473129110235283,-1.0280063298069773,-0.0301497402822647,-0.461184645372213,0.0216706368334116,-0.1253136383025992,1.2802011884990447,1.2367121783114188,0.4940618955899966,0.0846338672645136,-0.0563344631859086,-0.2943757285059805,0.7730919076560719,0.6071251130757639,-0.0881849933786897,-0.2043553695185991,0.0553806624976806,-0.2099024452362963,1.0792321539111058,0.3161094038853487,-0.5946420031967207,-1.4762655069589303,1.804737916644924,-0.1099513511812154,0.2578714159774761,-1.1698836982734446,-0.5696704022237894,0.4780517056878545,-1.1874597749399334,-1.438231101538672,-0.3084332289808579,-1.1407688040738284,-1.367512052935906,-0.2386675355099805,-1.046908719992315,-1.675931785343468,-1.0948217434571357,0.8534942832807321,-0.3763567527923488,-0.7011994594538242,-0.4969737406138543,-0.6590061523791642,-0.8170418131641021,-0.976157381391942,-0.962952910359172,-1.1322882689651814,-0.9338197441421582,-1.0676894421295962,-0.6087237425874147,0.326279150033364,0.0640925997100974,-0.8011362203182835,-0.1931213719943667
G21126,0,0,0.003404049806417,10.18730/JVTPK,FULL,Phaseolus,vulgaris,Phaseolus vulgaris,MEX,EL RUCIO Y OTROS - ARAMBERRI - NUEVO LEON,24.41,-99.8,0.3591811050669926,0.3283715912645708,-1.80637314900962,-0.4544096774108672,-0.2718457281183722,-0.2634201229019108,0.2453116350889309,0.0986657678853317,-0.8791843499233977,-0.048196221260377,-0.6630233502020273,-0.2768287559180501,-0.2124523676773833,0.431659105313902,0.2141594007702701,0.8023053508354656,1.306971655041245,-1.6052419771872917,-0.471853605010694,-0.3225826712505587,0.1697795696842737,-0.3155291241807879,0.8213172427060557,-0.3401345396186341,0.9768389844518124,-0.1771475265719264,-0.395864196845538,-0.1099513511812154,0.2578714159774761,-1.1698836982734446,-0.1494666750328049,-0.3527650800631943,-1.0690786455449657,-1.1808778286106694,-0.3471694985168752,-0.4519387761521347,-0.6604321967617818,-0.6247442186660844,1.060783198148014,0.0602310767958272,0.1628871749393508,-0.4779051707539253,-0.7417678071940575,-0.7775724773325309,-0.9494157773500612,-0.6141934515225999,-0.3593156569328333,-0.604126217347711,-0.5385271484443401,-0.2564596461783871,0.0428884651760453,0.2558472520660698,0.4297602137853283,0.6102688300533543,0.1987216677580398,1.6610503392984106,1.4839608750675577
G20292,0,0,0.0024286944445244,10.18730/JN9YU,FULL,Phaseolus,vulgaris,Phaseolus vulgaris,MKD,BALTALIJA - SHTIP,41.64,22.24,0.3591811050669926,-1.2266996463842907,0.3859604233784113,-0.5855937080668847,-0.6015604735521685,0.3828372662678477,-2.081500117594088,-0.4449651972176726,-0.2009232537962173,2.402372482005143,0.7943950538237766,0.2276848888251061,-0.6834618765223034,-0.3780664501346709,-0.191581395163998,-0.8427162681767036,-0.294667587114274,0.6071251130757639,-0.8780909585034045,-0.7166736770237575,-0.3887562712855633,-0.8436625189032455,1.337147065116156,1.6285972908933144,-1.0281539997894191,-0.1771475265719264,1.117049756179154,-0.1099513511812154,-0.8205145615203591,-1.1698836982734446,-0.9906916436653652,0.4457870814493793,-1.1124294816614326,-1.428699498837635,0.1951382749873667,-1.7371943441403466,-1.0331564620318627,-0.3991149882501795,-0.1375416597152275,-1.6356280324257682,-0.2304931241030451,-1.865660091534528,-0.6102198276094425,-0.7666620462070013,-0.4558426463651082,-0.5395056167616593,-0.5477911330280616,-0.7185973447459358,-0.7599666763999045,-1.7976210572053617,-1.7555455687573642,-1.392390208697807,-0.3850808134673209,0.4827690034437847,-0.4816451550589564,-0.5870329857362047,-0.580140269276917
G20766,0,0,0.1963996069191154,10.18730/K3H6T,FULL,Phaseolus,vulgaris,Phaseolus vulgaris,RWA,RUHUKO - GISHOMA - CYANGUGU,-2.67,28.95,0.3591811050669926,-0.4217518151120395,0.3859604233784113,-0.2877408268005353,0.6728688616352001,-0.1723979554132124,-0.3999782900534514,-0.363380508036707,-0.2940322607917039,-0.7692804183386394,-1.1488294848772953,-1.2858560454043628,0.0230523867450766,0.2003089466143097,0.2141594007702701,1.6248161603415503,-1.36242708188462,0.6071251130757639,-0.6749722817570493,-0.1255371683639593,-0.1464997619492484,-0.3155291241807879,-1.2420020469343465,-0.6682565113706256,-0.5404530036226333,-0.5668829206880276,-1.0835523573113073,-0.1099513511812154,0.7970644047263937,1.582328263787768,0.4424156226944573,-0.0623824618904193,0.4181885012199835,-0.2372491612079932,-0.3471694985168752,-0.6540439048450218,-0.1671206691984393,0.593653625579802,-0.6106391458784914,0.9228031698790076,0.2127522908968294,0.4003019005411669,1.1291367913426908,0.302560204094891,1.2305322178334808,1.3874405200706057,0.1118730333052374,-0.8521469933771982,-0.9721795573573204,0.1619117428167507,0.0648768126625117,-0.4818475807483333,-1.090085372572232,-1.0303415216181258,-0.066409906865111,-0.265878261478529,0.1938976790757006
G50795,0,0,0.0047026173765133,10.18730/JXX72,FULL,Phaseolus,vulgaris,Phaseolus vulgaris,CHN,HEBEI KUANCHENG - KUANCHENG - HEBEI,40.6,118.49,0.3591811050669926,-1.3058669093918691,0.3859604233784113,-0.5961291705510412,-0.7746022548436644,0.1279751972994922,0.3986669456332234,0.1965816508918488,-0.6362886239779373,0.1903934688571755,1.2802011884990447,1.7412258230545752,-0.4479571220998433,-0.493741529484467,-0.7325691230763556,-1.802312212600469,0.6396219708097787,0.6071251130757639,0.2954836182533146,-0.559037274714478,-0.671388865511264,-0.2099024452362963,1.208189609513631,0.3161094038853487,-0.81139800149307,0.2125878675441747,1.6672002845517695,-0.1099513511812154,-0.8205145615203591,-1.1698836982734446,-1.6528803993752483,0.4377207907708078,-0.9540321958512644,-0.2658439693111046,-0.734532193877048,1.7574771229223705,0.4961092734144988,-0.8353315003875956,0.1740794788838631,-1.8651762902157447,0.7862010319396413,-3.2675039671767165,-0.9610144398350828,-1.0066915309686506,-1.0316779658475532,-0.8233193888532333,-0.6554914050824778,-0.4419587868668924,0.4856306683501454,-1.0532431526727806,-0.9409127594603732,-0.3363218164582405,0.4317452101976369,1.0034636595755806,0.0362383097691438,-0.1588267718029321,0.0648911749314939
G18651,0,0,0.0005432770463094011,10.18730/JSSK8,FULL,Phaseolus,vulgaris,Phaseolus vulgaris,BRA,RODOVIA PIRES DO RIO - PIRACANJUBA - SANTA CRUZ DE GOIÁS - GOIAS,-17.41,-48.57,0.3591811050669926,-0.6697014030809713,0.3859604233784113,-0.550771515023563,-0.2993219569045219,1.0655035224330855,1.2344954025785242,0.4813509610440204,-0.0594125245654171,-0.4857848181084257,-0.1772172155267593,-0.2768287559180501,-0.6834618765223034,-1.9975175610318168,-2.220285374835339,0.1168796762470617,-1.36242708188462,0.6071251130757639,-1.2843283119961149,-0.6772645764464376,-0.4829671360274635,-1.1605425557367202,-1.2420020469343465,-0.8323174972466213,-0.8655870010671574,1.2518822518537778,-1.358627621497615,-0.1099513511812154,-1.3597075502692766,1.582328263787768,0.9198455667020696,0.5708128561521266,0.6749588382175196,0.9160747656175,-0.4246420375889098,0.3656093750761539,0.479665555829054,-0.5946603212772971,0.0862590060751156,0.063652739352726,0.838836468810712,0.4261315281887902,3.102356485111918,0.2152767550906549,1.6966846193192695,0.3119356995130625,-0.709341541109686,-1.0333929450910544,-0.9906328513536174,0.3938065314977718,0.4947135409463399,-0.2796645524954969,-0.4545556878981193,-0.9335204612347,0.208006431071691,-0.4799814960606078,-0.1931213719943667
G2914,0,0,0.00024348696701991123,10.18730/K1FZB,FULL,Phaseolus,vulgaris,Phaseolus vulgaris,MEX,JACONA - JACONA - MICHOACAN,19.95,-102.3,0.3591811050669926,1.0917701988376485,0.3859604233784113,-0.52113998329596,-1.032995725555966,1.2020367736661333,1.0935193916051498,0.8655405614392372,-0.820629188378562,-0.0273587226530163,-1.634635619552563,-1.2858560454043628,-0.4479571220998433,0.2003089466143097,0.6199001967045383,1.3506458905061889,1.4404415918875382,-0.5501130572156805,0.8371334229102618,-0.6772645764464376,-1.1222551467760722,-0.1042757662918048,1.0792321539111058,0.3161094038853487,0.760082986155463,-0.5668829206880276,-0.8084770931249995,-0.1099513511812154,0.527467910351935,-1.1698836982734446,0.4088974429136518,0.3409266872800377,-0.5088524557321596,-0.0656803125893248,-0.6570596548050135,1.3075780895940854,-0.5727323696394098,-0.7049679450361839,1.1769328586206542,0.1498829271323608,0.5507269246227668,0.3322056420427783,-0.7271513650179893,-0.6902890283282948,-0.9357054126004792,-1.0025701922794903,-0.7362666091232899,0.3116428018380881,0.6793902553112643,0.2811344872798745,0.5674169479580435,0.9072619874752796,0.9309718078932308,0.6938614316053237,0.215743733833067,-0.6940846030272442,-0.580140269276917
G14962,0,0,0.00033455836761589545,10.18730/JPZA5,FULL,Phaseolus,vulgaris,Phaseolus vulgaris,MEX,RÍO COFRADIA - TUXCUECA - JALISCO,20.03,-103.55,0.3591811050669926,0.5592868085145741,0.3859604233784113,-0.5565770727035103,-1.0224729145314828,0.9744813549443871,1.0023507843372386,0.6052346782032454,-1.201237607539078,-0.1801674211381528,-0.6630233502020273,-1.2858560454043628,-0.4479571220998433,0.6630092640134944,0.8903940606607171,0.8023053508354656,-0.294667587114274,0.6071251130757639,-0.3364411538464572,-0.874310079333037,-1.0213149345526078,-0.738035839958754,2.6267216211414075,0.4801703897613444,-0.7572090019189827,-0.3070593246106268,-0.5334018289386918,8.092419446937457,-0.0117250783969826,-1.1698836982734446,0.6852181640021133,0.5829121383197533,-0.7739594919828624,-0.3516283936204388,-0.6570596548050135,1.169252916422895,0.0904975729735283,-0.6999539621380526,1.1089427933680551,0.294808306720651,0.8083633350535062,0.4519611558364139,-0.7271513650179893,-0.6793785972027653,-0.9631261420996432,-1.0473828931360547,-0.8843544831981122,0.1017790682746758,0.4025908453668087,0.2662862333906943,0.5333704744306116,0.9446500296841966,0.9716642343455556,0.7419905052261545,0.2405031026694702,-0.9081878376093228,-0.9671593203469846
G13928,1,1,0.9968284820307974,10.18730/JS7CH,FULL,Phaseolus,vulgaris,Phaseolus vulgaris,COL,PURACÉ - PURACE - CAUCA,2.4,-76.45,0.3591811050669926,0.8862329201450947,-1.80637314900962,3.805565732587154,1.7801024216557857,-1.264663965277593,-0.6983991190159147,-2.1367571095206017,1.6972413619862716,-0.9928319202897904,1.7660073231743127,1.7412258230545752,2.3780999309696766,1.4727348194620673,1.837122584507343,-0.5685459983413421,-0.6950773976531537,0.4029066124360972,0.6565834880246127,2.317827067429873,1.4820023285893127,1.3744977389310766,-1.2420020469343465,-0.6682565113706256,0.1098149912664148,-0.3070593246106268,0.9795121240860004,-0.1099513511812154,1.60585388784977,1.582328263787768,-0.8206481337906265,-1.808711200878678,1.4469371890607612,0.496684246771866,2.519314447148404,-1.427344118575368,1.3073326742964395,1.1552197101704984,-1.1290634862998774,1.3191628004845226,-0.8205636717397133,-0.5319125149792651,1.041438138286281,1.5136180590286672,1.9983126438100745,1.8206299616840609,1.2023382878562012,0.1113183288911945,0.6609369613149673,0.4147687722824968,-0.1280532039929358,-0.6296741476358979,-1.3021491559538592,-1.1539009562353464,-0.0927167362537894,-1.0152394549003625,-1.0961655169161562
G8908,0,0,0.00027243169004735054,10.18730/K2ZVT,FULL,Phaseolus,vulgaris,Phaseolus vulgaris,MEX,CANATLAN - CANATLAN - DURANGO,24.53,-104.78,0.3591811050669926,1.0392159164078625,0.3859604233784113,-0.4839835462083914,-1.0481953414802188,0.5102683007520254,0.9568034254171588,0.6428511729201871,-1.4061805420650872,0.4727425687394918,-1.1488294848772953,-1.2858560454043628,-0.9189666309447634,-0.493741529484467,-0.191581395163998,1.076475620670827,1.4404415918875382,-0.4139673901225694,0.2954836182533146,-0.874310079333037,-1.028044282034172,-0.4211558031252794,1.0792321539111058,1.1364143332653274,0.2723819899886768,-0.4369711226493272,-0.6709394610318457,-0.1099513511812154,-0.0117250783969826,-1.1698836982734446,-0.2197731344772607,-0.0502832566479078,-0.947362836448731,-0.58038685844533,-0.734532193877048,1.3043016854859566,-0.424738911370407,-0.6999539621380526,2.3185993310247994,-0.114999898957325,0.2736985319917558,-0.3276237282872625,-0.7563842493701259,-0.8321246329601785,-0.9631261420996432,-1.0473828931360547,-1.0189798232661325,-0.4705765687164486,0.1811513174112443,-0.2189022981057546,0.2397196402565111,0.4327214517467161,0.7384271558993039,0.8160135833681341,0.1316650438261145,0.2693796973612255,0.4519103797890794
G50501B,1,1,0.9685933856831151,10.18730/S57SR,FULL,Phaseolus,vulgaris,Phaseolus vulgaris,COL,"12 KM E GUATEQUE VÍA MACANAL, VEREDA SIGUIQUE - SUTATENZA - BOYACA",5.03,-73.42,0.3591811050669926,0.0173573437347985,-1.80637314900962,1.3921499774973487,0.8757252741627308,-0.6457132263544441,-0.435241922066103,-0.1656528246183318,1.2873554493072814,-0.7844564042898426,0.3085889191485086,0.7321985335682625,1.6715856677022964,0.2003089466143097,0.0789124687921807,0.8023053508354656,-0.0277277134216875,0.3007973621162639,2.0107079996669808,0.741463044337078,2.5788859680842937,2.0082578125980257,-1.1130445913318214,-0.996378483122617,0.0556259916923274,-0.4369711226493272,-0.395864196845538,-0.1099513511812154,1.0666608991008526,1.582328263787768,0.0500074726064619,-0.6391145913592411,0.6916322367238531,0.3346470008542348,0.3113470835954186,-0.4479884517746263,-0.0355709285148813,2.483925178175272,-1.1035671425995437,0.8762433238823936,-0.1584657710804175,0.127916799366586,-0.5663705010812374,0.2480080484672434,0.0377304846198446,1.611504024353427,0.6772994615909224,1.093862172392625,0.799336666287195,0.7399018611205763,-0.0262684341765507,0.1137726916721847,-0.7929975761967227,-0.8825768219050485,0.2926009412627353,-1.4434457964490774,-1.6121908414491544
G1939,0,0,0.0020899817830635,10.18730/K0KNY,FULL,Phaseolus,vulgaris,Phaseolus vulgaris,MEX,TAPACHULA - TAPACHULA - CHIAPAS,14.9,-92.28,0.3591811050669926,-1.5094398714113566,0.3859604233784113,-0.6065897547582978,-0.0052678488314731,1.047299088935346,1.6426259373217456,0.8790827138240086,1.2288003313894176,-0.7497271516231847,-1.1488294848772953,-1.2858560454043628,-1.3899761397896833,-0.9564418468836516,-0.5973221910982662,-0.4314608634236613,0.5061520339634855,0.6071251130757639,0.5663085205817883,-0.6772645764464376,-1.0616910194419935,0.0013509126526867,-0.726172224524246,-0.6682565113706256,-0.7030200023448953,0.6023232616602759,-0.2583265647523842,-0.1099513511812154,-0.8205145615203591,0.2062222827571616,1.9490994327886773,1.7726741668351549,2.714115475542108,3.1464697976601896,-0.3471694985168752,0.4039794004321156,0.764689993976763,-0.6097022699716907,-0.0525540004761161,0.9660707030338908,1.5092452001133505,1.379479236740926,-0.8148500180743993,3.1065410033559764,0.6546968983510357,0.4015611012261911,2.79091730065884,2.8681646470651105,2.312506773983552,0.6881513291832863,0.2393649894906004,0.4289826475258244,-0.2070928018303232,0.0273722717566249,0.0171529629577497,0.4834829319433041,0.0648911749314939
G17217,0,0,0.0123491935619732,10.18730/JPKT7,FULL,Phaseolus,vulgaris,Phaseolus vulgaris,ECU,EL CISNE - LOJA - LOJA,-3.85,-79.42,0.3591811050669926,1.4876065138755403,-1.80637314900962,2.9719595459860906,1.6374598722127955,-1.164539581040025,-0.2066097882886557,0.0911423924109886,-0.2350779219459803,-0.9650485198124836,1.2802011884990447,1.2367121783114188,1.2005761588573765,0.6630092640134944,0.6199001967045383,-0.1572905935882998,-0.6950773976531537,0.3688701956628195,-0.6298347980356369,0.7808721449143978,0.8225262753960111,0.2126042705416698,-0.2103424021141454,-0.5041955254946299,-0.0527520074558472,0.0826760695054743,0.0167486994339235,-0.1099513511812154,0.527467910351935,0.2062222827571616,-0.2107804562805052,-1.0666223048649464,-0.2520821187346235,-0.1895911477028075,-0.2696969594448407,0.0138404009010726,-0.3534828018334798,-0.6247442186660844,-0.3925044483148063,0.8154280238251921,-0.291439378407715,-0.1162904732618979,1.0122052539341442,-0.548453423696411,-0.2090560808726318,0.5957494716046364,-0.4131657929600414,-0.9666181207754232,-0.9075930283702808,0.1885512571473388,0.4553473059302467,-0.5192356229572505,-0.6037612515566434,-1.1485532813885877,-1.0057184620961577,0.1623282076856287,0.7099227729274225
G51645C,1,1,0.9949551322470852,10.18730/S6R8N,FULL,Phaseolus,vulgaris,Phaseolus vulgaris,COL,3 KM N TIMBIO - TIMBIO - CAUCA,2.37,-76.67,0.3591811050669926,0.900920546944379,-1.80637314900962,1.6028800777960348,1.575492207290841,-1.4831171672504693,0.0282623532734663,-0.8688305221529824,1.5508535890050978,-0.9442109632444295,0.7943950538237766,1.2367121783114188,1.4360809132798364,1.7040849781616596,2.1076164484635216,-0.020205458670619,-0.4281375239605672,0.6071251130757639,-0.0430475096572774,1.6872814581927549,0.8763610552485255,0.7407376652641275,-1.1130445913318214,-0.3401345396186341,-1.1365319989375942,-0.3070593246106268,0.2918239636202311,-0.1099513511812154,1.3362573934753113,0.2062222827571616,0.0688103724872508,-0.7197764211933312,1.593663095916496,1.1638964358444654,1.202281282923816,-0.7879948906891013,1.3950325014188116,3.346330236653841,-0.415167726851339,1.1573854620197357,-0.0892086200836925,0.1326131115888278,1.5968629409768782,2.2773482378157333,2.6701205165395936,2.2538194032975154,0.8792374716929527,-0.2034772714539238,-0.6031136774313797,0.6160936264857938,-0.1365648223747938,-0.1568592138554383,-0.9256615030860093,-1.1499605642429978,-0.099422398646982,-1.2293425618669986,-1.2251718672728455
G51262D,0,0,0.1206103026639778,10.18730/S5W49,FULL,Phaseolus,vulgaris,Phaseolus vulgaris,PER,POMACOCHA - BONGARA - AMAZONAS,-5.82,-77.97,0.3591811050669926,1.0634961763349418,0.3859604233784113,1.992633273043521,1.4071272308991152,-1.0371085465558472,-0.2111681274305389,-1.131142855686503,-0.293633083490816,-0.8816983183805641,0.7943950538237766,1.7412258230545752,1.4360809132798364,0.0846338672645136,0.0789124687921807,0.3910499460824232,-0.9620172713457402,0.6071251130757639,0.0923649415069593,1.2143722512649164,0.9705719199904256,0.8463643442086191,-0.9840871357292964,-0.5041955254946299,-0.3778860049003713,-0.6967947187267279,0.2918239636202311,-0.1099513511812154,0.7970644047263937,0.2062222827571616,-0.3211452406963025,-1.1392179594081389,-0.2087312826181564,-0.7328925016619242,1.1248087438517815,-1.4008396597776864,-0.205489343564477,-0.0631781340753878,-0.3443448260779413,0.9969603560237572,-0.3690073336282956,-0.2336978309444121,0.2521502607785901,-0.0356631607965238,0.1611237673660828,0.5957494716046364,-0.157377646830803,-0.5755084354981548,-0.5846603834350826,-0.2293834184981172,-0.0964892858268791,-1.3478121583717906,-1.745134188634045,-1.465473380201778,-0.8814057977300497,-0.1588267718029321,0.4519103797890794
G20942,1,1,0.9962945377168586,10.18730/K3HE$,FULL,Phaseolus,vulgaris,Phaseolus vulgaris,RWA,MUREHE - BICUMBI - KIGALI,-2.01,30.27,0.3591811050669926,0.2623876097447535,0.3859604233784113,0.2679619791564445,1.140549351612216,-0.8732686450761901,-0.5088863473012809,-1.271724770438832,0.8722651915411845,-0.860962888851897,-0.6630233502020273,-0.7813424006612064,-0.2124523676773833,-0.7250916881840593,-0.5973221910982662,0.8023053508354656,-0.6950773976531537,0.6071251130757639,-0.8329534747819922,-0.2437644700959189,-0.1936051943201985,-0.526782482069771,-0.9840871357292964,-0.5041955254946299,-1.0281539997894191,0.3424996655828751,-1.358627621497615,-0.1099513511812154,-0.2813215727714414,1.582328263787768,0.450590769098609,-0.1874083904433977,-0.1803865051573894,-0.1705279423007333,-0.463378307124927,-0.3724927559640849,-0.6604321967617818,0.6939332835424263,-0.5936417004845054,1.0496881475588098,0.2626173540153368,0.4026500342586106,0.0621365124897015,-0.1884091965539371,0.5587243451039616,1.5816288904490512,0.3811237134412779,-0.976157381391942,-0.999859498351766,0.2154091281527678,-0.0425823694084452,-0.4844359836704891,-1.0924012017199252,-1.228205490948208,0.0011625372509059,-0.265878261478529,-0.1931213719943667
G23542A,0,0,0.0003151956066361921,10.18730/S5SYD,FULL,Phaseolus,vulgaris,Phaseolus vulgaris,MEX,AMATLAN - TEPOZTLAN - MORELOS,18.97,-99.03,-2.9470184280009937,0.6676598612970498,0.3859604233784113,-0.3458358946112076,-0.5781764490533177,1.557023226872057,1.1961595605858288,1.4648969401887055,-0.7327964896882804,-0.4788390073195697,-1.1488294848772953,-0.7813424006612064,0.0230523867450766,0.8943594227130865,1.0256409926388066,1.213560755588508,1.7073814655801247,-2.524225230065792,0.9725458740744988,-0.3225826712505587,-0.2407106266911486,0.3182309494861614,-0.0813849465116203,-0.3401345396186341,2.5483199721003453,-0.8267065167654283,-0.2583265647523842,-0.1099513511812154,1.0666608991008526,0.2062222827571616,0.3802843369417275,0.1029742661919326,-0.1453723682940891,0.1535465495345292,-0.6183233852689962,1.1619784263685982,-0.0684583636857708,-0.7250238766287087,0.4092118194020574,0.3995847362708168,0.3180230589610255,0.0879983470206178,-0.8294664602504677,-0.3302448011858208,-0.921995047850897,-0.8531945227576094,-0.3862407249464373,0.8458413963631376,0.780883372290898,0.4158605556567012,0.4737891457576057,0.888280366046137,0.6729222742931226,0.4630670434820411,-0.1169602849061009,-0.6940846030272442,-0.580140269276917
G7225A,0,0,0.0003844404248403622,10.18730/S1P8H,FULL,Phaseolus,vulgaris,Phaseolus vulgaris,PER,"ABANCAY-ANDAHUAYLAS, HACIENDA PACHACHACA - ABANCAY - APURIMAC",-13.67,-72.88,-2.9470184280009937,1.515880536378247,0.3859604233784113,-0.4316916557670516,-0.4413799057350405,1.3658766751457905,-0.115365923270255,0.3268724642359677,-0.5864087167071068,-0.5969184531380481,0.3085889191485086,0.7321985335682625,0.0230523867450766,0.0846338672645136,-0.4620752591201768,-0.2943757285059805,0.6396219708097787,-1.843496894600236,-0.6298347980356369,0.1503265356772798,0.7956088854697538,-0.1042757662918048,-0.3392998577166706,-0.1760735537426384,1.7354849784890352,0.0826760695054743,0.2918239636202311,-0.1099513511812154,-0.0117250783969826,0.2062222827571616,-0.9563559359901802,-1.784512636543427,-0.1286989697877555,-0.008490696383102,-0.2696969594448407,0.3272369594769322,-0.0465334069051778,-0.6297582015642156,0.2477353316881159,0.7356237480739813,-0.8538070471520518,-0.7972531142299675,1.889191784498245,-0.5157221303198225,0.0925719436181727,-0.0913786081960162,-0.8978170172049142,-0.9952359026249792,-0.9537262633610234,0.4328923762942904,0.8844747326822534,-0.6739645976372305,-1.3461499097600316,-1.2011856601435311,-0.695194711272934,-0.3729298787695683,0.4519103797890794
G13044,0,0,0.0721074433564793,10.18730/JMBEP,FULL,Phaseolus,vulgaris,Phaseolus vulgaris,TZA,"ARUSHA LIMITED, ARUSHA - ARUSHA - ARUSHA REGION",-3.39,36.64,0.3591811050669926,-0.5920028691932558,0.3859604233784113,-0.54157419296484,0.0268851848544467,-0.4181578076326981,0.1792731021389887,-0.5929871557406082,-0.2060150200703018,-0.5506302482018426,-0.6630233502020273,-0.7813424006612064,-0.2124523676773833,-0.0310412120852824,-0.191581395163998,1.213560755588508,-0.9620172713457402,0.6071251130757639,-1.1940533445532904,-0.4802190735598382,-0.9136453748475788,-1.1605425557367202,0.3054874202959551,0.152048418009353,-0.9197760006412448,-0.3070593246106268,-0.9460147252181532,-0.1099513511812154,-0.0117250783969826,-1.1698836982734446,0.4718462136802879,0.1231396851878997,-0.4438262015574589,0.210736165740752,-0.5408508461969617,0.6116840510709809,-0.1068270380518085,-0.7350518424249712,-0.6786292246394988,-0.0134817235992756,0.3983612822562253,0.1513982932967646,0.0182871859614965,-0.9521393753410032,0.1062823083677547,2.179131568536575,0.2464983733732577,-0.9952359026249792,-1.018312792348063,1.0613228864863606,1.211462738851964,0.3326365387566918,-0.5647229887812424,-1.3531722084198392,0.4354831322561454,0.3764311870368224,1.4839608750675577
G20274,1,1,0.9856516940358389,10.18730/JN9CJ,FULL,Phaseolus,vulgaris,Phaseolus vulgaris,MKD,SVETA PETKA - SOPISTE,41.94,21.34,0.3591811050669926,-0.8025893088436922,0.3859604233784113,-0.5855493497342403,-0.1800634319603828,-0.0631713544267743,-2.0128144756388,-0.5756622360320182,-0.0436353595846818,2.172659787484918,1.2802011884990447,0.7321985335682625,0.0230523867450766,0.0846338672645136,0.0789124687921807,-1.1168865380120652,0.1057422234246057,0.6071251130757639,-0.4267161212892817,-0.4802190735598382,0.243802391981481,-0.4211558031252794,0.5634023315010054,0.4801703897613444,-0.7030200023448953,0.0826760695054743,0.9795121240860004,-0.1099513511812154,-0.2813215727714414,-1.1698836982734446,-1.3830998151935965,-0.2519378696956952,-0.8706652033195967,-1.2761938556210408,0.6212372398835568,-1.7706067695114582,-0.9125691997386012,-0.183513723630537,-0.7664497396620344,-1.6963657879842775,-2.0561102672077207,0.3322056196491018,-0.3909731949684172,-0.6139160104495881,-0.2364768103717958,-0.3602548133354021,-0.3458531229260313,-0.642283259813786,-0.6953801474128649,-1.7526395821881389,-1.7158246829753605,-1.3072605125913497,-0.3804491551719344,0.3724380276580205,-0.3826076797133436,-0.4799814960606078,-0.1931213719943667
G24769,0,0,0.1761022955432612,10.18730/JYGBP,FULL,Phaseolus,vulgaris,Phaseolus vulgaris,COL,"8 KM N GARAGOA VÍA CHINAVITA, VEREDA SENDA, RIO GARAGOA - GARAGOA - BOYACA",5.12,-73.38,-2.9470184280009937,0.2859605575105109,-2.902539935203636,2.085132806828545,1.7298267689832565,-1.0826196303001965,-0.083083084954953,0.1528334207874871,0.5846939034120002,-0.8608607535324109,1.2802011884990447,1.2367121783114188,1.4360809132798364,0.7786843433632905,0.8903940606607171,-0.5685459983413421,-0.4281375239605672,0.5730886963024862,0.20520865081049,0.8596903460690376,1.1388056070295332,0.7407376652641275,-0.9840871357292964,-0.8323174972466213,-0.3778860049003713,0.3424996655828751,0.1542863315270773,-0.1099513511812154,0.527467910351935,1.582328263787768,0.341043520373639,-0.2842025708592838,1.5686529981569957,1.1067068196382426,0.0401931968432975,-0.4529509741053111,0.1672349217056038,3.1407569378304614,-0.9449236525073456,1.0145010980495957,0.1434952191585639,0.3815167636205817,-0.6686855963137158,1.426334610024431,0.2022548616148289,1.5069410556881109,3.006317844767672,1.866542282330643,1.3880087530792091,0.7501646248380979,0.1900685330290062,0.2127072033634731,-0.715913548852075,-0.9107224789932538,0.2497878659831214,-1.336394179158038,-1.6121908414491544
G16686,0,0,0.0021261595999571,10.18730/JKJ5V,FULL,Phaseolus,vulgaris,Phaseolus vulgaris,IRN,SANANDAJ - KORDESTAN,35.34,47.0,0.3591811050669926,-0.389301051546851,0.3859604233784113,-0.5608198082171452,-1.592458511690971,1.8756008130825013,-0.7345533496823694,0.3218112259668841,-0.458053337721147,1.4079283882654792,-0.6630233502020273,-0.7813424006612064,-1.6254808942121433,-0.2623913707848747,0.2141594007702701,-0.4314608634236613,1.5739115287338314,0.6071251130757639,-0.9457971840855228,-0.874310079333037,-1.2366540539626654,-1.3717959136257032,1.8529768875262569,1.9567192626453056,-1.0281539997894191,-0.9566183148041288,1.5296626524586157,-0.1099513511812154,-0.5509180671459002,-1.1698836982734446,-0.9481807700949052,0.8168314525311292,-1.029062489129765,-0.999777377290964,-0.7732684634130653,0.2561114512924744,-1.5977240991321322,0.1323671989517297,1.324244776986645,-1.4061644653686145,-2.64064018622695,1.0061238706616769,0.0475200703136332,-0.9194080819644146,-0.305028634119706,-0.1063161751482043,-0.6689539390892798,-1.1001677694066854,-1.073672674336954,-1.2434318164591924,-0.1578438683294387,-0.8908152424489498,-0.1984911507103196,1.0451192320661242,2.016471996497308,-0.265878261478529,0.1938976790757006
G16007,0,0,0.00042047346379845866,10.18730/JSE6D,FULL,Phaseolus,vulgaris,Phaseolus vulgaris,MEX,SAN JOSE - CUENCAME - DURANGO,24.83,-103.68,0.3591811050669926,0.8202378289582382,-1.80637314900962,-0.4653763190863177,-1.347510855065509,-0.0540691376779045,1.3358643997372697,1.2060952728618557,-1.757511336826214,0.5560926956505198,-1.1488294848772953,-1.790369690147519,-0.6834618765223034,-0.1467162914350786,0.2141594007702701,2.0360715650945926,1.840851402426418,-2.1838610623330137,-1.3971720212996457,-0.7954918781783972,-0.7857877726978572,-1.4774225925701947,1.8529768875262569,2.284841234397297,1.9522409767853848,-1.2164419108815294,-0.8084770931249995,-0.1099513511812154,0.2578714159774761,-1.1698836982734446,0.4816564275678723,0.8208644824827424,-1.1907944546412002,-0.9139929529816296,-0.734532193877048,1.1190348433227486,-0.7645757414695985,-0.7450798082212337,1.8370030546224867,-0.1856341610189797,0.836066200736093,0.217146418077708,-0.844082902426536,-0.9521393753410032,-1.0042572363483893,-1.0175077592316786,-0.9785922212457264,-0.6327439991972672,-0.2617277384998845,-0.3195647252074032,0.0790628432989417,0.265625663105325,0.4502718433791831,0.6296893334442158,0.0362383097691438,0.2693796973612255,0.3229038756448727
G23876,0,0,0.0005108464972994704,10.18730/JTKGQ,FULL,Phaseolus,vulgaris,Phaseolus vulgaris,CRI,"PRIMERO, GAMALOTAL - NICOYA - GUANACASTE",10.07,-85.52,0.3591811050669926,-1.558919410791093,0.3859604233784113,-0.5552282422691918,0.6863146757220393,0.2918150987791493,1.0781627055367118,1.1213330316382588,0.9945798160909904,-0.7080520550472744,-0.6630233502020273,-0.2768287559180501,0.0230523867450766,0.5473341846636982,0.7551471286826278,-0.1572905935882998,0.6396219708097787,-0.0736032223897916,0.5211710368603759,0.1897356362545997,0.1294034847948879,0.4238576284306529,-0.726172224524246,-0.996378483122617,0.9768389844518124,-0.1771475265719264,0.2918239636202311,-0.1099513511812154,0.527467910351935,0.2062222827571616,1.4520490843952447,1.2161074178997413,1.421927091301261,1.792982214112916,-0.6570596548050135,0.6971427325441363,0.0685726161929353,1.691715880270539,-0.7041254332557173,0.6808232016159206,1.0549185939273114,1.1540571010330285,-0.9171651133068778,2.997436692100681,0.3941999681089773,-0.5544431837138475,2.292803542407165,2.095484537127093,0.4856306683501454,1.3392909335588088,0.7975852950341198,1.839662240100736,1.6912254338073955,0.6485469236933133,0.8775410300227608,2.410411532720244,0.1938976790757006
G7764,0,0,0.0274480369788432,10.18730/K2ATK,FULL,Phaseolus,vulgaris,Phaseolus vulgaris,CRI,ALAJUELA - ALAJUELA - ALAJUELA,10.03,-84.22,0.3591811050669926,-0.676719576465121,0.3859604233784113,-0.125348410761572,1.0160294211558356,0.1734862810438414,0.369847248386796,1.0651589284385743,1.5215759646057083,-0.8400232052444557,-0.1772172155267593,0.2276848888251061,0.9650714044349166,0.8943594227130865,1.160887924616896,0.6652202159177848,-0.5616074608068605,0.6071251130757639,0.859702164770968,0.1897356362545997,1.0244066998429402,1.1632443810420936,-0.9840871357292964,-0.5041955254946299,-0.4320750044744585,-1.606177304997631,0.9795121240860004,-0.1099513511812154,1.3362573934753113,1.582328263787768,0.8356412383052357,0.3893237390254214,2.3939862242205043,2.4506628004844786,0.0789294663793148,0.0034220422485346,0.5564029045611295,2.819862032350063,-0.7324547340525597,0.949971732015058,0.5396456673878908,0.6985166069696946,-0.6540691541376474,3.750256439762218,1.6144224308217774,0.8048754089352699,2.0639404642915307,2.314887531307024,1.5097884851446308,1.264176237413544,1.075986146274058,1.7220337073049887,1.5622006670073416,0.6336297254365646,1.3484848580985134,1.7681020842048922,-0.0641150216376775
G16576,0,0,0.0021328541943306,10.18730/JKEKR,FULL,Phaseolus,vulgaris,Phaseolus vulgaris,IRN,KERMANSHAH CHAMCHAL - KERMANSHAH - KERMANSHAHAN,34.32,47.07,0.3591811050669926,-0.5007723426914878,0.3859604233784113,-0.5996553967638893,-1.5310754473814878,1.9302141135757205,-0.7510954772787545,0.2849157577758145,-0.4475364481659569,1.395004076814082,0.7943950538237766,0.2276848888251061,-1.1544713853672233,-0.7250916881840593,-0.3268283271420874,-0.7056311332590228,0.5061520339634855,0.6071251130757639,-1.3971720212996457,-0.7954918781783972,-0.3483801863961775,-1.2661692346812117,2.239849254333832,2.448902220273293,-0.9197760006412448,-0.3070593246106268,0.9795121240860004,8.092419446937457,-1.0901110558948175,-1.1698836982734446,-0.4960938969843599,1.062849895059898,-1.0073870710715316,-0.9521193637857782,-0.7732684634130653,0.3344572216801481,-1.6032053383272806,0.207576942423698,1.4687235981063544,-1.229574514149497,-2.058880563353044,1.135271941718767,0.0621365124897015,-0.9194080819644146,-0.2913182693701239,-0.1361913090525806,-0.7362666091232899,-1.109707030023204,-1.073672674336954,-1.15412393644927,-0.0670532722562869,-0.7461522791329089,-0.2203261112457134,0.8796227683874779,2.107256348897453,-0.3729298787695683,0.3229038756448727
G438,0,0,0.0128282701826384,10.18730/JZE4D,FULL,Phaseolus,vulgaris,Phaseolus vulgaris,TUR,AKSARAY MAKALLESI - ELAZIG,38.65,39.21,0.3591811050669926,-0.0724230797949656,0.3859604233784113,-0.5603388607014884,-1.120101216814185,1.957520763822329,-0.7232429841087605,0.149704058157749,-0.1818164950531724,1.1713375276296834,-0.6630233502020273,-0.2768287559180501,-1.3899761397896833,-0.3780664501346709,-0.0563344631859086,-0.020205458670619,-0.294667587114274,0.6071251130757639,-0.7652472491998737,-0.559037274714478,-0.8799986374397574,-0.8436625189032455,1.5950619763212064,0.9723533473893315,-0.5946420031967207,-2.1258244971524323,2.079813180831231,-0.1099513511812154,-0.2813215727714414,-1.1698836982734446,-0.8598889454859355,0.9942874627811054,-0.86232850406643,-1.0760301988992609,-0.6957959243410308,-0.2761688351952169,-1.4880993152291673,0.207576942423698,0.0720942307238864,-1.7290054317439116,-1.9286772059369683,1.1352719865061196,0.0767529546657699,-0.6575577349517062,-0.1542146218743036,0.1625600299911814,-0.3458531229260313,-0.9570788601589044,-1.0459927333425083,-1.477946885238304,-0.5429946001085124,-0.8655064138767598,0.11811577705289,1.1743077981009862,1.925171823913071,-0.8011362203182835,-0.580140269276917
G21199,0,0,0.0004880199421678419,10.18730/JWA0W,FULL,Phaseolus,vulgaris,Phaseolus vulgaris,ARG,9 KM E DE TIRAXI - TUMBAYA - JUJUY,-23.92,-65.35,-2.9470184280009937,0.9221260638214088,-2.902539935203636,-0.1841927981567483,0.4916426717691064,0.4647572170076762,0.0680180581587662,0.3138321635848107,-1.2305151446845242,0.4032840634061758,1.7660073231743127,1.2367121783114188,1.2005761588573765,0.2003089466143097,0.0789124687921807,-0.8427162681767036,1.974321339272712,-1.7754240610536804,-0.5169910887321063,0.4261902397185189,-0.0522888972073482,-0.526782482069771,-0.4682573133191957,-0.8323174972466213,1.1935949827481618,0.0826760695054743,0.7044368598996927,-0.1099513511812154,0.2578714159774761,0.2062222827571616,-0.4519479554431889,-0.5221549919473888,-0.86232850406643,-0.5613236530432557,-0.6183233852689962,0.976634940818481,0.391965728706682,-0.7902056543044146,0.3128925681741195,-0.4203060072100987,0.1268734521939355,-0.6868902024871405,1.041438138286281,-0.9194080819644146,-0.4147115521163622,-0.6888812862835404,-1.0997550273069443,-1.0620107269406105,-1.03676608634436,0.9639358095073256,0.8727712574071986,-0.2405509083384759,-1.2598025658246108,-1.624777799321019,-0.1154128243538257,-0.0517750268964503,1.096941977785008
G17746,0,0,0.0587673886069519,10.18730/JNH58,FULL,Phaseolus,vulgaris,Phaseolus vulgaris,MEX,XALATLA - CHICONTEPEC - VERACRUZ,20.93,-98.1,0.3591811050669926,-1.0839039856184525,0.3859604233784113,-0.5860594690087935,0.252541021268357,-1.210050664784374,0.8829340663955173,-0.4079029511051959,0.0869752920427285,0.2435294216505986,0.3085889191485086,0.2276848888251061,0.0230523867450766,0.0846338672645136,0.2141594007702701,0.3910499460824232,-0.1611976502679807,0.0965788614765972,0.0246587159248409,-0.3225826712505587,0.1966969596105309,0.1069775915971782,0.8213172427060557,-0.6682565113706256,0.4891379882850262,-0.047235728533226,-0.1207889326592303,-0.1099513511812154,-0.0117250783969826,-1.1698836982734446,1.0269402317439025,1.1919088535644904,0.8583662217871882,0.9923275872257972,1.086072474315764,-0.1237985764453663,1.6636132219810758,-0.1083039801585687,-0.2111975716187851,-0.5154699061440307,1.1574190674974036,0.3486426452459195,-0.2594252153838021,0.4880375332288927,0.0240201198702626,-0.0465659073394519,0.3003485094004657,1.122479954242181,1.2514423691964724,-0.1461895253837396,0.3868997081094721,0.1367807176469029,0.40064693307147,0.4613783040567488,0.525235844288107,-0.9081878376093228,-0.9671593203469846
G11556,0,0,0.0321613809292806,10.18730/JPX49,FULL,Phaseolus,vulgaris,Phaseolus vulgaris,ECU,"ZUMBA, PALANDA - CHINCHIPE - ZAMORA CHINCHIPE",-4.66,-79.14,0.3591811050669926,-0.1805608137841475,0.3859604233784113,0.3806115117671619,1.6415520765000944,-1.43760608350612,1.0330641564741077,-0.4555505493454663,-0.0008574066475531,-0.8608607535324109,0.7943950538237766,0.7321985335682625,0.9650714044349166,0.5473341846636982,0.484653264726449,-0.020205458670619,-1.0954872081920335,0.4029066124360972,-0.2687349282643388,0.5444175414504786,0.4053067315390243,0.2126042705416698,-1.3709595025368717,-0.8323174972466213,-0.4320750044744585,0.3424996655828751,-0.395864196845538,-0.1099513511812154,0.527467910351935,1.582328263787768,0.8372763330762427,0.2562318274943337,0.1297387070604138,0.0201041117200093,0.8149185875636432,-0.7056179962397982,1.1703016944177334,-0.0381082195847317,0.0720943016430494,1.2582869794626064,0.6615383609336313,0.6186795903093787,0.836807947821324,-0.4284386813155864,-0.0719524333768115,1.3426278192140415,0.1387981013188415,-0.4419587868668924,-0.5938870304332312,0.0612493157151022,-0.3234657760097587,-1.160009146353153,-1.3385407568461822,-1.7396120802408963,-0.8158966343503995,-0.265878261478529,0.3229038756448727
G14687,0,0,0.0914377516827431,10.18730/JJCJ8,FULL,Phaseolus,vulgaris,Phaseolus vulgaris,ESP,SANTO DOMINGO DE LA CALZADA - STO DOMINGO DE LA CALZADA - LA RIOJA,42.45,-2.95,0.3591811050669926,-0.8410244410981732,0.3859604233784113,-0.5951448389672406,0.0315619897542169,-0.254317906153041,-1.9896933227653173,-0.6447450400512401,-0.074917742756642,2.338437353038604,0.3085889191485086,0.2276848888251061,-1.1544713853672233,-0.7250916881840593,-0.867816055054445,-0.7056311332590228,-0.1611976502679807,0.6071251130757639,-0.9457971840855228,-0.6378554758691177,-0.6646595180296997,-1.0549158767922286,1.5950619763212064,1.1364143332653274,-0.9197760006412448,-1.086530112842829,1.9422755487380767,-0.1099513511812154,-0.8205145615203591,-1.1698836982734446,-1.1779030395380523,-0.4818240770303421,-0.9623688951044312,-1.3333834718272637,0.233874544523384,-1.5749873665481453,-1.1318187675445313,-0.1584438091398809,-0.3670081755336364,-1.2463339055752356,-0.8815098864151535,0.2946352562332273,-0.2740416575598704,-0.6902890283282948,-0.3598700931180341,-0.2556918446700854,-0.4131657929600414,-0.6899795628963796,-0.8153265583887956,-1.853738722639469,-1.9729464882606536,-1.314738121033133,-0.4542248551627345,0.3707492882327282,-0.950525702398342,0.4834829319433041,0.7099227729274225
G23590,0,0,0.0699942253191073,10.18730/PG75S,FULL,Phaseolus,vulgaris,Phaseolus vulgaris,MEX,COMALTEPEC - COMALTEPEC - OAXACA,17.57,-96.55,-1.2939186614670004,0.9504000863241155,0.3859604233784113,-0.2598862046358969,-0.061389507628715,0.8561525372090794,0.0206029387037674,0.7747595433052116,0.2919182483822235,-0.4024346249566051,-0.1772172155267593,0.2276848888251061,0.4940618955899966,0.3159840259641059,0.2141594007702701,-0.020205458670619,1.306971655041245,-0.3799309733492916,0.1826399089497839,0.741463044337078,2.2087718565982573,0.7407376652641275,-0.9840871357292964,-0.996378483122617,0.9768389844518124,0.0826760695054743,-0.1207889326592303,-0.1099513511812154,0.527467910351935,0.2062222827571616,-0.0979630959780168,-0.4092283840245916,2.6457545416661405,3.117874989557078,0.4275558922034704,0.4972328956730862,1.5101385245169248,0.5184438821078337,0.026767609485866,0.1461742045035485,-0.1390737888801441,-0.1280311866364737,-0.3617403106162805,2.2773482378157333,0.7232487220989459,-0.4349426480963426,0.2734234413868617,2.858625386448592,2.9952786518465424,0.1132182043272331,-0.0585416538744289,0.3599585696016698,-0.1955136560918568,-0.0522799378029957,-0.9690952290256444,0.3764311870368224,0.1938976790757006
G11100,0,0,0.004299878766782,10.18730/JPAWH,FULL,Phaseolus,vulgaris,Phaseolus vulgaris,MEX,1 KM NW DE CHUNCHINTOK - HOPELCHEN - CAMPECHE,19.41,-89.69,0.3591811050669926,-1.5659879164167698,-1.80637314900962,-0.6066009058555838,0.0415002001662285,-1.0826196303001965,1.3974412034044168,-0.4063983525412817,-0.5864087167071068,-0.1801674211381528,-0.6630233502020273,-0.7813424006612064,0.0230523867450766,0.3159840259641059,0.7551471286826278,1.076475620670827,-0.5616074608068605,-0.4480038068958472,0.3180523601140207,-0.3619917718278785,0.1294034847948879,0.3182309494861614,0.8213172427060557,0.3161094038853487,0.6517049870072883,0.2125878675441747,-1.2210899894044611,-0.1099513511812154,0.2578714159774761,-1.1698836982734446,1.5566912437184348,1.5911849727833365,-0.0286585787497545,0.0868253306272693,0.0401931968432975,-0.0747557165329423,-0.052014646100326,-0.4291988856389668,0.3723837013493405,0.1074812010605297,1.351338942339111,0.9215905641727956,-0.4786718480248273,0.3243810663459501,-0.346159728368452,-0.4498802150485307,0.0849479652916334,0.2830250199885319,0.0888848474297591,0.1027370839348705,0.3198707133523405,0.5664556027247658,0.5832666030038542,0.6012622197851286,0.6278840609223619,-0.265878261478529,-0.3221277223510561
G8199K,0,0,0.1762432288938552,10.18730/S63CK,FULL,Phaseolus,vulgaris,Phaseolus vulgaris,COL,"PAMPLONA, FINCA AGUA CLARA - PAMPLONA - NORTE DE SANTANDER",7.39,-72.65,0.3591811050669926,1.2331403113511812,0.3859604233784113,4.437497890140175,1.692412329785095,-1.2282550982821137,-1.1155345856861074,-0.7760430537214275,-0.0594125245654171,-0.8608607535324109,0.7943950538237766,1.7412258230545752,1.6715856677022964,0.8943594227130865,1.160887924616896,-0.4314608634236613,-0.6950773976531537,0.5730886963024862,1.6044706461742704,1.293190452419556,2.424110976008315,1.9026311336535344,-0.8551296801267712,-0.6682565113706256,0.2181929904145895,0.2125878675441747,0.1542863315270773,-0.1099513511812154,1.0666608991008526,1.582328263787768,-0.7454365186745701,-1.675619097034799,-0.0369952780029212,-0.0942751206924362,0.1564020054513494,-0.3715052893424815,0.4906280342193505,-0.4041289711483107,-1.3896919189242365,0.9612975739848122,-0.6681979765341989,-0.5553939641220904,-0.551754058905169,0.6844252934884241,0.2159652263644109,0.5658743377002602,0.7311495976181305,0.6645954446492816,-0.5754337364369342,0.579191348437684,0.1173651260173026,-0.083808731385708,-0.697056082935144,-0.70582209539112,0.1471396493488665,-1.0152394549003625,-1.0961655169161562
G7071,0,0,0.0007198646328830863,10.18730/JFKJ9,FULL,Phaseolus,vulgaris,Phaseolus vulgaris,HND,SAN JOSÉ - SAN JOSE - COMAYAGUA,14.9,-88.73,0.3591811050669926,-0.8732743651004586,0.3859604233784113,-0.4794767805393929,0.6296084163123261,-0.9733930293137584,0.9223162191738312,0.3343958397103101,0.0284201741248644,-0.4232721898047584,-0.1772172155267593,-0.7813424006612064,0.2585571411675366,-0.0310412120852824,0.2141594007702701,0.5281350810001041,-1.0954872081920335,0.3007973621162639,-0.0656162515179835,-0.2437644700959189,0.1899676121289666,0.2126042705416698,-0.4682573133191957,-0.8323174972466213,-0.4320750044744585,-0.5668829206880276,0.1542863315270773,-0.1099513511812154,0.527467910351935,0.2062222827571616,1.0874365396723686,0.8531292605714469,0.6482814006073859,0.6682530953905345,0.0014569273072803,-0.0415854755049568,0.7920961899525043,0.2226188911180917,-0.7154572076081013,0.1992083230079182,0.9773506651262172,0.8863683344743648,-0.3909731949684172,0.4007540842246567,0.5175932508552155,-0.5245680498094712,0.6099867915569123,1.427736293970781,0.6517103143168187,0.5342098734204616,0.7975852950341198,1.3323352673581987,1.4550108607426813,1.0454006886370064,1.0849007440276377,-0.265878261478529,-0.9671593203469846
G23650,0,0,0.0002749498466603588,10.18730/PGCQJ,FULL,Phaseolus,vulgaris,Phaseolus vulgaris,MEX,7 KM FROM CIUDAD HIDALGO - CIUDAD HIDALGO - MICHOACAN,19.7,-100.55,-2.9470184280009937,1.3637474971218324,0.3859604233784113,-0.3298357845966063,-0.5308237994431448,0.364632832770108,0.3909955884900137,0.5816616136225318,-0.7035189525428345,-0.2218424845936667,-1.634635619552563,-1.2858560454043628,-1.1544713853672233,-0.0310412120852824,0.2141594007702701,0.6652202159177848,0.1057422234246057,0.5390522795292084,0.9048396484923804,-0.6378554758691177,0.7619621480619323,0.6351109863196359,0.0475725090909048,-0.1760735537426384,-0.1069410070299345,-0.4369711226493272,-0.2583265647523842,-0.1099513511812154,0.2578714159774761,0.2062222827571616,-0.1568243442195001,-0.5060226029030357,-0.2820942360460239,0.0868253306272693,-0.463378307124927,0.9095932796979946,-0.402813954589814,-0.6046882870735595,1.1712669984612845,0.3884768493858704,0.0160621215610164,-0.0716756863000129,-0.5809869432573057,-0.4284386813155864,-0.8534432241029869,-0.8830696566619857,-0.5343285990212596,0.387956886770238,0.8270166072816405,0.3542839733515713,0.6645912578175888,0.9078371881246476,0.8317219872778046,0.4692590880414463,0.2090380714398745,-0.1588267718029321,-0.0641150216376775
G6405,0,0,0.0035946003979252,10.18730/JG000,FULL,Phaseolus,vulgaris,Phaseolus vulgaris,ECU,"SAN PABLO DE TENTA, ALAJAS - SARAGURO - LOJA",-3.6,-79.3,0.3591811050669926,1.4451954801214806,0.3859604233784113,3.1163198027670185,1.4340188590727936,-1.2555617485287232,-0.7409571488649637,-0.7539747790320143,-0.4692984808713789,-0.9789402159110876,0.7943950538237766,0.7321985335682625,1.2005761588573765,1.0100345020628827,0.8903940606607171,-0.020205458670619,-0.1611976502679807,0.130615278249875,-0.4944223468714001,0.5838266420277984,0.4860589013177959,0.1069775915971782,-0.4682573133191957,-0.5041955254946299,0.4349489887109389,0.2125878675441747,-0.1207889326592303,-0.1099513511812154,0.527467910351935,0.2062222827571616,-0.5647653137965645,-1.477997706251414,-0.3404511308181911,-0.6947660908577756,0.8536548570996605,-1.2067141462898978,-0.4959950209073342,-0.1383878775473561,0.0352663591996827,0.8236325041576024,-0.54630554718332,-0.3886755408459641,0.3106160294828635,-0.526632561445352,-0.2501871751213779,0.535999203795884,-0.2785404528920212,-0.5755084354981548,-0.6584735594202709,0.0051316502809944,-0.5174597449629386,-1.0461194177782978,-1.4407680720800713,-1.3168643107760545,-0.9113233684073702,0.1623282076856287,0.7099227729274225
G51183,0,0,0.0023748286918869,10.18730/PE4Q8,FULL,Phaseolus,vulgaris,Phaseolus vulgaris,PER,"CHOTA, CHULI - CHOTA - CAJAMARCA",-6.45,-78.64,0.3591811050669926,1.8693058176620791,-1.80637314900962,2.104396067251366,1.2843611022801484,-1.0098018963092377,0.0450763030559615,-0.791591273748956,-0.4692984808713789,-0.8122398130472482,0.7943950538237766,1.2367121783114188,0.7295666500124566,0.431659105313902,-0.0563344631859086,-0.2943757285059805,-0.5616074608068605,0.4029066124360972,-0.4267161212892817,0.4655993402958388,0.331283909241817,0.1069775915971782,-0.0813849465116203,0.3161094038853487,0.1640039908405021,0.3424996655828751,0.0167486994339235,-0.1099513511812154,-0.0117250783969826,0.2062222827571616,-0.5500500144054253,-1.4618652402819474,-0.3037696541042574,-0.6471080773525899,0.233874544523384,-0.8884435234179735,-0.1397144732226981,-0.434212868537098,0.3128924263357936,1.3150361523579095,-0.5352243692069011,-0.3886755632396403,0.3836982403632052,0.0188889948311236,0.2845170501123211,0.4463738020827554,-0.3997032589532394,-0.8139899509111233,-0.8245532053869441,0.1649687362645231,-0.2273554184479456,-1.134125117131595,-1.1278003044060938,-1.139828127691244,-0.9381460179801404,0.3764311870368224,1.096941977785008
G21763,0,0,0.0066226724718595,10.18730/JVKZT,FULL,Phaseolus,vulgaris,Phaseolus vulgaris,BRA,"A 24 KM DE QUIJINGUE, POSTO DA EMBURANA, NA ESTRADA QUE LIGA TUCANO A QUIJINGUE - QUIJINGUE - BAHIA",-10.68,-39.04,0.3591811050669926,-1.2380092553853734,0.3859604233784113,-0.5803541549912845,0.6126549985506593,-1.2009484480355042,1.197131069728535,0.7893046338476684,-1.4940131535014256,-0.3815970601084518,-0.1772172155267593,-0.2768287559180501,-1.3899761397896833,-1.1877920055832438,-1.2735568509887132,-1.3910568078474268,-1.0954872081920335,0.6071251130757639,-1.2391908282747026,-0.874310079333037,-1.095337756849815,-1.3717959136257032,0.0475725090909048,-0.1760735537426384,-0.1069410070299345,2.680912030279482,-1.4961652535907688,-0.1099513511812154,-2.168497033392653,0.2062222827571616,1.1757283360192088,1.050750728279947,-0.990713672565198,-1.2380674448168922,-0.2696969594448407,-1.002528792614364,-0.7865006982501914,-0.2436815184081117,-0.2621901239353353,-0.0922326168514828,0.9856615486085324,0.7525239511950342,-0.4348225214966222,-1.01760196209418,-0.7163395766071667,-0.1511288760047686,-0.3458531229260313,-0.5945869567311922,-0.6953801474128649,1.5113559933334269,1.091590779974131,0.3125045160288134,-0.947165630886018,-1.0002256685337465,0.6005455911655001,-0.265878261478529,0.0648911749314939
G23548,0,0,0.0183147996872383,10.18730/JXM9C,FULL,Phaseolus,vulgaris,Phaseolus vulgaris,MEX,KM 247 CARRETERA DURANGO-MAZATLAN - CONCORDIA - SINALOA,23.48,-105.93,-2.9470184280009937,-0.7319042525869257,0.3859604233784113,-0.5205471604572512,-0.2806147373054413,1.4022855421412697,0.1994659818123618,0.2275649411425278,0.0576977112703105,0.0004247192247855,-1.1488294848772953,-1.2858560454043628,-0.4479571220998433,0.3159840259641059,0.2141594007702701,0.9393904857531464,3.309020707735644,-2.320006729426125,0.3857585856961391,-0.5984463752917978,-0.6848475604743927,-0.526782482069771,-0.5972147689217209,-0.8323174972466213,2.5483199721003453,-0.1771475265719264,-0.8084770931249995,-0.1099513511812154,0.527467910351935,0.2062222827571616,0.6909407657053744,0.5708127792270132,0.2231097386958814,1.0209223953289084,-0.6570596548050135,1.0980399414116366,0.6824714060495393,-0.1935416894267995,0.6868378595213452,0.1505282271021298,0.8305255853283987,0.5764129146712623,-0.2740416575598704,-0.1338570409262895,-0.5243944701130183,-1.0473828931360547,-1.0862924933001423,-0.0985454046722177,1.7312280131001954,-0.1044834004891303,0.4149171186164213,0.6607885092211105,0.9713334016101708,1.0504669069128834,0.1837628824193795,-0.5870329857362047,-0.709146619633606
G1390,0,0,0.0047371893075755,10.18730/PQ05D,FULL,Phaseolus,vulgaris,Phaseolus vulgaris,PAK,RAWALPINDI,33.6,73.07,0.3591811050669926,-1.3600942559831644,0.3859604233784113,-0.599960490926173,-1.4129861236622911,-1.0644151968024569,0.5145321413952508,0.4359176141855383,-0.942998020584234,0.510934223338607,-0.1772172155267593,0.7321985335682625,-1.3899761397896833,-0.9564418468836516,-1.1383099190106238,-1.6652270776827882,1.306971655041245,0.6071251130757639,1.4464894531493275,-0.8349009787557171,-1.2770301388520513,0.3182309494861614,1.981934343128782,2.448902220273293,-0.3236970053262839,-0.3070593246106268,1.9422755487380767,-0.1099513511812154,-1.0901110558948175,-1.1698836982734446,0.8209259233211958,2.155817627771742,-0.2404107397801901,0.5920002737822374,-0.3084332289808579,0.798656067298056,1.3018514351012913,-0.1183319459548312,1.0862794067642283,-1.1598702051111098,1.733638103034319,0.0011168956174544,-0.1863430045034603,-0.9848706687175915,-0.9357054126004792,-0.3303796794310259,-0.7362666091232899,-0.6136654779642297,0.9469630182575712,-0.9172069442469084,0.1173651260173026,-0.512620815489519,0.4112335806037821,1.1146390050739912,0.7119627509293145,-1.336394179158038,-1.6121908414491544
G221,0,0,0.0006099279389549975,10.18730/JZ7JS,FULL,Phaseolus,vulgaris,Phaseolus vulgaris,TUR,ELMALI - ANTALYA,36.74,29.94,0.3591811050669926,0.4227896460083573,0.3859604233784113,-0.5471265528936625,-1.0914557868030927,0.8379481037113397,-0.7793814330265575,0.2702091790949393,-0.7740252169047146,1.6057206797820989,0.7943950538237766,0.2276848888251061,-0.9189666309447634,-0.6094166088342632,-0.3268283271420874,-0.9798014030943843,-0.0277277134216875,0.6071251130757639,-1.126347118971172,-0.6772645764464376,-0.9742095021816576,-1.2661692346812117,1.5950619763212064,1.4645363050173188,-0.5946420031967207,0.0826760695054743,0.8419744919928466,-0.1099513511812154,-1.0901110558948175,-1.1698836982734446,-1.0446477878867242,0.0545771375214329,-0.9940483522664648,-0.9521193637857782,-0.463378307124927,-0.0487647273935902,-1.3894370097164987,0.4432341386358653,0.3553862188072195,-1.2919030910789933,-2.45503116844807,0.578761093176059,0.4421640090674786,-0.7993933395835899,-0.4832633758642722,-0.6440685854269761,-0.776654211143696,-0.9093825570763108,-0.9814062043554688,-1.1958300613438793,-0.3170820622233651,-0.4151243054216504,0.6325606805761826,1.331360564653171,1.9514786533017496,0.0552764627791469,-0.1931213719943667
G13935,0,0,0.0004849023925661929,10.18730/JS7SY,FULL,Phaseolus,vulgaris,Phaseolus vulgaris,GTM,KM 147 MALACATANCITO - MALACATANCITO - HUEHUETENANGO,15.22,-91.52,0.3591811050669926,0.9538980752218033,-1.80637314900962,-0.4955439294418944,-0.7482952272824572,0.8379481037113397,0.1756275192097637,1.000458511606862,0.5846939034120002,-0.5691350443806426,-0.1772172155267593,0.2276848888251061,0.4940618955899966,0.0846338672645136,0.0789124687921807,1.076475620670827,1.306971655041245,-0.3458945565760138,1.1305270670994416,-0.0073098666319996,0.3380132567233813,0.6351109863196359,-0.3392998577166706,-0.5041955254946299,0.922649984877725,-0.4369711226493272,-0.6709394610318457,-0.1099513511812154,0.7970644047263937,0.2062222827571616,-0.0006785863503979,-0.5463535178200816,0.805011346566921,1.2210860520506883,-0.3471694985168752,0.5283394823387629,1.3895512622236634,-0.479338714620279,0.0749272317227346,0.4369714233581986,-0.0421138250398042,-0.1679497285571451,-0.8148500180743993,1.0226486583798389,-0.4010011873667801,-0.1959415768613329,1.000400277754171,1.981013409728868,0.6886169023094127,0.8222223275355903,0.6273529273969601,1.4143013598931324,1.3110986208503133,0.744523614364093,0.6753395178588014,0.4834829319433041,-0.580140269276917
G24347,0,0,0.0007648467842343693,10.18730/JY63V,FULL,Phaseolus,vulgaris,Phaseolus vulgaris,MEX,KM 0.5 NEVADO DE COLIMA - ZAPOTILTIC - JALISCO,19.6,-103.53,-2.9470184280009937,0.8373039963132892,0.3859604233784113,-0.2955190827818772,-0.4729483388084891,0.2918150987791493,0.1656510781400899,1.103277083561745,-0.5571310923077175,-0.3051927439862799,-1.634635619552563,-0.7813424006612064,0.2585571411675366,0.7786843433632905,0.484653264726449,1.4877310254238694,0.9065618445023652,-1.707351227507125,1.672176871756389,-0.1255371683639593,0.0890273999055021,0.9519910231531106,-0.726172224524246,-0.8323174972466213,1.7896739780631226,-1.2164419108815294,-0.2583265647523842,-0.1099513511812154,1.3362573934753113,0.2062222827571616,-0.2475687437406032,-0.5826513643229573,-0.2937656150004573,0.0486989198231207,-0.5795871157329789,0.8096594929918633,0.5618841437562778,-0.5595624409903786,0.5791868136784033,0.1234406678572817,0.0603866485302873,-0.2524830350460263,-0.507904732376964,-0.2538717833071142,-0.6203670233600925,-1.0025701922794903,-0.763191677136894,0.4356531898528317,0.7901100192890465,0.3001315179910316,0.4652775273757477,1.0038956965690962,0.9488367756040076,0.6586793602450671,-0.0086380462468369,-0.4799814960606078,-0.580140269276917
G24768,0,0,0.1007460503113108,10.18730/JYGAN,FULL,Phaseolus,vulgaris,Phaseolus vulgaris,COL,"6 KM N GARAGOA VÍA CHINAVITA, VEREDA CALDERA ABAJO - GARAGOA - BOYACA",5.1,-73.38,-2.9470184280009937,0.3142345800132176,-2.902539935203636,1.4340133672125348,1.7578875983818771,-1.0826196303001965,0.1884432299570694,-0.3065893603689992,0.5261387745873934,-0.8955900061990688,1.2802011884990447,1.2367121783114188,1.2005761588573765,-0.0310412120852824,-0.191581395163998,-0.1572905935882998,-0.0277277134216875,0.6071251130757639,0.2954836182533146,0.6626448431824382,0.7888795379881895,0.7407376652641275,-0.726172224524246,-0.6682565113706256,-0.3778860049003713,-0.047235728533226,0.1542863315270773,-0.1099513511812154,0.2578714159774761,0.2062222827571616,0.5674956987049478,-0.0059192733166925,2.192238102293869,1.6881345844015077,0.0014569273072803,-0.3625215591472354,0.391965728706682,4.208735295132411,-0.9420907764613085,1.0995574953668734,0.3457259246436134,0.5012721654458353,-0.6833020384897842,2.0154978908030245,0.9289041933426764,1.7907548277796843,3.2755685249037128,2.229034185758356,2.377093302970592,0.7661046621014826,0.1577953133311281,0.0461866153714499,-0.7000335775536068,-0.9135370447020742,0.2317341595399107,-1.336394179158038,-1.6121908414491544
G23967,0,0,0.0172869901013197,10.18730/JY0W8,FULL,Phaseolus,vulgaris,Phaseolus vulgaris,COL,"8 KM S EL LIMÓN, BARRIALOSA - CHAPARRAL - TOLIMA",3.65,-75.59,0.3591811050669926,-0.2795198925436205,-1.80637314900962,-0.2487585502211515,0.941200542759513,-1.4831171672504693,0.8813276555032119,-0.7133488958598578,1.6386862876953794,-0.8330773613352034,-0.6630233502020273,-0.7813424006612064,0.0230523867450766,0.2003089466143097,-0.191581395163998,0.5281350810001041,-0.828547334499447,0.6071251130757639,-0.6298347980356369,-0.0467189672093195,-0.1263117195045555,-0.3155291241807879,-0.8551296801267712,-0.6682565113706256,-0.3236970053262839,-0.3070593246106268,-0.395864196845538,-0.1099513511812154,0.2578714159774761,1.582328263787768,1.3147062536945064,0.9620226846924016,0.9817493707340562,0.2869889873490491,1.3572263610678852,-1.0745789818983174,-0.3918514761995175,2.1078764608154303,-0.5738113520276549,1.1110098565303068,0.8997827363251231,1.135271941718767,0.544479104299957,1.273588574267018,1.7378157135680157,1.8206299616840609,1.2561884238834091,-0.1080846652887364,-0.5662070894387856,0.8006050167263427,0.0936035247012824,0.1428203244652665,-0.6848152717259082,-0.88004371276711,0.3720372496128622,-1.4434457964490774,-1.3541782176295345
G4346,0,0,0.000257437333291926,10.18730/JF9RW,FULL,Phaseolus,vulgaris,Phaseolus vulgaris,MEX,ZAMORA - ZAMORA - MICHOACAN,19.99,-102.3,0.3591811050669926,0.479637611654051,0.3859604233784113,-0.5463911523229522,-1.1487466468252772,1.2930589411548317,1.347746458270903,1.0370720681661183,-0.93773942421429,-0.0204128456233676,-1.1488294848772953,-1.2858560454043628,-0.6834618765223034,0.0846338672645136,0.3494063327483596,1.213560755588508,-0.0277277134216875,0.5730886963024862,0.9048396484923804,-0.8349009787557171,-1.2097366640364082,0.2126042705416698,1.7240194319237316,0.6442313756373401,-0.4862640040485459,-0.5668829206880276,-0.5334018289386918,-0.1099513511812154,0.2578714159774761,-1.1698836982734446,0.4301528524113081,0.3570589609367177,-0.5238585143878598,-0.084743517991399,-0.6570596548050135,1.2976914627005187,-0.5836948480297063,-0.7049679450361839,1.392234639613067,0.1822013025400085,0.5812000583799727,0.3204648838808506,-0.6979184806658525,-0.6684681660772357,-0.9357054126004792,-1.0175077592316786,-0.776654211143696,0.3307213230711256,0.6609369613149673,0.2527481195505593,0.5209576976237353,0.9127263936442752,0.941558455425543,0.6645899482335903,0.0914310694669593,-0.6940846030272442,-0.580140269276917
G13026,0,0,0.0002961020716070253,10.18730/JM2W7,FULL,Phaseolus,vulgaris,Phaseolus vulgaris,MEX,"3 MI S OF CIUDAD GUZMAN, ALONG ROAD TO COLIMA - CIUDAD GUZMAN - JALISCO",19.7,-103.47,-2.9470184280009937,0.4188484632732319,0.3859604233784113,-0.4567884722959054,-0.7617410413692964,1.0199924386887365,0.7799582022368892,0.6448574318903301,-1.2305151446845242,-0.270463491319622,-1.1488294848772953,-0.7813424006612064,-1.1544713853672233,-0.3780664501346709,-0.191581395163998,0.1168796762470617,0.3726820971171922,0.6071251130757639,0.6565834880246127,-0.7954918781783972,-0.9742095021816576,0.0013509126526867,1.0792321539111058,0.152048418009353,-0.4320750044744585,0.3424996655828751,-0.395864196845538,-0.1099513511812154,-0.5509180671459002,-1.1698836982734446,0.5413351569250373,0.4094891964839456,-0.1587110870991559,0.0868253306272693,-0.5795871157329789,0.9505827890103594,0.6166965357077603,-0.5445204922959849,1.6358658429780228,0.2009996964372505,0.6255245325102706,0.3251611737094164,-0.4786718480248273,-0.1556779031773485,-0.7574706708559128,-1.0175077592316786,-0.8035792791573001,0.5310457960180192,0.817789960283492,0.2920523210219188,0.4471903383142995,0.9437872287101448,0.9121143419762998,0.5460967318922464,-0.0813686922037713,-0.8011362203182835,-0.9671593203469846
G18721,0,0,0.00039280521505187207,10.18730/JM8E0,FULL,Phaseolus,vulgaris,Phaseolus vulgaris,MEX,XOCHISTLAHUACA - XOCHISTLAHUACA - GUERRERO,16.79,-98.25,0.3591811050669926,-1.0831417240218677,0.3859604233784113,-0.6161144923515347,-1.264497568094589,1.611636527365276,2.1214494979082965,1.6830725330160132,0.2333631304643595,-0.5482974795324893,-0.6630233502020273,-0.7813424006612064,-0.4479571220998433,-1.30346708493304,-1.2735568509887132,1.213560755588508,0.9065618445023652,-1.435059893320903,1.19823329268156,-0.5984463752917978,-0.9674801547000932,0.2126042705416698,-0.4682573133191957,0.3161094038853487,2.006429976359472,-0.5668829206880276,-0.5334018289386918,-0.1099513511812154,-0.0117250783969826,0.2062222827571616,1.639260469547814,1.5185893567026991,1.2601951257898258,2.469726005886553,-0.734532193877048,1.318674188912246,0.9455708874166552,-0.7601217569156273,0.0579296242278032,0.5854271040377373,1.3651903619706625,1.2268496717536572,-0.7856171337222626,0.8589921914968963,-0.6340773881096745,-1.0175077592316786,0.1522606353256435,2.3339660525400614,2.192560363007621,0.4632439540971735,0.5464925527693093,0.7959606618225802,0.2471405438529441,-0.0289190424197854,0.0212795244304835,-0.3729298787695683,-0.580140269276917
G13932,0,0,0.0031251216652437,10.18730/JS7PV,FULL,Phaseolus,vulgaris,Phaseolus vulgaris,GTM,LABOR OVALLE - LABOR OVALLE - QUEZALTENANGO,14.9,-91.52,0.3591811050669926,-0.3856744913422872,-1.80637314900962,1.0103554010168705,0.4209059976600827,0.4829616505054159,-0.9196331878662766,1.340009902217023,0.7896368597514953,-0.4927306951380743,-1.1488294848772953,-0.2768287559180501,0.9650714044349166,1.819760057511456,1.5666287205511642,0.8023053508354656,0.3726820971171922,-0.0736032223897916,1.5819019043135645,0.6232357426051183,2.915353342162509,2.0082578125980257,-0.8551296801267712,-0.996378483122617,0.2723819899886768,-0.6967947187267279,-0.1207889326592303,-0.1099513511812154,1.875450382224229,0.2062222827571616,-0.8827794429327047,-1.659486746453006,0.3731703252528831,0.6491898899884602,-0.6957959243410308,0.557423669226207,1.049714432124472,-0.7651357398137585,-0.0582200227364252,0.5753405448081128,-0.7485362658781127,-0.7502902271411532,-0.9463979976590144,0.4443958087267747,-0.5792359291113465,-0.345317246383214,1.1081005498085872,1.4086577727377434,0.5133106093445909,1.00695207445098,0.6674284639448748,1.4614678131413048,1.4275517437057466,0.5300537073519694,0.3668790477719449,1.6610503392984106,0.1938976790757006
G8088,0,0,0.000462094384078544,10.18730/K2FGN,FULL,Phaseolus,vulgaris,Phaseolus vulgaris,IND,AMRITSAR - AMRITSAR - WESTERN PUNJAB,31.59,74.9,0.3591811050669926,-0.726668519491633,0.3859604233784113,-0.6003214724537278,-1.0166269084067705,-0.2634201229019108,1.5448261386351954,0.7874811648675905,-1.3869190736432164,0.9896176725727638,0.7943950538237766,0.2276848888251061,-1.6254808942121433,-1.30346708493304,-1.4088037829668023,-1.1168865380120652,-1.4958970187309133,0.6071251130757639,-0.9006597003641106,-0.9925373810649966,-1.7211670726352952,-1.2661692346812117,2.110891798731307,1.1364143332653274,-1.1365319989375942,-1.086530112842829,2.217350812924385,-0.1099513511812154,-1.3597075502692766,-1.1698836982734446,1.1512028461298338,2.510729879047044,-0.7522840739246288,0.0486989198231207,-0.6183233852689962,1.5020646985074693,-0.1451957124178463,-0.5545484580922473,1.1032771358348656,-1.111524350516814,1.8887740663144528,0.217146418077708,-0.5956033854333741,-1.0285123932197098,-1.0453883305971352,-0.8531945227576094,-0.9651296872389244,-0.6518225204303046,0.7901100192890465,-0.5416334635205844,0.6220331659082989,0.0634426348524886,1.159577228044096,1.6257641377957972,1.4464906930759427,-1.4434457964490774,-1.6121908414491544
G51029,0,0,0.0034735184491158,10.18730/JYPM1,FULL,Phaseolus,vulgaris,Phaseolus vulgaris,COL,"24 KM SW SONSÓN, CORREGIMIENTO ALTO DE SABANA, VEREDA LA LOMA - SONSON - ANTIOQUIA",5.72,-75.42,0.3591811050669926,0.5545637712862235,-1.80637314900962,-0.3233808565240599,0.5904401752767511,-1.3556861327662917,0.6210849859815217,-1.7445424732448134,1.6679638248408255,-0.8608607535324109,0.3085889191485086,-0.2768287559180501,0.9650714044349166,0.0846338672645136,-0.0563344631859086,0.6652202159177848,-0.0277277134216875,-0.5501130572156805,0.2954836182533146,0.8202812454917177,0.2841784768708669,0.6351109863196359,-0.8551296801267712,-0.3401345396186341,0.4891379882850262,-0.047235728533226,-0.6709394610318457,-0.1099513511812154,0.527467910351935,0.2062222827571616,0.987699399582914,0.4901509493929206,2.092197711255868,0.5538738629780888,3.371512376940784,-1.3917162518572788,1.1483767376371403,2.2933938280462853,-0.6078062968492773,1.0688175658689008,0.7640387288257764,0.7807017125601017,0.5883284308281621,1.5463493524052556,2.272519938801715,2.642196144054406,2.0235528622711243,1.313265166572556,0.6148037263242246,0.8890394700369015,0.174818550094844,0.447389068305599,-0.0224881354856304,-0.5344150437239504,0.269904853162699,-1.5504973499323955,-1.6121908414491544
G17213D,0,0,0.0047896733088548,10.18730/S431*,FULL,Phaseolus,vulgaris,Phaseolus vulgaris,ECU,"CARIAMANGA, COLAISACA, PIEDRA BLANCA - CALVAS - LOJA",-4.32,-79.56,0.3591811050669926,0.8797150300673491,-1.80637314900962,2.056340441209989,1.204855418984056,-0.7276331770942726,0.7096382723929617,0.6288077427839591,-0.3229106206362619,-0.9581026676231325,0.7943950538237766,0.7321985335682625,0.0230523867450766,-0.7250916881840593,-0.867816055054445,-0.020205458670619,-0.6950773976531537,0.6071251130757639,-0.8103847329212861,0.0320992339453201,-0.4224030086933848,-0.526782482069771,-0.3392998577166706,-0.3401345396186341,-0.3778860049003713,0.3424996655828751,-0.2583265647523842,-0.1099513511812154,-0.5509180671459002,0.2062222827571616,0.292810013914118,-0.4535924058183648,-0.3237777323118576,0.4013682197614947,-0.6957959243410308,0.9655640041485952,-1.0879688539833452,-0.7801776885081522,0.0494310501233403,1.3015911467053631,0.1379546301703545,0.2594130713221494,0.5152462199478204,-0.7775724773325309,-0.5518151996121824,1.297815118357477,-0.5074035310076556,-1.0238536844745356,-1.055219380340657,0.2872484741754193,0.5003879532009119,-0.5037052054243156,-0.9253306703506244,-1.0002256685337465,-0.764830436125318,0.0552764627791469,0.7099227729274225
G3425,0,0,0.0002995367784372823,10.18730/K1XFU,FULL,Phaseolus,vulgaris,Phaseolus vulgaris,MEX,ESTANCIA DE ANIMAS - VILLA GONZALEZ ORTEGA - ZACATECAS,22.49,-101.97,0.3591811050669926,0.8090299738105826,0.3859604233784113,-0.4676761340714195,-1.063394957404472,0.4374505667610667,0.8476249542953088,0.8991449208706653,-1.5818459394456506,0.0490456597099482,-0.6630233502020273,-1.2858560454043628,-0.9189666309447634,-0.6094166088342632,-0.0563344631859086,1.3506458905061889,-1.0954872081920335,0.6071251130757639,-1.442309505021058,-0.9137191799103568,-1.1357138417392008,-1.5830492715146862,1.5950619763212064,2.448902220273293,-1.0823429993635068,-0.6967947187267279,-0.6709394610318457,-0.1099513511812154,-0.2813215727714414,-1.1698836982734446,-0.1486491568839872,-0.2680702202774886,-1.222473911803234,-1.1141566097034097,-0.6570596548050135,0.3907803578894449,-0.7426507846890055,-0.6999539621380526,1.7378509003316838,0.1772409112150674,0.1074815228326351,-0.1397719447984015,-0.7563842493701259,-0.886676788587826,-0.9631261420996432,-0.9726950583751144,-0.8574294151845081,-0.604126217347711,-0.3355409144850726,0.1125631343027104,0.4670507812053014,0.7114061663654907,0.9719950670809404,0.9274703854374268,0.3101388275218542,0.80463765620098,0.7099227729274225
G22507,1,1,0.9981327928147388,10.18730/JW4E=,FULL,Phaseolus,vulgaris,Phaseolus vulgaris,BDI,"MAKAMBA, NYANZA-LAC, KAZIRABAGENI - NYANZA - BURURI",-4.27,29.62,0.3591811050669926,-0.5057120725652732,0.3859604233784113,-0.5709869400564193,0.3232776953773806,0.4647572170076762,0.0852103829908274,-0.0471352893012391,1.061428653086451,-0.6472571888777718,-0.1772172155267593,-0.7813424006612064,-1.1544713853672233,-1.419142164282836,-1.544050714944892,-0.7056311332590228,-1.0954872081920335,0.6071251130757639,-1.2166220864139965,-0.7166736770237575,-0.5906366957324923,-1.1605425557367202,-0.5972147689217209,0.152048418009353,-1.0281539997894191,2.421088434202081,-1.9087781498702303,-0.1099513511812154,-1.898900539018194,0.2062222827571616,1.0792613308966208,0.7240703789919697,0.0246962964705127,0.0772937279262322,-0.734532193877048,0.0747051334934342,-1.0660438972027522,-0.3690310908613922,-0.3018510099667957,0.7342652143008275,0.8083632293755608,0.7572202634172761,1.0122052539341442,-0.504811699194293,0.6546968983510357,1.9700056312059413,-0.0092897727559807,-1.0238536844745356,-1.0644460273388057,0.103828867309075,0.4553473059302467,-0.4887499885407488,-0.9253306703506244,-0.6492493246438276,0.9389236319296772,-0.9081878376093228,-0.0641150216376775
G11031,0,0,0.0003809341098600652,10.18730/JP8CB,FULL,Phaseolus,vulgaris,Phaseolus vulgaris,MEX,6 KM DE PANUCO CRO LAS MANZANILLAS - FRANCISCO I. MADERO - DURANGO,24.5,-104.27,-2.9470184280009937,1.473469502624187,-2.902539935203636,-0.4205744607426445,-0.8997067859125162,0.5466771677475049,0.6046819891274653,0.6152655903991877,-1.4061805420650872,0.4380133160728338,-1.1488294848772953,-0.7813424006612064,-0.4479571220998433,-0.2623913707848747,-0.0563344631859086,0.9393904857531464,1.974321339272712,-3.851645484223625,-0.2461661864036326,-0.6772645764464376,-0.6310127806218782,-0.738035839958754,0.4344448758984802,0.8082923615133358,2.9276429691189567,-0.047235728533226,-0.9460147252181532,-0.1099513511812154,-0.0117250783969826,-1.1698836982734446,-0.3652911583608486,-0.3164672720228749,-0.9640362349550644,-0.5899184611463671,-0.734532193877048,1.3591385640932891,-0.4576263465412965,-0.73003785952684,1.7010229781509365,-0.0873296854216198,0.0825488723856934,-0.4121569955872102,-0.8148500180743993,-0.8539454952112374,-0.9768365068492252,-1.0175077592316786,-1.0055172892593305,-0.4610373080999299,0.1073381414260561,-0.1907342870512803,0.1925510883903815,0.46119388389043,0.6888022455915908,0.7549375074867288,0.0011625372509059,0.80463765620098,0.8389292770716291
G3337,0,0,0.00033271407646659414,10.18730/K1V0Z,FULL,Phaseolus,vulgaris,Phaseolus vulgaris,MEX,CARRETERA ALCHICHICA (PUEBLA)-PEROTE (VERACRUZ) - TEPEYAHUALCO - PUEBLA,19.48,-97.38,0.3591811050669926,0.8090299738105826,0.3859604233784113,-0.4151650466136395,-0.7763560566810782,0.9744813549443871,-0.0271861889657941,0.8851011080796651,-1.5525684023002044,-0.2982468669566313,-0.6630233502020273,-0.2768287559180501,-0.9189666309447634,-0.2623913707848747,-0.191581395163998,0.1168796762470617,-0.0277277134216875,0.4709794459826528,0.6565834880246127,-0.7954918781783972,-1.162631231665458,0.0013509126526867,1.337147065116156,0.4801703897613444,-0.1069410070299345,0.3424996655828751,-0.5334018289386918,-0.1099513511812154,-0.2813215727714414,-1.1698836982734446,-0.6318017045439736,-1.1190525019496171,-1.0724133252462322,-1.0569669934971866,-0.5795871157329789,0.0827004087962274,-0.687838392737523,-0.7450798082212337,1.4290626360900769,0.4268460455394859,-0.3690073204185509,-0.7761198435919385,-0.8586993446026043,-0.8212142018346489,-0.9494157773500612,-0.6440685854269761,-0.4804784629940515,-0.2988698776191112,-0.4647139724591519,0.1878961871228161,0.2241150065564382,0.4911043176575637,0.3533378519114502,0.4064942727347487,-0.3532059292201148,-0.265878261478529,-0.1931213719943667
G1031,1,1,0.9992038840629854,10.18730/JZYTX,FULL,Phaseolus,vulgaris,Phaseolus vulgaris,MKD,ON THE FOOTHILLS OF THE SAR MOUNT - TETOVO - TETOVO,42.02,20.95,0.3591811050669926,-1.085329533870758,0.3859604233784113,-0.5911784538688823,0.3226930947649093,-0.2634201229019108,-1.8681235200393256,-0.869211055726123,0.2141918205873077,1.8947943333104829,1.2802011884990447,0.7321985335682625,0.4940618955899966,0.3159840259641059,0.3494063327483596,-1.1168865380120652,0.5061520339634855,0.5390522795292084,0.0697961996462532,-0.2043553695185991,0.7081273682094179,0.1069775915971782,0.3054874202959551,0.152048418009353,-0.1069410070299345,-0.4369711226493272,1.5296626524586157,-0.1099513511812154,0.2578714159774761,-1.1698836982734446,-1.4901945338360207,-0.5544197700360951,-0.6088928467701606,-1.0569669934971866,0.8923911266356778,-1.709814083671759,-0.8303506118113775,0.0972693186648112,-0.457661580110616,-1.568364295549644,-2.0367182717977044,0.2523685805951094,-0.1132607936231186,-0.4611699746921749,0.0788615788685907,-0.1810040099091449,-0.224690316864813,-0.6136654779642297,-0.6492469124221223,-1.7674878360773192,-1.7066037630616808,-1.3334321421375916,-0.4254424071842609,0.3423221745736409,-0.5332271734681296,-0.8011362203182835,-0.709146619633606
G52098,0,0,0.0006680508458983276,10.18730/K4N9$,FULL,Phaseolus,vulgaris,Phaseolus vulgaris,NIC,ESQUIPULAS - MATAGALPA,12.67,-85.78,0.3591811050669926,-1.2479051632613207,0.3859604233784113,-0.5207869170641759,0.8698792680380181,-0.4818733248747869,0.6273619384800725,0.6699350950349579,-0.2350779219459803,-0.5969184531380481,-0.1772172155267593,-0.2768287559180501,0.2585571411675366,0.0846338672645136,0.484653264726449,0.5281350810001041,-0.294667587114274,0.130615278249875,0.3857585856961391,-0.2831735706732388,-0.1330410669861198,0.2126042705416698,-0.3392998577166706,-0.5041955254946299,0.0556259916923274,-0.1771475265719264,-0.395864196845538,-0.1099513511812154,0.2578714159774761,0.2062222827571616,1.269742819830256,1.022519133993085,0.7766665691061541,0.6968479034936459,-0.1147518813007715,0.1541077861314355,0.786614950757356,-0.3239052447782112,-1.1658913071675372,0.3761707985786545,0.9939723792518732,1.043694256471228,-0.3763567527923488,1.2517677120159587,0.0377304846198446,-0.6888812862835404,0.7042245296045264,1.456354075820337,1.2053091342057298,0.9641541661821664,1.0437129265761798,1.6380544124972671,1.7160378889612522,1.0279503812423192,1.453712175653227,0.80463765620098,-0.580140269276917
G5177,1,1,0.9879657982546908,10.18730/JGRXM,FULL,Phaseolus,vulgaris,Phaseolus vulgaris,BRA,SANTA TERESA - ESPIRITO SANTO,-19.93,-40.59,0.3591811050669926,-0.8973824230584906,0.3859604233784113,-0.3777970956333287,0.8745560729377883,-1.0917218470490662,-0.042804680784426,-1.4069971502774092,0.3211958073411554,-0.3538136844714425,-0.1772172155267593,-0.2768287559180501,0.2585571411675366,-1.30346708493304,-1.6792976469229814,0.3910499460824232,-1.36242708188462,0.6071251130757639,-0.5621285724535185,-0.1649462689412792,-0.5031551784721564,-0.3155291241807879,-1.628874413741922,-0.8323174972466213,-0.2695080057521966,1.511705847931179,-1.9087781498702303,-0.1099513511812154,-1.0901110558948175,2.958434244818374,0.3794668168437972,0.1917022713169211,0.3498275673440161,0.0296357144210465,1.1635450133877987,-0.7068569904563682,0.5070717518047954,-0.0481361853809941,-0.2395266832978609,-0.0554097812613081,0.4759292638962918,-0.0129719850650799,1.553013614448673,0.280739341843832,1.6418431603209416,0.2820605656086862,-0.3862407249464373,-0.642283259813786,-0.5662070894387856,1.2246536792673437,-0.1759310573908869,-0.2327856995720085,-1.3114124725446323,-1.7739497818885066,-1.1114615998349626,-0.4799814960606078,0.1938976790757006
G52188,0,0,0.0174328521541139,10.18730/K4RX2,FULL,Phaseolus,vulgaris,Phaseolus vulgaris,CRI,UPALA - UPALA - ALAJUELA,10.9,-85.02,0.3591811050669926,-1.6649469951762428,0.3859604233784113,-0.5785813647369853,1.4591566854090583,-1.100824063797936,0.8479237047593821,-0.3181250624562413,1.11169009555369,-0.7080520550472744,-0.1772172155267593,-0.7813424006612064,-0.4479571220998433,-0.7250916881840593,-0.5973221910982662,0.3910499460824232,-0.828547334499447,0.6071251130757639,-0.3364411538464572,-0.5984463752917978,-0.5704486532877995,-0.4211558031252794,-0.4682573133191957,-1.3245004548746084,-0.81139800149307,-0.4369711226493272,0.0167486994339235,-0.1099513511812154,-0.2813215727714414,0.2062222827571616,1.7504427974508918,1.5468210279146763,2.385649524967337,1.3831232979683197,0.7374460484916087,-0.5796043864465119,-0.1451957124178463,2.082806546324774,-1.2282156608532957,0.5941615383252565,1.4150555043476276,1.414701488833033,1.085287464814486,1.9936770285519656,2.327361397800043,-0.2855669785744616,1.1619506858357953,2.105023797743612,2.0818405990298388,0.8429662116454746,0.8912130972345575,1.203777922224461,1.222435447767199,0.6513614894021338,0.9776101457365572,1.125792380458656,-0.709146619633606
G1701,0,0,0.0002963981821529756,10.18730/K0D35,FULL,Phaseolus,vulgaris,Phaseolus vulgaris,SLV,SAN ANTONIO CAMINOS - SAN VICENTE - SAN VICENTE,13.6,-88.79,0.3591811050669926,-0.8172472655800053,0.3859604233784113,-0.5917586469727694,-0.3899350518375687,0.3191217490257588,1.1599158840567936,1.5411328677802745,0.4675836457627866,-0.7011062111380221,-0.6630233502020273,-0.7813424006612064,-0.6834618765223034,-0.6094166088342632,-0.191581395163998,0.2539648111647425,0.6396219708097787,0.6071251130757639,0.7468584554674373,-0.3225826712505587,-0.5637193058062352,0.3182309494861614,-0.2103424021141454,-0.1760735537426384,0.0014369921182401,0.0826760695054743,-0.395864196845538,-0.1099513511812154,-0.2813215727714414,0.2062222827571616,1.1520203623295382,0.8168314525311292,1.5569816192025625,1.9073614465253617,-0.6570596548050135,0.7710283774774396,-0.1561581908081428,-0.5545484580922473,-0.6446342257842325,0.7182248978357658,0.8609987190856045,0.8206202768744503,-0.931781555482946,2.0482291841796134,-0.4010011873667801,-0.4200050811441545,1.673526978094272,2.2862697494574675,1.9249876000613144,1.0746426436516547,0.7685039322294384,1.3746125150867436,1.1900138396994933,0.5413119701872515,0.7135102114815897,0.5905344216189015,-0.580140269276917
G16144,0,0,0.0022914615762275,10.18730/JSKAX,FULL,Phaseolus,vulgaris,Phaseolus vulgaris,PER,CHACHAPOYAS - CHACHAPOYAS - AMAZONAS,-6.25,-77.88,0.3591811050669926,1.1587210405351684,-1.80637314900962,3.1460687633979,1.5456775760548065,-1.2828683987753329,-0.1596056217620991,-0.4751110959858936,-0.6449637909979988,-0.8608607535324109,0.7943950538237766,1.2367121783114188,0.7295666500124566,0.3159840259641059,0.2141594007702701,-0.020205458670619,-0.828547334499447,0.5730886963024862,-0.471853605010694,0.702053943759758,0.4120360790205886,0.2126042705416698,-0.2103424021141454,-0.1760735537426384,-0.0527520074558472,0.3424996655828751,-0.395864196845538,-0.1099513511812154,-0.0117250783969826,0.2062222827571616,-0.345670742280355,-1.159383378404106,-0.2870962555979239,-0.6661712827546642,0.7761823180276259,-1.2158293081308686,-0.161639430003291,-0.228639569713718,0.1089223386452957,1.134761222896009,-0.377318217110609,-0.2618755699158046,0.2667667029546584,-0.0683944541731124,0.1337030378669188,0.4314362351305673,-0.3593156569328333,-0.6899795628963796,-0.6953801474128649,0.0800279897514184,0.0411152113464915,-1.2816640836944757,-1.758367498049435,-1.4789832956041162,-0.9587788253438096,-0.1588267718029321,0.4519103797890794
G20976,1,1,0.9985946913463274,10.18730/JTXME,FULL,Phaseolus,vulgaris,Phaseolus vulgaris,RWA,GITOVU - NYARUTOVU - RUHENGERI,-1.62,29.79,0.3591811050669926,0.9374323840563096,0.3859604233784113,1.575766330458674,1.528139557680668,-0.9551885958160186,-0.7344812527863595,-1.1649147900380872,1.406992099614087,-0.9132463256134614,0.3085889191485086,0.2276848888251061,0.4940618955899966,0.0846338672645136,0.2141594007702701,0.5281350810001041,-0.9620172713457402,0.6071251130757639,-0.6298347980356369,0.4655993402958388,0.6677512833200321,0.1069775915971782,-1.1130445913318214,-0.8323174972466213,-0.5946420031967207,-0.4369711226493272,-0.1207889326592303,-0.1099513511812154,0.527467910351935,1.582328263787768,0.0279344767410554,-0.7601073745729333,0.2531218560072817,-0.0370855044862134,-0.1534881508367888,-0.7703828471195144,0.2220473136570863,0.9897582745321682,-0.256524344826436,1.2730876109258205,-0.0836681367734272,0.0739094551412463,0.3252324716589318,0.2152767550906549,0.8877730990939302,1.7907548277796843,0.6907619955977244,-0.7662936478285296,-0.9260463223665778,0.0592841056415342,-0.3355239020507241,-0.6713761947150747,-1.454001381495461,-1.6582711312559832,-0.4646230889839292,-0.5870329857362047,-0.4511339189202276
G16810,0,0,0.014513613461638,10.18730/JH49E,FULL,Phaseolus,vulgaris,Phaseolus vulgaris,TUR,BIGADIC - BALIKESIR,39.39,28.15,0.3591811050669926,-0.6509913005773926,0.3859604233784113,-0.5604012758474043,-0.8424159258903318,1.666249827858495,-0.7168134660813481,0.0996610527668323,-0.0798228996579834,1.0866964041104243,0.7943950538237766,0.2276848888251061,0.0230523867450766,0.2003089466143097,0.6199001967045383,-0.7056311332590228,1.0400317813486584,0.5050158627559306,-0.5846973143142247,-0.5196281741371581,-0.247439974172713,-0.738035839958754,0.8213172427060557,0.9723533473893315,-0.2695080057521966,-0.5668829206880276,1.254587388272308,-0.1099513511812154,-0.0117250783969826,-1.1698836982734446,-0.7552467625906664,0.4256215470657417,-0.7822961912360292,-0.7710189124660727,-0.3859057680528925,-0.2965498334557644,-1.372993292131054,0.573597693987277,0.2307378822838174,-1.3351758892702814,-2.1863135800409133,0.7548720849124779,0.4129311247153419,-0.7557516150814718,-0.0856627981263935,-0.2706294116222735,-0.6151038030620718,-0.8998432964597919,-0.9814062043554688,-1.5133206665625276,-0.738761822891246,-0.9618525226458924,0.1951998043975377,1.2246885242888734,1.469186781175979,0.0552764627791469,0.0648911749314939
G20198,1,1,0.998859182142682,10.18730/PF0F8,FULL,Phaseolus,vulgaris,Phaseolus vulgaris,HRV,JELOVEC - KRAPINSKO-ZAGORSKA,46.06,16.19,0.3591811050669926,-1.2549736688869977,0.3859604233784113,-0.4179782233751927,0.2513718200434144,-0.5091799751213965,-2.0240099432414014,-1.3121254757772551,0.7124280084332921,2.3551433643031663,0.3085889191485086,0.7321985335682625,-0.4479571220998433,0.431659105313902,-0.191581395163998,-1.3910568078474268,-1.36242708188462,0.6071251130757639,-0.4041473794285756,-0.5196281741371581,0.1563208747211451,-0.2099024452362963,-0.2103424021141454,-0.6682565113706256,-0.9197760006412448,-0.1771475265719264,1.5296626524586157,-0.1099513511812154,-0.2813215727714414,0.2062222827571616,-1.4705741143445803,-0.469724794862718,-0.3471204902207245,-0.9139929529816296,0.9698636657077124,-1.5801730341594225,-0.0903833204663638,-0.0932620314641751,-0.5483149087027855,-1.6154777646341658,0.1628871485198643,-2.0535118708245745,-0.3178909840880755,-0.2647822144326437,0.0651512141190086,-0.0764410412438281,-0.1439151128240009,-0.1557809683713301,-0.2894076794943301,-2.153324080521165,-2.5155621601041,-1.923588008389114,-1.0708970739199162,0.0935145659139071,-1.6107755380357605,-0.3729298787695683,-0.3221277223510561
G6144,0,0,0.0054843141052765,10.18730/JG67E,FULL,Phaseolus,vulgaris,Phaseolus vulgaris,MEX,AXOCHIO - AXOCHIO - VERACRUZ,18.38,-95.3,0.3591811050669926,-1.4256917803386069,0.3859604233784113,-0.5954410729176778,0.6991758891964073,-0.4818733248747869,0.5359315254619708,0.4873693552996769,0.9360246763596408,-0.1176547265936929,-0.6630233502020273,-0.7813424006612064,-0.2124523676773833,-0.3780664501346709,-0.0563344631859086,0.3910499460824232,-0.4281375239605672,0.4709794459826528,-0.0881849933786897,-0.5196281741371581,-0.2608986691358416,-0.2099024452362963,-0.5972147689217209,-0.6682565113706256,-0.1611300066040218,0.2125878675441747,-0.5334018289386918,-0.1099513511812154,-0.0117250783969826,0.2062222827571616,1.599202140678243,1.7565418162533613,1.170158773855625,1.640476570896322,-0.0372793422287369,0.2886113318319839,0.0137602242414528,-0.0030103392978131,-0.7324547340525597,-0.4802288330040241,1.3928932012337627,1.147012722274371,-0.2448087732077337,1.9282144417987888,0.7095383573493639,-0.6739437193313522,-0.3593156569328333,0.8553806569796564,1.3344821921798091,-0.2333138386452531,-0.0142103081355853,0.0625798338784367,-0.1842653430887752,-0.1187036885311599,-0.4114936100224806,1.0187408907830586,1.096941977785008
G8170,0,0,0.1607951597809483,10.18730/JP0FH,FULL,Phaseolus,vulgaris,Phaseolus vulgaris,COL,"VILLA DE LEIVA, FINCA SAN VICENTE - VILLA DE LEIVA - BOYACA",5.64,-73.57,0.3591811050669926,1.2896883563565944,0.3859604233784113,1.5399134697874308,1.1393801503872736,-0.8641664283273202,-0.2033217087535552,-0.0618313145057635,-0.4107433193265435,-0.8816983183805641,0.3085889191485086,1.2367121783114188,0.7295666500124566,0.431659105313902,0.0789124687921807,-0.5685459983413421,-0.4281375239605672,0.6071251130757639,1.3787832275672092,-0.1255371683639593,1.2464751667345622,1.057617702097602,-0.3392998577166706,-0.1760735537426384,-0.8655870010671574,0.4724114636215755,0.1542863315270773,-0.1099513511812154,0.527467910351935,0.2062222827571616,-0.0521821498122866,-0.8085044263183196,1.6870341275519636,1.4403129141745423,1.6671165173560236,-0.5987745154427929,1.3511825878576256,1.0850239495966614,-0.4888236387548931,1.2549522220985183,-0.169546869798377,0.0527761397158634,0.1059858390179066,1.982766597426436,2.423333951047117,4.10607770536884,2.454353950488789,0.0636220258086008,-0.0126082695498745,0.9257233914101703,0.2333359264701177,0.8296098998106055,-0.1151213013933616,-0.6126599704291609,0.153845311742059,-1.4434457964490774,-1.6121908414491544
G10142,1,1,0.9995591527288548,10.18730/JP51F,FULL,Phaseolus,vulgaris,Phaseolus vulgaris,NLD,KRIMPEN AAN DEN IJSSEL - KRIMPEN AAN DEN IJSSEL - SOUTH HOLLAND,51.91,4.63,0.3591811050669926,-0.998596664642134,0.3859604233784113,1.038105929524886,0.7845275786172127,-1.2555617485287232,-1.6149992786302976,-1.7887144360759286,1.4863401481941363,0.6450066567010161,-0.1772172155267593,0.2276848888251061,-0.4479571220998433,0.5473341846636982,0.3494063327483596,-0.9798014030943843,-0.9620172713457402,0.6071251130757639,0.7694271973281435,2.593690771471112,0.0351926200529877,1.9026311336535344,0.0475725090909048,-0.8323174972466213,-1.299098997659856,0.4724114636215755,0.5668992278065389,-0.1099513511812154,-0.0117250783969826,0.2062222827571616,-1.5081798814585252,-1.1150193566103326,-0.4388241820055589,-1.009308979992001,1.0085999352437296,-1.7271267627350324,-0.4740700641267412,0.1524231305442546,-1.52850493898388,-1.5274360691017574,-1.8206361004470029,-1.5885787481179432,0.0329036281375648,-0.2647822144326437,0.1474134026165008,-0.4050675141919664,-0.4535533949804475,-0.4324195262503736,-0.4001274434721123,-2.5160145174318767,-3.3699158551830948,-2.582192751915424,-1.5737628317047423,-0.4336535913481759,-3.4305891475113954,2.945669491559998,2.387005173776865
G22729A,1,1,0.9986870941689314,10.18730/S2SAX,FULL,Phaseolus,vulgaris,Phaseolus vulgaris,PRT,RIBEIRA DA VACA - CALHETA - MADEIRA ISLAND,32.82,-17.24,0.3591811050669926,-0.986370455111285,0.3859604233784113,-0.5995874039289354,0.0596228191528378,-0.2998289898973902,-0.3616304638556135,-0.653180755368293,0.1203113953002202,0.0530784747022765,-1.1488294848772953,-0.7813424006612064,0.2585571411675366,1.7040849781616596,1.7018756525292535,0.5281350810001041,0.1057422234246057,0.6071251130757639,0.5663085205817883,0.8990994466463574,2.154937076745743,1.480124417875568,-1.1130445913318214,-0.8323174972466213,-0.0527520074558472,-1.2164419108815294,0.5668992278065389,-0.1099513511812154,1.60585388784977,1.582328263787768,-0.2312183573749054,-0.328566592653057,-0.7506167340739955,-0.8377401313733326,-0.6570596548050135,-0.2147350319200114,-1.2962559433989786,0.3078566003863224,-2.36704906809364,-1.1326586658858069,-0.5269135385635604,0.2570649152110277,0.4129311247153419,-0.3411552323113503,0.1062823083677547,-0.4648177820007188,-0.8035792791573001,-1.0143144238580168,-1.0459927333425083,-0.9464667386755872,-0.638395656138504,-0.2534929229492549,0.4512643415853373,0.8993247283492215,0.4065972019470084,3.266824471048558,3.548062173199549
G18203A,0,0,0.007072371478332,10.18730/S5KS1,FULL,Phaseolus,vulgaris,Phaseolus vulgaris,ESP,AGENCIA SEA DE BALAZOTE - BALAZOTE - ALBACETE,38.89,-2.14,0.3591811050669926,-0.6329451738274527,0.3859604233784113,-0.5997319860106457,-0.8693075540640102,-0.1815001721620822,-0.705829936795357,0.2397238354733265,-0.2192976024339309,1.2154059114258011,0.7943950538237766,0.7321985335682625,-1.1544713853672233,-1.30346708493304,-1.0030629870325345,-1.3910568078474268,0.3726820971171922,0.6071251130757639,-1.103778377110466,-0.874310079333037,-0.8934573324028859,-1.2661692346812117,1.7240194319237316,1.9567192626453056,-0.973965000215332,0.6023232616602759,0.8419744919928466,-0.1099513511812154,-1.6293040446437357,-1.1698836982734446,-0.6399768845703132,0.6192099463600709,-1.1741210561348667,-1.3905730880334863,-0.5021145766609444,-0.9931607238434584,-1.367512052935906,-0.2486955013062429,0.2392365769086454,-1.313746887075198,-1.3635392790253196,0.9121979621219896,-0.4348225214966222,-0.7011994594538242,-0.5243944701130183,-0.4200050811441545,-0.5881787350484677,-0.8521469933771982,-0.9906328513536174,-1.315052805807003,-1.216831055338936,-0.627948545687794,0.3142995891360491,1.0895893702654884,0.3369614770946244,1.0187408907830586,1.354954370923351
G52329,0,0,0.0024446984510461,10.18730/K4YBW,FULL,Phaseolus,vulgaris,Phaseolus vulgaris,CHL,MULCHEN - REGION VIII BIO BIO (REGION DEL BIO BIO),-37.7,-72.24,0.3591811050669926,-0.9166965551130491,0.3859604233784113,-0.5738011028405496,-1.0230575151439545,0.7287215027249015,-0.8274182698127469,0.8038497243901251,0.8189144187104272,0.5838762037691152,0.3085889191485086,1.2367121783114188,0.0230523867450766,0.5473341846636982,0.8903940606607171,-1.1168865380120652,0.5061520339634855,0.3007973621162639,0.4760335531389636,0.5050084408731587,0.2841784768708669,0.6351109863196359,-0.4682573133191957,-0.5041955254946299,-0.7572090019189827,0.6023232616602759,0.429361595713385,-0.1099513511812154,-0.0117250783969826,0.2062222827571616,-0.9212027208862956,-0.6471808051126942,0.3564969267465495,0.3727734116583833,0.3113470835954186,0.1493845458330802,-1.1098938107639382,2.348547639925729,-0.5766442111881772,-1.0688944011713064,-1.6211756927584935,0.1983612363697713,-0.5663705010812374,-0.4502595435666454,-0.4010011873667801,0.1774975969433695,1.9966277942575203,1.122479954242181,0.9838696062501654,2.602484297513335,0.8380154823479452,-0.0633891083331455,-2.239729128034252,-3.318020529747443,-1.926973310883993,0.3764311870368224,0.3229038756448727
G10070,1,1,0.9996572578341392,10.18730/JP2YP,FULL,Phaseolus,vulgaris,Phaseolus vulgaris,NLD,BRIELLE - BRIELLE - SOUTH HOLLAND,51.91,4.16,0.3591811050669926,-1.019117750932551,0.3859604233784113,1.0458769724261796,0.5764097605774405,-1.0553129800535868,-1.7282525798649322,-1.671251360407063,1.35834973266701,0.978232486109669,0.3085889191485086,1.2367121783114188,-0.6834618765223034,-0.2623913707848747,-0.5973221910982662,-1.3910568078474268,-1.2289571450383268,0.6071251130757639,0.0246587159248409,0.3473720385638791,-0.3887562712855633,0.3182309494861614,0.3054874202959551,0.4801703897613444,-1.299098997659856,1.381794049892478,0.0167486994339235,-0.1099513511812154,-1.0901110558948175,-1.1698836982734446,-1.476296721407899,-1.0948538991518084,-0.4671689594663258,-0.9807141718888897,0.8536548570996605,-1.5471844427801518,-0.5288824560782237,0.117325250257336,-1.9562758174175328,-1.7382673611613026,-1.2056330740900532,-1.5744898660358044,0.0036707437854281,-0.1993196276794666,0.1885444968652469,-0.4648177820007188,-0.5208660650144575,-0.4705765687164486,-0.4278073844665578,-2.501166263542697,-3.3805553781604174,-2.5284114911995195,-1.5181829321601037,-0.3469649675165039,-3.420272743829561,4.551443368079262,4.32209996776465
G23852,1,1,0.9886657448261336,10.18730/JWFRV,FULL,Phaseolus,vulgaris,Phaseolus vulgaris,COL,EL EJIDO - SIBUNDOY - PUTUMAYO,1.21,-76.84,0.3591811050669926,1.1483182438430617,-1.80637314900962,4.245950037193888,2.156585216087284,-1.44670830025499,-0.9438082578619812,-2.789779480765997,1.9900169952025624,-0.8816983183805641,0.3085889191485086,0.7321985335682625,2.1425951765472164,3.092185930359213,3.5953327002225053,-1.5281419427651075,-0.294667587114274,-1.0266228920415694,2.6200640299060467,4.761191303223705,2.7000142227524515,3.381404638876416,-1.2420020469343465,-1.6526224266266,0.8684609853036377,0.7322350596989763,0.8419744919928466,-0.1099513511812154,2.145046876598688,1.582328263787768,-0.7225460416934811,-1.659486707990448,2.007163378873567,0.9351379710195742,4.1462377676611295,-1.4649957285843216,1.8609378330064128,2.5240370413603213,-1.2140508213371095,1.0507667161801382,-0.7651579403745388,-0.4098088226808311,0.880657274349529,0.6516940001118355,1.1071389350872425,2.209006702440951,2.0639404642915307,1.2941866453395183,1.648188190116859,0.1887696138221797,-0.3170820622233651,-0.8911028427736337,-1.444738064904688,-1.5133209972517263,-1.3477072441489766,-0.6940846030272442,-0.580140269276917
G12856B,0,0,0.0004847403419785518,10.18730/S652U,FULL,Phaseolus,vulgaris,Phaseolus vulgaris,PER,"ROADSIDE, BOTH SIDES OF SAN RAFAEL VILLAGE - SAN RAFAEL - HUANUCO",-10.33,-76.18,-1.2939186614670004,0.1587688073531714,0.3859604233784113,0.8518283840342864,0.5489335317912909,0.0096463795641843,0.124998665755,-0.1039617962418337,-0.9962946730130688,-0.7149978989565268,0.7943950538237766,0.7321985335682625,0.2585571411675366,0.5473341846636982,0.2141594007702701,-0.5685459983413421,1.5739115287338314,-2.0477153952399028,-0.6524035398963431,0.1503265356772798,-0.2137932367648914,-0.6324091610142625,-0.2103424021141454,0.3161094038853487,1.085216983599987,0.3424996655828751,0.2918239636202311,-0.1099513511812154,-0.0117250783969826,0.2062222827571616,-0.6898453859088294,-1.5546263330523855,-0.7539514137752622,-0.866334939476444,-0.3859057680528925,-0.0960236743910723,-0.4357013897607035,-0.684912013443659,1.5452124586636595,0.8829506215091159,-0.6626574139654756,-0.5389569497221123,0.500629777771752,-0.5702742859474701,-0.1953457161230497,-0.4498802150485307,-0.9382046192253204,-1.0238536844745356,-0.9814062043554688,0.4322373062697677,0.4620856704825509,-0.7303342612752901,-1.3739398595323509,-1.1581228047985772,-0.9876647556529468,0.2693796973612255,0.9679354736408012
G24322,0,0,0.0005291422107878119,10.18730/PGCXR,FULL,Phaseolus,vulgaris,Phaseolus vulgaris,ARG,"14 KM ENTRADA CHICOANA, CAMINO SALTA-CACHI, QUEBRADA ESCOIPE - CHICOANA - SALTA",-25.1,-65.6,-2.9470184280009937,0.3142345800132176,0.3859604233784113,-0.2776345966946029,-0.1145881633636005,0.364632832770108,0.340553739142528,0.5831662121864458,-1.3769030049196411,0.5005259443765016,0.3085889191485086,0.7321985335682625,0.0230523867450766,-0.6094166088342632,-0.867816055054445,-0.2943757285059805,0.6396219708097787,-0.4480038068958472,-0.9457971840855228,0.07150833452264,-0.0859356346151697,-0.526782482069771,-0.8551296801267712,-0.3401345396186341,0.8684609853036377,0.3424996655828751,0.0167486994339235,-0.1099513511812154,-0.5509180671459002,0.2062222827571616,-0.161729421926605,-0.0502832181853524,-1.0123890906234316,-0.6280448719505157,-0.734532193877048,1.2780982772720817,0.1781974000959003,-0.845359466183858,0.0664285495509738,-0.5904121235687333,0.4509967191272943,-0.7596828179951222,0.9391230430538025,-1.0394228243452392,-0.5381048348626004,-0.8083818219010451,-1.1266800953205487,-1.109707030023204,-1.0644460273388057,1.5989170199446223,0.8908584464686469,-0.278226550872077,-1.3944514891262056,-1.9242475907395225,-0.0602200646560102,-0.0517750268964503,0.9679354736408012
G50983I,1,1,0.949671361796532,10.18730/S6MNH,FULL,Phaseolus,vulgaris,Phaseolus vulgaris,COL,"7.5 KM NE CHOACHÍ, MAZA - CHOACHI - CUNDINAMARCA",4.58,-73.9,-2.616398474694195,0.9079890525700556,-2.902539935203636,3.942790431357488,1.893514940475212,-1.0644151968024569,-0.6236330524944795,-0.797609859331999,0.7310817309268886,-0.916427571047222,1.2802011884990447,1.7412258230545752,1.6715856677022964,1.357059740112271,1.5666287205511642,-1.1168865380120652,0.3726820971171922,0.6071251130757639,1.220802034542266,1.4114177541515158,1.1388056070295332,1.3744977389310766,-1.2420020469343465,-0.996378483122617,-0.4862640040485459,0.6023232616602759,0.429361595713385,-0.1099513511812154,1.0666608991008526,1.582328263787768,-0.5140792587379304,-1.3650710214035038,0.2514545161566484,-0.504134036837033,0.5825009703475396,-1.2581021019089456,0.2165660744619381,0.9245764968564624,-1.0469088111740943,0.9949825015138172,-0.4992106993004605,-0.2994459781190318,-0.464055405848759,0.3680227908480681,0.805510910596438,0.5658743377002602,0.6369118595705163,0.2544072381389757,-0.3078609734906271,0.8822704131168341,0.0584930988761182,0.2279500205717239,-0.8025917255228806,-0.9360535703726384,-0.1427512941106876,-1.4434457964490774,-1.4831845679862237
G449,0,0,0.0064460103609075,10.18730/JZEEQ,FULL,Phaseolus,vulgaris,Phaseolus vulgaris,IND,DEHRA DUN - UTTAR PRADESH,30.33,78.03,0.3591811050669926,-0.7255753241095206,0.3859604233784113,-0.577717605696888,-1.2878815925934397,1.5388187933743172,0.143318817482326,0.1323318728752383,-0.2220833503869589,0.1103407544381211,-0.1772172155267593,-0.2768287559180501,-0.9189666309447634,-1.0721169262334478,-1.2735568509887132,-0.4314608634236613,0.7730919076560719,0.5050158627559306,1.017683357795911,-0.7166736770237575,-1.2568420964073583,0.1069775915971782,0.4344448758984802,-0.0120125678666426,0.0556259916923274,-0.1771475265719264,0.5668992278065389,-0.1099513511812154,-0.5509180671459002,-1.1698836982734446,0.7964004529229439,1.6476481613570595,1.4386004898075944,4.128224875867014,-0.2696969594448407,2.050797453983304,2.655717516302909,-0.2386675355099805,0.4120445063303304,-0.96261616141852,1.2848521915144355,-0.3910237081539237,-0.0840279092709819,-0.3302448011858208,-0.921995047850897,-0.8830696566619857,-0.6958790071028839,0.3307213230711256,4.370049054570671,-0.3088652481401998,0.705376095897325,0.40913822512263,1.5344107172350223,1.7527010512636023,0.2982749632877444,-1.4434457964490774,-1.6121908414491544
G6768,0,0,0.0002812319936630062,10.18730/JFVE2,FULL,Phaseolus,vulgaris,Phaseolus vulgaris,MEX,SANTO DOMINGO TEHUANTEPEC - SANTO DOMINGO TEHUANTEPEC - OAXACA,16.33,-95.23,0.3591811050669926,-1.6861525120532728,0.3859604233784113,-0.6171394887390249,-1.1154244119144148,2.075849581557638,1.183492997016775,1.1925535031318564,-0.8791843499233977,-0.4649472532602724,-0.6630233502020273,-0.7813424006612064,-1.1544713853672233,-1.0721169262334478,-1.0030629870325345,-0.1572905935882998,1.5739115287338314,0.2667609453429861,0.9725458740744988,-0.7954918781783972,-1.472181215817416,-0.1042757662918048,1.0792321539111058,0.8082923615133358,-0.2695080057521966,0.8621468577376766,-0.6709394610318457,-0.1099513511812154,-1.0901110558948175,-1.1698836982734446,2.1019751297571845,2.0186926862890413,-0.3904713263371917,0.1440149468334921,-0.6957959243410308,1.3880561630275814,-0.1945268651741805,-0.8303175174894644,0.0465982281109494,0.6242405688759377,1.769651878618707,1.3630423231124915,-0.9463979976590144,-0.5375429925708816,-0.8397328593534049,-1.0324453261838666,-0.5208660650144575,0.8363021357466188,0.2641911403945809,0.3955533848964989,0.3847718035140076,0.7798550436402774,0.0522800627113239,-0.1310877776499702,-0.4109777898383889,2.303360043044646,1.99998596891928
G18595,0,0,0.005193476755287,10.18730/JSRE8,FULL,Phaseolus,vulgaris,Phaseolus vulgaris,BRA,"RETIRO, RODOVIA AMERICANO DO BRASIL - ITABERAÍ - ITABERAI - GOIAS",-16.25,-49.96,0.3591811050669926,-0.7446275627131437,0.3859604233784113,-0.4884125622557437,0.0339003922041019,0.2339027980310265,0.3859136378477459,0.6433524506716438,0.7896368597514953,-0.5621892004713902,-0.6630233502020273,-1.2858560454043628,-0.6834618765223034,-2.228867719731409,-2.355532306813428,0.3910499460824232,-1.4958970187309133,0.6071251130757639,-1.3746032794389391,-0.7166736770237575,-0.7992464676609857,-1.3717959136257032,-1.3709595025368717,-0.8323174972466213,-1.299098997659856,1.7715294440085794,-2.321391046149692,-0.1099513511812154,-1.6293040446437357,1.582328263787768,0.9509112056802096,0.5788790699055821,1.0167635075973565,0.8874799575143886,-0.4246420375889098,0.2024122407446134,0.9839395617826928,-0.5545484580922473,-0.2763546392496397,0.2988195137239778,0.7557279510214084,0.5740648033474937,3.26313734904867,0.6080522756097174,2.299940668300879,0.7451251411265174,-0.6420288710756757,-1.004775163241498,-0.9906328513536174,0.3534105466522078,0.6223878166742096,-0.2460153145074715,-0.471097324667357,-0.8206563763109971,-0.2355989272471995,-0.4799814960606078,-0.1931213719943667
G52061,0,0,0.0004766102695546722,10.18730/K4M4$,FULL,Phaseolus,vulgaris,Phaseolus vulgaris,NIC,DARIO - MATAGALPA,12.74,-86.13,0.3591811050669926,-0.9694060416096608,0.3859604233784113,-0.5377032657390192,0.7716663651428447,-0.4363622411304377,0.7980798124476166,0.6729442921627862,-0.6449637909979988,-0.6872144901991211,-1.634635619552563,-1.2858560454043628,-0.9189666309447634,0.7786843433632905,1.4313817885730749,-0.020205458670619,-0.4281375239605672,0.6071251130757639,0.6340147461639066,-0.5984463752917978,-0.8127051626241144,0.2126042705416698,0.1765299646934299,-0.1760735537426384,-0.5404530036226333,0.2125878675441747,-0.2583265647523842,-0.1099513511812154,0.2578714159774761,0.2062222827571616,1.4765746561473403,1.3008025084607924,0.0980592498983801,0.2393309738438634,-0.6183233852689962,0.4941018218519451,-0.753613263079302,-0.4041289711483107,-1.0384099939182183,0.470866022500816,1.1047837891432513,1.0906571995442345,-0.9171651133068778,0.979006933877721,-0.1267938923751396,-0.778506687996669,0.4888239854956941,0.9984695662274374,0.3287776693816206,0.9853347636417324,0.988032756328192,1.6492708251599424,1.5757648091581165,1.054688755476114,1.3464215773621464,0.6975861665253832,-0.709146619633606
G23468,0,0,0.0002883738843454619,10.18730/JXCRY,FULL,Phaseolus,vulgaris,Phaseolus vulgaris,MEX,OACALCO - YAUTEPEC - MORELOS,18.9,-99.03,-2.9470184280009937,-0.0391907012706146,0.3859604233784113,-0.5944339841921019,-1.3942789040632106,1.4204899756390093,1.89767490984438,0.9678574729878914,-0.93773942421429,-0.3121385547751359,-1.1488294848772953,-1.2858560454043628,-0.4479571220998433,0.3159840259641059,0.7551471286826278,0.9393904857531464,-0.1611976502679807,0.6071251130757639,0.6791522298853189,-0.5984463752917978,-1.0213149345526078,0.1069775915971782,0.6923597871035305,0.9723533473893315,-0.4320750044744585,-0.5668829206880276,-0.2583265647523842,-0.1099513511812154,0.527467910351935,-1.1698836982734446,0.954181239293231,0.9176587398237418,-0.3988080255903584,-0.0942751206924362,-0.734532193877048,1.1597291719073204,-0.2328955395402183,-0.7350518424249712,1.0154565600244785,0.3146412796746695,0.866539255234841,0.578761093176059,-0.8586993446026043,-0.4502595435666454,-0.921995047850897,-0.942819924470738,-0.4535533949804475,0.6645954446492816,0.4302707863612542,0.399047091693953,0.5628064880012038,0.8396759111745448,0.6338840115177217,0.4636299566238052,0.1832470622352878,-0.9081878376093228,-0.8381529699902952
G22521,1,1,0.9812954460824098,10.18730/PF3GZ,FULL,Phaseolus,vulgaris,Phaseolus vulgaris,BDI,"20 KM NE KINYINYA, KINYINYA, RUVERI - KINYINYA - RUYIGI",-3.59,30.42,0.3591811050669926,-0.0533277125219679,0.3859604233784113,-0.3779238788000338,0.6722842610227289,-0.6002021426100949,-0.0784943316123419,-0.1702441798138129,1.169362526947739,-0.7471484324957037,-0.6630233502020273,-0.7813424006612064,-1.1544713853672233,-1.6504923229824284,-1.544050714944892,0.2539648111647425,-1.0954872081920335,0.6071251130757639,-1.3520345375782332,-0.7166736770237575,-0.9472921122554004,-1.3717959136257032,-0.726172224524246,-0.5041955254946299,-1.0281539997894191,1.511705847931179,-1.9087781498702303,-0.1099513511812154,-1.3597075502692766,0.2062222827571616,0.7146487861737442,0.2199338656037849,-0.0153198599446877,-0.294438777414216,-0.8120047329490826,-0.0759574855012974,-0.972862830885232,-0.3991149882501795,-0.0412225773424355,0.7480745610778163,0.4759292374768053,0.5341463062141735,1.0706710226384175,-0.3738865256879388,0.7369590868485278,1.297815118357477,-0.0631399087831888,-1.0238536844745356,-1.0828993213351026,0.2708717235623529,0.5308879190692364,-0.3762982615893134,-0.7996142309044177,-0.8924278018859203,0.8744461089182104,-0.265878261478529,0.4519103797890794
G52023,1,1,0.9919841507642708,10.18730/PH3NC,FULL,Phaseolus,vulgaris,Phaseolus vulgaris,AZE,SAATLY - SAATLI RAYONU REGION,39.92,48.37,0.3591811050669926,-1.2238209672219935,0.3859604233784113,-0.5952499992834175,-0.5694074398662486,0.4556550002588064,-1.9410210534140977,-0.7559060733217803,0.047342460451534,2.197542484894424,1.2802011884990447,0.7321985335682625,-0.2124523676773833,-0.0310412120852824,0.2141594007702701,-0.5685459983413421,-0.6950773976531537,0.6071251130757639,-0.6975410236177554,-0.5984463752917978,-0.5435312633615422,-0.738035839958754,1.981934343128782,1.9567192626453056,-1.299098997659856,-2.1258244971524323,2.767501341297,-0.1099513511812154,-0.2813215727714414,-1.1698836982734446,-0.5852032207383028,0.9539565478640613,-1.332518341945035,-1.524015525848006,-0.6183233852689962,-1.0301938629752725,-1.4332869232776848,-0.4392268514352292,-0.5568137107616956,-1.6979882195677367,-0.8371853198166531,1.074220106766389,-0.5956033854333741,-0.8103037707091194,-0.7300499413567487,-0.5395056167616593,-0.790116745150498,-0.9189218176928294,-1.03676608634436,-1.6408409646696052,-1.820801309684942,-1.6584205090304869,-0.7446959968305487,0.4368915823900103,-0.6018312579523303,-0.0517750268964503,-0.0641150216376775
G602,1,1,0.9883446143166515,10.18730/JZK0N,FULL,Phaseolus,vulgaris,Phaseolus vulgaris,TUR,GUVECCI - KUTAHYA,39.45,29.91,0.3591811050669926,-0.8022416073635465,0.3859604233784113,-0.5998526449226813,-0.412149875111477,0.3464283992723683,-0.9167919561155063,-0.0483391140638257,0.1861752106397853,1.0359894110461365,0.7943950538237766,0.2276848888251061,-0.6834618765223034,-0.1467162914350786,0.0789124687921807,-1.1168865380120652,-0.4281375239605672,0.6071251130757639,-0.9457971840855228,-0.6772645764464376,-0.3685682288408704,-0.8436625189032455,1.208189609513631,1.4645363050173188,-1.0281539997894191,-0.8267065167654283,1.9422755487380767,-0.1099513511812154,-0.5509180671459002,-1.1698836982734446,-1.4468661177528377,-0.5947506080280233,-0.8973426409297304,-1.0283721853940753,-0.3471694985168752,-0.7939782717550571,-1.2524060298377926,0.2426748227106165,-0.0978807804379749,-1.378198109188879,-2.7874652197906697,0.1725316311158225,0.0767529546657699,-0.7557516150814718,-0.3598700931180341,-0.3303796794310259,-0.4939409970008535,-0.7662936478285296,-0.9168196753684292,-1.602410189897609,-0.9802789944764664,-1.1119798921309287,-0.0750905404118063,0.9302849511462472,0.9327337897205764,-0.1588267718029321,-0.3221277223510561
G603A,1,1,0.9952590195871054,10.18730/K3XVR,FULL,Phaseolus,vulgaris,Phaseolus vulgaris,TUR,DEMERCI OREN - KUTAHYA,39.44,29.86,0.3591811050669926,-0.8411624176788561,0.3859604233784113,-0.5998252172546701,-0.1672022184860148,0.2372017982859303,-0.9547196454611342,-0.2411144401501088,0.3055041922232563,0.9095355565828798,1.2802011884990447,1.2367121783114188,1.2005761588573765,0.7786843433632905,0.8903940606607171,-1.802312212600469,0.3726820971171922,0.6071251130757639,2.213826676413336,0.6232357426051183,1.811740355185964,1.797004454709043,-0.0813849465116203,-0.8323174972466213,0.0556259916923274,0.2125878675441747,1.6672002845517695,-0.1099513511812154,0.7970644047263937,0.2062222827571616,-1.6880336403048717,-0.8891662946149677,-0.8106409686967961,-0.9711825691878524,-0.2696969594448407,-0.7903678643237856,-1.2085561162766063,0.3329265148769785,-0.3896715047267126,-1.451218429418826,-2.9398308357377263,0.031642801896805,0.1644516077221799,-0.7666620462070013,-0.305028634119706,-0.1959415768613329,-0.3593156569328333,-0.7185973447459358,-0.9075930283702808,-1.547602664512547,-0.9309825380148722,-1.080919057065059,-0.0860080206795032,0.8309307816248829,0.9404710924819524,0.2693796973612255,0.0648911749314939
G24373,0,0,0.000387536595625134,10.18730/JY6QA,FULL,Phaseolus,vulgaris,Phaseolus vulgaris,MEX,5 KM S PALMAR CHICO - AMATEPEC - MEXICO,18.65,-100.4,-2.9470184280009937,-0.0674647237733212,0.3859604233784113,-0.5683818956927695,-0.8178627001665384,2.012134064315549,1.4984740492776365,1.340009902217023,-0.1765227604011446,-0.2982468669566313,-1.1488294848772953,-0.7813424006612064,-0.2124523676773833,-0.2623913707848747,0.0789124687921807,0.9393904857531464,1.4404415918875382,-2.5922980636123474,1.0628208415173233,-0.3225826712505587,-0.0724769396520411,0.4238576284306529,-0.2103424021141454,-0.5041955254946299,2.006429976359472,-0.3070593246106268,-0.6709394610318457,-0.1099513511812154,0.2578714159774761,0.2062222827571616,1.1700057732981954,1.2201406786267015,0.2998073718250156,0.7731007251019429,-0.6570596548050135,1.332575431283168,-0.0300896893197331,-0.7551077740174961,0.4148776255277804,0.2110877017183436,0.8194445130299252,1.015516517499837,-0.7710006915461942,0.1498141683374778,-0.7848914003550768,-1.0175077592316786,-0.6016412690552697,1.1701762573247747,1.45442860315574,0.4245948226503367,0.5447192989397556,0.9561540426715558,0.6974038967115944,0.2823719249757639,0.0434597923464281,-0.9081878376093228,-0.9671593203469846
G3618,0,0,0.0074967325963585,10.18730/K2295,FULL,Phaseolus,vulgaris,Phaseolus vulgaris,COL,EL BOLO - PALMIRA - VALLE DEL CAUCA,3.46,-76.33,0.3591811050669926,-0.3219309262976804,0.3859604233784113,-0.3185089158377871,0.984460988082387,-1.2555617485287232,0.9693951873433004,-0.482133002381394,-0.5278535551622713,-0.9372651193351772,-0.6630233502020273,-1.2858560454043628,-0.2124523676773833,-0.0310412120852824,0.0789124687921807,1.213560755588508,-1.36242708188462,0.6071251130757639,-0.6298347980356369,0.1503265356772798,-0.3685682288408704,-0.1042757662918048,0.0475725090909048,-0.0120125678666426,-1.299098997659856,-1.2164419108815294,0.0167486994339235,-0.1099513511812154,0.527467910351935,0.2062222827571616,1.1789984008180296,0.6635739296912861,0.4181885012199835,-0.3135019828162902,1.086072474315764,-1.225246767315873,-0.4795513033218895,1.275555299725648,-0.551147857356533,1.3348701163599643,0.9025529779802564,0.9521164368616316,0.2521502607785901,0.5862314133586584,0.9014834638435122,1.267939984453101,0.986937743747369,-0.1843987502208864,-0.6307936184258253,0.9086915707725812,0.1070802538058909,0.0605666316056488,-0.6252653793566524,-0.9039675212920844,0.1987216677580398,-1.4434457964490774,-1.4831845679862237
G52120,0,0,0.0007607418517810082,10.18730/K4NZK,FULL,Phaseolus,vulgaris,Phaseolus vulgaris,NIC,PANTASMA - JINOTEGA,13.34,-85.94,0.3591811050669926,-1.085329533870758,0.3859604233784113,-0.5243009090547611,1.0376596438172725,-0.9733930293137584,0.8465786435096903,0.3499438684104523,0.0869752920427285,-0.6177559848658052,0.3085889191485086,0.2276848888251061,0.7295666500124566,0.0846338672645136,0.3494063327483596,0.2539648111647425,-0.5616074608068605,0.4029066124360972,-0.4492848631499879,-0.2437644700959189,0.0957567473870664,-0.3155291241807879,-0.3392998577166706,-0.8323174972466213,0.1640039908405021,-0.1771475265719264,-0.1207889326592303,-0.1099513511812154,0.2578714159774761,0.2062222827571616,1.2697427574586606,1.022518980142854,0.5365696306149514,0.3441786035552719,-0.2309606899088233,-0.0271989879883235,0.5235154693902401,0.0922553357666799,-0.8146094902288131,0.3510793585189029,1.007823746044452,1.0272571636933825,-0.2301923310316654,1.0990216762585456,0.0788615788685907,-0.6440685854269761,0.5157490535092981,1.1034014330091435,0.6148037263242246,0.736626510997963,1.0071838976873726,1.4401853891146903,1.5810581329242726,1.0268245549587909,1.434626828841833,0.4834829319433041,-0.580140269276917
G14875,0,0,0.00024351343106098988,10.18730/JNQMY,FULL,Phaseolus,vulgaris,Phaseolus vulgaris,MEX,GROWN AT IXTAPAN - IXTAPAN DE LA SAL - MEXICO,18.83,-99.68,0.3591811050669926,0.4757039461173607,0.3859604233784113,-0.5432005332141872,-1.2188987203218296,0.9303840017652056,0.6677530012225488,1.02001905824729,-0.2058003848005344,-0.3468678074417939,-1.1488294848772953,-1.2858560454043628,-0.4479571220998433,-0.3780664501346709,-0.0563344631859086,1.076475620670827,-0.1611976502679807,-0.4480038068958472,0.9725458740744988,-0.559037274714478,-0.738682340326907,0.4238576284306529,0.1765299646934299,-0.1760735537426384,1.247783982322249,-0.3070593246106268,-0.8084770931249995,-0.1099513511812154,0.2578714159774761,0.2062222827571616,0.2380363700605091,-0.0664156456922609,-0.1903905442611895,0.0582305225241579,-0.6183233852689962,1.0460986260606686,0.0192414634366011,-0.7500937911193648,0.4715359569532268,0.389230130851233,0.2072116490696487,-0.0270608993381274,-0.8148500180743993,-0.4720804058177044,-0.921995047850897,-0.778506687996669,-0.197765248851209,0.8172236145135814,0.7439767842983039,0.4318005929200859,0.5791204232330982,0.9440748290348288,0.7642321092593147,0.4543418897846975,0.068734981366923,-0.5870329857362047,-0.4511339189202276
G50007,0,0,0.0006788719247757423,10.18730/JW132,FULL,Phaseolus,vulgaris,Phaseolus vulgaris,GTM,VALLE DE QUIK'A - SIPACAPA - SAN MARCOS,15.22,-91.69,0.3591811050669926,1.8693058176620791,-1.80637314900962,-0.3063284347832813,-0.4150728781738333,0.8652547539579492,0.0437312418062731,1.1428998372488297,0.5261387745873934,-0.5621892004713902,-0.6630233502020273,-0.2768287559180501,0.7295666500124566,1.241384660762475,0.8903940606607171,0.8023053508354656,0.7730919076560719,-1.0606593088148473,2.033276741527687,0.7808721449143978,1.872304482520042,1.6913777757645514,-0.726172224524246,-0.8323174972466213,1.0310279840258996,-0.3070593246106268,-0.2583265647523842,-0.1099513511812154,1.3362573934753113,0.2062222827571616,-0.2222256518905777,-0.8125375331950487,0.5682490877769851,0.9542011764216484,-0.5021145766609444,0.599269637431298,1.18126417280803,-0.5645764238885097,0.0494310501233403,0.4143963783740078,-0.2277227899797118,-0.3229274272618589,-0.8733157867786727,0.8044400358692487,-0.5381048348626004,-0.3154421124788378,0.9734752097405668,1.713914112466343,0.4948573153482939,0.8163266973148864,0.5755739155739907,1.3648341040474885,1.2446012410379776,0.6606495562412416,0.4571475799879982,0.5905344216189015,-0.4511339189202276
G51185,0,0,0.0031120900339026,10.18730/PHD3J,FULL,Phaseolus,vulgaris,Phaseolus vulgaris,PER,MARCABAL GRANDE - SANCHEZ CARRION - LA LIBERTAD,-7.69,-78.04,0.3591811050669926,1.9399908739188456,0.3859604233784113,2.300014712561105,1.1154115252759516,-0.9642908125648884,-0.0178451057532967,-0.1546185916099324,-0.6156862538525528,-0.7566729955324369,1.7660073231743127,1.7412258230545752,0.7295666500124566,0.2003089466143097,-0.191581395163998,-0.9798014030943843,0.3726820971171922,0.5050158627559306,-1.103778377110466,-0.0073098666319996,0.2707197819077382,-0.6324091610142625,0.3054874202959551,0.3161094038853487,0.4349489887109389,0.8621468577376766,0.0167486994339235,-0.1099513511812154,-0.5509180671459002,0.2062222827571616,-0.8190131052894416,-1.7966118610172144,-0.4521629008106257,-0.4850708314349586,-0.3471694985168752,-0.1803664403455553,-0.2219330611499218,-0.6698700647492654,0.9389676234823562,1.2293015346755176,-0.7790093996353182,-0.5647865997634123,0.4860133355956836,-0.2429613521815846,-0.0445317038776475,0.3418108334174387,-0.6958790071028839,-0.9666181207754232,-0.9721795573573204,0.1614750294670689,-0.2074949755569436,-0.8801740304356426,-0.8723974326890637,-1.194430702442362,-0.9102917280391868,0.5905344216189015,1.2259481743541794
G23622,0,0,0.00024678155081762096,10.18730/PF7A5,FULL,Phaseolus,vulgaris,Phaseolus vulgaris,BOL,POJO - CARRASCO - COCHABAMBA,-17.76,-65.85,0.3591811050669926,1.0917701988376485,0.3859604233784113,-0.5259005167072478,-0.9289368165360796,2.048542931311028,0.373023125457531,0.5550793519139898,-1.171960070393632,-0.270463491319622,0.3085889191485086,0.2276848888251061,-1.1544713853672233,-0.7250916881840593,-0.5973221910982662,-0.9798014030943843,0.5061520339634855,-0.1416760559363472,-1.4197407631603518,-0.874310079333037,-1.115525799294508,-1.5830492715146862,0.1765299646934299,0.8082923615133358,0.760082986155463,1.2518822518537778,-0.395864196845538,-0.1099513511812154,-1.3597075502692766,0.2062222827571616,-0.5369697357190197,-0.9214310342411168,-0.7122679175094284,-0.4088180098266616,-0.5795871157329789,0.6526814789854587,-0.4137764329801105,-0.7651357398137585,1.740683823657164,0.293523569950581,-0.269277154552309,-0.7408976306887651,1.2753012131033743,-0.7993933395835899,-0.1816353513734677,-0.5245680498094712,-1.0593674252865384,-1.0715499875571293,-1.0275394393462116,0.5829034119099792,1.14798025175394,-0.1700888287909013,-0.3238767574211414,-0.6469976720767712,0.9647146411342638,-0.1588267718029321,0.4519103797890794
G3197,0,0,0.00021989172054135016,10.18730/K1QGY,FULL,Phaseolus,vulgaris,Phaseolus vulgaris,GTM,CHIQUIMULA - CHIQUIMULA - CHIQUIMULA,14.82,-89.56,0.3591811050669926,-1.1362227743756297,0.3859604233784113,-0.6042675633320496,-0.3577820181516489,-0.5455888421168759,0.9389057640275889,0.5977113027289026,-0.93773942421429,-0.4857848181084257,-0.6630233502020273,-0.2768287559180501,-0.2124523676773833,-0.2623913707848747,-0.191581395163998,0.2539648111647425,-0.294667587114274,-0.5160766404424028,1.1079583252387355,-0.4802190735598382,-0.3551095338777418,0.6351109863196359,-0.0813849465116203,-0.5041955254946299,0.8142719857295503,-0.3070593246106268,0.0167486994339235,-0.1099513511812154,0.2578714159774761,0.2062222827571616,1.492107444450614,1.252405302865174,-0.4755056587194926,-0.151464736898659,-0.8120047329490826,1.095093483786022,-0.1342332340275498,-0.800233620100677,-0.7919460495913394,0.4317233240018228,1.2626898884005704,0.9521165264363372,-0.9902473241872196,-0.4066178190645274,-0.921995047850897,-0.8083818219010451,-0.2516153848784171,0.6073598809501691,0.1350180824205017,0.7857567628371623,0.8394340854115881,1.354768092683549,1.464605010068839,0.8106659085213751,1.0554989935344088,-0.0517750268964503,-0.9671593203469846
G18994,0,0,0.0022635156954784,10.18730/JMEHA,FULL,Phaseolus,vulgaris,Phaseolus vulgaris,GTM,EL TEJAR - CHIMALTENANGO - CHIMALTENANGO,14.65,-90.77,0.3591811050669926,1.0917701988376485,0.3859604233784113,0.0673353987618509,0.3829069578494501,-0.2361134726553013,-0.069594615529018,1.0496108997384324,0.116252872815146,-0.5830267321991472,-1.1488294848772953,-0.7813424006612064,0.7295666500124566,1.819760057511456,1.4313817885730749,1.4877310254238694,-0.1611976502679807,0.3688701956628195,1.3110770019850908,0.1109174350999599,0.0890273999055021,0.9519910231531106,-0.726172224524246,-0.996378483122617,0.3807599891368515,-1.086530112842829,-0.395864196845538,-0.1099513511812154,1.875450382224229,0.2062222827571616,-0.0611748319072672,-0.6673462241086603,0.4231905207718835,0.9065431629164628,-0.6570596548050135,0.7992044099397582,-0.6823571535423747,-0.6046882870735595,-0.4180006299142005,0.52997607982858,-0.0698166643029044,-0.0153201635698766,-0.931781555482946,0.4007540842246567,-0.5381048348626004,-0.4498802150485307,0.434973849468486,1.6662178093837494,0.8546965482760861,0.959131962660826,0.7153063173428259,1.4393225881406386,1.478499984954999,0.7197554361264724,0.7269215362679747,1.125792380458656,-0.3221277223510561
G7208,0,0,0.0033397996316895,10.18730/JFGGP,FULL,Phaseolus,vulgaris,Phaseolus vulgaris,NIC,CHINANDEGA - CHINANDEGA - CHINANDEGA,12.62,-87.15,0.3591811050669926,-1.1258404860884048,0.3859604233784113,-0.6038667647898932,0.4244136013349103,0.1461796307972319,1.368296841338397,1.589783595505616,0.6139714678243036,-0.6177559848658052,-1.634635619552563,-0.7813424006612064,-0.4479571220998433,0.7786843433632905,1.2961348565949853,0.5281350810001041,-0.828547334499447,0.6071251130757639,0.9725458740744988,-0.6378554758691177,-1.0549616719604291,0.4238576284306529,-0.2103424021141454,-0.0120125678666426,-0.8655870010671574,-0.6967947187267279,0.1542863315270773,-0.1099513511812154,0.7970644047263937,0.2062222827571616,1.942559240819443,1.8976998646127885,0.9500699135720224,1.3354652844631338,-0.8120047329490826,0.8244940169873066,-0.2109705827596253,1.095051915392924,-1.0667394027823542,0.4362975256583276,1.4344474601284145,1.5250643781821855,-0.9756308820111512,2.135512633183849,-0.2227664456222138,-0.912944790566362,2.0100903282643223,1.7997674580150118,0.4210441393631057,1.2665781608367936,0.9532769812689388,1.6196479917174926,1.7597078100320398,0.9429504968359396,1.2984503002416152,1.5539988496228132,-0.1931213719943667
G20834,1,1,0.994434071283596,10.18730/JTSW5,FULL,Phaseolus,vulgaris,Phaseolus vulgaris,RWA,NGWA - KIGOMA - GITARAMA,-2.47,29.73,0.3591811050669926,-0.2520054676563252,0.3859604233784113,0.0448159392641841,0.9330161341849152,-1.2009484480355042,-0.5070081070098336,-1.551248782074312,1.5578566633691704,-0.9294928457842556,-1.1488294848772953,-1.790369690147519,-0.6834618765223034,-1.30346708493304,-1.2735568509887132,1.076475620670827,-1.2289571450383268,0.6071251130757639,-1.0586408933890536,-0.559037274714478,-0.5637193058062352,-0.8436625189032455,-1.1130445913318214,-0.3401345396186341,-0.8655870010671574,0.9920586557763772,-2.183853414056538,-0.1099513511812154,-0.8205145615203591,1.582328263787768,0.3475836577677269,-0.2842025323967284,0.2014343206376479,0.0868253306272693,-0.5021145766609444,-0.5520412910843234,-0.358964041028628,0.9997862403284308,-0.4803248755326642,1.079191353831999,0.1628871485198643,0.334553820547575,0.5883284308281621,0.0407098570821827,0.846642004845184,1.9849431981581296,0.6907619955977244,-0.8712255146102357,-1.0090861453499145,0.1442248521546389,-0.0922334766359501,-0.589122501855457,-1.2425992635846037,-1.4806720350294087,-0.2031022556494204,-0.265878261478529,0.0648911749314939
G8900,0,0,0.0002367914464381522,10.18730/K2ZKJ,FULL,Phaseolus,vulgaris,Phaseolus vulgaris,MEX,RINCÓN DE ROMOS - RINCON DE ROMOS - AGUASCALIENTES,22.24,-102.32,0.3591811050669926,1.021085142580882,0.3859604233784113,-0.5418061043214463,-1.273851177894129,0.2007929312904509,0.9209337571026864,0.8996461986221219,-1.5818459394456506,0.18796267037658,-0.6630233502020273,-1.2858560454043628,-0.9189666309447634,-0.7250916881840593,-0.4620752591201768,1.6248161603415503,-0.6950773976531537,0.6071251130757639,-1.4197407631603518,-0.9531282804876768,-1.0886084093682509,-1.5830492715146862,1.5950619763212064,1.7926582767693102,-0.4862640040485459,-0.8267065167654283,-0.8084770931249995,-0.1099513511812154,-0.2813215727714414,-1.1698836982734446,-0.0497295934167217,-0.1067464452216337,-1.1157641613626994,-0.8377401313733326,-0.734532193877048,0.8687184038743596,-0.556288652053965,-0.6899259963417902,1.7576812825595622,0.1207604268953671,0.2016711657593835,-0.0834164332651032,-0.7271513650179893,-0.8539454952112374,-0.9768365068492252,-1.0175077592316786,-0.9247420852185184,-0.5087336111825236,-0.0679681515387656,0.1079776441310518,0.5177658407305387,0.7398785985092045,0.9716642343455556,0.9328180602841856,0.3565626440901102,0.2693796973612255,0.3229038756448727
G459,0,0,0.0029336070462178,10.18730/JZER~,FULL,Phaseolus,vulgaris,Phaseolus vulgaris,TUR,MALATYA - MALATYA,38.38,38.32,0.3591811050669926,-0.0645899510492798,0.3859604233784113,-0.5471215531141538,-1.2148065160345307,2.166871749046336,-0.7255854692680216,0.1723142194004621,-0.2264743942311345,1.2084728869863688,0.7943950538237766,0.2276848888251061,-1.1544713853672233,-0.6094166088342632,-0.3268283271420874,-1.1168865380120652,-0.0277277134216875,0.6071251130757639,-0.6749722817570493,-0.5196281741371581,-0.7857877726978572,-0.8436625189032455,1.5950619763212064,1.7926582767693102,-0.8655870010671574,-0.6967947187267279,1.804737916644924,-0.1099513511812154,-0.8205145615203591,-1.1698836982734446,-0.917115095058188,0.7765006145391985,-1.1224335207652327,-1.2761938556210408,-0.734532193877048,-0.3503500382008084,-1.4935805544243157,-0.1634577920380122,-0.0072273252044488,-1.6996950981226426,-1.0144835234643723,0.9802943101950826,-0.3032745419120071,-0.7775724773325309,-0.4421322816155262,-0.1511288760047686,-0.4939409970008535,-0.9475395995423856,-1.055219380340657,-1.445411740687012,-0.4812853668400421,-0.874709624266647,0.3182695819606662,1.277320903043817,1.943225530356281,-0.6940846030272442,-0.4511339189202276
G50617,0,0,0.0106943041649111,10.18730/JXPZR,FULL,Phaseolus,vulgaris,Phaseolus vulgaris,PER,"HUANCABAMBA, EN CERRO COLORADO - HUANCABAMBA - PIURA",-5.25,-79.44,0.3591811050669926,0.8373039963132892,-1.80637314900962,2.9861150925141584,1.8017326443172224,-1.43760608350612,0.5565567101723775,0.7446664240626126,-1.4647356163559797,-0.916427571047222,1.2802011884990447,0.7321985335682625,1.4360809132798364,1.7040849781616596,1.972369516485432,-0.2943757285059805,0.6396219708097787,0.1646516950231528,-0.6072660561749308,0.8596903460690376,0.109215442350195,-0.1042757662918048,0.0475725090909048,0.3161094038853487,0.3265709895627642,0.6023232616602759,-0.395864196845538,-0.1099513511812154,0.527467910351935,0.2062222827571616,0.0230293795428252,-0.7520411992820357,-0.6989291987043617,-0.7519557070639984,0.0789294663793148,-0.6385370140227711,-0.66591343595693,-0.4642967659258853,-0.1432075468914216,1.0896743354569822,-0.0642761809926403,0.0739094551412463,0.0329036281375648,-0.6357368727006472,-0.4421322816155262,0.3268732664652505,-0.5477911330280616,-0.8139899509111233,-0.8706864403776867,0.0896356834444174,-0.0815939536586276,-0.7044502320537321,-1.3461499097600316,-1.3861026272130392,-0.7560614929957585,0.3764311870368224,1.2259481743541794
G18193,0,0,0.0487625645037539,10.18730/JT9S8,FULL,Phaseolus,vulgaris,Phaseolus vulgaris,ESP,AGENCIA SEA DE MONTEHERMOSO - MONTEHERMOSO - CACERES,40.09,-6.36,0.3591811050669926,-1.184288612630231,0.3859604233784113,-0.5997864433533123,-0.9996734906451034,0.2007929312904509,-0.6541492621049277,0.317835399243033,-0.1599205134220957,1.1821740227306374,1.2802011884990447,0.7321985335682625,-0.9189666309447634,-1.5348172436326322,-1.544050714944892,-1.9393973475181496,1.0400317813486584,0.6071251130757639,-0.471853605010694,-0.7560827776010773,-0.6444714755850068,-0.8436625189032455,0.0475725090909048,0.4801703897613444,-0.648831002770808,0.4724114636215755,1.5296626524586157,-0.1099513511812154,-1.3597075502692766,0.2062222827571616,-0.3816415223117514,0.7402026526486497,-0.7589534333271623,-0.9711825691878524,-0.463378307124927,-0.6091360243081528,-1.3510683353504611,0.4081362583489468,-0.3613423086200623,-1.3749058125829838,-1.5048237599276229,1.0061238482680004,0.2959995873067951,-0.4393491124411159,0.0651512141190086,-0.3005045455266497,-0.4535533949804475,-0.8330684721441607,-0.999859498351766,-1.4017404057188347,-1.2728658763528344,-0.7941815333551332,0.2669905079760293,1.2258143505724015,0.5185301818949145,0.0552764627791469,0.3229038756448727
G24541,0,0,0.0007522674917979843,10.18730/JXX2$,FULL,Phaseolus,vulgaris,Phaseolus vulgaris,CHN,PINGSHAN - PINGSHAN - HEBEI,38.25,114.2,0.3591811050669926,-1.5433686984146044,0.3859604233784113,-0.5960545891296334,-0.2911375483299241,-0.818655344582971,0.1844836294402092,-0.0890261536951849,-0.3862768145588015,0.030285155251471,1.7660073231743127,2.245739467797732,-1.1544713853672233,-1.6504923229824284,-1.544050714944892,-2.0764824824358303,-0.294667587114274,0.6071251130757639,-0.7426785073391676,-0.7560827776010773,-1.4250757834464658,-1.0549158767922286,1.981934343128782,1.300475319141323,-0.973965000215332,-0.047235728533226,2.079813180831231,-0.1099513511812154,-1.898900539018194,-1.1698836982734446,-0.9669836466472556,1.074949292615198,-1.029062489129765,-0.58038685844533,-0.6957959243410308,1.366041875581531,0.1343474865347143,-0.8052476029988083,0.1145881990157342,-1.7937376474182731,0.9385666478866986,-2.6335042174962755,-0.9463979976590144,-0.9521393753410032,-0.908284683101315,-0.778506687996669,-0.7362666091232899,-0.6709010416633422,0.1811513174112443,-0.983150660048856,-0.7731629471845888,-0.3705462550956339,0.3195929129022052,1.1005661765298884,-0.04526127931735,-0.3729298787695683,-0.1931213719943667
G20638,1,1,0.9861123135361696,10.18730/JN1DP,FULL,Phaseolus,vulgaris,Phaseolus vulgaris,IND,SIROHI - RAJASTHAN,24.89,72.85,0.3591811050669926,0.2606527974169416,0.3859604233784113,-0.6178979992109257,-1.566151484129764,3.4775909608835924,0.1390208878460016,-0.8370647000467667,1.1754956705869972,-0.6499449002668611,-1.634635619552563,-1.790369690147519,-1.860985648634604,-0.3780664501346709,-0.0563344631859086,-0.2943757285059805,1.1735017181949516,0.5730886963024862,0.6565834880246127,-0.9531282804876768,-1.4923692582621089,-0.2099024452362963,1.7240194319237316,1.9567192626453056,0.2723819899886768,0.4724114636215755,-0.395864196845538,-0.1099513511812154,-0.8205145615203591,-1.1698836982734446,1.754530366754742,2.793046283466364,-0.8106409686967961,0.3823050143594204,-0.7732684634130653,2.890249364755168,-1.3346246177650165,-0.8503734490819892,0.4630372207478223,-0.8872565336207523,1.7308678613791866,1.2644200351695334,-0.9463979976590144,-1.1157958422239458,-1.0590986953467174,-1.0921955939926191,-1.1266800953205487,-0.6804403022798609,1.1130426642242446,0.5545170441806639,1.6491017839858289,1.5917507602231469,2.448501565103098,2.483925222415173,1.1473149863027374,-0.6940846030272442,-1.0961655169161562
G52254,0,0,0.0006130818337420386,10.18730/K4VFA,FULL,Phaseolus,vulgaris,Phaseolus vulgaris,MEX,10 KM N VALLE DE BRAVO - VALLE DE BRAVO - MEXICO,19.42,-100.28,-2.9470184280009937,1.431058468870127,0.3859604233784113,0.3236703080837955,0.0748224350770908,1.047299088935346,-0.1068098012007593,0.7742578828989828,-0.1472452232556987,-0.3190844318047846,-0.6630233502020273,0.2276848888251061,0.0230523867450766,0.5473341846636982,0.6199001967045383,0.1168796762470617,0.5061520339634855,0.2667609453429861,1.333645743845797,0.3079629379865593,1.8521164400753487,1.3744977389310766,-0.4682573133191957,-0.6682565113706256,0.1640039908405021,-0.4369711226493272,0.429361595713385,-0.1099513511812154,0.7970644047263937,0.2062222827571616,-0.8296407846998094,-1.4376666951779753,-0.1487070479953558,0.134483344132455,-0.463378307124927,0.77891597202249,0.9072022130506174,-0.6347721844623468,0.3468876548340642,0.4102918234863725,-0.5629272084700028,-0.59766062856337,-0.6248362697855108,-0.2320509210560551,-0.7848914003550768,-0.8382569558054214,-0.224690316864813,0.5692028384840941,0.8731498422723831,0.3866007612280225,0.5262774591123965,0.9633440507886551,0.8681135881701275,0.5354013821987285,-0.128308328956119,0.1623282076856287,0.3229038756448727
G185,0,0,0.0008352791728462529,10.18730/JZ6P$,FULL,Phaseolus,vulgaris,Phaseolus vulgaris,IND,"BALAN, WAN - GARHWAL - UTTAR PRADESH",26.12,83.23,0.3591811050669926,-0.6251192110273417,0.3859604233784113,-0.6142887789369996,-0.8681383528390676,1.7572719953471934,0.090949522811155,0.1709016831077971,0.3050826684183907,-0.4011032676795117,-0.1772172155267593,-0.2768287559180501,-1.3899761397896833,-1.0721169262334478,-0.867816055054445,-0.9798014030943843,-0.5616074608068605,0.6071251130757639,0.9048396484923804,-0.9531282804876768,-1.7750018524878095,0.1069775915971782,1.0792321539111058,-0.0120125678666426,-1.1907209985116811,-1.086530112842829,2.217350812924385,-0.1099513511812154,-0.8205145615203591,-1.1698836982734446,1.601654693175584,2.6639873249617687,-0.0036484809902542,1.2973388736589853,-0.6570596548050135,2.0540359987995576,-0.8687192861774152,-0.7049679450361839,0.4715359299364037,-1.010548175452273,1.8112060846743865,1.0883089986457617,-0.6833020384897842,-0.6684681660772357,-1.0179676010979712,-1.0324453261838666,-1.0593674252865384,0.0445435045755633,1.7312280131001954,0.2555867563234908,0.9578874412257784,1.2742400017720352,2.2715060516722545,2.1098694397129263,0.3679106881401283,-1.336394179158038,-1.6121908414491544
G16035,0,0,0.0002872584816705592,10.18730/JSFKN,FULL,Phaseolus,vulgaris,Phaseolus vulgaris,MEX,PANUCO DE CORONADO - PANUCO DE CORONADO - DURANGO,24.57,-104.34,0.3591811050669926,1.2289760791207665,-1.80637314900962,-0.4203056134216961,-0.741280019932802,0.8652547539579492,0.7859738050928263,0.6413465743562731,-1.4061805420650872,0.4727425687394918,-0.6630233502020273,-0.7813424006612064,-0.6834618765223034,-0.3780664501346709,-0.191581395163998,0.9393904857531464,1.840851402426418,-1.7413876442804028,-1.2617595701354087,-0.7166736770237575,-0.9069160273660146,-1.3717959136257032,0.6923597871035305,1.1364143332653274,1.6812959789149478,-0.047235728533226,-0.9460147252181532,-0.1099513511812154,-0.2813215727714414,-1.1698836982734446,-0.2704591602992092,-0.1672428560597601,-0.9823769733120312,-0.6185132692494786,-0.734532193877048,1.3688928333766626,-0.490513781712186,-0.7350518424249712,1.8426690160949404,-0.1158864234424237,0.1684277903470468,-0.3440607370888215,-0.8294664602504677,-0.8430350640857079,-0.9905468715988072,-1.0324453261838666,-1.0055172892593305,-0.4896550899494861,0.0796582004316106,-0.1979400573210296,0.1574406625652173,0.4143150309669416,0.6527414774346526,0.7253845675441134,-0.0824003325719548,0.6975861665253832,0.7099227729274225
G24645,1,1,0.9967618434693748,10.18730/JYBZY,FULL,Phaseolus,vulgaris,Phaseolus vulgaris,COL,"1.5 KM W LA UNIÓN, VEREDA ROMERO - UBAQUE - CUNDINAMARCA",4.52,-73.92,-2.9470184280009937,0.4556046925267504,-2.902539935203636,3.0122603446141603,1.5597079907541167,-0.8732686450761901,-0.3798307806482988,-0.7028163232576872,0.2333631304643595,-0.8955900061990688,1.7660073231743127,1.7412258230545752,1.6715856677022964,0.431659105313902,0.484653264726449,-0.5685459983413421,-1.0954872081920335,0.6071251130757639,0.2954836182533146,1.372008653574196,2.3904642386004933,1.2688710599865851,-0.726172224524246,-0.6682565113706256,-0.5404530036226333,0.3424996655828751,0.2918239636202311,-0.1099513511812154,0.2578714159774761,0.2062222827571616,0.0557300899026217,-0.6794454678137273,1.1067998595315576,0.7540375196998687,0.5437647008115223,-0.649090738293826,0.3371533367551996,1.7117718118630638,-1.2537118154358649,1.0355259018838467,-0.0808978686988099,0.1138279746682425,-0.3471238684402122,1.808199699417964,0.9837456523410044,1.8953177964450008,1.9562401922371144,0.2830250199885319,1.1222693112223932,0.9189543344901028,0.1659522809470753,0.2221980140780444,-0.7734784448090222,-0.9537853343382076,0.1486871099011417,-1.4434457964490774,-1.4831845679862237
G11069,0,0,0.0006416250741064752,10.18730/JPA6*,FULL,Phaseolus,vulgaris,Phaseolus vulgaris,MEX,EN VOLCANES - ATENGUILLO - JALISCO,20.32,-104.56,0.3591811050669926,0.2294125125050978,-1.80637314900962,-0.5533209165381294,-1.1148398113019435,0.5193705175008952,0.6783643440418254,1.1072892188472585,-0.2350779219459803,-0.2496259264714687,-1.1488294848772953,-1.2858560454043628,-0.4479571220998433,-0.0310412120852824,-0.0563344631859086,0.9393904857531464,1.1735017181949516,-1.6052419771872917,0.7468584554674373,-0.559037274714478,-0.1868758468386342,0.2126042705416698,-0.5972147689217209,-0.1760735537426384,1.6271069793408603,0.0826760695054743,-0.9460147252181532,-0.1099513511812154,0.2578714159774761,0.2062222827571616,0.0074965873413266,-0.2317722968494995,-0.0253238990484878,0.5062158494729032,-0.6183233852689962,1.14597561450975,0.9291271698312104,-0.5796183725829034,1.1457708979123644,0.0564007031891236,0.2127522908968294,-0.0928090017253943,-0.5663705010812374,-0.1993196276794666,-0.7026292118575846,-1.0324453261838666,-0.8305043471709042,0.6645954446492816,1.2329890752001753,0.2496911261027869,0.551103012726149,1.0200013147513989,1.0728990513732903,0.8205168885022469,0.2090380714398745,-0.6940846030272442,-0.8381529699902952
G8202,0,0,0.1565097768288471,10.18730/K2H72,FULL,Phaseolus,vulgaris,Phaseolus vulgaris,COL,BITACO - LA CUMBRE - VALLE DEL CAUCA,3.61,-76.6,0.3591811050669926,0.384919636269984,0.3859604233784113,0.9674537166674934,2.0800025358535468,-1.492219383999339,0.3609171181027408,-0.7283956468085442,-0.0301349437929994,-0.9094817105777716,1.2802011884990447,1.2367121783114188,2.1425951765472164,1.357059740112271,1.837122584507343,0.5281350810001041,-0.828547334499447,0.6071251130757639,0.0472274577855471,2.869554475512351,1.152264301992662,1.1632443810420936,-1.1130445913318214,-0.8323174972466213,-0.5404530036226333,-0.8267065167654283,0.429361595713385,-0.1099513511812154,1.60585388784977,0.2062222827571616,0.3590289079529459,-0.3406658363581257,1.0867917813239574,0.0486989198231207,1.2410175524598337,-1.383015803358338,1.0661581497099166,1.9374010422789687,-0.7919459955576925,1.3072013823676865,0.1573466123706279,0.32046495106188,0.924506600877734,0.979006933877721,1.6692638898201055,1.925192930349377,1.013862811760973,-0.050849101589624,-0.5938870304332312,0.5300610965984847,-0.1464950438202948,-0.2474533161308914,-0.8006067291105721,-0.9140999578438384,0.0898836089146841,-1.336394179158038,-1.4831845679862237
G13668,0,0,0.0003479169717843552,10.18730/JRA9B,FULL,Phaseolus,vulgaris,Phaseolus vulgaris,MEX,EJIDO LAS PALMAS - MATEHUALA - SAN LUIS POTOSI,23.47,-100.63,0.3591811050669926,0.1494196158548417,0.3859604233784113,-0.4841506200613969,-1.1019785978275756,-0.5000777583725267,1.130883724455139,1.0029664309832336,-1.6404010137365428,0.2852045513469052,-0.1772172155267593,-0.7813424006612064,-0.6834618765223034,-0.0310412120852824,0.3494063327483596,0.5281350810001041,-0.0277277134216875,0.1986881117964306,-1.3746032794389391,-0.7166736770237575,-0.7252236453637785,-1.3717959136257032,1.981934343128782,2.448902220273293,-0.2695080057521966,-0.6967947187267279,0.2918239636202311,-0.1099513511812154,-0.2813215727714414,-1.1698836982734446,0.3475836304801547,0.413522226435557,-1.0390665282335652,-1.0283721853940753,-0.4246420375889098,-0.0710208993813238,-0.6111010440054475,-0.6548281160548717,1.6726937584045658,-0.0178625642518449,0.6338354159925856,-0.1280311866364737,-0.6979184806658525,-0.7557516150814718,-0.9631261420996432,-0.7635691210444808,-0.4535533949804475,-0.4991943505660048,-0.4923939134535975,-0.204709114241097,0.2159580389404909,0.3907318043428554,0.6223048657792553,0.744523614364093,0.3390247578309913,0.2693796973612255,0.1938976790757006
G20973,1,1,0.9987351796228656,10.18730/JTX82,FULL,Phaseolus,vulgaris,Phaseolus vulgaris,RWA,MUSANZE - KINIGI - RUHENGERI,-1.49,29.6,0.3591811050669926,0.7111924866113375,0.3859604233784113,1.8930766769630287,1.5433391736049211,-1.328379482519682,-0.5568557610485138,-0.9356222858696136,0.9569353768862782,-0.9107577060554732,0.3085889191485086,0.2276848888251061,1.4360809132798364,1.4727348194620673,1.7018756525292535,0.9393904857531464,-0.9620172713457402,0.6071251130757639,-0.7201097654784615,0.7808721449143978,0.8561730128038325,0.2126042705416698,-0.8551296801267712,-0.5041955254946299,-0.81139800149307,-0.9566183148041288,0.1542863315270773,-0.1099513511812154,1.3362573934753113,1.582328263787768,-0.1682695749135938,-0.9899936203701408,0.4832147553946842,-0.084743517991399,0.3500833531314358,-0.9965012456182808,0.2987846623891618,0.2226188911180917,-0.2508584576502455,1.2073753740588966,-0.2471148514384441,-0.0763719761285782,0.3836982403632052,0.4989479643544223,1.1071389350872425,1.716066993018744,0.7042245296045264,-0.6709010416633422,-0.8060999113906471,0.086578689996645,-0.3972331353191945,-0.7406878729639134,-1.5102429465108695,-1.7201915768500349,-0.5961572359273212,-0.265878261478529,-0.580140269276917
G623,0,0,0.140514362352215,10.18730/JZKM4,FULL,Phaseolus,vulgaris,Phaseolus vulgaris,TUR,SAHINDERE MAHALLESI - KARS,40.14,43.1,0.3591811050669926,-0.8234014089561033,0.3859604233784113,-0.5997852729224086,-0.5904530619152144,0.919868054451168,-0.6949333118896589,0.1577508241278136,-0.0633658203936574,1.0845397249680453,0.7943950538237766,0.7321985335682625,-0.4479571220998433,-0.2623913707848747,-0.0563344631859086,-0.8427162681767036,0.2392121602708989,0.6071251130757639,-0.9232284422248168,-0.5196281741371581,-0.2676280166174059,-0.8436625189032455,1.4661045207186814,1.9567192626453056,-0.648831002770808,-0.6967947187267279,1.5296626524586157,-0.1099513511812154,-0.5509180671459002,-1.1698836982734446,-1.6700482493146165,-0.2761363186432728,-1.1874597749399334,-1.2475990475179293,-0.1147518813007715,-0.9626255007288412,-1.0715251363979004,-0.5144365949071975,-0.3670081164343352,-1.741895010338219,-0.817793383850481,0.3556871359729579,-0.6833020384897842,-0.8103037707091194,-0.7026292118575846,-0.4498802150485307,-0.2920029868988232,-0.642283259813786,-0.8245532053869441,-1.4229210031784008,-0.8682093524486696,-0.8698204187470194,0.0344150950005472,0.8734307238280727,1.1658845129300397,-1.0152394549003625,-0.709146619633606
G24798,1,1,0.9774320769289914,10.18730/JYHSZ,FULL,Phaseolus,vulgaris,Phaseolus vulgaris,COL,"4 KM NW PACHO VÍA LA PALMA, VEREDA COMPERA BAJA - PACHO - CUNDINAMARCA",5.18,-74.18,-2.9470184280009937,0.4980157262808103,-2.902539935203636,1.649325282999677,1.7719180130811878,-1.4740149505015994,-0.3339472704426929,-1.4817285749687572,1.4630208903148163,-0.9094817105777716,0.3085889191485086,0.2276848888251061,0.4940618955899966,0.3159840259641059,0.0789124687921807,0.2539648111647425,-0.5616074608068605,0.6071251130757639,-0.6072660561749308,0.741463044337078,0.3178252142786884,0.1069775915971782,-0.8551296801267712,-0.996378483122617,-0.7572090019189827,-0.8267065167654283,0.5668992278065389,-0.1099513511812154,0.527467910351935,1.582328263787768,0.4710287247681557,-0.163209826108147,1.1551527151999248,0.3441786035552719,0.0014569273072803,-0.8262737494726705,1.9650813777142293,0.9195625139583312,-1.151726818870057,1.0992775402089756,0.3734287374872289,0.3697760054586528,-0.6833020384897842,1.3063198676436063,1.5458706070738673,2.3882575058672084,1.9293151242235105,-0.0794668834391802,-0.2801810324961816,0.8755013561967666,0.0343768467941873,0.2837444835604156,-0.2858309928518947,-0.6987856811190687,0.3978282588174489,-1.4434457964490774,-1.6121908414491544
G18194,0,0,0.1602720430818439,10.18730/JT9T9,FULL,Phaseolus,vulgaris,Phaseolus vulgaris,ESP,AGENCIA SEA DE SALDAÑA - SALDANA - PALENCIA,42.54,-4.74,0.3591811050669926,-0.3784789713030935,0.3859604233784113,-0.5855594882587941,-0.4326108965479714,-0.1541935219154727,-2.0510727740585124,-0.5011213497095944,-0.1328673163992893,2.3004818327827623,1.2802011884990447,1.2367121783114188,-0.6834618765223034,-0.8407667675338554,-1.1383099190106238,-1.802312212600469,0.7730919076560719,0.6071251130757639,-0.5169910887321063,-0.4014008724051984,-0.2676280166174059,-0.6324091610142625,0.1765299646934299,0.3161094038853487,-0.9197760006412448,0.6023232616602759,1.117049756179154,-0.1099513511812154,-1.0901110558948175,0.2062222827571616,-1.388822404349448,-0.7480080154801932,-0.9223527386892306,-1.2571306502189663,0.0789294663793148,-1.346435525771358,-1.1208562891542346,-0.0280802537884692,-0.4349982065930643,-1.2901413643768291,-2.266651828517185,0.134961312487301,-0.1424936779752553,-0.6030055793240586,-0.3187389988692879,-0.345317246383214,-0.3458531229260313,-0.7281366053624546,-0.8337798523850927,-1.8142161644932688,-1.850946624787356,-1.2819516840191596,-0.2193336130395591,0.5117590302446361,-0.6265906267887335,0.4834829319433041,0.7099227729274225
G67,0,0,0.0003718566897678489,10.18730/JZ39U,FULL,Phaseolus,vulgaris,Phaseolus vulgaris,IRN,AHWAZ - KHUZESTAN,31.32,48.77,0.3591811050669926,-1.2181163921151978,0.3859604233784113,-0.5400668788228187,-2.096968840253677,2.3580183007726023,-0.4080699089905674,1.2030197387995336,-1.7433087820152555,1.9727781812005056,0.3085889191485086,-0.2768287559180501,-1.6254808942121433,-1.0721169262334478,-0.7325691230763556,-0.8427162681767036,-0.294667587114274,0.6071251130757639,-1.4874469887424702,-1.150173783374276,-1.6538735978196522,-2.0055559872926523,1.5950619763212064,3.105146163777276,-1.299098997659856,-0.8267065167654283,1.6672002845517695,3.991234047878121,-1.0901110558948175,-1.1698836982734446,1.5436109845231556,3.752921950796887,-1.4142179946260691,-1.2666622529200036,-0.8120047329490826,1.1940765176790564,-1.6251302951078737,-0.0631781340753878,1.148603625365872,-1.3875843813012827,-0.7928607796376405,2.7601897451723576,-0.1132607936231186,-1.159437566726064,-0.6477877528592566,-0.8830696566619857,-1.1401426293273509,-1.1287855512562417,-1.0828993213351026,-0.66129292133339,0.3432776639024499,-0.135576789828824,0.4165269043699381,1.299555972143499,2.267676426149982,-0.0517750268964503,0.1938976790757006
G14443,1,1,0.99955449076223,10.18730/JS0NR,FULL,Phaseolus,vulgaris,Phaseolus vulgaris,ESP,AT FONTANEIRA - FONTANEIRA - LUGO,43.04,-7.2,0.3591811050669926,-0.4208900050571534,-1.80637314900962,-0.4561554795859629,0.0718994320147345,-0.5546910588657457,-1.924425893065949,-1.121199611751838,0.4446781950776192,2.339562743247672,0.7943950538237766,1.7412258230545752,0.7295666500124566,0.7786843433632905,0.2141594007702701,-1.6652270776827882,0.9065618445023652,0.4709794459826528,1.6044706461742704,1.5296450558834755,1.9328686098541208,1.6913777757645514,-1.4999169581393967,-1.6526224266266,-0.3236970053262839,0.2125878675441747,1.3921250203654618,-0.1099513511812154,0.7970644047263937,1.582328263787768,-1.5163550807932595,-1.256177635745107,0.5015554937516511,-0.1419331341976218,0.8536548570996605,-1.0196149054312258,-0.6385072399811887,1.586422239409783,-1.3981907824042088,-1.3521863676736885,-2.1281376383937465,-0.1773423306079523,1.4799314035683313,0.4771271021033633,1.2031114883343168,0.7152500072221413,0.3003485094004657,-0.5087336111825236,-0.6861535004147163,-1.897846770957328,-2.046713847570089,-1.5379159729879,-0.5395797008920011,0.1436138355309123,-1.1506639338259343,1.8751535738804888,1.7419735757809365
G51618,1,1,0.9961895184546208,10.18730/K576F,FULL,Phaseolus,vulgaris,Phaseolus vulgaris,CHN,FUJIAN LIANCHENG - LIANCHENG - FUJIAN,25.69,116.75,0.3591811050669926,-1.2196311407586142,0.3859604233784113,-0.4654361080624677,0.4688432478827268,-0.5182821918702664,-0.1611468243623791,-1.0122225173391792,1.2813331345323618,-0.5186209677063132,0.3085889191485086,0.7321985335682625,-0.6834618765223034,-1.5348172436326322,-1.8145445789010708,-0.8427162681767036,-0.0277277134216875,0.6071251130757639,0.8822709066316742,-0.7560827776010773,0.0351926200529877,0.3182309494861614,-0.4682573133191957,-0.8323174972466213,-1.353287997233943,-0.1771475265719264,0.9795121240860004,-0.1099513511812154,-0.8205145615203591,0.2062222827571616,0.3255107086810173,1.369364863814469,0.7399850923922203,0.5348106575760146,0.6212372398835568,-0.4298511585485988,1.268963999930402,0.047129489683499,-0.8401055907777356,-1.5262406205748835,0.722484522770097,-0.6728013330014443,-0.1863430045034603,-0.5702742859474701,-0.4284219168659441,1.9700056312059413,2.1581782023391445,1.2941866453395183,0.0981114944279076,-0.7623920617847203,-0.3071518407778642,-1.4637150892194335,-1.249877583763068,-0.7815339129583919,0.3101388275218542,-0.4799814960606078,-0.4511339189202276
G18093,0,0,0.00030331601318459446,10.18730/JT8PA,FULL,Phaseolus,vulgaris,Phaseolus vulgaris,MEX,AMATITAN - AMATITAN - JALISCO,20.84,-103.72,0.3591811050669926,0.0739053887402116,0.3859604233784113,-0.6006546462511357,-1.587781706791201,0.2463040150348001,1.595546513044696,1.6218829737183578,-0.7327964896882804,-0.0412504104715209,-1.1488294848772953,-1.790369690147519,-0.2124523676773833,0.5473341846636982,1.0256409926388066,1.076475620670827,0.9065618445023652,-0.6522223075355139,0.5888772624424944,-0.7560827776010773,-0.9472921122554004,-0.2099024452362963,0.8213172427060557,0.8082923615133358,1.3561619814704238,-0.5668829206880276,-0.5334018289386918,-0.1099513511812154,0.527467910351935,-1.1698836982734446,1.082531380102543,1.244339089111721,-0.5872174287119272,0.0201041117200093,-0.7732684634130653,1.5311430661320944,-0.7371695454938573,-0.7099819279343151,2.236444507306487,0.2443152531354384,1.1906624693292267,0.7830498910648993,-0.7271513650179893,-0.7339307528304128,-0.9494157773500612,-1.0921955939926191,-0.9516671532321224,0.2353287169059382,0.762430078294601,0.1889879704970206,0.5291146652396825,0.90294798260502,1.065289898459441,0.8922883140771701,0.2797054366604419,-1.0152394549003625,-0.9671593203469846
G3128,0,0,0.0080142064372698,10.18730/K3QG6,FULL,Phaseolus,vulgaris,Phaseolus vulgaris,GTM,BANANERA - BANANERA - IZABAL,15.46,-88.83,0.3591811050669926,-0.8352624197087761,0.3859604233784113,-0.6024056188302416,0.531980114029624,-0.7003265268476631,0.420475645733986,-0.9275121620742666,1.5215759646057083,-0.4371638776232631,-0.6630233502020273,-0.7813424006612064,-0.4479571220998433,0.2003089466143097,0.3494063327483596,0.1168796762470617,-0.6950773976531537,0.6071251130757639,-0.0881849933786897,-0.2831735706732388,-0.2878160590620988,-0.1042757662918048,-0.5972147689217209,-0.5041955254946299,-0.648831002770808,-0.4369711226493272,0.429361595713385,-0.1099513511812154,0.2578714159774761,0.2062222827571616,1.783960981129921,1.7323431749929945,1.855435452465932,1.2496808601537996,1.5121714392119543,-0.6759974908426387,0.9072022130506174,0.9546603942452496,-0.902429944463494,0.0080090358960702,1.550799459008002,1.3583459661028972,0.9537394852298708,1.2408572808904292,1.6144224308217774,-0.2108791438135211,0.4888239854956941,1.5135896395194497,1.95266754105576,0.4560381838274243,0.6199052613128344,1.0087849020887238,0.9326259715701546,0.7355170040958673,0.8625822446841006,-0.5870329857362047,-0.9671593203469846
G14378,0,0,0.00045333290693944914,10.18730/JRA02,FULL,Phaseolus,vulgaris,Phaseolus vulgaris,MEX,SAN ISIDRO - CEDRAL - SAN LUIS POTOSI,23.87,-100.77,0.3591811050669926,0.055108374964742,0.3859604233784113,-0.4835994663970574,-1.5234756394193614,-0.7731442608386218,1.0858225762139913,1.1459090343766578,-1.698956088027435,0.2852045513469052,-0.1772172155267593,-0.2768287559180501,-1.1544713853672233,-0.3780664501346709,-0.0563344631859086,0.3910499460824232,-0.9620172713457402,0.6071251130757639,-1.442309505021058,-0.9137191799103568,-1.1357138417392008,-1.5830492715146862,2.239849254333832,2.612963206149289,-1.0823429993635068,-1.086530112842829,0.8419744919928466,8.092419446937457,-0.5509180671459002,-1.1698836982734446,0.09006580927248,0.1473382879857059,-1.2674920877703344,-1.3238518691262264,-0.463378307124927,-0.3382920806388199,-0.8742005253725634,-0.6748840476473966,2.4064199068351875,0.0385026847962933,0.4648480859198728,-0.3534533223443715,-0.7417678071940575,-0.930318513089944,-0.9768365068492252,-0.8083818219010451,-0.6420288710756757,-0.6804403022798609,-0.6307936184258253,-0.2092946044127557,0.2109929282177405,0.3973466118105869,0.5832666030038542,0.8089771690960829,0.3967966184492654,0.80463765620098,0.7099227729274225
G50981,1,1,0.9967787557237442,10.18730/PFYA1,FULL,Phaseolus,vulgaris,Phaseolus vulgaris,COL,ILES - NARIÑO,0.98,-77.52,0.3591811050669926,1.9399908739188456,0.3859604233784113,2.976898825926521,1.826870470653487,-1.3647883495151614,-1.3445407276781174,-1.7661092788553845,0.5846939034120002,-0.8886441622898165,1.7660073231743127,2.245739467797732,2.8491094398145966,2.28246037491064,2.7838511083539688,-1.1168865380120652,-0.4281375239605672,0.6071251130757639,1.288508260124385,3.0665999783989504,1.9665153472619423,1.797004454709043,-1.2420020469343465,-0.3401345396186341,-0.7572090019189827,-0.5668829206880276,1.6672002845517695,-0.1099513511812154,2.145046876598688,1.582328263787768,-1.2915378780325528,-2.3612446890871337,-0.0086505005421543,-0.6089816665484414,1.202281282923816,-1.3674471906283567,0.2330097920473828,0.0120316093965804,-0.8684348105241074,1.0779005899025451,-1.1640787755661732,-0.9264012300744104,0.2813831451307267,0.2261871862161844,0.5175932508552155,0.8945008106483985,0.1522606353256435,-0.5087336111825236,-0.5662070894387856,0.0953129569902804,-0.3738261847690851,-1.081781858039111,-1.7993907572371446,-1.4201588722897676,-1.2950935853716197,-0.1588267718029321,0.0648911749314939
G38,0,0,0.001332285403798,10.18730/PQ4F3,FULL,Phaseolus,vulgaris,Phaseolus vulgaris,CAN,ETHELTON - SASKATCHEWAN,52.79,-104.93,0.3591811050669926,-1.0308425229883804,0.3859604233784113,-0.4560036678662801,-0.1473257976619917,-1.1372329307934153,-2.723695334717376,-0.0999492783015483,-0.6156862538525528,4.167935237946119,3.709231861875385,0.7321985335682625,4.026633211926896,1.7040849781616596,1.4313817885730749,0.2539648111647425,-1.2289571450383268,0.6071251130757639,1.220802034542266,1.726690558770075,0.93019583510104,1.3744977389310766,0.6923597871035305,0.4801703897613444,-1.299098997659856,-1.3463537089202298,1.254587388272308,-0.1099513511812154,2.145046876598688,-1.1698836982734446,-3.202892596072327,-1.0827547323718574,-1.1541129779272663,-1.1808778286106694,-0.2696969594448407,-0.4585536676723282,-0.5617698912491133,-0.6097022699716907,-0.398170338023827,-2.1161874570686847,-0.2581960294148631,-4.310081270646695,-0.7271513650179893,-0.9194080819644146,-0.880863953602151,-0.7486315540922928,-0.6016412690552697,-0.4991943505660048,-0.4001274434721123,-2.26796133481263,-2.962067474385733,-1.3196273265527607,-0.2362060825441816,0.6209641797468722,-2.4056544417211216,1.5539988496228132,2.5160113703460363
G52028,1,1,0.9992319153208832,10.18730/PH3G7,FULL,Phaseolus,vulgaris,Phaseolus vulgaris,AZE,"R19, AZERBAIJAN - GANJA - GANCA SAHARI REGION",40.38,46.18,0.3591811050669926,-1.0528144079926454,0.3859604233784113,-0.502993357229837,1.0283060340177324,-0.9005752953227996,-1.6046532278379224,-1.633422255954808,1.244877929190935,0.9726924025140684,1.2802011884990447,1.7412258230545752,1.6715856677022964,1.241384660762475,0.7551471286826278,-1.6652270776827882,1.0400317813486584,0.130615278249875,2.4169453531596914,1.6084632570381152,1.6300479731837272,2.0082578125980257,-0.4682573133191957,-0.996378483122617,0.2181929904145895,-0.4369711226493272,2.217350812924385,-0.1099513511812154,1.3362573934753113,0.2062222827571616,-2.3845581017408266,-1.6756191739599149,-0.7356106754182954,-0.8186769259712584,0.0014569273072803,-0.6447913256342188,-0.6494697183714853,-0.5044086291109351,-0.8769335956975056,-1.672074033212929,-1.0394160517211888,-2.978681854401367,-0.6833020384897842,-0.6357368727006472,-0.7026292118575846,-0.06150347429164,0.1926482373460496,-0.0603883622061427,-0.4185807374684093,-1.4692126182446683,-1.418981991908063,-1.3337197424622755,-0.5657154869873967,0.157968120645897,-0.2185768611721724,0.6975861665253832,0.0648911749314939
G11402,0,0,0.00023668780789624515,10.18730/JQ01W,FULL,Phaseolus,vulgaris,Phaseolus vulgaris,MEX,SAN PABLO - JACONA - MICHOACAN,19.96,-102.32,0.3591811050669926,0.7156764008051566,0.3859604233784113,-0.5287544753031154,-1.0891173843532076,1.0746057391819557,1.2706264205356137,1.0104894238028044,-0.9084618870688438,-0.0343045334418723,-1.1488294848772953,-1.2858560454043628,-0.6834618765223034,-0.0310412120852824,0.3494063327483596,1.213560755588508,-0.1611976502679807,0.6071251130757639,0.6565834880246127,-0.7166736770237575,-1.0818790618866865,0.0013509126526867,1.0792321539111058,0.4801703897613444,-0.2153190061781092,-0.5668829206880276,-0.6709394610318457,-0.1099513511812154,0.2578714159774761,-1.1698836982734446,0.4293353634991759,0.3812576021970819,-0.5221911745372264,-0.0656803125893248,-0.6570596548050135,1.3306367016939378,-0.5672511304442615,-0.7099819279343151,1.3100800995713988,0.1601371516396516,0.559037808105082,0.3580352696904015,-0.7125349228419209,-0.7011994594538242,-0.9357054126004792,-1.0175077592316786,-0.763191677136894,0.3497998443041631,0.6793902553112643,0.2695615835133075,0.565289043362579,0.926243608904422,0.9389117935424648,0.6721892756474056,0.2126488127285166,-0.6940846030272442,-0.580140269276917
G22474,0,0,0.0831261281366739,10.18730/JW3H6,FULL,Phaseolus,vulgaris,Phaseolus vulgaris,MWI,MZUZU - MZUZU - MZIMBA DISTRICT,-11.45,33.92,0.3591811050669926,-0.3211199237053504,0.3859604233784113,-0.5607249376181562,-0.0660663125284851,0.7287215027249015,-0.0027883915374013,-0.3820768033813024,-0.1871824158405032,-0.3772852502437038,-1.634635619552563,-1.790369690147519,-1.6254808942121433,-1.8818424816820207,-2.220285374835339,-0.9798014030943843,-1.36242708188462,0.6071251130757639,-1.464878246881764,-0.7954918781783972,-1.068420366923558,-1.4774225925701947,-0.726172224524246,-0.8323174972466213,-1.1365319989375942,3.720206414589085,-3.009079206615461,-0.1099513511812154,-2.9772865165160294,0.2062222827571616,0.1472919900305305,-0.1067465606093077,-0.078678774268755,0.0963569333283064,-0.6570596548050135,0.721719425948659,0.8852772562700245,-0.7099819279343151,-0.0185590286376699,-0.2334737386426933,0.3429556829884808,-0.1867349326587594,1.991506879730724,-0.973960237592062,-0.0582420686272295,0.8945008106483985,-0.749729143130092,-1.004775163241498,-0.9444996163628748,0.0014195868086994,2.280025496541052,-0.4148367050969664,-0.4998797726458306,-0.678520808015561,1.9648899780881344,-0.1588267718029321,1.7419735757809365
G689,1,1,0.9779982438028668,10.18730/JZN5G,FULL,Phaseolus,vulgaris,Phaseolus vulgaris,TUR,KARAKOSE - KARAKOSE - AGRI,39.73,43.05,0.3591811050669926,-0.8405287331716219,0.3859604233784113,-0.5997551235530516,-0.2852915422052114,1.0199924386887365,-0.7270506938105263,-0.0304000186625265,0.0852464222146277,0.9421329809612998,-0.1772172155267593,-0.2768287559180501,-0.9189666309447634,0.7786843433632905,0.484653264726449,-0.7056311332590228,-0.828547334499447,0.6071251130757639,-0.6749722817570493,-0.3225826712505587,-0.5031551784721564,-0.526782482069771,1.5950619763212064,1.300475319141323,-0.7572090019189827,-0.5668829206880276,1.254587388272308,-0.1099513511812154,-0.0117250783969826,-1.1698836982734446,-2.216149593566977,-0.5423204494059105,-0.9790422936107646,-1.1808778286106694,-0.0760156117647542,-1.1391463609698622,-1.2633685082280892,-0.2637374500006366,0.1655807477441123,-1.80356870300116,-1.1613085008866824,0.2594130489284729,-0.4786718480248273,-0.6575577349517062,-0.4695530111146903,-0.1511288760047686,-0.197765248851209,-0.6518225204303046,-0.8430064993832411,-1.4794753819621902,-0.7667792333981953,-0.9868737508933983,0.0062943124928431,0.9649041093647396,1.45164889491686,-1.0152394549003625,-0.580140269276917
G24313,1,1,0.9986901815058374,10.18730/JY51Y,FULL,Phaseolus,vulgaris,Phaseolus vulgaris,CHN,JIUJIANG - JIUJIANG - JIANGXI,29.73,116.0,0.3591811050669926,-1.688979914303543,0.3859604233784113,-0.5113613014476649,0.4974886778938191,-0.8095531278341012,-0.200828393815758,-1.069872093109525,1.3185427220807484,-0.5344909128975562,-0.6630233502020273,0.7321985335682625,-0.9189666309447634,-1.30346708493304,-1.8145445789010708,-0.4314608634236613,0.1057422234246057,0.6071251130757639,1.9655705159455688,-0.5984463752917978,-1.0213149345526078,0.9519910231531106,-0.3392998577166706,-0.8323174972466213,-0.81139800149307,-2.385648093229833,3.042576605483308,-0.1099513511812154,-0.2813215727714414,0.2062222827571616,-0.0350143174149296,1.6718468026174262,0.4832147553946842,0.1916729603386777,0.8149185875636432,-0.7011063377182181,0.9674958441972482,0.002003643600318,-1.3471981703551497,-2.022567267835877,0.5728891748976593,-1.236356661074352,-0.2740416575598704,-0.3520656634368798,-0.1816353513734677,1.611504024353427,1.4985140360058458,0.9507732631448438,0.2088312584056898,-0.9790018832268792,-0.7458548382094611,-1.1933707840164944,-0.9610606057721778,-0.374547711462945,-0.1334665307970364,-0.4799814960606078,0.0648911749314939
G20242,1,1,0.9984754233755117,10.18730/JN7P1,FULL,Phaseolus,vulgaris,Phaseolus vulgaris,MKD,RAVEN - GOSTIVAR - GOSTIVAR,41.78,20.86,0.3591811050669926,-0.6753562075815126,0.3859604233784113,-0.5855203657542869,0.05143841057824,-0.1906023889109521,-1.6159826378201236,-0.4519500399099498,0.1751166275267964,1.5959853675574769,0.7943950538237766,0.7321985335682625,0.2585571411675366,0.3159840259641059,0.484653264726449,-0.8427162681767036,-0.1611976502679807,0.6071251130757639,0.0020899740641348,-0.2831735706732388,0.9705719199904256,0.2126042705416698,0.0475725090909048,-0.3401345396186341,-0.648831002770808,-0.5668829206880276,1.6672002845517695,-0.1099513511812154,0.2578714159774761,0.2062222827571616,-1.4092603555116725,-0.4656917264485469,-0.5638746708030602,-0.9902457745899268,0.7374460484916087,-1.5691564738940702,-0.88516300376286,0.1925349937293043,-0.3471777409606609,-1.539006702973969,-1.9646908824482825,0.304027835890358,-0.0109456983906401,-0.4066178190645274,0.1748341321156649,-0.1660664429569568,-0.2381528508716151,-0.6518225204303046,-0.6677002064184193,-1.744342028544185,-1.686388669404768,-1.346374156748371,-0.3821033188488582,0.4475869320835283,-0.3361838631450876,-1.0152394549003625,-0.9671593203469846
G7884,0,0,0.00018699207316752936,10.18730/K2DV5,FULL,Phaseolus,vulgaris,Phaseolus vulgaris,MEX,SAN MIGUEL ALLENDE - SAN MIGUEL ALLENDE - GUANAJUATO,20.96,-100.75,0.3591811050669926,0.8825424323176198,0.3859604233784113,-0.5169528419174408,-1.111332207627116,0.7469259362226413,0.9231755258521684,0.6699350950349579,-1.4354580792105334,-0.048196221260377,-1.1488294848772953,-1.2858560454043628,-0.6834618765223034,-0.2623913707848747,0.2141594007702701,1.4877310254238694,0.7730919076560719,-0.2097488894829027,-1.4197407631603518,-0.8349009787557171,-1.0818790618866865,-1.5830492715146862,1.208189609513631,0.9723533473893315,0.4891379882850262,-0.3070593246106268,-1.2210899894044611,-0.1099513511812154,-0.0117250783969826,-1.1698836982734446,-0.0848828250880626,-0.2237061984837154,-0.9556995357018976,-0.7519557070639984,-0.5795871157329789,0.7229508743773502,-0.8029444158356362,-0.7250238766287087,1.0976111405913778,0.0259951568851025,0.1989008448457931,-0.3393644528586753,-0.800233575898331,-0.8321246329601785,-1.0042572363483893,-0.8531945227576094,-0.6420288710756757,-0.2511735745365175,0.0150716714445709,0.3101759250337124,0.722399332661041,1.0254657209203946,1.138073100244087,0.8255831067781239,0.527299125024474,-0.1588267718029321,0.1938976790757006
G50474C,0,0,0.0057224478538791,10.18730/S4CN7,FULL,Phaseolus,vulgaris,Phaseolus vulgaris,PER,"1 KM SE DE SAN SALVADOR, SAN SALVADOR - CALCA - CUZCO",-13.5,-71.79,0.3591811050669926,2.448923278967564,-1.80637314900962,0.6027619376400165,0.6904068800093381,0.1188729805506224,-0.39275869385997,0.3815417775443518,-0.8791843499233977,-0.5205140707750836,0.7943950538237766,0.7321985335682625,0.2585571411675366,0.3159840259641059,0.3494063327483596,-0.9798014030943843,2.5082010866578845,-2.898625814571848,-0.5846973143142247,0.07150833452264,-0.3080041015067917,-0.6324091610142625,-0.3392998577166706,0.152048418009353,1.1935949827481618,0.2125878675441747,0.7044368598996927,-0.1099513511812154,-0.0117250783969826,0.2062222827571616,-1.5637710790322523,-2.4620719956110246,-0.6922598393018282,-0.5136656395380701,-0.6570596548050135,0.5997932307221449,-0.4740700641267412,-0.7801776885081522,0.8228178768935912,0.504670502604547,-1.2887416182988447,-1.3349788510449767,1.114520349166623,-0.8321246329601785,-0.2501871751213779,-0.3901299472397783,-1.0593674252865384,-1.0906285087901668,-1.0275394393462116,0.372189220688524,0.7528992985293653,-0.4364067294482648,-0.7916742452551837,-1.1153414060245057,-0.3346364025928124,-0.5870329857362047,0.1938976790757006
G7854,1,1,0.9717422190366216,10.18730/K2D0F,FULL,Phaseolus,vulgaris,Phaseolus vulgaris,ECU,"BAÑOS, EL TOPO - AMBATO - TUNGURAHUA",-1.42,-78.17,0.3591811050669926,0.8090299738105826,0.3859604233784113,0.9950077723311002,1.8976071447625107,-1.4194016500083804,-0.0930221252031739,-2.789779480765997,2.2827926284188536,-0.8539149096231585,0.7943950538237766,0.2276848888251061,2.1425951765472164,2.166785295560844,2.242863380441611,-0.2943757285059805,-0.9620172713457402,-0.3118581398027361,0.5663085205817883,3.22423638070823,2.5788859680842937,2.113884491542517,-1.4999169581393967,-0.996378483122617,0.2723819899886768,0.4724114636215755,-0.1207889326592303,-0.1099513511812154,1.3362573934753113,1.582328263787768,0.3009851759111691,-0.4132614909013181,3.5044345647423163,1.9645510627315843,7.090194252398443,-1.6109373974686052,1.910268985762747,4.013189962105294,-1.0724050197903112,0.7665087660818701,0.0908598087069797,0.3228130623856472,1.991506879730724,1.2299468497648998,1.7378157135680157,3.2994490899506825,3.3159561269241187,2.72507573781733,1.6666414841131556,-0.1977217006461887,-0.5107213804106343,-1.3630549755800414,-1.9317238513910464,-1.8645787977125272,-0.9912754969415888,-0.5870329857362047,-0.3221277223510561
G14691,0,0,0.1159007136244302,10.18730/JJDF0,FULL,Phaseolus,vulgaris,Phaseolus vulgaris,ESP,N PONFERRADA - PONFERRADA - LEON,42.55,-6.58,0.3591811050669926,-1.1561540270758288,0.3859604233784113,-0.5912554989317098,-0.5910376625276856,-0.0085580539335553,-2.1065254360512684,-0.3970782024751436,-0.2587538242873066,2.485612326545459,0.7943950538237766,0.7321985335682625,-0.4479571220998433,-0.6094166088342632,-0.7325691230763556,-1.3910568078474268,0.6396219708097787,0.6071251130757639,-0.4492848631499879,-0.4408099729825183,-0.1868758468386342,-0.526782482069771,0.5634023315010054,0.9723533473893315,-0.5946420031967207,-0.047235728533226,1.3921250203654618,-0.1099513511812154,-0.5509180671459002,-1.1698836982734446,-0.9637136007913708,-0.1874083904433977,-0.2904309352991906,-0.6852344881567385,0.1951382749873667,-0.921505336836596,-1.0660438972027522,0.6939332835424263,-0.4180006451111662,-1.3166177588570076,-1.5463780221247103,0.4660500029284339,0.5152462199478204,0.0734411504587712,0.6135658041022897,0.0131843604693004,-0.2381528508716151,-0.7185973447459358,-0.8430064993832411,-1.834741691928312,-1.8853477490806985,-1.3498253606445785,-0.3364484013657621,0.3845406602059487,-0.7019003736661265,-0.5870329857362047,-0.1931213719943667
G3245,0,0,0.0015747945750903,10.18730/K1RGS,FULL,Phaseolus,vulgaris,Phaseolus vulgaris,GTM,GUALAN - GUALAN - ZACAPA,15.14,-89.37,0.3591811050669926,0.2383441048763489,0.3859604233784113,-0.6123102636432204,-0.4717791375835465,-0.9369841623182787,1.0679623156458773,0.1794158738234151,-0.0886901053378348,-0.506622382956579,-0.1772172155267593,0.2276848888251061,0.4940618955899966,0.0846338672645136,0.0789124687921807,0.5281350810001041,-0.5616074608068605,-0.6181858907622361,1.220802034542266,-0.4408099729825183,0.1563208747211451,0.8463643442086191,0.4344448758984802,0.152048418009353,0.5433269878591136,-0.4369711226493272,0.0167486994339235,-0.1099513511812154,0.527467910351935,-1.1698836982734446,1.7553478868526724,1.6194165670701983,0.5882571659845853,0.5348106575760146,0.1564020054513494,0.2128130429832643,0.567365382951426,-0.1083039801585687,-0.8089436300694446,0.2772547885533452,1.5203262724118238,1.2245015604298886,-0.507904732376964,0.1934558928395959,-0.0582420686272295,-0.5245680498094712,0.3138110434072678,1.246490342256925,1.2606690161946208,0.615875269810953,0.7124691112155399,1.0599777598824718,1.1119373141486912,0.7135633915670673,0.9188066447500997,-0.5870329857362047,-1.2251718672728455
G3341,0,0,0.00030803615263961224,10.18730/K1V4=,FULL,Phaseolus,vulgaris,Phaseolus vulgaris,MEX,TOCHIMILCO - TOCHIMILCO - PUEBLA,18.9,-98.57,0.3591811050669926,-0.2371088587895606,0.3859604233784113,-0.3483483582277578,-0.6962657727725142,1.047299088935346,0.847251402188323,1.132868542398115,-0.6156862538525528,-0.4580014424714164,-1.1488294848772953,-0.7813424006612064,-0.4479571220998433,0.0846338672645136,0.2141594007702701,1.076475620670827,0.5061520339634855,-0.4480038068958472,0.7694271973281435,-0.3619917718278785,1.0715121322138903,0.6351109863196359,0.0475725090909048,-0.6682565113706256,0.5433269878591136,-0.5668829206880276,-0.395864196845538,-0.1099513511812154,0.527467910351935,0.2062222827571616,-0.0693499939043184,-0.4455261920649093,-0.3104390135067909,-0.084743517991399,-0.6183233852689962,0.918168947146906,-0.0410521677100296,-0.7551077740174961,1.321411711822842,0.5648730338200695,-0.0975194771465199,-0.2618756258999955,-0.8294664602504677,-0.4829908369432339,-0.880863953602151,-0.7635691210444808,-0.1169900448103969,0.645516923416244,0.4394974333594028,0.377866494234387,0.3993124849163483,0.7556966163668233,0.486663444271506,0.2353686776384612,-0.2809911034472721,-0.4799814960606078,-0.3221277223510561
G2470,0,0,0.000253488716635244,10.18730/K1420,FULL,Phaseolus,vulgaris,Phaseolus vulgaris,MEX,TLAPEHUALA - TLAPEHUALA - GUERRERO,18.22,-100.52,0.3591811050669926,-1.245660468795775,0.3859604233784113,-0.6172783138213939,-1.8134375432051115,0.8379481037113397,2.1336303069059994,1.73824331540324,-0.93773942421429,-0.1871132319270088,-1.634635619552563,-1.790369690147519,-1.1544713853672233,-0.0310412120852824,0.3494063327483596,0.3910499460824232,0.2392121602708989,0.0625424447033194,1.19823329268156,-0.9925373810649966,-1.0616910194419935,0.3182309494861614,0.9502746983085808,1.300475319141323,-0.1069410070299345,-0.3070593246106268,-0.1207889326592303,-0.1099513511812154,-0.0117250783969826,-1.1698836982734446,2.169011465929448,2.5026636652935883,-0.1987272435143563,0.1821413576376406,-0.734532193877048,1.497452387369275,-0.3863702370043693,-0.7551077740174961,0.8568129888818091,0.2543635668222833,1.5840428344203388,1.7904049886297273,-0.8294664602504677,-0.2429613521815846,-1.0042572363483893,-1.062320460088243,-0.8439668811777061,0.7504487901979502,0.9192830772631256,0.401012301767521,0.6096203891014227,0.8577947316296354,0.3860902927145408,-0.0722633543356213,0.223481036594443,-1.1222909445759592,-1.2251718672728455
G41,1,1,0.99539737612392,10.18730/PQ4C0,FULL,Phaseolus,vulgaris,Phaseolus vulgaris,CAN,GOULDTOWN - SASKATCHEWAN,46.1,-85.7,0.3591811050669926,-1.1026582109127316,0.3859604233784113,-0.288202534471808,0.4507206288961174,-0.2179090391575616,-2.389583534227832,-0.8798645638339961,0.5846939034120002,2.6815231178278887,2.7376195925248488,1.7412258230545752,1.6715856677022964,0.2003089466143097,-0.7325691230763556,-2.7619081570242345,-1.36242708188462,0.6071251130757639,2.304101643856161,1.4902359553061555,2.2155012040798217,2.430764528375992,-1.1130445913318214,-1.3245004548746084,-0.2153190061781092,3.5902946165503846,-0.9460147252181532,-0.1099513511812154,-1.3597075502692766,0.2062222827571616,-2.40417852318138,-0.9456296370389256,-0.5221911745372264,-0.9902457745899268,0.4662921617394877,-1.5125987051709855,-0.3260766058577385,-0.1784997407324058,-0.3726740255616956,-1.8120554311802783,-0.8565773218315427,-3.314466889255651,-0.2448087732077337,-0.3629760945624093,-0.2090560808726318,-0.2407542777178972,-0.224690316864813,-0.3656447019347424,-0.4278073844665578,-2.110962885602033,-2.8475152769965613,-1.5080055392207663,-0.609716240793569,0.2063786508376099,-2.106994555132008,2.838618001884401,3.032036771772793
G7802,0,0,0.0004476898175186599,10.18730/K2BWG,FULL,Phaseolus,vulgaris,Phaseolus vulgaris,MEX,TEHUACAN - TEHUACAN - PUEBLA,18.42,-97.44,0.3591811050669926,0.6620050567965085,0.3859604233784113,-0.5434405687628837,-1.104901600889932,1.1110146061774349,0.6060644511986134,0.6468633082057008,-1.4354580792105334,-0.2913009899269826,-0.6630233502020273,-0.7813424006612064,-0.4479571220998433,-0.0310412120852824,0.3494063327483596,0.6652202159177848,2.775140960350471,-2.456152396519236,0.9048396484923804,-0.4802190735598382,-0.7319529928453428,-0.1042757662918048,0.6923597871035305,-0.3401345396186341,2.2773749742299088,0.6023232616602759,-1.358627621497615,-0.1099513511812154,-0.0117250783969826,-1.1698836982734446,0.1996130579974521,-0.0301177607268281,-0.9123486995854304,-0.790082117868147,-0.5795871157329789,0.4147081238084901,-0.5069574992976308,-0.7500937911193648,0.1910769327206105,0.1283901937362115,0.2764688264858603,-0.1632534163349033,-0.8148500180743993,-0.6793785972027653,-0.921995047850897,-0.7038188532357285,-0.3593156569328333,-0.0317705803565865,-0.3816741494758153,0.1553610425715241,0.0932488739353717,0.370599781614977,0.0330917640590082,0.0687463876762865,-0.6724986231728977,-0.3729298787695683,-0.3221277223510561
G915,0,0,0.0003596382711757166,10.18730/JZVYB,FULL,Phaseolus,vulgaris,Phaseolus vulgaris,MEX,CIUDAD GUZMÁN - CIUDAD GUZMAN - JALISCO,19.69,-103.49,0.3591811050669926,0.6111118162916366,0.3859604233784113,-0.4581819571804105,-0.7722638523937794,1.0017880051909966,0.7754368078088852,0.6403432535438155,-1.2305151446845242,-0.270463491319622,-1.1488294848772953,-0.7813424006612064,-1.1544713853672233,-0.6094166088342632,-0.3268283271420874,0.5281350810001041,-0.6950773976531537,0.6071251130757639,1.0402520996566171,-0.7560827776010773,-1.0011268921079148,0.4238576284306529,0.3054874202959551,-0.1760735537426384,-0.5946420031967207,0.0826760695054743,-0.5334018289386918,-0.1099513511812154,-0.2813215727714414,-1.1698836982734446,0.5159921040572589,0.3973897989286459,-0.1670477863523226,0.0963569333283064,-0.5795871157329789,0.9651392598754258,0.6221777749029085,-0.5395065093978536,1.7180203560028666,0.221728592377822,0.6033622558158922,0.3040278582840344,-0.4786718480248273,-0.2102300588049961,-0.7711810356054948,-1.0175077592316786,-0.8035792791573001,0.5215065354015004,0.8362432542797891,0.3007865880155543,0.4776903041826239,0.9446500296841966,0.8882943850285975,0.5666430615666362,0.0429439721623363,-0.8011362203182835,-0.9671593203469846
G20863,0,0,0.2063327791483934,10.18730/PF1D1,FULL,Phaseolus,vulgaris,Phaseolus vulgaris,RWA,NKOMANGWA - MUHAZI - KIBUNGO,-1.86,30.41,0.3591811050669926,0.2626261860890507,0.3859604233784113,0.0518520045279796,1.0505208572916405,-1.210050664784374,-0.3473716958953882,-0.2116356486925684,-0.4779863485687456,-0.7721891367067298,-0.6630233502020273,-1.2858560454043628,-0.4479571220998433,-1.30346708493304,-1.4088037829668023,0.9393904857531464,-1.0954872081920335,0.6071251130757639,-0.9232284422248168,-0.5196281741371581,-0.4224030086933848,-0.738035839958754,-1.1130445913318214,-0.6682565113706256,-0.9197760006412448,0.7322350596989763,-1.6337028856839226,-0.1099513511812154,-0.8205145615203591,1.582328263787768,0.4726637259817684,-0.1753090698132156,-0.292098275149824,-0.3325651882183645,-0.463378307124927,-0.434869401415571,-0.6494697183714853,-0.2436815184081117,-1.0157466883648625,1.0800825105128082,0.2958607558471618,0.4143907924205379,-0.0986443514470502,-0.2211404899305256,0.4490414271073054,1.3276902522618534,0.1926482373460496,-0.9952359026249792,-0.999859498351766,0.2453239926059692,-0.0276870372401937,-0.4398579333444725,-0.9752864133937222,-1.0869142923654185,-0.0720839288901201,-0.265878261478529,-0.1931213719943667
G24371,0,0,0.003515131254142,10.18730/JY6SC,FULL,Phaseolus,vulgaris,Phaseolus vulgaris,MEX,TERRERO - TECALITLAN - JALISCO,19.4,-103.37,-2.9470184280009937,-0.0391907012706146,0.3859604233784113,-0.5070087020705002,-0.6050680772269961,1.4751032761322285,1.1569644119147962,1.336499044682966,-0.5571310923077175,-0.3468678074417939,-1.1488294848772953,-0.7813424006612064,-0.2124523676773833,0.3159840259641059,0.484653264726449,0.6652202159177848,1.974321339272712,-3.647426983583959,1.333645743845797,-0.4408099729825183,-0.0119128123179624,0.5294843073751444,-0.2103424021141454,-0.8323174972466213,3.4695329648598303,-0.1771475265719264,-0.395864196845538,-0.1099513511812154,0.527467910351935,0.2062222827571616,0.8094807744898208,0.6232431301619135,-0.2787595563447572,0.0963569333283064,-0.7732684634130653,1.275702277969691,0.501590512609647,-0.6448001502586093,0.68400492944166,0.4178604542663219,0.8305255853283987,0.4989241213030956,-0.5956033854333741,-0.2756926455581732,-0.867153588852569,-1.0921955939926191,-0.9247420852185184,0.426113929236313,0.8085633132853435,0.339654076137232,0.4369054661028878,0.9711092595551226,0.845947794899349,0.5781827809728004,-0.0462929196855334,-0.9081878376093228,-1.0961655169161562
G13675,0,0,0.0002157049824157549,10.18730/JRAHK,FULL,Phaseolus,vulgaris,Phaseolus vulgaris,MEX,"34 KM AL NE DE SAN LUIS, AHUALULCO - AHUALULCO - SAN LUIS POTOSI",22.4,-101.15,0.3591811050669926,0.9362630750727622,0.3859604233784113,-0.5277996324272893,-1.0990555947652192,-0.1815001721620822,1.060302444968598,1.2381946510745976,-1.757511336826214,-0.0551420982900256,-0.1772172155267593,-0.7813424006612064,-0.6834618765223034,-0.2623913707848747,0.2141594007702701,1.213560755588508,0.1057422234246057,0.4029066124360972,-1.4197407631603518,-0.8349009787557171,-1.0886084093682509,-1.5830492715146862,1.981934343128782,1.7926582767693102,-0.3236970053262839,-0.8267065167654283,-0.2583265647523842,-0.1099513511812154,-0.0117250783969826,-1.1698836982734446,-0.0153938896397622,-0.1228789111911028,-1.1924617944918334,-1.209472636713781,-0.5408508461969617,0.1362241158641602,-0.6494697183714853,-0.7099819279343151,1.2930826406690012,0.0491409974412948,0.329104210517958,-0.3299718620047061,-0.7710006915461942,-0.886676788587826,-1.0042572363483893,-0.8531945227576094,-0.6554914050824778,-0.4514980474834111,-0.4647139724591519,0.0758792129294415,0.4819461133735529,0.7395909981845205,0.980596718200944,0.8754009198242471,0.355015183537835,0.1623282076856287,0.3229038756448727
G5908,0,0,0.0099540066769361,10.18730/JGC5K,FULL,Phaseolus,vulgaris,Phaseolus vulgaris,GTM,CAHABON - CAHABON - ALTA VERAPAZ,15.61,-89.81,0.3591811050669926,-0.7686871995613608,0.3859604233784113,-0.5930861621302171,0.3490001223261165,-0.982495246062628,0.400074865952317,-1.0197979700995925,1.7557965235311073,-0.506622382956579,-0.6630233502020273,-0.7813424006612064,0.0230523867450766,0.3159840259641059,0.3494063327483596,0.5281350810001041,-0.6950773976531537,0.3688701956628195,-0.1784599608215142,-0.3225826712505587,0.1294034847948879,0.0013509126526867,-0.4682573133191957,-0.6682565113706256,0.1098149912664148,0.0826760695054743,-0.5334018289386918,-0.1099513511812154,0.2578714159774761,0.2062222827571616,1.6147349601673144,1.4984238223190616,3.84457189427152,4.023377246155606,2.674259525292473,-0.2036463716262917,2.49676157964361,0.9697023429396434,-0.9279261530797108,0.0515889014958333,1.4178258516807043,1.2104126237631647,1.1583696756948276,2.681034189460325,2.0805748323075663,0.4613113690349434,1.552364172033054,3.0971069018615607,4.637621817516979,0.6160936264857938,0.7450969816793289,1.1847963007953182,1.219788785884121,0.8131990176593136,1.018359940279804,-0.5870329857362047,-1.0961655169161562
G2879,0,0,0.00043314694094594505,10.18730/K1F1J,FULL,Phaseolus,vulgaris,Phaseolus vulgaris,MEX,TONICHI - ONAVAS - SONORA,28.58,-109.57,0.3591811050669926,-1.0287814888653448,0.3859604233784113,-0.5902917562285781,-2.1150914592402867,-1.0735174135513266,2.194534351894513,0.708554527909585,-1.4647356163559797,0.9867354817097128,-1.1488294848772953,-1.790369690147519,-0.6834618765223034,0.0846338672645136,0.484653264726449,1.3506458905061889,2.641671023504178,-2.285970312652847,0.2954836182533146,-0.9137191799103568,-1.2030073165548438,-0.738035839958754,1.981934343128782,1.4645363050173188,2.060618975933559,-0.4369711226493272,-0.9460147252181532,-0.1099513511812154,-0.0117250783969826,-1.1698836982734446,1.445508974288729,2.595424892682979,-0.8639958439170634,-0.3516283936204388,-0.6183233852689962,1.1936173847532183,0.2823409448037171,-0.4141569369445732,2.893681975854811,-0.4151098771116228,2.1408699670154405,1.0178646064299277,-0.4932882902008956,-0.8975872197133555,-0.8260224946038229,-1.0324453261838666,-1.1132175613137465,-0.8139899509111233,0.4025908453668087,-0.3662930536233528,0.5042891116259302,0.4289826475258244,1.2813236746656853,1.5475192110905869,1.1081126523117657,-0.4799814960606078,-0.3221277223510561
G22624,1,1,0.998288379716758,10.18730/JW7KS,FULL,Phaseolus,vulgaris,Phaseolus vulgaris,COD,"17 KM SE RUTSHURU, NORD-KIVU, DJOMBA/RUGAMBA - BWISHA - KIVU DEL NORTE",-1.25,29.5,0.3591811050669926,0.5969748050402833,0.3859604233784113,0.2680857872668914,1.3790664015004943,-1.1281307140445456,-0.7074198876624131,-1.4073960559719436,1.6328841785675323,-0.92517890412138,-1.1488294848772953,-0.7813424006612064,0.7295666500124566,0.6630092640134944,0.7551471286826278,1.898986430176912,-1.0954872081920335,0.6071251130757639,-0.4492848631499879,0.5838266420277984,0.3447426042049455,0.3182309494861614,-1.3709595025368717,-0.6682565113706256,-0.973965000215332,-1.4762655069589303,-0.395864196845538,-0.1099513511812154,1.3362573934753113,1.582328263787768,0.28381731622624,-0.4253608115315028,0.4598719974858173,-0.2753755720121417,0.9698636657077124,-1.199077759072424,0.6166965357077603,0.2326468569143541,-0.3330131868096747,1.3316296078950602,0.1213329424641855,0.252368602988786,0.2521502607785901,0.4880375332288927,1.1619803940855706,1.417315653974982,0.4080487814548819,-0.5945869567311922,-0.6584735594202709,0.1066675040820065,-0.3727622324713528,-0.7102022385474117,-1.3865115034769715,-1.3762516472321673,-0.3820918595292518,-0.265878261478529,-0.3221277223510561
G19111,0,0,0.0002551877300504098,10.18730/JMHNU,FULL,Phaseolus,vulgaris,Phaseolus vulgaris,MEX,SAHUAYO - SAHUAYO - MICHOACAN,20.07,-102.73,0.3591811050669926,0.6676598612970498,0.3859604233784113,-0.5679533481357942,-1.3311420379163137,0.3464283992723683,0.7902707945920892,0.6849814633288713,-0.9962946730130688,-0.1037630387751882,-1.634635619552563,-1.790369690147519,-0.6834618765223034,-0.0310412120852824,0.3494063327483596,1.3506458905061889,0.2392121602708989,-0.5841494739889583,0.3857585856961391,-0.7954918781783972,-1.0011268921079148,-0.2099024452362963,0.4344448758984802,0.152048418009353,0.8684609853036377,-0.5668829206880276,-0.8084770931249995,-0.1099513511812154,0.2578714159774761,-1.1698836982734446,0.5519628558265279,0.4901509109303625,-0.5455339324460934,-0.008490696383102,-0.6570596548050135,1.2871297964130577,-0.5014762601024825,-0.7099819279343151,1.1117757234477406,0.1685216011217229,0.6449165411300305,0.4331759069474467,-0.7417678071940575,-0.6466473038261766,-0.880863953602151,-1.0175077592316786,-0.8170418131641021,0.5024280141684629,0.7347501373001554,0.2645393799919672,0.5461379020033985,0.9055363855271756,0.9319643060993852,0.6975203670267903,0.1786046805784622,-0.8011362203182835,-0.709146619633606
G314,1,1,0.9942110349008746,10.18730/JZAH9,FULL,Phaseolus,vulgaris,Phaseolus vulgaris,TUR,YARISALAN - BALIKESIR,39.93,27.79,0.3591811050669926,-0.8052444911936341,0.3859604233784113,-0.5997859178883387,-0.4051346677618218,0.8652547539579492,-0.7157747331987289,-0.0275692124499069,0.1132948996604693,0.9209555441805708,0.3085889191485086,0.2276848888251061,-0.4479571220998433,-0.2623913707848747,-0.3268283271420874,-0.8427162681767036,-0.0277277134216875,0.6071251130757639,-0.1558912189608081,-0.3619917718278785,0.0351926200529877,-0.2099024452362963,0.4344448758984802,0.152048418009353,-0.2153190061781092,0.3424996655828751,0.429361595713385,-0.1099513511812154,-0.5509180671459002,-1.1698836982734446,-0.877056788786139,0.082808770270853,-0.6889251596005616,-0.7710189124660727,-0.3084332289808579,-0.4946695427939691,-1.3181809001795717,0.593653625579802,-0.2820205190384174,-1.3802244120257563,-1.914825769793239,0.623375880137944,0.4713968934196153,-0.6030055793240586,0.0514408493694266,-0.1511288760047686,-0.6016412690552697,-0.8712255146102357,-0.962952910359172,-1.5831948025116112,-1.0036859450265758,-1.1019138807669897,0.019858454643618,1.1208310496333962,1.1050177312072151,0.5905344216189015,0.5809165763582509
G7932,0,0,0.0004210446196975078,10.18730/K2EJW,FULL,Phaseolus,vulgaris,Phaseolus vulgaris,SLV,NAHUIZALCO - NAHUIZALCO - SONSONATE,13.79,-89.75,0.3591811050669926,-0.4994454096352537,0.3859604233784113,-0.3757646745078615,0.7219753130827867,0.2098951480393207,0.9106211647474798,1.5285940362079604,0.9653022353185728,-0.7427813077139324,-0.6630233502020273,-0.7813424006612064,0.0230523867450766,0.431659105313902,-0.0563344631859086,0.6652202159177848,-0.1611976502679807,0.5390522795292084,0.0472274577855471,-0.4408099729825183,0.0957567473870664,0.0013509126526867,-0.726172224524246,-0.8323174972466213,-0.0527520074558472,-0.3070593246106268,-0.2583265647523842,-0.1099513511812154,0.527467910351935,0.2062222827571616,1.237859613975489,0.8813609317834241,1.156820055050558,1.5451605438859508,-0.6957959243410308,0.7772373316199861,-0.2767454531014043,-0.6247442186660844,-0.5511479113901835,0.7312844441721574,0.9718100232990352,0.860538706826741,-0.9171651133068778,1.1972155563883111,-0.5792359291113465,-0.2258167107657092,1.1754132198425973,1.9333171066462744,1.6943214251076013,1.1766152108023484,0.8472364022616247,1.6438064189909467,1.6746837970381578,0.8616095478510265,0.7924306996476248,0.80463765620098,-0.4511339189202276
G139,0,0,0.0026688088120332,10.18730/JZ51J,FULL,Phaseolus,vulgaris,Phaseolus vulgaris,IND,COIMBATORE - TAMIL NADU,11.0,76.93,0.3591811050669926,-1.0322611280570286,0.3859604233784113,-0.6077567929853877,0.1742045391972068,0.5648816012452444,0.5663212953005378,0.1704226049209375,0.9522881437764276,-0.7625650857945125,-1.1488294848772953,-1.2858560454043628,-0.9189666309447634,-0.3780664501346709,0.0789124687921807,0.3910499460824232,-0.4281375239605672,0.6071251130757639,0.1826399089497839,-0.8349009787557171,-1.1424431892207652,-0.3155291241807879,0.4344448758984802,-0.1760735537426384,-0.8655870010671574,0.0826760695054743,-0.5334018289386918,-0.1099513511812154,-0.2813215727714414,-1.1698836982734446,1.734909946776023,1.877534407154267,-0.2487474390333568,-0.0942751206924362,-0.5021145766609444,-0.1034385085438362,-0.6494697183714853,0.0270735580909741,-0.7494522064633706,-0.0806990740671793,1.2488385216079936,1.388871816398057,-0.8733157867786727,0.8371713292458373,0.5998554393527077,-0.1810040099091449,0.1522606353256435,-0.2988698776191112,0.1996046114075413,1.3537024740983072,0.602172723017297,1.977422795624361,1.1946454979948795,0.5061298988269951,1.095732967893564,-0.9081878376093228,-0.709146619633606
G20936B,1,1,0.9669264158008488,10.18730/S473E,FULL,Phaseolus,vulgaris,Phaseolus vulgaris,RWA,BUSANZA - KANOMBE - KIGALI,-2.01,30.14,0.3591811050669926,0.2615068542981217,0.3859604233784113,-0.0875710891794707,0.9955683997193412,-0.7913486943363615,-0.3951337527520268,-0.7555347977607348,0.2701974044236009,-0.8116793651138055,-0.1772172155267593,-0.7813424006612064,-0.4479571220998433,-1.1877920055832438,-1.1383099190106238,0.6652202159177848,-1.2289571450383268,0.6071251130757639,-0.9909346678069352,-0.4014008724051984,-0.4829671360274635,-0.738035839958754,-0.726172224524246,-0.996378483122617,-1.1365319989375942,0.7322350596989763,-1.4961652535907688,-0.1099513511812154,-0.8205145615203591,1.582328263787768,0.6533350049260451,0.1029742277293746,-0.2087312826181564,-0.2849071747131789,-0.5408508461969617,-0.4605264794237947,-0.66591343595693,0.5535417623947522,-0.4010032115370383,1.1381575142128326,0.442685835644981,0.5529314655284353,0.1059858390179066,-0.1993196276794666,0.5724347098535436,1.402378087022794,0.4080487814548819,-0.9189218176928294,-1.018312792348063,0.2071115745088141,0.0499814804942603,-0.4372695304223167,-1.0566712662983715,-1.184298265890608,0.1796363209466457,-0.265878261478529,0.4519103797890794
G16988,1,1,0.9920545348210488,10.18730/JKS5X,FULL,Phaseolus,vulgaris,Phaseolus vulgaris,IRN,SHAHSAVAR - AZERBAIJAN,38.31,46.81,0.3591811050669926,-0.689719838390954,0.3859604233784113,-0.5999445173646921,-1.2387751411458527,1.3567744583969206,-0.9664962751379524,0.0744519295926297,-0.0147976114088546,1.2404555367955343,-0.1772172155267593,-0.2768287559180501,-1.3899761397896833,-0.8407667675338554,-0.4620752591201768,-0.020205458670619,0.3726820971171922,0.6071251130757639,-1.442309505021058,-0.8349009787557171,-0.9876681971447862,-1.5830492715146862,1.7240194319237316,2.1207802485213016,-0.648831002770808,-0.9566183148041288,0.9795121240860004,-0.1099513511812154,-0.8205145615203591,-1.1698836982734446,-1.7616101723445954,-0.3809967897377278,-1.3591957795551686,-1.4001046907345236,-0.5795871157329789,-0.5352252581064469,-1.499061793619464,-0.5746043896847722,0.0126029861042709,-1.6419413706456842,-1.9120554934625311,0.3533389350744848,-0.6833020384897842,-0.908497650838885,-0.7574706708559128,-0.4200050811441545,-0.5074035310076556,-0.8807647752267544,-1.0090861453499145,-1.47445317844085,-0.9476511240126774,-1.2491652470051862,-0.4558790188396583,0.6170237877545235,1.2473841020165335,-0.265878261478529,-0.1931213719943667
G16395,0,0,0.0005303045706982971,10.18730/JHB3A,FULL,Phaseolus,vulgaris,Phaseolus vulgaris,MEX,ZINACANTEPEC - ZINACANTEPEC - PUEBLA,18.33,-97.25,0.3591811050669926,0.8500273064395072,0.3859604233784113,-0.5972280375986697,-1.0990555947652192,1.101912389428565,1.4135823945082793,1.223148282780684,-1.757511336826214,-0.1940591089566574,-0.1772172155267593,-0.2768287559180501,-0.4479571220998433,-0.493741529484467,-0.3268283271420874,0.3910499460824232,-0.294667587114274,0.5730886963024862,0.7694271973281435,-0.7954918781783972,-1.2366540539626654,0.1069775915971782,1.7240194319237316,0.9723533473893315,0.0556259916923274,0.3424996655828751,-0.6709394610318457,-0.1099513511812154,-0.5509180671459002,-1.1698836982734446,1.1986187896109517,1.2967691708087186,-1.2074678531475338,-1.085561801600298,-0.6957959243410308,0.8002524771198026,-0.9180504389337496,-0.8102615858969395,2.185452117090878,0.352976751675337,1.0770808177827174,0.4848352070300467,-0.9025486711308094,-0.930318513089944,-1.0179676010979712,-0.912944790566362,-0.749729143130092,-0.3370269200851862,-0.4647139724591519,0.0228185409431062,-0.0585416538744289,0.2095435997919493,-0.2408377408395681,-0.1764022855619805,-0.7653462563094097,-0.4799814960606078,-0.4511339189202276
G58,1,1,0.999240402089432,10.18730/PQ3XP,FULL,Phaseolus,vulgaris,Phaseolus vulgaris,CAN,ROCK ISLAND - QUEBEC,45.0,-72.1,0.3591811050669926,-1.1173581609490728,0.3859604233784113,-0.2886524955478453,0.6214240077377283,-1.100824063797936,-2.3120151427426467,-1.8794603277487447,1.345910567225145,3.0496531431018297,2.2518134578495808,2.245739467797732,3.320118948659516,2.051110216211048,1.0256409926388066,-1.9393973475181496,-0.6950773976531537,0.5050158627559306,3.071438867120169,0.8990994466463574,1.2464751667345622,1.9026311336535344,-0.9840871357292964,-1.488561440750604,0.3807599891368515,-0.047235728533226,1.9422755487380767,-0.1099513511812154,2.4146433709731467,0.2062222827571616,-2.50800316240664,-0.8448022728211945,0.116399988255347,-0.6947660908577756,1.8607978650361097,-1.7940243634748756,0.3426345759503478,0.3730383780620283,-0.5908087771590245,-1.980399810184452,-0.0947492354913867,-3.5351927323357746,0.1936844920743166,-0.1011257475497009,0.3119377796114851,0.1326848960868052,0.1791857033392475,-0.0222313197400677,0.0058450244464224,-1.884963727141716,-2.6294050559614504,-1.4901743190903596,-0.7595834699228625,-0.1184222319602778,-2.0641814798523943,0.9116891458765768,1.2259481743541794
G20188,1,1,0.9990409111882952,10.18730/JN6YE,FULL,Phaseolus,vulgaris,Phaseolus vulgaris,MKD,47 KM FROM STRUMICA - BEROVO - BEROVO,41.7,22.85,0.3591811050669926,-0.5763971288220395,0.3859604233784113,-0.5486688190987233,0.1052216669255969,-0.6184065761078346,-1.9270885193132683,-0.8870424432810012,0.1574773444760104,2.146632033621565,0.7943950538237766,0.7321985335682625,-0.2124523676773833,0.0846338672645136,-0.0563344631859086,-1.253971672929746,-0.5616074608068605,0.6071251130757639,0.1826399089497839,-0.4014008724051984,0.5466230286518746,0.2126042705416698,0.6923597871035305,-0.0120125678666426,-0.973965000215332,0.4724114636215755,0.8419744919928466,-0.1099513511812154,-0.5509180671459002,-1.1698836982734446,-1.7011139004747085,-0.8528684481120928,-0.9640362349550644,-1.3238518691262264,0.4275558922034704,-1.7385523701891066,-0.8467943293968222,-0.3038493131856863,-0.2423596235088543,-1.4458749498136734,-0.93968579668918,-2.243711792229695,-0.5225211745530324,-0.7557516150814718,-0.4284219168659441,-0.3602548133354021,-0.3997032589532394,-0.5850476961146734,-0.6584735594202709,-1.7615922058566151,-1.8129989928349053,-1.4225882427896248,-0.5640613233104729,0.1996236931364406,-0.7803050416480699,-0.1588267718029321,-0.0641150216376775
G14252,0,0,0.0454644535996724,10.18730/JPJF1,FULL,Phaseolus,vulgaris,Phaseolus vulgaris,ECU,GUACHANAMA - PALTAS - LOJA,-4.05,-79.89,0.3591811050669926,2.335827188956738,-1.80637314900962,3.0348460563261974,1.1861481993849752,-0.4727711081259171,-0.1862833540423223,1.0556292939940888,0.116252872815146,-0.9511568154337808,1.7660073231743127,1.7412258230545752,1.6715856677022964,0.0846338672645136,0.0789124687921807,-0.1572905935882998,-0.294667587114274,0.0285060279300417,-0.5169910887321063,0.702053943759758,0.5062469437624888,0.1069775915971782,-0.8551296801267712,-0.8323174972466213,0.3807599891368515,0.4724114636215755,-0.2583265647523842,-0.1099513511812154,0.2578714159774761,1.582328263787768,-0.2516562896551051,-1.0504899158205931,-0.4504955609599923,0.0201041117200093,-0.6957959243410308,0.8155291557062362,-1.5429117071806495,0.9546603942452496,-0.6078062157988069,0.7606680998124841,-0.3690073336282956,-0.036453456601582,0.7052599682367089,-0.7557516150814718,-0.5381048348626004,0.7600627080787056,-0.7362666091232899,-1.0620107269406105,-1.055219380340657,0.134398801786799,0.2929172551431235,-0.6184577349732228,-0.3040267932980562,-0.7421299930349047,-0.2629373970040614,0.5905344216189015,1.354954370923351
G20085,1,1,0.9991886531595208,10.18730/JMX4~,FULL,Phaseolus,vulgaris,Phaseolus vulgaris,MKD,KRIVOGASTANI - PRILEP,41.35,21.33,0.3591811050669926,-0.8874113763518119,0.3859604233784113,-0.5945668742987177,-0.1344645841876237,0.0187485963130541,-1.5641640849411929,-0.3444147649633498,0.1362594675703445,1.6223416202171688,0.7943950538237766,0.2276848888251061,-0.6834618765223034,-0.493741529484467,-0.3268283271420874,-1.253971672929746,-0.5616074608068605,0.6071251130757639,-0.6298347980356369,-0.6772645764464376,-0.4896964835090278,-0.738035839958754,1.0792321539111058,1.6285972908933144,-1.1907209985116811,-0.6967947187267279,2.079813180831231,-0.1099513511812154,-0.8205145615203591,-1.1698836982734446,-1.2833627233446745,-0.1067464836841917,-0.9373587973449308,-1.2666622529200036,0.3888196226674531,-1.6439746008188223,-1.016712744446418,-0.1985556723249307,-0.1545391878482381,-1.5769527007831694,-1.9619206110712284,0.4120426587030942,-0.3909731949684172,-0.6139160104495881,-0.2227664456222138,-0.4050675141919664,-0.4266283269668434,-0.7281366053624546,-0.732286735405459,-1.7251266411581871,-1.623970134604476,-1.2557800544729176,-0.2669735269349637,0.5773384112601542,-0.1272766885879356,-0.5870329857362047,-0.4511339189202276
G11050A,0,0,0.0003083215548201465,10.18730/S13F8,FULL,Phaseolus,vulgaris,Phaseolus vulgaris,MEX,"0.8 KM E DE ENTRADA A JUANAQUIL, PITO REAL - MORELIA - MICHOACAN",19.68,-101.27,-2.9470184280009937,1.1483182438430617,-2.902539935203636,-0.4012486774449633,-0.738941617482917,0.1916907145415811,0.6106975919834023,0.9076712345026936,-0.8499068127779518,-0.1454381684714948,-1.634635619552563,-1.2858560454043628,-0.4479571220998433,0.7786843433632905,1.0256409926388066,0.6652202159177848,-0.294667587114274,0.6071251130757639,0.859702164770968,-0.5984463752917978,-0.8530812475135001,0.3182309494861614,0.3054874202959551,-0.0120125678666426,-0.2153190061781092,-0.5668829206880276,-0.1207889326592303,-0.1099513511812154,0.7970644047263937,-1.1698836982734446,0.0034089946481279,-0.1591766807688625,-0.5055177760308929,-0.0656803125893248,-0.5408508461969617,1.1272154086861388,-0.5398449344685202,-0.684912013443659,1.4262297600440397,0.2486593033695647,0.1351843092567641,0.1091316400523242,-0.7417678071940575,-0.6357368727006472,-0.9631261420996432,-0.92788235751855,-0.6554914050824778,0.2639464987554944,0.6793902553112643,0.3062455048865764,0.5894052954445099,0.8514675244865879,0.7877212334716323,0.5247060325052105,0.2353449008285529,-0.3729298787695683,-0.3221277223510561
G4367,0,0,0.0032271604287429,10.18730/JF948,FULL,Phaseolus,vulgaris,Phaseolus vulgaris,MEX,NAVOGAME - GUADALUPE Y CALVO - CHIHUAHUA,26.25,-106.97,0.3591811050669926,0.9504000863241155,0.3859604233784113,-0.5336285921583261,-1.0557951494423452,0.537574950998635,0.3668205184943091,0.4332018937249077,-0.4107433193265435,0.3893923093468796,-1.1488294848772953,-0.7813424006612064,-0.6834618765223034,-0.2623913707848747,-0.3268283271420874,0.6652202159177848,2.374731149811592,-3.0347714816649582,0.7694271973281435,-0.5984463752917978,-0.2205225842464557,0.0013509126526867,-0.3392998577166706,0.152048418009353,2.7650759703966945,-0.3070593246106268,-0.395864196845538,-0.1099513511812154,0.2578714159774761,0.2062222827571616,-0.3922691929511147,-0.1753089928881005,-0.2254046811244899,0.4108998224625318,-0.3084332289808579,0.7187376845167553,1.3950325014188116,-0.1434018604454873,2.0721354002063315,-0.1521863422752292,0.2930905670310022,-0.224305240090443,-0.2301923310316654,-0.6030055793240586,-0.7163395766071667,-0.912944790566362,-0.9382046192253204,-0.1176239259052552,1.14072260521869,-0.258643212926796,0.3549811391775047,0.5753712127899692,1.0401466105701995,1.1804998426603912,0.453536838699356,0.3764311870368224,0.4519103797890794
G6943,0,0,0.0216700885162568,10.18730/JFPW4,FULL,Phaseolus,vulgaris,Phaseolus vulgaris,BRA,SÃO JOSÉ DO RIO PARDO - SAO PAULO,-21.61,-46.88,0.3591811050669926,-0.3000293793765104,0.3859604233784113,-0.5677717767335222,-0.4203342836860748,0.5284727342497652,0.2720272242981908,-0.1165006278141476,0.4675836457627866,-0.2218424845936667,-0.6630233502020273,-0.7813424006612064,-0.9189666309447634,-1.6504923229824284,-1.94979151087916,0.6652202159177848,-1.2289571450383268,0.6071251130757639,-1.2166220864139965,-0.7166736770237575,-0.449320398619642,-1.0549158767922286,-1.2420020469343465,-0.5041955254946299,-0.81139800149307,0.9920586557763772,-1.6337028856839226,-0.1099513511812154,-1.0901110558948175,1.582328263787768,0.525802392011113,0.328827443574969,0.5382369704655848,0.5729370683801631,-0.0760156117647542,0.1537333004631894,1.9486376601287847,-0.4191709198427044,0.0579297593119218,-0.2381753537022734,0.7114034240521375,0.0152057762999889,2.7807947572384144,0.2043663239651254,1.340215135830137,-0.1511288760047686,-0.6689539390892798,-0.8139899509111233,-0.9075930283702808,0.4894467550780799,0.1925510883903815,-0.4864491859432769,-0.9359173178829364,-1.4190330460062393,-0.5750086083795601,-0.4799814960606078,0.3229038756448727
G15792,1,1,0.999642931434103,10.18730/JS069,FULL,Phaseolus,vulgaris,Phaseolus vulgaris,ESP,"2 KM N OF SANTIAGO DE COMPOSTELA, ON D545 - SANTIAGO DE COMPOSTELA - LA CORUNA",42.89,-8.56,0.3591811050669926,-1.3624149543972823,-1.80637314900962,-0.4561645061373033,0.0192853768923202,-0.7003265268476631,-1.9037961502268823,-1.2599240931772728,0.7595849078119965,2.133741538981712,1.2802011884990447,1.7412258230545752,0.0230523867450766,-0.2623913707848747,-0.7325691230763556,-1.802312212600469,0.7730919076560719,0.6071251130757639,0.1149336833676655,0.741463044337078,1.4348968962183626,0.6351109863196359,-1.2420020469343465,-1.3245004548746084,-0.4862640040485459,0.8621468577376766,0.9795121240860004,-0.1099513511812154,-0.5509180671459002,1.582328263787768,-0.8607064431690723,-0.6673462241086603,0.9267271556631556,0.4108998224625318,0.5825009703475396,-0.8033265610964311,-0.5453261736636685,2.413729417601435,-1.0582404099171252,-1.0151196787973222,-1.4965128863526165,0.1560946279126829,2.313068607604228,0.618962706735247,1.4773187833259571,0.7152500072221413,0.5426741215229022,-0.4419587868668924,-0.750740029401756,-1.9102931014232587,-1.9743650913242965,-1.614417659353838,-0.4902856233196727,0.1329184858373943,-1.1970877503941904,1.125792380458656,0.8389292770716291
G51609,0,0,0.0229502111366653,10.18730/K45ZS,FULL,Phaseolus,vulgaris,Phaseolus vulgaris,CHN,NEIMENG LINXI - LINXI - NEIMENGGU,43.6,118.07,0.3591811050669926,-0.6060848524498815,0.3859604233784113,-0.5947401101051585,-0.9955812863578044,0.6285971184873334,0.0729066923348553,0.1059371990647593,-0.235651699357825,0.2387102110310892,1.7660073231743127,1.7412258230545752,-1.1544713853672233,-1.0721169262334478,-1.0030629870325345,-1.802312212600469,-0.1611976502679807,0.6071251130757639,-1.4874469887424702,-0.9137191799103568,-0.8598105949950645,-1.5830492715146862,2.368806709936357,1.300475319141323,-1.353287997233943,0.4724114636215755,1.254587388272308,8.092419446937457,-1.898900539018194,-1.1698836982734446,-2.4605871775677945,-0.2600040449865911,-1.2608227283678008,-0.8377401313733326,-0.734532193877048,1.554584388304792,-0.249339257125663,-0.845359466183858,0.2364037044507791,-1.921785197388978,0.3069419074040943,-3.9930814049039056,-0.9610144398350828,-1.0612436865962982,-1.0590986953467174,-0.942819924470738,-0.8439668811777061,-0.5945869567311922,-0.0679681515387656,-1.2744384642865982,-1.0827730658246728,-0.4588395547736151,0.4499410106437983,1.059754973751991,-0.1288241491402108,0.80463765620098,1.096941977785008
G4843,1,1,0.9200265575804564,10.18730/JH14R,FULL,Phaseolus,vulgaris,Phaseolus vulgaris,COD,YANGAMBI - YANGAMBI - TSHOPO,0.79,24.4,0.3591811050669926,-0.6692941213129245,0.3859604233784113,-0.5933211593925338,0.7693279626929597,-1.319277265770812,-0.0376466504814189,-1.0632579661375647,0.5687288599844412,-0.9438300277792976,-1.634635619552563,-1.790369690147519,-0.6834618765223034,-1.8818424816820207,-2.085038442857249,0.1168796762470617,-0.9620172713457402,0.6071251130757639,-1.0135034096676412,-0.2831735706732388,-0.4224030086933848,-0.738035839958754,-2.273661691754548,-1.3245004548746084,-1.0823429993635068,2.551000232240782,-2.871541574522307,-0.1099513511812154,-1.6293040446437357,2.958434244818374,1.341684292182996,0.966055791569128,1.1484833557973912,0.2965205900500862,2.248160560396282,-1.3508974243380465,0.7318025588058735,1.4560586840583716,-0.8882652940650729,0.9351156690965828,0.9939723264129002,1.0671756832203785,0.1644516077221799,1.2844990053925474,1.6966846193192695,1.5816288904490512,1.027325345767775,-0.0699276228226615,0.1073381414260561,0.485297978256103,-0.0620881615335364,-0.1663500245700096,-0.66198781298436,-0.9703912720202488,-0.6683720617001638,-1.1222909445759592,-1.2251718672728455
G6123,0,0,0.0004085919042636082,10.18730/JG6S*,FULL,Phaseolus,vulgaris,Phaseolus vulgaris,MEX,RANCHO TERAN - SAN FELIPE - GUANAJUATO,21.49,-101.24,0.3591811050669926,1.2331403113511812,0.3859604233784113,-0.398689356692343,-0.8313085142533776,0.3464283992723683,0.6041962345561139,0.8670455426579234,-1.2597926818299705,0.0420997826802995,-1.1488294848772953,-1.2858560454043628,-1.1544713853672233,-0.8407667675338554,-0.5973221910982662,0.8023053508354656,0.2392121602708989,-0.1416760559363472,-0.7878159910605799,-0.9925373810649966,-1.472181215817416,-1.2661692346812117,0.4344448758984802,0.4801703897613444,0.1640039908405021,-0.5668829206880276,-0.2583265647523842,-0.1099513511812154,-0.2813215727714414,-1.1698836982734446,-0.2017877741855245,-0.4051953156104205,-1.052405247038632,-0.9521193637857782,-0.463378307124927,0.3368856639002404,-0.9564191132997872,-0.684912013443659,1.5423794745503263,0.2018854955233384,0.0853192197187702,-0.0975052915539601,-0.7563842493701259,-0.7775724773325309,-0.9357054126004792,-0.8980072236141737,-0.7362666091232899,-0.4228802656338549,-0.1786879155165479,0.2121337780301545,0.6199052613128344,0.8474411199410122,1.0689290585486733,0.8466923495942777,0.357078464274202,0.1623282076856287,0.4519103797890794
G50484,1,1,0.9936014503852107,10.18730/JYBSR,FULL,Phaseolus,vulgaris,Phaseolus vulgaris,COL,"3 KM N UBAQUE VÍA LAGUNA, VEREDA ROMERO ALTO - UBAQUE - CUNDINAMARCA",4.49,-73.93,0.3591811050669926,0.8938520413187023,-1.80637314900962,2.181246805117075,1.455649081734231,-0.8550642115784504,-0.3344330250140442,-0.9094562139977524,0.7310817309268886,-0.8886441622898165,1.2802011884990447,1.7412258230545752,1.6715856677022964,0.3159840259641059,0.3494063327483596,-0.1572905935882998,-0.9620172713457402,0.6071251130757639,0.9951146159352048,0.9779176478009972,2.430840323489879,1.480124417875568,-0.726172224524246,-0.5041955254946299,-0.4320750044744585,-0.1771475265719264,0.2918239636202311,-0.1099513511812154,0.7970644047263937,0.2062222827571616,0.15301461512314,-0.5584527615251484,1.303545961906293,0.563405465679126,0.7374460484916087,-0.9820803137226568,0.5235154693902401,2.218184084574317,-1.2282155798028251,1.1195589550980096,0.0022107019294666,0.1842723892777513,-0.4055896371444856,1.1644842630117227,1.1071389350872425,1.8056923947318728,1.942777658230312,0.6932132264988378,1.2883489571890665,0.9023592272021956,0.1095628091672662,0.1934379816096466,-0.753628480685937,-0.9647621406026076,0.238955642117195,-1.4434457964490774,-1.4831845679862237
G51362,0,0,0.0132995235572736,10.18730/K3Y0X,FULL,Phaseolus,vulgaris,Phaseolus vulgaris,ARG,"45 KM S DE TAFI DEL VALLE, EL NOGALES - TAFI DEL VALLE - TUCUMAN",-27.0,-65.65,-2.9470184280009937,0.8090299738105826,0.3859604233784113,-0.356233876299085,0.8786482772250871,-0.1086824381711235,-0.6380556302416678,-0.0954352912824198,-0.9962946730130688,0.6741722077097914,1.7660073231743127,1.7412258230545752,1.4360809132798364,-0.2623913707848747,-0.5973221910982662,-0.5685459983413421,3.309020707735644,-2.0817518120131804,0.363189843835433,1.4508268547288357,0.3783893416127671,0.1069775915971782,-0.9840871357292964,-0.996378483122617,0.6517049870072883,0.6023232616602759,-0.1207889326592303,-0.1099513511812154,-0.0117250783969826,1.582328263787768,-0.3448532299788744,-0.0785149278598859,-0.7439473746714621,-0.5613236530432557,-0.5408508461969617,0.4289479102479687,0.391965728706682,-0.6999539621380526,0.1797452934523438,-0.7183015763131845,0.4316046840880497,-0.7127198637252785,1.041438138286281,-0.7230203217048833,-0.1816353513734677,-0.6141934515225999,-0.9247420852185184,-1.004775163241498,-1.018312792348063,1.471178365162704,1.061800115637628,-0.3567414395108029,-1.6740051505263227,-2.178121417675133,-0.1154128243538257,0.4834829319433041,1.6129670716367297
G698,1,1,0.993423489800362,10.18730/JZNP~,FULL,Phaseolus,vulgaris,Phaseolus vulgaris,GTM,SAN PEDRO CARCHÁ - COBAN - ALTA VERAPAZ,15.5,-90.26,0.3591811050669926,0.3410949013907888,0.3859604233784113,0.1906241902536587,1.190240403672274,-0.9642908125648884,-0.4255272867466232,-2.267662541747941,1.9900169952025624,-0.5274599478047324,0.3085889191485086,0.2276848888251061,0.7295666500124566,-0.1467162914350786,-0.191581395163998,0.5281350810001041,-0.828547334499447,0.6071251130757639,-0.4267161212892817,0.3473720385638791,0.6004578085043891,0.2126042705416698,-1.1130445913318214,-1.3245004548746084,-0.3236970053262839,-0.3070593246106268,-0.1207889326592303,-0.1099513511812154,0.2578714159774761,1.582328263787768,0.3606638935736592,-0.1228789111911028,2.4656818377977388,1.4498445168755794,2.829204603436542,-0.7284393054686008,1.773238005884041,0.8794506507732814,-0.35567641131256,0.43744946050752,0.3484961662987461,0.3040278134966815,0.7052599682367089,2.255527375564674,1.8612089963142544,0.4314362351305673,1.1754132198425973,2.124102318976649,2.118747187022433,0.6767967820915601,0.4432891798892812,1.303575234889801,1.2584962159241373,0.7875864697090469,0.6933932243020121,0.3764311870368224,-0.3221277223510561
G18457,0,0,0.000434668715764654,10.18730/JTJY5,FULL,Phaseolus,vulgaris,Phaseolus vulgaris,NIC,MANAGUA - MANAGUA - MANAGUA,12.15,-86.28,0.3591811050669926,-1.205758825068758,0.3859604233784113,-0.6034487363095384,0.4267520037847954,0.3009173155280191,1.0729690085376555,0.5595931476057322,-0.4107433193265435,-0.6663769584713641,-0.1772172155267593,0.2276848888251061,0.2585571411675366,0.2003089466143097,0.484653264726449,-0.020205458670619,0.2392121602708989,0.6071251130757639,0.9048396484923804,-0.6378554758691177,-1.162631231665458,0.0013509126526867,-0.0813849465116203,-0.1760735537426384,-0.3236970053262839,-0.047235728533226,-0.1207889326592303,-0.1099513511812154,0.2578714159774761,0.2062222827571616,1.8395521450814605,1.7323431749929945,0.9984227692403896,1.202022846648614,-0.6570596548050135,0.569572125181473,-0.7371695454938573,-0.1032899972604375,-1.3330335334651406,0.4877954212662685,1.4067446737042857,1.3794792815282786,-0.9025486711308094,2.080960477556202,0.6684072631006178,-0.7635691210444808,0.6234493255637144,1.532668160752487,0.9008297832668288,1.0908010375898802,0.686934256069966,1.5468851095724463,1.640938858028913,0.8345897170463495,1.0400243880116569,1.125792380458656,-0.709146619633606
G22572,0,0,0.0918205038939779,10.18730/JW66H,FULL,Phaseolus,vulgaris,Phaseolus vulgaris,BDI,"2 KM SO DEL SITIO DEL IRAZ, MASHITSI, MUKOBE (KIREMERA) - GIHETA - GITEGA",-3.37,29.89,0.3591811050669926,0.5969748050402833,0.3859604233784113,0.1848631082344595,0.8850788839622711,-0.6002021426100949,-0.4137148873833595,-0.4355458421045552,-0.1911979743114762,-0.7759427466397468,-0.1772172155267593,-0.2768287559180501,-0.4479571220998433,-1.5348172436326322,-1.544050714944892,0.5281350810001041,-1.0954872081920335,0.6071251130757639,-1.2617595701354087,-0.559037274714478,-0.8396225525503715,-1.2661692346812117,-0.8551296801267712,-0.8323174972466213,-0.973965000215332,1.2518822518537778,-1.9087781498702303,-0.1099513511812154,-1.0901110558948175,1.582328263787768,0.2216860538628586,-0.4616585426467045,0.0647124528857131,-0.1895911477028075,-0.6957959243410308,-0.1929426336839111,-0.8303506118113775,-0.3239052447782112,-0.2706887790902694,0.7670558974502242,0.0936301032010835,0.1631390738523684,0.9391230430538025,-0.2756926455581732,0.8740627343443481,1.5517537565446748,0.1387981013188415,-1.0524714663240915,-1.055219380340657,0.192044963944793,0.1723359947334688,-0.5344784401655013,-1.0113471815506605,-1.243404145775839,0.3343823761741657,-0.265878261478529,0.5809165763582509
G12884,0,0,0.0007129464984113533,10.18730/JHBV$,FULL,Phaseolus,vulgaris,Phaseolus vulgaris,MEX,MASCOTA - MASCOTA - JALISCO,20.53,-104.82,-2.9470184280009937,0.4188484632732319,0.3859604233784113,-0.5604711209795318,-1.0733331678164837,0.8925614042045587,0.8228149825500047,1.1990735577937417,-0.2643554590914262,-0.235734238652964,-1.1488294848772953,-1.2858560454043628,0.0230523867450766,0.3159840259641059,0.3494063327483596,1.3506458905061889,2.241261212965298,-2.5922980636123474,0.7242897136067312,-0.2831735706732388,-0.0993943295782983,0.1069775915971782,-0.726172224524246,-0.6682565113706256,2.2231859746558214,-0.6967947187267279,-0.6709394610318457,-0.1099513511812154,0.7970644047263937,0.2062222827571616,0.1922554394876796,-0.0381839744802837,0.3048093913769156,1.0781120115351313,-0.6570596548050135,1.374719493106072,1.3731075446382186,-0.5746043896847722,0.7774912978693559,0.1161896622929176,0.3983613615146842,0.0034650629254141,-0.5809869432573057,-0.166588334302878,-0.6889188471080027,-1.0324453261838666,-0.8978170172049142,0.9126162206787688,1.7865878950890863,0.2309124520664707,0.5808936770626519,1.0027452952703602,1.0848090298471411,0.9007320112036316,0.3013698843922948,-0.5870329857362047,-0.8381529699902952
G18615A,0,0,0.0004807571776751565,10.18730/S3DYQ,FULL,Phaseolus,vulgaris,Phaseolus vulgaris,BRA,"CÓRREGO DA PLAINA, RODOVIA BELÉM - BRASÍLIA - CERES - GOIAS",-15.28,-49.58,0.3591811050669926,-0.9284087089807364,0.3859604233784113,-0.575620625936804,-0.230339084632912,0.9744813549443871,0.4770078995803248,0.749180219754355,0.7310817309268886,-0.6594310814417155,-0.1772172155267593,-0.7813424006612064,-0.4479571220998433,-1.7661674023322245,-1.8145445789010708,0.5281350810001041,-1.36242708188462,0.6071251130757639,-1.3520345375782332,-0.6378554758691177,-0.3887562712855633,-1.1605425557367202,-0.9840871357292964,-0.0120125678666426,-0.8655870010671574,0.4724114636215755,-1.0835523573113073,-0.1099513511812154,-1.0901110558948175,0.2062222827571616,1.18553853041567,0.8773277479815816,0.7766665691061541,0.6873163007926087,-0.5408508461969617,0.3172251767972285,0.8030586683428007,-0.639786167360478,-0.0242250238811553,0.2223161563478608,0.9718100761380076,0.7149536325665112,2.956192063351234,0.5425896888565404,2.1354162913058947,0.5658743377002602,-0.763191677136894,-1.0524714663240915,-1.018312792348063,0.3839804811299319,0.4837193672031066,-0.226746092753645,-0.4135324287104098,-0.7359379484754995,-0.1386247326379537,-0.6940846030272442,-0.4511339189202276
G3521,1,1,0.8237412620724628,10.18730/K1ZKY,FULL,Phaseolus,vulgaris,Phaseolus vulgaris,MEX,AMATLAN - AMATLAN - VERACRUZ,21.34,-97.76,0.3591811050669926,-1.5659879164167698,0.3859604233784113,-0.5925318719610694,0.2618946310678973,-1.0917218470490662,0.0472437262701113,-0.2860256842434998,0.877469558441777,0.2574211757098959,0.3085889191485086,0.2276848888251061,0.0230523867450766,0.0846338672645136,0.2141594007702701,0.3910499460824232,-0.4281375239605672,-0.0395668056165138,-0.4267161212892817,-0.4408099729825183,-0.1464997619492484,-0.4211558031252794,0.6923597871035305,-0.6682565113706256,0.1098149912664148,-0.1771475265719264,-0.1207889326592303,-0.1099513511812154,-0.0117250783969826,-1.1698836982734446,1.0915240855868706,1.2967693246589471,0.8066786864175544,1.6595397762983963,0.7374460484916087,0.0265443437951381,0.9784583225875448,0.0320875409891053,-0.7806144103230733,-0.7339933912587311,1.2876223803305955,0.3627315371252909,-0.1863430045034603,0.7717087424926602,0.1474134026165008,-0.1660664429569568,-0.0092897727559807,0.7409095295814314,0.6793902553112643,-0.2254529983509813,0.3468241715615575,0.0763846494632676,0.3794736380068457,0.4985305714131797,0.5283307653926574,-0.1588267718029321,-0.0641150216376775
G13040,0,0,0.0316800477119676,10.18730/JH4PV,FULL,Phaseolus,vulgaris,Phaseolus vulgaris,TUR,SAHII - YUKSEKOVA - HAKKARI,37.68,44.57,0.3591811050669926,-0.4010386748560031,0.3859604233784113,-0.560705866899559,-0.7406954193203308,0.8106414534647302,-0.7613133486771436,0.0566756830714364,-0.1606694188848975,1.1418723357210252,1.2802011884990447,0.7321985335682625,0.2585571411675366,-0.1467162914350786,0.2141594007702701,-0.7056311332590228,1.4404415918875382,-0.005530388843236,0.0697961996462532,-0.2043553695185991,0.0755687049423735,-0.1042757662918048,1.208189609513631,0.8082923615133358,0.2723819899886768,-0.5668829206880276,1.254587388272308,-0.1099513511812154,-0.0117250783969826,-1.1698836982734446,-1.9749820796032205,-0.538287265604068,-0.9506975161499976,-1.0188405826930382,-0.5795871157329789,-0.2897781111528361,-1.4442494016679814,-0.0280802537884692,-0.0695516018500451,-1.6740968703245196,-2.945371387779935,0.2523686477761384,-0.2740416575598704,-0.7448411839559423,-0.2913182693701239,0.25218543170431,-0.3997032589532394,-0.9666181207754232,-1.0090861453499145,-1.1283578488180457,-0.57491316904048,-0.8557280028375045,-0.087662184356427,0.8435963273145752,1.8003433393628716,-0.6940846030272442,-0.4511339189202276
G13924,1,1,0.9932170580188188,10.18730/JS7HP,FULL,Phaseolus,vulgaris,Phaseolus vulgaris,COL,CÓRDOBA - CORDOBA - NARIÑO,0.85,-77.52,0.3591811050669926,2.2227310989459115,-1.80637314900962,2.990286579089434,1.9344369833482007,-1.4102994332595105,-1.2111871865605628,-2.023406108459087,0.5261387745873934,-0.8678066140018613,2.2518134578495808,2.750253112540888,1.4360809132798364,0.7786843433632905,1.0256409926388066,-1.9393973475181496,-0.6950773976531537,0.6071251130757639,-0.0204787677965712,1.1749631506875966,1.3945208113289769,0.8463643442086191,-1.1130445913318214,-0.1760735537426384,-0.5404530036226333,0.7322350596989763,1.117049756179154,-0.1099513511812154,0.2578714159774761,1.582328263787768,-1.2531146010535177,-2.3047813851257337,0.0096902378148125,-0.6757028854557013,1.589643978283989,-1.6882304958618626,0.1288662473395661,0.2376608398124853,-0.8882652805566614,0.9351158663511052,-1.097592011531753,-0.9357938209283796,0.1644516077221799,-0.0029318674199353,0.4901725213560514,0.7899378419830817,0.0849479652916334,-0.3370269200851862,-0.3078609734906271,0.065398092537079,-0.4195761335715717,-1.0743042495973276,-1.6786368088217094,-1.6112678839186807,-1.637082367424439,-0.1588267718029321,0.0648911749314939
G14853,0,0,0.1332979372060422,10.18730/JM2H~,FULL,Phaseolus,vulgaris,Phaseolus vulgaris,COL,ARGUELLO - YACUANQUER - NARIÑO,1.14,-77.47,0.3591811050669926,0.5563853361878182,0.3859604233784113,1.7149092539642494,1.7999788424798089,-1.4285038667572505,0.2414260546256873,-0.9124656024529668,0.2040855715054277,-0.9719943720018352,1.2802011884990447,1.7412258230545752,2.6136046853921364,3.5548862477583976,4.136320428134863,-1.5281419427651075,-0.0277277134216875,0.4709794459826528,1.672176871756389,2.1601906651205933,0.8225262753960111,1.3744977389310766,-0.4682573133191957,-0.0120125678666426,0.0014369921182401,1.2518822518537778,0.1542863315270773,-0.1099513511812154,1.875450382224229,0.2062222827571616,0.3058902653129497,-0.3850298581518989,0.8800416398454217,0.067762125225195,2.0544792127161964,-1.2289761720872443,-0.1397144732226981,1.3808489405864033,-1.1290634052494068,1.27111594876083,0.09917063935032,0.3322056420427783,0.544479104299957,0.979006933877721,1.6966846193192695,1.850505095588437,1.067712947788181,-0.0699276228226615,-0.4001274434721123,0.4280885294477909,-0.1188322840792563,-0.4660295628907145,-1.1416952792922537,-1.3452914244351415,-0.615758402922807,-1.0152394549003625,-0.9671593203469846
G13072,0,0,0.0365125288664472,10.18730/PEET=,FULL,Phaseolus,vulgaris,Phaseolus vulgaris,ETH,"40 KM W OF SHASHAMANE, DODITTI - SHASHAMANE - SHEWA",7.17,38.59,0.3591811050669926,-0.794053768018989,0.3859604233784113,-0.4955534839494936,-0.3419978016149246,0.6559037687339428,0.4622990655391134,-0.0096854686683881,0.944749046006283,-0.769806248207403,-1.634635619552563,-1.2858560454043628,-0.2124523676773833,1.5884098988118631,2.3781103124197007,1.076475620670827,-0.5616074608068605,0.6071251130757639,1.288508260124385,-0.2043553695185991,-0.9069160273660146,0.7407376652641275,0.1765299646934299,0.152048418009353,-0.4862640040485459,-0.8267065167654283,-0.2583265647523842,-0.1099513511812154,1.3362573934753113,0.2062222827571616,0.166912394416351,-0.4213277046547737,-0.2204026615725899,-0.5613236530432557,-0.1147518813007715,-0.6561669067266603,-0.402813954589814,0.9145485310602,0.9163042774037644,0.5167187912242717,-0.0753572532911139,0.1913168128237608,-0.5225211745530324,-0.3629760945624093,-0.7574706708559128,0.3716859673218148,0.3138110434072678,-0.2416343139199988,0.0704315534334621,1.511137636658586,1.7143575249134066,1.3898553322949945,1.0351841195394282,0.6296893334442158,0.664507293992875,-0.9081878376093228,-0.9671593203469846
G5020,0,0,0.0678131861641454,10.18730/JGVP=,FULL,Phaseolus,vulgaris,Phaseolus vulgaris,BRA,MUNIZ FREIRE - ESPIRITO SANTO,-20.47,-41.41,0.3591811050669926,-0.8947262120818524,0.3859604233784113,-0.478669467556728,0.6489002365238781,-0.5637932756146155,0.4975956834692719,-0.6957946081895732,-0.0301349437929994,-0.24268004944182,-0.1772172155267593,-0.7813424006612064,-0.4479571220998433,-1.5348172436326322,-1.6792976469229814,-0.020205458670619,-0.828547334499447,0.6071251130757639,-1.3746032794389391,-0.559037274714478,-0.5166138734352851,-1.2661692346812117,-1.2420020469343465,-0.5041955254946299,-0.9197760006412448,1.7715294440085794,-1.7712405177770765,-0.1099513511812154,-1.3597075502692766,1.582328263787768,0.5511453825072952,0.4417538976475368,0.1747568830275143,0.0772937279262322,0.233874544523384,-0.2210972602738296,0.655065210073798,-0.4241849027408356,0.0494309960896929,-0.1029402595758517,0.6559977191064494,0.0692131429190045,1.7722602470896982,0.1061724438353597,1.5321602423242853,0.1476224630389933,-0.5477911330280616,-0.8712255146102357,-0.8153265583887956,1.1611118868886456,-0.0737916368085911,-0.0495842927483146,-1.3180291272523277,-1.7145624454323938,-1.2625969137738406,-0.8011362203182835,-0.1931213719943667
G5545,0,0,0.0004444288713659288,10.18730/JK8HF,FULL,Phaseolus,vulgaris,Phaseolus vulgaris,IRN,ABADEH - FARS,29.14,52.87,0.3591811050669926,-1.2192904646426892,0.3859604233784113,-0.5540368429535046,-2.1133376574028726,1.101912389428565,1.174727862012862,1.4584136820514468,-1.889415157616394,1.0135671766674523,-0.1772172155267593,-0.2768287559180501,-1.860985648634604,-1.1877920055832438,-0.867816055054445,-0.7056311332590228,-0.294667587114274,0.6071251130757639,-1.4874469887424702,-0.9531282804876768,-1.3308649187045656,-1.6886759504591775,1.8529768875262569,2.284841234397297,-1.299098997659856,-0.9566183148041288,1.804737916644924,-0.1099513511812154,-1.3597075502692766,-1.1698836982734446,0.0483724363088273,1.655714452035631,-1.4725748893982364,-1.3524466772293378,-0.8120047329490826,1.2067933799511794,-1.5977240991321322,-0.1584438091398809,1.6500303447839144,-1.1374069928493569,-1.6571893659673722,1.4640125432298072,-0.171726562327392,-1.1703479978515934,-0.9494157773500612,-0.912944790566362,-1.1401426293273509,-1.119246290639723,-1.0644460273388057,-0.2582064995771141,1.1199628412469909,0.3550693640820421,0.8346994818962673,1.5599033002093972,2.720566547782524,-0.1588267718029321,0.1938976790757006
G108,0,0,0.0009785054028991155,10.18730/JZ4M5,FULL,Phaseolus,vulgaris,Phaseolus vulgaris,BOL,UNIVERSIDAD AUTÓNOMA SAN SIMÓNCOCHABAMBA,-17.4,-66.15,0.3591811050669926,2.2227310989459115,0.3859604233784113,-0.476571995681918,-0.914321801224298,1.8027830790915425,0.823636888406889,0.6694334346287292,-1.4354580792105334,-0.1384922914418462,0.7943950538237766,0.7321985335682625,-0.6834618765223034,-0.6094166088342632,-0.5973221910982662,-1.1168865380120652,-0.1611976502679807,0.436943029209375,-1.1940533445532904,-0.7560827776010773,-0.9742095021816576,-1.3717959136257032,1.0792321539111058,1.4645363050173188,-0.3778860049003713,0.9920586557763772,0.0167486994339235,-0.1099513511812154,-1.3597075502692766,-1.1698836982734446,-0.0873353795345141,-0.4253607730689448,-0.6188968858739607,-0.294438777414216,-0.6183233852689962,0.6924858844001754,-0.3699265194189245,-0.7601217569156273,1.9219907476326297,0.3143186873333007,0.0770083626559434,-0.4074606945618064,1.4506985192161943,-0.7884829084580603,-0.1679249866238857,-0.5693807506660356,-1.0593674252865384,-1.081089248173648,-1.0090861453499145,-0.0167040172030941,0.5922425015717959,-0.433530726201425,-0.6040920842920281,-0.8637192316559511,0.1156746181192707,-0.265878261478529,0.3229038756448727
G50849Y,1,1,0.990089293602574,10.18730/S593X,FULL,Phaseolus,vulgaris,Phaseolus vulgaris,COL,"20 KM SE SANTUARIO VÍA COCORNA, VEREDA SAN VICENTE - CARMEN DE VIBORAL - ANTIOQUIA",6.1,-75.25,0.3591811050669926,0.4343991756497205,-1.80637314900962,1.1379835981246933,0.8844942833497998,-0.9005752953227996,-0.7796291421431852,-2.0986390978929705,1.9607394580571165,-0.9650485198124836,0.3085889191485086,0.2276848888251061,2.6136046853921364,2.745160692309825,2.919098040332058,0.2539648111647425,-0.1611976502679807,0.6071251130757639,1.9204330322241565,3.1848272801309103,2.269335983932336,2.3251378494315005,-1.628874413741922,-1.1604394689986126,-0.0527520074558472,-0.1771475265719264,-0.1207889326592303,-0.1099513511812154,2.6842398653476054,1.582328263787768,-0.3047948933128543,-1.147284096236481,2.2672683955723696,0.9160747656175,3.487721185548836,-1.4022718144946789,2.4090617525212377,2.398687468907041,-0.9845845655556302,1.2550941462478749,-0.402250761879605,-0.1820385756491649,0.6321777573563672,1.862751855045612,2.1079955618067303,2.3583823719628323,2.7639922326452355,0.8744591782126938,0.7162968433038583,0.7436139245928713,0.2961091120363203,0.25297124881923,-0.3460425506919199,-0.5045806472104529,0.4571475799879982,-1.336394179158038,-1.4831845679862237
G51040V,1,1,0.995354322322294,10.18730/S6QW9,FULL,Phaseolus,vulgaris,Phaseolus vulgaris,COL,EN HUERTOS CASEROS DE TIMBIO - TIMBIO - CAUCA,2.33,-76.67,-1.2939186614670004,0.8938520413187023,2.5782939957664426,2.0079770112711084,1.6210910550636,-1.382992783012901,-9.704764955183336e-05,-0.918985848442238,1.60940866329599,-0.9372651193351772,0.7943950538237766,1.2367121783114188,1.9070904221247564,1.5884098988118631,1.972369516485432,-0.1572905935882998,-0.828547334499447,0.6071251130757639,0.1375024252283716,2.120781564543273,1.4483555911814912,1.1632443810420936,-1.2420020469343465,-0.6682565113706256,-0.973965000215332,-0.3070593246106268,0.429361595713385,-0.1099513511812154,1.3362573934753113,1.582328263787768,0.0099491437368929,-0.7923719988114085,1.7854071787393313,1.4593761195766166,1.202281282923816,-0.6334134473240476,1.5046572853217766,3.857756492263226,-0.4774919724698027,1.1553283756299235,-0.141844083374248,0.0926946368491831,1.5383971722726046,2.2446169444391444,3.698397872758245,2.149256434632199,0.8523124036793487,-0.2607128351530363,-0.6031136774313797,0.5270041031507123,-0.0869137151472889,-0.1597352171022781,-0.9666847622737186,-1.1584042613694594,-0.1107704426970001,-1.2293425618669986,-1.2251718672728455
G4711,0,0,0.0047320656610053,10.18730/JPRMD,FULL,Phaseolus,vulgaris,Phaseolus vulgaris,COL,LA UNION - VALLE DEL CAUCA,4.53,-76.11,0.3591811050669926,-0.1805608137841475,0.3859604233784113,-0.2981333276500378,1.1136577234385376,-1.3920949997617709,1.0583972836122226,-0.9460697705570088,-0.3814657821810976,-0.9094817105777716,-0.6630233502020273,-1.2858560454043628,0.0230523867450766,1.0100345020628827,1.4313817885730749,0.2539648111647425,-0.6950773976531537,0.6071251130757639,0.1375024252283716,1.5296450558834755,0.1294034847948879,1.057617702097602,-0.4682573133191957,-0.5041955254946299,-0.4862640040485459,-0.047235728533226,-0.1207889326592303,-0.1099513511812154,0.527467910351935,0.2062222827571616,1.064546023709032,0.5224158044067428,1.7804051591874313,1.1257700250403169,2.558050716684421,-0.8296653285571383,0.5564029045611295,2.8599738955351133,-0.9477565555702064,1.1759351652744523,0.7307953534134397,0.8464498597347211,0.4275475668914102,2.233706513313615,3.1225625532758,2.3368045137023308,2.198565804359551,0.0827005470416383,-0.2801810324961816,0.9785657067216648,0.0354407990919195,-0.03117787196854,-0.510135587442758,-0.7010373336861251,0.4035022808424579,-1.5504973499323955,-1.6121908414491544
G20165,0,0,0.010338139893792,10.18730/JN6D$,FULL,Phaseolus,vulgaris,Phaseolus vulgaris,MKD,PETRALINCI - BOSILOVO,41.47,22.73,0.3591811050669926,-1.424617803903237,0.3859604233784113,-0.5912766735396439,-0.5127011804565355,0.1279751972994922,-2.089988447680704,-0.4290445053259107,-0.2203005560522177,2.4305304125572658,0.7943950538237766,0.7321985335682625,-0.9189666309447634,-0.6094166088342632,-0.5973221910982662,-1.253971672929746,-0.6950773976531537,0.6071251130757639,-0.8329534747819922,-0.7560827776010773,-0.5098845259537208,-0.8436625189032455,1.4661045207186814,1.300475319141323,-1.353287997233943,-0.047235728533226,1.254587388272308,-0.1099513511812154,-1.0901110558948175,-1.1698836982734446,-0.8468086434101811,0.6151768779458998,-1.0924214034538324,-1.4001046907345236,0.3113470835954186,-1.6903731034672207,-1.038637701227011,-0.3590031250651297,-0.0355565044255836,-1.5893774392993874,-1.6793516096373924,0.8065313402077264,-0.5663705010812374,-0.7666620462070013,-0.4147115521163622,-0.5096304828572832,-0.5208660650144575,-0.7185973447459358,-0.7599666763999045,-1.811595884395178,-1.8005862160280297,-1.419137038893417,-0.4486006986611937,0.4087459253018051,-0.6080211001614311,-0.6940846030272442,-0.8381529699902952
G9612,0,0,0.00024826287787543767,10.18730/JH6WQ,FULL,Phaseolus,vulgaris,Phaseolus vulgaris,MEX,ABOUT 6.5 MI NW OF ZAMORA - ZAMORA - MICHOACAN,20.0,-102.34,0.3591811050669926,0.505084231906487,0.3859604233784113,-0.560181120934322,-1.2259139276714848,0.928970271200038,1.2599402760734275,1.0185144596833755,-0.93773942421429,-0.0204128456233676,-1.1488294848772953,-1.2858560454043628,-0.4479571220998433,0.431659105313902,0.8903940606607171,1.3506458905061889,-0.6950773976531537,0.6071251130757639,0.5437397787210821,-0.7560827776010773,-1.1087964518129436,0.0013509126526867,1.337147065116156,0.6442313756373401,-0.3236970053262839,-0.9566183148041288,-0.395864196845538,-0.1099513511812154,0.527467910351935,-1.1698836982734446,0.4056273586237077,0.3651251746901733,-0.5271931940891265,-0.0656803125893248,-0.6570596548050135,1.3332431800783673,-0.556288652053965,-0.7049679450361839,1.27891792272852,0.1552479132756028,0.5396457994853209,0.3369019318713436,-0.6979184806658525,-0.7230203217048833,-0.9357054126004792,-1.0175077592316786,-0.763191677136894,0.3688783655372005,0.6793902553112643,0.2523114062008775,0.5734460109785262,0.9374600215670972,0.956115095782472,0.6899210396129749,0.2828003577649923,-0.6940846030272442,-0.580140269276917
G12871,0,0,0.01117623741132,10.18730/JHBRZ,FULL,Phaseolus,vulgaris,Phaseolus vulgaris,MEX,4 MI NE HIGH. JCT ON ROAD TO IXTLAN DE JUAREZ - TLALIXTAC - OAXACA,17.83,-96.63,-2.9470184280009937,0.5969748050402833,0.3859604233784113,-0.5931593764053269,-0.2671689232186021,-0.2816245563996505,0.819489502193448,-0.7128474267810155,1.8143515978219995,-0.1315464806529901,0.3085889191485086,0.2276848888251061,0.7295666500124566,0.3159840259641059,0.3494063327483596,0.2539648111647425,0.3726820971171922,-1.1627685591346806,-0.2461661864036326,0.386781139141199,0.5264349862071818,0.1069775915971782,-0.4682573133191957,-0.5041955254946299,1.1935949827481618,0.3424996655828751,-0.5334018289386918,-0.1099513511812154,0.2578714159774761,0.2062222827571616,1.203523956977227,1.2967694015840632,1.6203405335266297,1.926424651927436,0.6599735094195741,0.3717775267429135,1.0442331929293236,-0.1032899972604375,0.9106384982948684,-0.0075879857824943,1.1491081840150883,0.602242609499915,-0.2740416575598704,0.8044400358692487,0.2845170501123211,-0.2855669785744616,0.2061107713528516,2.000091930961905,2.6077594779243047,-0.118458227678947,-0.010309149710567,0.0999678760873538,-0.2147019547441725,0.0023226369481223,-0.5631447441454502,-0.0517750268964503,-0.1931213719943667
G23970,0,0,0.0233347346561175,10.18730/JXZ3S,FULL,Phaseolus,vulgaris,Phaseolus vulgaris,COL,"11 KM SE GARZÓN, MONSERRATE - GARZON - HUILA",2.16,-75.62,0.3591811050669926,-0.2653828812922672,-1.80637314900962,0.2035589338886058,1.781271622880728,-1.4285038667572505,0.4032507430230487,-1.4686881786539072,0.0869752920427285,-0.9372651193351772,-0.1772172155267593,-0.2768287559180501,0.7295666500124566,1.357059740112271,1.4313817885730749,0.1168796762470617,-1.0954872081920335,-0.0395668056165138,-0.2235974445429265,1.0567358489556369,0.7417741056172394,0.6351109863196359,-1.2420020469343465,-0.8323174972466213,-0.0527520074558472,-0.047235728533226,0.0167486994339235,-0.1099513511812154,1.0666608991008526,1.582328263787768,0.8291011398933935,0.2602647805208317,0.6416120412048526,-0.3802232017235502,2.2868968299323003,-1.6970557746241857,0.3207096191697548,0.7891989586069195,-1.0667391866477662,1.1800506966458515,0.639375952141821,0.6257240362490641,0.500629777771752,0.4553062398523042,1.0522974760889146,1.253002417500913,0.6772994615909224,0.0731612864251196,-0.1602346215202508,0.6890247558826498,-0.3220471729461157,-0.5091696115933112,-1.258148402147687,-1.341632489013675,-0.6441285130478523,-1.336394179158038,-1.3541782176295345
G19118,0,0,0.00038768037319165206,10.18730/JMHGZ,FULL,Phaseolus,vulgaris,Phaseolus vulgaris,MEX,EJIDO TAVERA - TURICATO - MICHOACAN,19.06,-101.55,0.3591811050669926,0.5969748050402833,0.3859604233784113,-0.5563662728038148,-0.9710280606340111,1.056401305684216,1.6700886307449738,1.5797526833096736,-0.6742414153973884,-0.3538136844714425,-1.1488294848772953,-1.2858560454043628,-0.2124523676773833,0.431659105313902,0.6199001967045383,1.076475620670827,0.9065618445023652,-2.1838610623330137,0.7017209717460251,-0.4802190735598382,-0.2810867115805345,0.2126042705416698,0.1765299646934299,0.3161094038853487,1.7896739780631226,-0.8267065167654283,-0.1207889326592303,-0.1099513511812154,0.7970644047263937,0.2062222827571616,0.7980355087117031,0.7523019732788317,-0.1703824660535893,0.5920002737822374,-0.6570596548050135,1.5143045569218962,-0.4631075857364448,-0.73003785952684,0.6953365957267504,0.2246148953367361,0.6449165411300305,0.6797314252617568,-0.7271513650179893,-0.4720804058177044,-0.880863953602151,-1.0473828931360547,-0.8305043471709042,0.5978206203336504,1.316028898183512,0.3529738333025261,0.5812483278285627,0.9294072124759458,0.7516604653146941,0.4276035155509026,0.1827312420511961,-0.9081878376093228,-0.9671593203469846
G24301,1,1,0.9989851000304388,10.18730/JY4PK,FULL,Phaseolus,vulgaris,Phaseolus vulgaris,CHN,YANSHOU - YANSHOU - HEILONGJIANG,45.46,128.32,0.3591811050669926,-1.5179220781621685,0.3859604233784113,-0.4180087051924855,-0.5167933847438343,-0.2725223396507806,-1.917219029787424,-1.589465336800396,1.1674186284674206,2.092261465360774,1.2802011884990447,1.2367121783114188,0.4940618955899966,0.6630092640134944,0.2141594007702701,-0.7056311332590228,-0.1611976502679807,0.6071251130757639,-0.3364411538464572,-0.1255371683639593,-0.5502606108431066,-0.4211558031252794,0.0475725090909048,0.4801703897613444,-1.0823429993635068,-1.4762655069589303,2.217350812924385,-0.1099513511812154,0.527467910351935,0.2062222827571616,-2.766338550490941,-0.0583495088639214,-0.8873386018259303,-0.4755392287339215,-0.6570596548050135,0.9883437723078944,0.3755220111212373,-0.800233620100677,-0.07521740903111,-2.155231685111791,0.4454560773001136,-4.6998737351022095,-0.931781555482946,-0.8757663574622965,-0.9494157773500612,-0.7187564201879165,-0.4804784629940515,-0.2797913563860738,0.282644434390878,-1.633198481050174,-1.826121071173604,-0.9500609093338492,-0.2573793776088058,0.3946730967577025,-1.1661385393486865,1.125792380458656,1.6129670716367297
G7001,0,0,0.0003558417779141277,10.18730/JFNK0,FULL,Phaseolus,vulgaris,Phaseolus vulgaris,HND,COMALI NEAR SAN MARCOS - SAN MARCOS - CHOLUTECA,14.41,-88.94,0.3591811050669926,-0.4435092230593186,0.3859604233784113,-0.4086969739415668,0.5284725103547964,-0.5182821918702664,0.6331161916933961,1.1609554026705713,0.4383060758971118,-0.4857848181084257,-0.6630233502020273,-0.2768287559180501,-0.4479571220998433,-0.7250916881840593,-0.4620752591201768,0.5281350810001041,-0.6950773976531537,0.5730886963024862,0.859702164770968,-0.5196281741371581,-0.3349214914330489,0.5294843073751444,-0.3392998577166706,-0.996378483122617,-0.5404530036226333,-0.3070593246106268,-0.1207889326592303,-0.1099513511812154,-0.0117250783969826,0.2062222827571616,0.852809129175963,0.5264487574332383,0.5215635719592513,0.639658287287423,-0.4246420375889098,0.4572076702391878,0.9839395617826928,-0.4592827830277541,-0.7806143292726028,0.3611555972286729,0.7307954062524121,0.6092869882585715,-0.8294664602504677,0.3898436530991271,-0.4832633758642722,-0.3751923802875902,0.986937743747369,1.3991185121212246,0.9008297832668288,0.688806399207809,0.797230644268209,1.5296290900914076,1.5853589584842744,0.9398544745562368,0.9987587732843182,0.4834829319433041,-0.580140269276917
G20001,0,0,0.0010091454023402,10.18730/JMTMV,FULL,Phaseolus,vulgaris,Phaseolus vulgaris,USA,ACOMO PUEBLO - NEW MEXICO,34.9,-107.58,0.3591811050669926,-0.1194865715284944,0.3859604233784113,-0.5523348653943715,-1.4591695720475215,-1.0189041130581074,-0.3694433866501829,1.2366900525106834,-1.757511336826214,2.091125822494704,0.7943950538237766,0.7321985335682625,-1.6254808942121433,-1.419142164282836,-1.1383099190106238,-1.3910568078474268,-0.828547334499447,0.5390522795292084,-1.4874469887424702,-1.0713555822196363,-1.4452638258911588,-1.7943026294036697,2.110891798731307,2.612963206149289,-0.3778860049003713,1.7715294440085794,-0.395864196845538,8.092419446937457,-2.438093527767112,-1.1698836982734446,-1.329961194968393,-0.0462501113086233,-1.4125506547754358,-1.361978279930375,-0.3859057680528925,-0.0751077236302485,-1.0057502660561215,-0.684912013443659,2.103297485867432,-0.9992078223606602,0.3207933798746159,-1.010934539362501,-0.8294664602504677,-0.9194080819644146,-0.9631261420996432,-0.942819924470738,-1.0324423572729344,-1.0143144238580168,-0.6584735594202709,-0.6944831359092046,0.1982255006449535,0.4959935231771913,1.7362186858197222,2.255945400000712,1.5682242565215918,1.0187408907830586,1.6129670716367297
G23507,0,0,0.0239711045991318,10.18730/JXCFN,FULL,Phaseolus,vulgaris,Phaseolus vulgaris,MEX,"ROAD TO NEVADO DE COLIMA, 10 KM FROM EMPALME, JAL. - ATENQUIQUE - JALISCO",19.53,-103.58,-2.9470184280009937,0.978674108826822,0.3859604233784113,0.9587250160305152,0.4723508515575544,0.1552818475461017,-0.8322753594187,1.0049726899533764,0.4675836457627866,-0.3190844318047846,-0.6630233502020273,-0.2768287559180501,1.4360809132798364,1.819760057511456,1.837122584507343,1.213560755588508,1.0400317813486584,-0.8224043914019028,0.5663085205817883,2.041963363388634,2.255877288969208,1.480124417875568,-1.1130445913318214,-1.1604394689986126,0.8142719857295503,-1.3463537089202298,0.1542863315270773,-0.1099513511812154,1.875450382224229,0.2062222827571616,-1.0103120480511858,-1.623188880718852,0.1514141251186473,0.496684246771866,-0.5021145766609444,0.7155909108841382,1.0442331929293236,-0.4893666804165414,0.3327229774188187,0.2784769995507549,-0.7069819409347465,-0.7643790910284303,-0.4494389636726906,0.2698289107183025,-0.3598700931180341,-0.9577574914229262,-0.6420288710756757,0.7409095295814314,1.2237624282020267,0.3160715552544163,0.2872428428885515,0.9829008728671658,0.9660400778440148,0.5657986918539901,-0.2748012612381713,0.4834829319433041,0.1938976790757006
G18701B,0,0,0.0004960581824712885,10.18730/S3E0S,FULL,Phaseolus,vulgaris,Phaseolus vulgaris,BRA,"GINÁSIO ANCHIETA, ESTRADA QUE LIGA ANÁPOLIS - SILVÂNIA - SILVÂNIA - GOIAS",-16.61,-48.44,0.3591811050669926,-0.4661284410614839,0.3859604233784113,-0.5465352494588921,-0.2192316729959579,0.938072487948908,0.8326418203338568,0.2451192288128129,0.116252872815146,-0.5482974795324893,-0.1772172155267593,-0.2768287559180501,-0.9189666309447634,-1.9975175610318168,-2.220285374835339,-0.020205458670619,-1.2289571450383268,0.6071251130757639,-1.3520345375782332,-0.559037274714478,-0.6444714755850068,-1.1605425557367202,-1.3709595025368717,-0.5041955254946299,-1.2449099980857687,1.2518822518537778,-1.2210899894044611,-0.1099513511812154,-1.3597075502692766,1.582328263787768,0.8716120368532022,0.4941840562696497,0.7383177525415869,0.8684167521123143,-0.463378307124927,0.3186059445045525,0.6605464492689462,-0.6197302357679532,-0.1772025187298678,0.091646126156877,0.7529576565273028,0.4331759965221521,2.8392605259426875,0.3898436530991271,1.9708919143109105,0.535999203795884,-0.763191677136894,-1.0333929450910544,-0.999859498351766,0.433547446318813,0.5376262836215405,-0.2486037174296273,-0.4555481861042735,-0.8389510534183305,0.0677033409987395,-0.5870329857362047,-0.3221277223510561
G7803,0,0,0.0001981832045329265,10.18730/K2BXH,FULL,Phaseolus,vulgaris,Phaseolus vulgaris,MEX,PABELLÓN DE ARTEAGA - PABELLON DE ARTEAGA - AGUASCALIENTES,22.14,-102.27,0.3591811050669926,1.3985433429920149,0.3859604233784113,-0.5336980819479594,-1.2159757172594732,0.419246133263327,1.0312707414745208,0.8725622765073512,-1.5525684023002044,0.2226919230432379,-0.6630233502020273,-1.2858560454043628,-1.1544713853672233,-0.6094166088342632,-0.3268283271420874,1.213560755588508,-0.294667587114274,0.5050158627559306,-1.2166220864139965,-0.9531282804876768,-1.1222551467760722,-1.4774225925701947,1.7240194319237316,1.4645363050173188,-0.3236970053262839,-0.3070593246106268,-0.8084770931249995,-0.1099513511812154,-0.5509180671459002,-1.1698836982734446,-0.1298463057310077,-0.1753091852008896,-1.0924214034538324,-0.7805505151671098,-0.734532193877048,0.8952588187724267,-0.5234012168830755,-0.6899259963417902,1.870998026460933,0.0425411656056798,0.1628871485198643,-0.1562090039857323,-0.7271513650179893,-0.8321246329601785,-0.9631261420996432,-1.0175077592316786,-0.9112795512117162,-0.5182728717990424,-0.0126082695498745,0.1186771211982552,0.536916982089719,0.7502322101978277,1.0123566607978802,0.97728819848355,0.3581101046423854,0.0552764627791469,0.1938976790757006
G51056,1,1,0.9920484569646546,10.18730/JYSBE,FULL,Phaseolus,vulgaris,Phaseolus vulgaris,COL,"5 KM E TITIRIBI DESPUÉS DE LA FERRERIA, VEREDA LA CABAÑA - TITIRIBI - ANTIOQUIA",6.05,-75.8,0.3591811050669926,0.5828377937889301,-1.80637314900962,2.258458669042462,1.2937147120796888,-1.4285038667572505,-0.1506754914780439,-1.6066153259493603,1.8143515978219995,-0.8955900061990688,0.3085889191485086,0.2276848888251061,1.6715856677022964,1.819760057511456,1.972369516485432,0.6652202159177848,-0.828547334499447,0.436943029209375,0.3857585856961391,2.5148725703164723,1.044594742287633,1.480124417875568,-1.1130445913318214,-1.1604394689986126,0.3265709895627642,-0.9566183148041288,0.2918239636202311,-0.1099513511812154,1.875450382224229,0.2062222827571616,0.2462115398540099,-0.4898902138586825,2.127211848119168,0.7445059169988315,3.4489849160128183,-1.4502882154849022,1.3950325014188116,2.4387993320920907,-1.0525745902829926,1.2008269086988852,0.1296437731075259,0.2453241794427764,0.6175613151802988,1.6772745259116095,2.203968115053805,2.6720712779587825,2.521666620522799,0.9698517843778812,0.5040839623464425,0.9833695535681644,0.3361846485842349,0.356507365705462,-0.2798760036149691,-0.46714692328314,0.5365838883381251,-1.336394179158038,-1.6121908414491544
G13607,0,0,0.0002224549404912299,10.18730/JR6TB,FULL,Phaseolus,vulgaris,Phaseolus vulgaris,MEX,SAN JUAN ATISMANA - TIANGUISMANALCO - PUEBLA,18.95,-98.43,0.3591811050669926,0.927511860345782,0.3859604233784113,-0.5118160067989276,-1.1405622382506797,1.1747301234195238,1.0107577592284862,1.2522380812108256,-0.8499068127779518,-0.4232721898047584,-0.6630233502020273,-0.7813424006612064,-0.2124523676773833,-0.1467162914350786,0.2141594007702701,1.213560755588508,0.6396219708097787,-0.7543315578553472,0.4308960694175514,-0.5984463752917978,0.1226741373133236,0.0013509126526867,0.6923597871035305,0.6442313756373401,0.9768389844518124,-0.3070593246106268,-0.9460147252181532,-0.1099513511812154,0.2578714159774761,-1.1698836982734446,0.1382992689533042,-0.1995076726110226,-0.4304874827523921,-0.227717558506956,-0.6957959243410308,0.9343014485190504,-0.1342332340275498,-0.7801776885081522,1.406399290011485,0.5875688480631613,0.1795088098065474,-0.1350756773635122,-0.8586993446026043,-0.548453423696411,-0.9494157773500612,-0.7635691210444808,-0.184302714844407,0.5310457960180192,0.2918710813890265,0.3641100237194112,0.4599577658870865,0.7513826114965636,0.544559172963838,0.3904512481944718,-0.1179919252742844,-0.5870329857362047,-0.4511339189202276
G52614,1,1,0.9713020127673218,10.18730/K557T,FULL,Phaseolus,vulgaris,Phaseolus vulgaris,CRI,ZARCERO - ALFARO RUIZ - ALAJUELA,10.19,-84.4,0.3591811050669926,0.5053327321668866,0.3859604233784113,1.267441569256688,1.443372468872334,-0.4545666746281774,-0.515762241800865,-0.2022661898502021,2.077849693892844,-0.8261315008657529,-0.1772172155267593,0.7321985335682625,2.1425951765472164,3.207861009709009,2.1076164484635216,0.3910499460824232,-0.828547334499447,0.6071251130757639,2.033276741527687,1.8055087599247144,1.5425664559233914,2.219511170487009,-0.8551296801267712,-0.996378483122617,-0.5946420031967207,-0.8267065167654283,0.5668992278065389,-0.1099513511812154,2.6842398653476054,0.2062222827571616,-0.0554522224075571,-0.7197764211933312,2.355637407655937,2.14565151405129,-0.1922244203728061,0.0423650384404736,0.6605464492689462,0.5635697281910146,-0.7607838727484604,0.8096405293443181,-0.158465744660931,-0.0035794054079493,-0.7563842493701259,2.953794967598564,1.6966846193192695,0.4015611012261911,2.5755167565500074,2.372123095006136,1.6666414841131556,1.1471370596988288,1.0366199112579648,1.4887898439862828,1.4497175369765252,0.635881378003621,0.995148031995676,2.624514512071438,0.4519103797890794
G50553,0,0,0.0004318665283879869,10.18730/JTKV$,FULL,Phaseolus,vulgaris,Phaseolus vulgaris,CRI,"PRIMERO, DULCE NOMBRE - NICOYA - GUANACASTE",10.08,-85.49,0.3591811050669926,-1.292763279940309,0.3859604233784113,-0.593057124937493,0.5483489311788196,0.3919394830167175,1.3651209642676618,1.0099881460513476,0.9945798160909904,-0.6872144901991211,-0.6630233502020273,-0.7813424006612064,-0.9189666309447634,-0.3780664501346709,0.0789124687921807,-0.8427162681767036,-1.0954872081920335,0.6071251130757639,0.7694271973281435,-0.4802190735598382,-0.3349214914330489,0.6351109863196359,-0.726172224524246,-0.6682565113706256,-0.7572090019189827,0.7322350596989763,-0.1207889326592303,-0.1099513511812154,-0.5509180671459002,0.2062222827571616,1.7087493971996648,1.554887164743016,1.490288025177228,1.8120454195149904,-0.6957959243410308,0.65107109506715,-0.1780831475887358,1.7318277434555889,-0.6248038232937375,0.6483728516271429,1.2626898884005704,1.3442570294361718,-0.9463979976590144,3.0192575543517406,0.4079103328585593,-0.5843183176182236,1.72737711412148,2.2099556645253178,0.9469630182575712,1.363528524466147,0.7794981059726716,1.73296251964298,1.5876747876319677,0.6001363935016004,0.8553607621068163,2.089256553231684,0.0648911749314939
G432,0,0,0.0005058171437629592,10.18730/JZDY7,FULL,Phaseolus,vulgaris,Phaseolus vulgaris,TUR,GERMUS - URFA,37.13,38.77,0.3591811050669926,-0.0468621498285175,0.3859604233784113,-0.5469336205584524,-1.3966173065130958,2.221485049539555,-0.7423611476572554,0.2517409506963495,-0.4232856772031046,1.36863156951093,-0.1772172155267593,-0.7813424006612064,-1.1544713853672233,-0.1467162914350786,0.3494063327483596,-0.2943757285059805,0.5061520339634855,0.5390522795292084,-1.2391908282747026,-0.8349009787557171,-1.317406223741437,-1.4774225925701947,1.8529768875262569,2.7770241920252845,-0.7572090019189827,-0.3070593246106268,0.7044368598996927,-0.1099513511812154,-0.8205145615203591,-1.1698836982734446,0.0410147905114805,2.0791891355897256,-1.080750024499399,-1.1236882124044467,-0.7732684634130653,0.2686716515283209,-1.5867616207418358,0.2627307543031414,0.1344186283119842,-1.6542995867926662,-2.00347486996588,1.7387457781218334,0.1498351655461116,-0.9194080819644146,-0.4695530111146903,-0.3602548133354021,-0.776654211143696,-1.081089248173648,-1.073672674336954,-1.284264514654438,-0.2138786893433371,-0.5986133125700284,0.5395966819330668,1.5905820664355408,2.1774078939339288,-0.4799814960606078,-0.4511339189202276
G1729,0,0,0.0002869745921408573,10.18730/K0DEG,FULL,Phaseolus,vulgaris,Phaseolus vulgaris,SLV,SAN CRISTOBAL FRONTERA - CANDELARIA DE LA FRONTERA - SANTA ANA,14.18,-89.66,0.3591811050669926,-0.3757822230384773,0.3859604233784113,-0.5864747182073251,-0.4314416953230289,0.646801551985073,0.98826435787558,1.2281637388786553,0.1455304099605921,-0.6524852375324631,-0.6630233502020273,-0.7813424006612064,-0.2124523676773833,-0.2623913707848747,-0.191581395163998,0.6652202159177848,-0.5616074608068605,-0.1757124727096249,0.2503461345319023,-0.4802190735598382,-0.4627790935827706,0.1069775915971782,-0.3392998577166706,-0.5041955254946299,0.5975159874332009,-0.3070593246106268,-0.2583265647523842,-0.1099513511812154,0.2578714159774761,0.2062222827571616,1.2157866492958809,0.8571622905230599,0.4448659388301171,0.6873163007926087,-0.7732684634130653,0.8309970915582041,-0.600138565615151,-0.7400658253231024,-0.6899608909245903,0.7613841980356458,0.9662694871498,0.8253164995219867,-0.9756308820111512,0.5316792577310109,-0.8260224946038229,-0.3602548133354021,0.5561366555297043,1.351422209038631,1.1591758992149872,1.1432066395516929,0.8639049882594299,1.6469700225624706,1.5949531078104322,0.8162950399390162,0.9079744208841732,0.3764311870368224,-0.8381529699902952
G24600A,0,0,0.0010562268921647,10.18730/S6MXS,FULL,Phaseolus,vulgaris,Phaseolus vulgaris,MEX,"AMATENANGO DEL VALLE, COLONIA BENITO JUÁREZ - AMATENANGO DEL VALLE - CHIAPAS",16.47,-92.44,0.3591811050669926,0.780755951307876,-1.80637314900962,0.7233283810175045,0.7570513498310629,0.2098951480393207,0.2690757521561969,0.7346351292118982,0.0284201741248644,-0.6385935497139584,-0.6630233502020273,-0.2768287559180501,0.0230523867450766,0.2003089466143097,0.484653264726449,0.3910499460824232,0.6396219708097787,-0.788367974628625,1.220802034542266,-0.0861280677866394,0.4793295538362316,0.9519910231531106,-0.4682573133191957,-0.996378483122617,1.0310279840258996,-0.047235728533226,-0.5334018289386918,-0.1099513511812154,0.527467910351935,0.2062222827571616,0.0500074726064619,-0.401162131808578,-0.0486666569573547,0.277457384648012,-0.5795871157329789,0.6736643375890412,0.4741843166339058,-0.7450798082212337,-0.0043944863065424,0.4340424813498911,0.1213329424641855,-0.1796904643253974,-0.9025486711308094,-0.12294660980076,-0.7163395766071667,-0.5395056167616593,0.3945862474480799,1.0366266086935123,0.1996046114075413,0.4289619561471544,0.0666500664920655,0.7999870663681559,0.4122260788099364,0.218199826814656,-0.2949182484177489,0.3764311870368224,-0.1931213719943667
G13867,0,0,0.00026111447836779054,10.18730/JR73M,FULL,Phaseolus,vulgaris,Phaseolus vulgaris,MEX,SAN MARTIN TLAPALA - ATLIXCO - PUEBLA,18.97,-98.43,0.3591811050669926,1.140219837005463,0.3859604233784113,-0.522573016404285,-1.1551772535624611,1.1838323401683934,0.7152803231419198,1.223148282780684,-0.7620741140876701,-0.3885429371381005,-1.1488294848772953,-0.7813424006612064,-0.6834618765223034,-0.6094166088342632,-0.4620752591201768,1.3506458905061889,-0.294667587114274,-0.1416760559363472,0.7694271973281435,-0.7166736770237575,0.4591415113915387,0.4238576284306529,0.8213172427060557,0.6442313756373401,0.4349489887109389,-0.4369711226493272,-0.8084770931249995,-0.1099513511812154,-0.0117250783969826,-1.1698836982734446,-0.0562697386072615,-0.4334269483598423,-0.3888039864865583,-0.1800595450017704,-0.6570596548050135,0.925503979122672,-0.0849020812712156,-0.7751637056100209,1.5027186020272782,0.5632602985137315,0.0160621215610164,-0.2783126067094592,-0.8586993446026043,-0.526632561445352,-0.9494157773500612,-0.7486315540922928,-0.1439151128240009,0.5787420991006128,0.3749109043723632,0.3704423672897969,0.4429345291233705,0.745918205327568,0.5250400415761375,0.3206500186157229,-0.166994842762999,-0.3729298787695683,-0.1931213719943667
G24309,0,0,0.0098104250170657,10.18730/JY5A2,FULL,Phaseolus,vulgaris,Phaseolus vulgaris,CHN,QINGDAO - QINGDAO - SHANDONG,36.07,120.34,0.3591811050669926,-1.6281907659227242,0.3859604233784113,-0.5917175122177106,-0.457748722884236,-0.8368597780807107,0.411351932781627,0.2271153280712469,-0.6694438964977119,0.2043705365287093,0.7943950538237766,1.2367121783114188,-0.4479571220998433,-0.9564418468836516,-1.1383099190106238,-1.5281419427651075,0.2392121602708989,0.6071251130757639,1.830158064781332,-0.4802190735598382,-0.7655997302531642,0.9519910231531106,0.6923597871035305,0.3161094038853487,-0.648831002770808,0.7322350596989763,0.7044368598996927,-0.1099513511812154,-0.8205145615203591,-1.1698836982734446,-0.9391880548650152,0.6837394640749238,-0.6822558001980281,-0.3897548044245874,-0.2696969594448407,0.4305892561122795,0.457740599048461,-0.6648560818511341,-1.7551385551165282,-2.2143516731068487,0.9025530308192288,-2.271889547996344,-0.7856171337222626,-0.6793785972027653,-0.7163395766071667,-0.5544431837138475,-0.4535533949804475,-0.30840913823563,0.3656842573742146,-0.9556377190189044,-0.511076031176545,-0.3725594573684217,0.3559845137945281,0.7380501132338058,-0.0442296389491665,2.517463022395841,2.903030575203621
G307,1,1,0.9910520496662968,10.18730/JZAA2,FULL,Phaseolus,vulgaris,Phaseolus vulgaris,TUR,YENICE - CANAKKALE,39.92,27.27,0.3591811050669926,-0.821215289565333,0.3859604233784113,-0.5997681401702055,-0.0496974953792896,0.0460552465596636,-0.7303814220651074,-0.1303490833665624,0.2125416963640364,0.8298952577706898,0.7943950538237766,0.7321985335682625,0.7295666500124566,1.241384660762475,0.2141594007702701,-1.1168865380120652,0.6396219708097787,0.5390522795292084,0.363189843835433,0.3473720385638791,1.132076259547969,0.4238576284306529,0.0475725090909048,0.152048418009353,-0.1069410070299345,0.0826760695054743,1.117049756179154,-0.1099513511812154,0.527467910351935,0.2062222827571616,-0.8010276862806945,0.3247942597731265,-0.6422396437828277,-0.6852344881567385,-0.2696969594448407,-0.4381891826473816,-1.3126996609844233,0.6839053177461639,-0.2905192499671,-1.4333644060591426,-1.8760417789732056,0.7642647093569616,0.5298626621238887,-0.5811847170729996,0.1474134026165008,-0.1959415768613329,-0.5881787350484677,-0.8712255146102357,-0.9537262633610234,-1.560267351653318,-1.0182266264289166,-1.0285757979725751,0.1339957483513582,1.1427846621621962,1.0524040724298585,0.5905344216189015,0.5809165763582509
G23722A,0,0,0.0120856024024458,10.18730/S4WG~,FULL,Phaseolus,vulgaris,Phaseolus vulgaris,PER,VAQUERIA - SANCHEZ CARRION - LA LIBERTAD,-7.75,-77.97,0.3591811050669926,1.6813448183117328,-1.80637314900962,1.1059552866988966,0.9353545366348004,-0.6821220933499235,-0.2132233481803165,-0.5413161113815205,-0.352188157781708,-0.770564716471338,1.7660073231743127,1.2367121783114188,0.4940618955899966,0.0846338672645136,-0.0563344631859086,-0.9798014030943843,1.0400317813486584,0.4029066124360972,-1.126347118971172,0.1109174350999599,-0.1464997619492484,-0.738035839958754,-0.0813849465116203,-0.0120125678666426,0.2181929904145895,0.9920586557763772,-0.1207889326592303,-0.1099513511812154,-0.5509180671459002,0.2062222827571616,-1.089611211030857,-2.115226150401968,-0.3071043338055241,-0.4183496125276987,-0.3084332289808579,-0.2082214444128429,0.0082789850463046,-0.6598420989530029,0.9304688805227472,1.1944924183294034,-0.997861779616794,-0.7761198379935195,0.6321777573563672,-0.0793048852986419,0.1748341321156649,0.386623534274003,-0.6824164730960819,-0.9856966420084606,-0.962952910359172,0.1691175130864999,-0.2032391663660146,-0.8496883960191409,-1.5145437720708714,-1.1009871209095208,-1.1357051484872742,0.6975861665253832,1.354954370923351
G20348,0,0,0.0150500059187641,10.18730/JNBRM,FULL,Phaseolus,vulgaris,Phaseolus vulgaris,MKD,MAMUTCEVO - LOZOVO,41.79,21.84,0.3591811050669926,-1.1701516013788775,0.3859604233784113,-0.5855952875719266,-0.6103294827392376,0.364632832770108,-2.0805086712785754,-0.4468105237704775,-0.1986846136860117,2.3990673866224395,0.3085889191485086,-0.2768287559180501,-0.9189666309447634,-0.493741529484467,-0.3268283271420874,-0.8427162681767036,-0.4281375239605672,0.6071251130757639,-0.6975410236177554,-0.7166736770237575,-0.7319529928453428,-0.8436625189032455,1.337147065116156,1.4645363050173188,-0.9197760006412448,-0.5668829206880276,1.3921250203654618,-0.1099513511812154,-0.8205145615203591,-1.1698836982734446,-1.0217573172402503,0.2844632679309646,-1.0874193839019324,-1.4191678961365977,0.233874544523384,-1.7127910199778598,-1.0057502660561215,-0.3941010053520483,-0.2168635280255845,-1.5790550084997257,-0.2831285609741159,-1.865660112528599,-0.5956033854333741,-0.7230203217048833,-0.4558426463651082,-0.494692915905095,-0.5343285990212596,-0.6899795628963796,-0.750740029401756,-1.7690163328012052,-1.770086250159705,-1.3360205450597475,-0.3867349771442447,0.5013451371220002,-0.4181992724156732,-0.5870329857362047,-0.3221277223510561
G20051,0,0,0.0690613986915569,10.18730/JMW1=,FULL,Phaseolus,vulgaris,Phaseolus vulgaris,MKD,N OF KOCHANI VALLEY - KOCHANI - KOCANI,41.93,22.42,0.3591811050669926,-1.2408366576356442,0.3859604233784113,-0.5952135286794864,-0.3659664267262467,-0.2634201229019108,-1.99735979985692,-0.6425135071845968,-0.0895340138929968,2.386868969183156,0.7943950538237766,0.2276848888251061,-0.6834618765223034,-0.6094166088342632,-0.4620752591201768,-1.1168865380120652,-0.1611976502679807,0.6071251130757639,-0.6749722817570493,-0.6772645764464376,-0.4358617036565134,-0.738035839958754,1.0792321539111058,0.9723533473893315,-0.8655870010671574,-0.047235728533226,1.117049756179154,-0.1099513511812154,-0.8205145615203591,-1.1698836982734446,-1.0781659699821022,0.2199338656037849,-1.0323971688310318,-1.371509882631412,0.233874544523384,-1.7363561343137022,-0.9180504389337496,-0.3590031250651297,-0.5086540838813136,-1.6673260933441885,-0.3579262084908496,-1.9173193422810595,-0.5956033854333741,-0.7448411839559423,-0.4421322816155262,-0.4797553489529069,-0.4670159289872495,-0.642283259813786,-0.6953801474128649,-1.8032983307512245,-1.8417257048736764,-1.4153982346725251,-0.5134439147966056,0.2753355107037126,-0.7297546636070801,-0.4799814960606078,-0.3221277223510561
G22597,1,1,0.986012592089668,10.18730/JW6X3,FULL,Phaseolus,vulgaris,Phaseolus vulgaris,COD,"28 KM N BUTEMBO, NORD-KIVU, MUTWANGA/KALUNGITA - BATANGITUHA - KIVU DEL NORTE",0.33,29.74,0.3591811050669926,0.2011384900023912,0.3859604233784113,0.1445029801190825,1.750872391032222,-1.319277265770812,-0.4100469896256367,-1.8557406044076536,1.247764893568555,-0.935898835186424,0.7943950538237766,0.7321985335682625,0.7295666500124566,-0.2623913707848747,-0.3268283271420874,-0.020205458670619,-0.828547334499447,0.6071251130757639,-0.3815786375678694,0.1503265356772798,0.2370730444999167,0.0013509126526867,-0.9840871357292964,-1.1604394689986126,-1.1365319989375942,0.2125878675441747,-0.2583265647523842,-0.1099513511812154,-0.0117250783969826,1.582328263787768,0.8323712280815613,0.3368935804033086,0.3331541688376826,-0.437412817929773,1.6671165173560236,-1.4528865368432635,0.1946411176813451,0.8393387875882317,-0.4208337491116511,1.0791082916015875,0.54241606755994,0.7219981232935506,-0.0547950249188452,0.3898436530991271,0.6272761688518717,1.1633770157877843,0.448436383475288,-0.346566180701705,-0.3447675614832212,0.4468672034841071,0.0336675452623658,-0.3785990641867853,-0.921691510261392,-0.7941994586480843,-0.3150352355973265,-0.3729298787695683,-0.580140269276917
G13625,0,0,0.0002542948591297678,10.18730/JR8DS,FULL,Phaseolus,vulgaris,Phaseolus vulgaris,MEX,CARR. IGUALA-CHILPANCINGO - CALTITLAN - GUERRERO,17.55,-98.59,0.3591811050669926,0.3417280069382797,0.3859604233784113,-0.5873457374427545,-1.1867456866359098,1.1383212564240444,1.4588679476781614,1.4292867044419066,-0.9962946730130688,-0.2496259264714687,-0.6630233502020273,-0.7813424006612064,-0.4479571220998433,-0.2623913707848747,0.0789124687921807,0.6652202159177848,2.775140960350471,-1.9796425616933475,1.0402520996566171,-0.4802190735598382,-0.6915769079559569,0.0013509126526867,0.9502746983085808,0.4801703897613444,1.8980519772112967,0.2125878675441747,-0.9460147252181532,-0.1099513511812154,-0.0117250783969826,-1.1698836982734446,1.2705603321317367,1.2846700809538811,-0.3704632481295914,-0.1038067233934733,-0.6183233852689962,1.0268653674278103,-0.2931891706868491,-0.7500937911193648,0.7859900881084079,0.3442775938723904,1.0964727999829906,0.7008647854744913,-0.8733157867786727,-0.3084239389347617,-0.9494157773500612,-0.8681320897097976,-0.3862407249464373,0.4642709717023879,0.6424836673186702,0.4289619561471544,0.445062433718835,0.7789922426662255,0.2471405438529441,0.0752198888065737,-0.1711214042357329,-0.6940846030272442,-0.8381529699902952
G51643,1,1,0.9937327615483468,10.18730/K46M9,FULL,Phaseolus,vulgaris,Phaseolus vulgaris,COL,"10 KM E MACHETÁ VÍA GUATEQUE, VEREDA BELÉN, QUEBRADA TOCOLA - TIBIRITA - CUNDINAMARCA",5.08,-73.55,-2.9470184280009937,0.6393858387943432,-2.902539935203636,2.7771494294272,1.4860483135827367,-0.8732686450761901,-0.237435362889897,-0.4871484584793651,0.0576977112703105,-0.8747524579111137,1.7660073231743127,1.7412258230545752,1.4360809132798364,0.5473341846636982,0.3494063327483596,-0.7056311332590228,-0.4281375239605672,0.6071251130757639,-0.2010287026822204,0.6232357426051183,2.114560991856357,0.5294843073751444,-0.8551296801267712,-0.5041955254946299,-0.7030200023448953,0.4724114636215755,0.1542863315270773,-0.1099513511812154,0.2578714159774761,1.582328263787768,0.1742700441119216,-0.4898902523212396,1.3318907393670598,0.7921639305040172,0.1951382749873667,-0.7235096613435946,0.1946411176813451,2.1881001871855297,-0.9392577923479768,0.8684072513101463,0.0770083626559434,0.2124501282491422,-0.6102198276094425,1.3499615921457244,1.2442425825830628,1.402378087022794,2.5889792905568094,1.3705007302716683,0.4487240803575513,0.8748462861722439,0.186167374603988,0.2210476127793084,-0.6877927663443709,-0.9053748041464948,0.1569402328466094,-1.4434457964490774,-1.6121908414491544
G4774,0,0,0.0027640139979403,10.18730/JH21G,FULL,Phaseolus,vulgaris,Phaseolus vulgaris,MEX,MEDELLÍN DE BRAVO - MEDELLIN DE BRAVO - VERACRUZ,19.06,-96.15,0.3591811050669926,-0.8043673717981074,0.3859604233784113,-0.6144378371783747,-0.5699920404787199,-0.2998289898973902,0.2222581336293379,0.5480576368458757,0.7896368597514953,-0.1384922914418462,-0.1772172155267593,-0.2768287559180501,0.2585571411675366,-0.1467162914350786,-0.3268283271420874,0.9393904857531464,-0.9620172713457402,0.6071251130757639,0.1149336833676655,-0.5196281741371581,-0.2945454065436631,0.0013509126526867,0.5634023315010054,0.3161094038853487,-0.5404530036226333,-0.6967947187267279,-0.2583265647523842,-0.1099513511812154,0.2578714159774761,-1.1698836982734446,1.479844674167465,1.5387548141612208,0.5015554937516511,0.9446695737206112,-0.2696969594448407,0.932661825149458,1.4334011757848495,-0.5595624409903786,-0.2565243178096124,-0.0875581670208268,1.434447512967387,0.9896868898522132,-0.6686855963137158,0.1498141683374778,-0.33244936361887,-0.8531945227576094,-0.5477911330280616,1.1320192148586998,1.4359753091594427,-0.2922701408522924,-0.02591378341064,-0.1473684031408671,-0.2567177121380363,-0.1046308599870573,-0.2737696208699878,1.5539988496228132,1.99998596891928
G880,0,0,0.0002887549842557915,10.18730/JZTM6,FULL,Phaseolus,vulgaris,Phaseolus vulgaris,MEX,PACHUCA - PACHUCA - HIDALGO,20.12,-98.73,0.3591811050669926,-0.3219309262976804,0.3859604233784113,-0.3874743100000062,-0.775771456068607,0.2463040150348001,-0.1783995345438856,0.3619812309039239,-1.113404821594853,-0.3190844318047846,0.3085889191485086,-0.7813424006612064,-0.6834618765223034,-0.1467162914350786,0.2141594007702701,0.2539648111647425,1.306971655041245,-0.1076396391630694,-1.329465795717527,-0.7166736770237575,-1.2770301388520513,-1.4774225925701947,1.5950619763212064,1.1364143332653274,0.2181929904145895,0.4724114636215755,-0.5334018289386918,-0.1099513511812154,-0.5509180671459002,-1.1698836982734446,-0.5909258477800252,-1.1311517456546858,-1.0924214034538324,-1.0950934043013352,-0.5795871157329789,0.1219017769037,-0.687838392737523,-0.7450798082212337,1.1231073492075951,0.5163900020455922,-0.3800884983949695,-0.7009791279570262,-0.8294664602504677,-0.8975872197133555,-0.9768365068492252,-0.6141934515225999,-0.4535533949804475,-0.3370269200851862,-0.3263142674869241,0.4128035622089289,0.5918878508058852,0.9081247884493316,0.9858900419671,0.7509971154943802,0.2260601375149017,0.0552764627791469,0.3229038756448727
G19102,0,0,0.0003216911239225654,10.18730/JMH4K,FULL,Phaseolus,vulgaris,Phaseolus vulgaris,MEX,AMECAMECA - AMECAMECA - MEXICO,19.12,-98.78,0.3591811050669926,1.6501821432661032,0.3859604233784113,-0.0085652663302544,-0.1864940386975668,1.2657522909082222,0.2393708338759064,1.083716536921317,-0.5571310923077175,-0.3885429371381005,-1.1488294848772953,-0.7813424006612064,-0.4479571220998433,-0.2623913707848747,-0.191581395163998,0.8023053508354656,-0.294667587114274,0.6071251130757639,0.8822709066316742,-0.5196281741371581,1.0042186573982472,0.7407376652641275,0.3054874202959551,0.3161094038853487,-1.0281539997894191,-0.4369711226493272,-0.395864196845538,-0.1099513511812154,0.2578714159774761,-1.1698836982734446,-0.4568530740816564,-0.8851331877382411,-0.3021023142536241,-0.1228699287955476,-0.5795871157329789,0.7926216957263819,-0.0684583636857708,-0.7149959108324463,1.4687236031720088,0.5579403480294715,-0.3856290609636928,-0.5248681026300925,-0.7856171337222626,-0.4829908369432339,-0.9494157773500612,-0.6141934515225999,-0.1439151128240009,0.5215065354015004,0.5778971383316306,0.4088731420617929,0.4117252617232246,0.8241454936416099,0.6411623316961862,0.4107161212979795,-0.2892442263927398,-0.0517750268964503,0.1938976790757006
G607,1,1,0.9212641632242936,10.18730/JZK5T,FULL,Phaseolus,vulgaris,Phaseolus vulgaris,TUR,SELDEGIAMEN - GIRESUN,40.25,38.42,0.3591811050669926,-0.6473771963280555,0.3859604233784113,-0.599908052676008,-0.750049029119871,0.983583571693257,-0.9012509174270992,0.0919397215378189,0.0868675638917149,1.1456037530230154,0.7943950538237766,0.7321985335682625,-0.2124523676773833,-0.1467162914350786,0.2141594007702701,-0.020205458670619,0.2392121602708989,0.4029066124360972,-0.8780909585034045,-0.5196281741371581,-0.1128530245414269,-0.738035839958754,1.208189609513631,1.9567192626453056,-0.2695080057521966,-1.606177304997631,1.804737916644924,-0.1099513511812154,-0.0117250783969826,-1.1698836982734446,-1.2531146010535177,-0.0220516238984886,-0.8673305236183301,-1.219004239414818,-0.2696969594448407,-1.0438794467989698,-1.32366213937472,-0.0130383050940756,-0.3500105916784291,-1.631638650369854,-1.346917564899664,0.5623240451855659,-0.1571101201513236,-0.6357368727006472,-0.2090560808726318,-0.06150347429164,-0.2785404528920212,-0.6804403022798609,-0.9260463223665778,-1.5633243451010903,-0.9997847866015576,-1.17208835998988,-0.148204574931837,0.7467752669311494,0.7759244537566894,-1.0152394549003625,-0.9671593203469846
G4722,0,0,0.005929395721421,10.18730/JH3BN,FULL,Phaseolus,vulgaris,Phaseolus vulgaris,PER,"JUANJUI, ALTO HUALLAGA - MARISCAL CACERES - SAN MARTIN",-7.19,-76.75,0.3591811050669926,-1.2408366576356442,0.3859604233784113,-0.5926161139687524,0.1613433257228388,-0.2998289898973902,1.6501362047131998,-1.3819194871327811,-0.0301349437929994,-0.8400232052444557,0.3085889191485086,-0.2768287559180501,-0.4479571220998433,-1.1877920055832438,-1.4088037829668023,-0.020205458670619,-1.0954872081920335,0.436943029209375,-0.5169910887321063,0.2685538374092394,0.263990434426174,0.0013509126526867,-0.9840871357292964,-0.5041955254946299,-0.2695080057521966,0.6023232616602759,-0.5334018289386918,-0.1099513511812154,-0.8205145615203591,0.2062222827571616,1.7177420714981944,1.369364863814469,0.7566584908985537,-0.0370855044862134,2.2868968299323003,-1.408879444456514,0.6057340573174638,0.663849386153639,-0.2876862785179022,1.0278523157092054,1.354109289672189,1.2315459391885466,0.7637257369409822,0.618962706735247,1.120849299836825,1.3276902522618534,0.5830617235433082,-0.2511735745365175,-0.3170876204887756,-0.0114634570069128,0.0340221960282766,-1.2434132405115066,-1.9032722361479573,-1.554132200029624,-0.8685102931277563,-1.0152394549003625,-1.0961655169161562
G710A,1,1,0.992704737447069,10.18730/JSC1J,FULL,Phaseolus,vulgaris,Phaseolus vulgaris,TUR,KAMERA - TRABZON,41.0,39.72,0.3591811050669926,-1.174643307677312,0.3859604233784113,-0.4181347601849018,-0.0263134708804388,-0.9733930293137584,-1.8418484866224032,-1.6542125672956718,1.2361763057159347,1.832794699135748,1.2802011884990447,0.7321985335682625,0.2585571411675366,-0.0310412120852824,-0.0563344631859086,-0.8427162681767036,0.7730919076560719,0.6071251130757639,0.4534648112782575,0.1503265356772798,-0.0051834648363981,0.3182309494861614,1.0792321539111058,1.300475319141323,-0.3236970053262839,-0.3070593246106268,1.117049756179154,-0.1099513511812154,-0.0117250783969826,-1.1698836982734446,-0.6440644572851104,0.1594375701533325,-0.2854289157472905,-0.7328925016619242,1.202281282923816,-1.5065348741274225,-0.5946573264200028,0.2176049082199604,-1.8486248289853424,-1.8091314693991405,-0.9729292876867704,0.3298574859316582,0.2229173764264533,0.1061724438353597,0.3256481443610671,-0.1660664429569568,-0.3727781909396353,-0.4419587868668924,-0.6031136774313797,-1.6229357173326524,-1.4835284313038195,-1.4407070632447154,-0.7585909717167083,0.1106834167377123,-1.1976035705782822,0.0552764627791469,-0.0641150216376775
G20625,0,0,0.00719528162405,10.18730/JN0Z8,FULL,Phaseolus,vulgaris,Phaseolus vulgaris,IND,NAGAR - HIMACHAL PRADESH,32.12,77.17,0.3591811050669926,-0.463956676306291,0.3859604233784113,-0.4739246413573715,-0.7377724162579744,0.0915663303040128,0.2390916468296099,-0.0058279133484074,-0.59387669042166,0.5063122419616997,1.7660073231743127,2.245739467797732,1.4360809132798364,0.5473341846636982,-0.4620752591201768,-1.802312212600469,0.7730919076560719,-0.1416760559363472,2.213826676413336,0.741463044337078,2.0809142544485355,1.6913777757645514,-0.2103424021141454,-0.3401345396186341,0.3807599891368515,0.6023232616602759,0.9795121240860004,-0.1099513511812154,0.527467910351935,0.2062222827571616,-0.5516850180554276,-0.0059191963915774,0.458204657635184,0.5348106575760146,0.1176657359153321,-0.4923900797617101,1.488213567736332,0.4933739676171775,0.0975906943113752,-1.1729936706570585,0.4094424338131577,-0.7996012647426701,0.6175613151802988,-0.7121098905793538,-0.7848914003550768,0.3567484003696268,0.0984104992984354,-0.1653202289878489,1.2606690161946208,-0.7569331449136981,0.3386672039456102,-0.2319228985979566,0.949498441074777,1.3775194422778274,0.5298782259449326,-1.2293425618669986,-1.3541782176295345
G50551,0,0,0.0006238973230738438,10.18730/JTKKT,FULL,Phaseolus,vulgaris,Phaseolus vulgaris,CRI,"LOS ANGELES, LOS ANGELES - TILARAN - GUANACASTE",10.48,-85.03,0.3591811050669926,-1.4104807926518836,0.3859604233784113,-0.5866054275901021,0.2051883716581841,1.0290946554376064,0.6858746114332795,0.8334411832264954,1.2288003313894176,-0.73583546380468,-0.6630233502020273,-1.2858560454043628,-0.2124523676773833,1.0100345020628827,1.7018756525292535,-0.020205458670619,-1.0954872081920335,0.1646516950231528,0.7242897136067312,-0.4802190735598382,-0.025371507281091,0.6351109863196359,0.0475725090909048,-0.1760735537426384,-0.0527520074558472,0.3424996655828751,-0.2583265647523842,-0.1099513511812154,0.2578714159774761,0.2062222827571616,1.4177133338395884,1.1515779386474465,1.513630783086095,1.7453242006077303,-0.5021145766609444,0.3612257395266391,0.3316720975600513,1.6415760512892268,-1.0270782735994817,0.6482890518934491,1.0410672271347343,1.1141385367186798,-0.7856171337222626,2.495556860326323,0.7643798163476919,0.102809762182429,2.2793410084003627,2.009631191578424,0.7439767842983039,1.2840466948240643,0.8912130972345575,1.810902207632338,1.6376305306750656,0.6609310128121236,1.107596832127674,1.8751535738804888,-0.0641150216376775
G51616,1,1,0.9993441831905427,10.18730/K466*,FULL,Phaseolus,vulgaris,Phaseolus vulgaris,CHN,FUJIAN SHAOWU - SHAOWU - FUJIAN,27.34,117.47,0.3591811050669926,-1.3723108622732296,0.3859604233784113,-0.5123562261671384,0.4483822264462324,-0.5182821918702664,-0.2089228123620509,-1.0798049584786775,1.3225566619237217,-0.5380944453475582,0.3085889191485086,0.7321985335682625,0.0230523867450766,-1.1877920055832438,-1.94979151087916,-0.5685459983413421,0.3726820971171922,0.6071251130757639,1.852726806642038,-0.5984463752917978,-0.5233432209168494,0.8463643442086191,-0.726172224524246,-1.1604394689986126,-1.2449099980857687,-0.3070593246106268,0.9795121240860004,-0.1099513511812154,-0.0117250783969826,1.582328263787768,0.123583983205949,1.3975965350264463,1.1118018790834576,1.211554449349651,1.0085999352437296,-0.2557278067864534,1.581394634053852,0.2777727029975351,-0.8995970346464278,-1.698865251111333,0.6172137547059015,-0.3745866489665914,0.0475200703136332,-0.4829908369432339,-0.305028634119706,2.627258577102218,2.7639922326452355,1.971474149112349,0.2088312584056898,-0.9167702308972268,-0.5341283309607437,-1.470042296362481,-1.1747785528307289,-0.7218651199313969,0.2889901999740931,-0.5870329857362047,-0.4511339189202276
G14659,0,0,0.0021745086397859,10.18730/JHQQ7,FULL,Phaseolus,vulgaris,Phaseolus vulgaris,ECU,SAN PEDRO DE LA BENDITA - CATAMAYO - LOJA,-3.94,-79.43,0.3591811050669926,-0.0231210270872968,0.3859604233784113,0.5460280724928143,0.8874172864121562,-0.9096775120716694,0.7066493994295114,0.4968989897441626,-0.7620741140876701,-0.9650485198124836,0.7943950538237766,0.2276848888251061,-0.2124523676773833,-0.7250916881840593,-0.4620752591201768,-0.1572905935882998,-0.4281375239605672,0.4029066124360972,-0.8555222166426983,-0.2043553695185991,-0.6646595180296997,-0.738035839958754,0.0475725090909048,0.152048418009353,-0.2153190061781092,0.2125878675441747,-0.1207889326592303,-0.1099513511812154,-0.5509180671459002,0.2062222827571616,0.4718462448660859,-0.2277392284353284,-0.6188968858739607,-0.1133383260945104,-0.5408508461969617,0.6853602890540113,-1.192112398691162,-0.6949399792399215,0.3525534339429605,1.228355104908572,0.2930905406115157,0.3815167188332287,0.1790680498982483,-0.8757663574622965,-0.7163395766071667,0.8198129758874579,-0.6016412690552697,-0.9475395995423856,-1.018312792348063,0.2481626293789007,0.5191844437941816,-0.692946219066373,-0.8737207636306027,-1.2017485732852953,-1.0640061428985232,-0.1588267718029321,0.4519103797890794
G6406,1,1,0.9478950580603912,10.18730/JG011,FULL,Phaseolus,vulgaris,Phaseolus vulgaris,ECU,25 KM S CAÑI - PALLATANGA - CHIMBORAZO,-1.99,-78.96,0.3591811050669926,0.4103662565224199,0.3859604233784113,3.1871455940084545,1.7777640192059003,-1.0735174135513266,-0.2614234287783202,-0.0252179492738928,0.3211958073411554,-0.9581026676231325,1.2802011884990447,1.2367121783114188,1.2005761588573765,1.357059740112271,1.5666287205511642,-0.5685459983413421,0.2392121602708989,0.5390522795292084,-0.1784599608215142,1.1355540501102768,0.7148567156909822,0.4238576284306529,0.6923597871035305,0.4801703897613444,0.1098149912664148,0.8621468577376766,-0.5334018289386918,-0.1099513511812154,0.2578714159774761,0.2062222827571616,-0.0382843783155267,-0.8448022728211945,0.0830531912426799,0.0868253306272693,0.1176657359153321,-0.0285797336776377,1.110008063271103,-0.3289192276763424,-0.6503000859435992,0.9095445465851112,-0.1002897980601103,0.0152057315126359,1.260684770927306,-0.7448411839559423,-0.6066566586105105,1.716066993018744,0.1926482373460496,-0.565969174881636,-0.8430064993832411,-0.350571373034809,0.3443416162001822,-1.2399620366152988,-1.5105737792462544,-1.2538180388984748,-1.0010760804393315,-0.4799814960606078,-0.0641150216376775
G2670,0,0,0.0003722192868188433,10.18730/K19AM,FULL,Phaseolus,vulgaris,Phaseolus vulgaris,MEX,HUAMANTLA - HUAMANTLA - TLAXCALA,19.32,-97.95,0.3591811050669926,1.873546921037485,0.3859604233784113,-0.3613123947243262,-0.6074064796768812,0.8470503204602094,0.3166030740755611,-0.0648405116335918,-0.9962946730130688,-0.277409302108478,-1.1488294848772953,-0.7813424006612064,-0.6834618765223034,-0.493741529484467,-0.5973221910982662,0.9393904857531464,1.0400317813486584,0.6071251130757639,0.8371334229102618,-0.7560827776010773,0.5802697660596962,0.3182309494861614,0.5634023315010054,0.152048418009353,-0.5404530036226333,-0.1771475265719264,-0.6709394610318457,-0.1099513511812154,-0.0117250783969826,-1.1698836982734446,-0.7993926648450419,-1.3489387092842662,-0.6772537806461281,-0.6185132692494786,-0.5021145766609444,0.260429496374945,-0.1890456259790323,-0.7400658253231024,1.5962049535694616,0.4868206350555074,-0.5823191642507911,-0.844216104889536,-0.8294664602504677,-0.5920951481985292,-0.908284683101315,-0.4200050811441545,-0.0766024427899908,0.1399361107407508,-0.0495148575424686,0.2977295945677818,0.323417221011448,0.5819860202577006,0.3503603572929873,0.3302195420257127,-0.3031713713632166,-0.0517750268964503,0.1938976790757006
G51286D,1,1,0.9926339219333182,10.18730/S3SXU,FULL,Phaseolus,vulgaris,Phaseolus vulgaris,COL,"17 KM NE LIBORINA, CORREGIMIENTO LA MERCED DEL PLAYÓN - LIBORINA - ANTIOQUIA",6.76,-75.75,0.3591811050669926,0.9928111200781754,-1.80637314900962,2.884309811603261,2.0308960844059603,-1.5013216007482089,-0.1246696056612961,-0.9791722782548224,1.4630208903148163,-0.8539149096231585,0.3085889191485086,0.7321985335682625,2.1425951765472164,2.3981354542604363,2.3781103124197007,-0.2943757285059805,-0.1611976502679807,-0.4820402236691249,2.2815329019954547,2.002554262811314,2.962458774533459,2.430764528375992,-1.3709595025368717,-1.1604394689986126,0.7058939865813756,0.0826760695054743,0.1542863315270773,-0.1099513511812154,2.145046876598688,1.582328263787768,-0.0562697503019364,-0.7964052210758107,2.002161359321667,1.0113907926278711,2.1319517517882307,-0.8854544835858436,1.9650813777142293,2.6594145796098645,-1.0129136502178842,1.0424479430008284,-0.0725869587970101,0.0410353591602597,0.1206022811939749,1.8191101305434936,2.971748541030398,2.627258577102218,2.898617572713256,1.198794039174331,0.0704315534334621,0.9407900019741916,0.2695103045930141,0.4982943257746631,-0.2355444170734121,-0.380176842880586,0.6753395178588014,-1.2293425618669986,-1.4831845679862237
G2006,0,0,0.1190055824783899,10.18730/K0NNM,FULL,Phaseolus,vulgaris,Phaseolus vulgaris,GTM,CHICAMAN - CHICAMAN - ALTA VERAPAZ,15.35,-90.79,0.3591811050669926,-0.0123303798930433,0.3859604233784113,-0.4387854485647847,-0.1245263737756121,-0.4272600243815679,0.2361949568051713,-0.7349157014704294,1.199522750617,-0.6524852375324631,-0.1772172155267593,-0.2768287559180501,0.4940618955899966,0.6630092640134944,0.7551471286826278,0.5281350810001041,-0.1611976502679807,0.0625424447033194,0.0923649415069593,0.1109174350999599,0.2505317394630453,0.3182309494861614,-0.8551296801267712,-0.996378483122617,0.1098149912664148,-0.3070593246106268,-0.2583265647523842,-0.1099513511812154,0.7970644047263937,0.2062222827571616,0.30916034570467,-0.1390112233103408,2.7541316319573084,2.1647147194533645,2.1706880213242483,-0.361083149535809,2.2117371414959006,0.6488074374592453,-0.075217522164058,0.6095991250393319,0.3401853092359175,0.2946352786269038,0.5298626621238887,2.233706513313615,1.5184498775747033,0.386623534274003,1.3100385599106177,2.820468343982517,2.838425652878018,0.7204681170597375,0.5372716328556298,1.382665324177895,1.3527835455087922,0.8070069730999084,0.809452765722652,0.4834829319433041,-0.4511339189202276
G20018,1,1,0.9565983757967792,10.18730/JMV24,FULL,Phaseolus,vulgaris,Phaseolus vulgaris,SCG,LESKOVAC - OBRENOVAC,44.52,20.34,0.3591811050669926,-0.6329451738274527,0.3859604233784113,-0.5081656976799828,0.0105163677052511,-0.3908511573860885,-2.0073514489304487,-0.7489140797024002,-0.0213555808275042,2.4268490147751653,-0.1772172155267593,-0.2768287559180501,-0.6834618765223034,0.2003089466143097,0.484653264726449,-0.2943757285059805,-1.36242708188462,0.6071251130757639,-0.471853605010694,-0.6378554758691177,0.109215442350195,-0.3155291241807879,0.5634023315010054,1.1364143332653274,-0.7572090019189827,-1.2164419108815294,1.5296626524586157,-0.1099513511812154,-0.0117250783969826,-1.1698836982734446,-1.2588372349171315,-0.1430444455747405,-0.6889251596005616,-0.9521193637857782,0.6987097789555914,-1.4754053056320653,-0.3754077586140728,-0.2085836381211931,-0.5738112811084956,-1.6064201809328174,0.1407248454059994,-1.9642822871035712,-0.3617403106162805,-0.6357368727006472,-0.3872908226171981,-0.2556918446700854,-0.224690316864813,-0.1939380108374051,-0.4554873254610034,-1.9928319245131136,-2.046004546038268,-1.6109664554576302,-0.6752211223997503,0.1590939469294252,-0.9804432730756624,-0.1588267718029321,0.4519103797890794
G22502,0,0,0.0213290922518555,10.18730/JW49Y,FULL,Phaseolus,vulgaris,Phaseolus vulgaris,BDI,"3.5 KM NE RUGOMBO, CIBITOKE, RUGOMBO - RUGOMBO - BUBANZA",-2.81,29.08,0.3591811050669926,-0.2936569037949738,0.3859604233784113,-0.491769055054071,0.6798840689848553,-0.3817489406372187,-0.3565919637515835,-0.1324419463700372,-0.5011068873397997,-0.7702964012103904,0.3085889191485086,0.2276848888251061,-1.1544713853672233,-1.1877920055832438,-1.1383099190106238,-0.9798014030943843,-1.2289571450383268,0.6071251130757639,-1.306897053856821,-0.7166736770237575,-0.7454116878084713,-1.2661692346812117,0.0475725090909048,0.3161094038853487,-1.1907209985116811,1.511705847931179,-0.6709394610318457,-0.1099513511812154,-1.6293040446437357,0.2062222827571616,1.0400205377178806,0.5869452067339218,-0.2187353217219565,-0.5613236530432557,-0.5408508461969617,-0.4853240941163598,-0.8577568077871187,0.3981082925526844,-0.1205440792371235,1.0495323992070702,0.7557279510214084,0.8276646780267848,0.6760270838845722,-0.3957073879389978,0.2982274148619031,0.9691886454093388,0.0580228972780293,-0.9189218176928294,-1.018312792348063,0.1656238062890457,0.2719928599543894,-0.4389951323704206,-1.0411221277352882,-0.8423285322689151,0.2301866989876355,-0.3729298787695683,0.1938976790757006
G24384,0,0,0.0003585612221718522,10.18730/JY70K,FULL,Phaseolus,vulgaris,Phaseolus vulgaris,MEX,VILLA CORONA (EL TULAR) - VILLA CORONA - JALISCO,20.41,-103.67,-2.9470184280009937,0.1728644674996846,0.3859604233784113,-0.5860793825764655,-1.362710470989762,0.2827128820302795,1.180354064659915,1.2256558195022835,-1.0255722101585147,-0.1246006036233415,-1.634635619552563,-1.2858560454043628,-0.4479571220998433,0.3159840259641059,0.3494063327483596,1.3506458905061889,-0.1611976502679807,0.5730886963024862,0.5663085205817883,-0.5196281741371581,-1.068420366923558,0.0013509126526867,1.0792321539111058,0.4801703897613444,0.0556259916923274,-0.5668829206880276,-0.8084770931249995,-0.1099513511812154,0.527467910351935,-1.1698836982734446,0.5315249547321264,0.4457870045242633,-0.5755460497574937,-0.0275539017851762,-0.734532193877048,1.4263561077226536,0.3864844895115338,-0.7200098937305776,1.1202744866699694,0.2053332087118999,0.7141736392877837,0.3369019318713436,-0.7563842493701259,-0.7011994594538242,-0.9357054126004792,-1.0473828931360547,-0.8978170172049142,0.3021035412215694,0.7162968433038583,0.2278554586186983,0.5365623313238084,0.9728348615032264,1.043785770659432,0.902420750628924,0.2559777081922222,-0.9081878376093228,-0.9671593203469846
G20237,1,1,0.9995715413579332,10.18730/JN89M,FULL,Phaseolus,vulgaris,Phaseolus vulgaris,MKD,DOLNI MANASTIREC - MAKEDONSKI BROD,41.61,21.21,0.3591811050669926,-0.7743152863409856,0.3859604233784113,-0.5855300855759549,-0.0122830561811283,-0.2452156894041711,-1.5862201356264796,-0.4193139630902637,0.1752354752090739,1.5838009364662604,1.2802011884990447,1.2367121783114188,0.0230523867450766,0.431659105313902,0.2141594007702701,-1.5281419427651075,0.6396219708097787,0.6071251130757639,-0.4267161212892817,-0.4802190735598382,0.8561730128038325,-0.3155291241807879,0.6923597871035305,-0.0120125678666426,-0.7030200023448953,0.6023232616602759,0.8419744919928466,-0.1099513511812154,-0.5509180671459002,-1.1698836982734446,-1.293172975544499,-0.1591767961565365,-0.85732648451453,-1.219004239414818,0.505028431275505,-1.6688360309836685,-0.9783440700803802,-0.1283599117510936,-0.3018510815191637,-1.581107968653684,-1.9730017626281608,0.3956055435315722,-0.3325074262641438,-0.5811847170729996,-0.1542146218743036,-0.3303796794310259,-0.3727781909396353,-0.6995188235128984,-0.7230600884073104,-1.7303672013543685,-1.6505689420477825,-1.276487277850164,-0.3480275471042285,0.4962789188461233,-0.2278616244858236,-0.6940846030272442,-0.4511339189202276
G23438,0,0,0.0060537228431495,10.18730/JX4FR,FULL,Phaseolus,vulgaris,Phaseolus vulgaris,GTM,11 KM E DE SAN PEDRO PINULA - SAN PEDRO PINULA - JALAPA,14.68,-89.8,-2.9470184280009937,0.3990566475213373,-2.902539935203636,0.0721797629651128,0.6582538463234183,-0.5273844086191362,-0.2749866998471712,0.5947021056010744,1.2288003313894176,-0.6455393936232108,-0.6630233502020273,-0.2768287559180501,0.0230523867450766,-0.0310412120852824,0.2141594007702701,0.8023053508354656,-0.4281375239605672,-0.2097488894829027,-0.0656162515179835,-0.0467189672093195,0.331283909241817,0.2126042705416698,-0.8551296801267712,-1.1604394689986126,0.3265709895627642,-0.4369711226493272,-0.2583265647523842,-0.1099513511812154,0.2578714159774761,0.2062222827571616,0.3197880601990593,-0.1712759629364891,0.6666221389643529,0.9351379710195742,-0.2309606899088233,0.4832648520616501,1.0826018672953617,-0.479338714620279,-1.2338814399621931,0.3222794322188734,0.2820093362156102,0.1161761083856867,-0.7710006915461942,0.597141844484188,-0.5243944701130183,-0.3751923802875902,0.8119248016589427,1.6948355912333055,1.2606690161946208,0.899520590429264,0.6174227059514592,1.4623306141153567,1.510259927551935,0.842751957601929,0.6902983031974617,1.125792380458656,-0.0641150216376775
G14209,0,0,0.0018196986757372,10.18730/JN4E8,FULL,Phaseolus,vulgaris,Phaseolus vulgaris,IND,SANGIN - HIMACHAL PRADESH,31.05,77.14,0.3591811050669926,-0.7489307192787811,0.3859604233784113,-0.5774760509005371,-0.8716459565138952,1.1201168229263043,0.2180061911526782,-0.1007092919788039,-0.1604608370858078,0.1665802838191913,-0.6630233502020273,0.2276848888251061,0.0230523867450766,0.2003089466143097,-0.191581395163998,-0.1572905935882998,2.1077912761190043,-0.4820402236691249,1.4916269368707398,0.0320992339453201,0.2236143495367881,0.7407376652641275,-0.4682573133191957,-0.3401345396186341,0.8684609853036377,-0.9566183148041288,1.117049756179154,-0.1099513511812154,0.527467910351935,0.2062222827571616,-0.0955105590735752,0.4175554102374012,0.5765857870301518,2.126588308649216,-0.2696969594448407,1.0128819034633492,1.7842004842743373,0.0922553357666799,-0.718290164704609,-1.336273340879306,0.4371452994957439,-0.4145051796904258,0.1790680498982483,-0.7775724773325309,-0.921995047850897,-0.6291310184747879,-0.4131657929600414,0.2353287169059382,2.801519064885424,-0.5429436035696297,0.6064285322082259,0.097091872840514,1.276361183634914,1.6128171355352228,0.6505801490223982,-1.1222909445759592,-1.3541782176295345
G50715,0,0,0.0004066021321586945,10.18730/JYT75,FULL,Phaseolus,vulgaris,Phaseolus vulgaris,GTM,"50 MTS ANTES DE LLEGAR A LA ERMITA, ESQUIPULAS - ESQUIPULAS - CHIQUIMULA",14.57,-89.37,-2.9470184280009937,-0.1805608137841475,0.3859604233784113,-0.3102665510801307,0.6518232395862343,-0.764042044089752,0.3401049292850526,0.4497528605827352,-0.0008574066475531,-0.5135682268658314,-0.6630233502020273,-0.2768287559180501,0.0230523867450766,-0.3780664501346709,-0.3268283271420874,0.6652202159177848,-0.6950773976531537,0.5390522795292084,0.7242897136067312,-0.2043553695185991,0.2236143495367881,0.6351109863196359,-0.4682573133191957,-1.3245004548746084,0.0556259916923274,-0.5668829206880276,0.0167486994339235,-0.1099513511812154,0.527467910351935,0.2062222827571616,0.7203713878770053,0.3651251746901733,0.4181885012199835,0.6750124766150832,-0.4246420375889098,0.4596068402687961,0.698915123634984,-0.3991149882501795,-0.8995969063165159,0.2843261513249616,0.6172137547059015,0.5012722326268643,-0.7563842493701259,0.3352914974714795,-0.4421322816155262,-0.5395056167616593,0.5695991895365062,1.434501105842383,0.9838696062501654,0.6984140929008079,0.7004109851745745,1.483900638466655,1.646563014530454,0.9885464613188318,0.9301546888001176,0.6975861665253832,-0.4511339189202276
G23578,1,1,0.9875778086489616,10.18730/PG74R,FULL,Phaseolus,vulgaris,Phaseolus vulgaris,COL,CAÑADA HONDA - SANTUARIO DEL CARMEN - RISARALDA,5.12,-75.96,-1.2939186614670004,0.384919636269984,2.5782939957664426,1.4473370422406502,1.387250810075092,-1.44670830025499,-0.5086255265163934,-2.789779480765997,1.8436292222213888,-0.9303192671458258,-0.1772172155267593,0.2276848888251061,2.1425951765472164,2.976510851009417,3.5953327002225053,0.2539648111647425,-0.5616074608068605,-0.5841494739889583,2.2815329019954547,3.815372889368028,1.858845787556913,2.9588979230984496,-1.1130445913318214,-0.8323174972466213,0.4891379882850262,-0.5668829206880276,0.2918239636202311,-0.1099513511812154,2.4146433709731467,1.582328263787768,0.0508249849079424,-0.7359087333125691,2.078858992450801,0.7540375196998687,3.758875072300957,-1.4864632969482574,1.142895498441992,2.679470511202389,-1.3330335874987875,1.192931794540233,-0.1224521011739752,0.14200573603331,0.8514243899973923,1.2081259875138408,1.984602279060492,2.343444805010644,2.535129154529601,0.5119672747849817,0.2457378463982839,1.056955752989543,0.2858242398249085,0.3996474144080587,-0.3774716605534716,-0.6430572800844224,0.0821463061533081,-1.4434457964490774,-1.6121908414491544
G14075,0,0,0.0023943110087969,10.18730/JK7RV,FULL,Phaseolus,vulgaris,Phaseolus vulgaris,IRN,MALAYER - HAMADAN,34.32,48.83,0.3591811050669926,-0.470525073290871,0.3859604233784113,-0.5477804515987009,-1.4270165383616018,1.2202412071638729,-0.7796584712518801,0.3343832841487919,-0.8474879297421541,1.6724213937000336,-0.6630233502020273,-0.7813424006612064,-1.6254808942121433,-0.1467162914350786,0.0789124687921807,-0.7056311332590228,2.641671023504178,0.3007973621162639,-0.7201097654784615,-0.7560827776010773,-1.6807909877459093,-1.3717959136257032,1.4661045207186814,1.6285972908933144,-0.2153190061781092,0.0826760695054743,0.5668992278065389,-0.1099513511812154,-0.8205145615203591,-1.1698836982734446,-1.220413929310509,0.3005957339004338,-1.3825385374640355,-1.4191678961365977,-0.8120047329490826,0.2303471494524342,-1.5648366639612428,-0.3038493131856863,1.2477558121612855,-1.314618057129152,-1.5546888779491248,0.712605498849067,-0.3325074262641438,-1.1703479978515934,-0.8123121298542408,-0.5245680498094712,-0.6554914050824778,-1.0238536844745356,-1.0828993213351026,-1.0497494458753265,-0.0702451291494836,-0.681442206079014,0.0205201201143875,1.039771557219365,2.0933292039269764,-1.0152394549003625,0.0648911749314939
G11616,0,0,0.1259528552185651,10.18730/JQ2ZB,FULL,Phaseolus,vulgaris,Phaseolus vulgaris,GTM,SACAPULAS - SACAPULAS - QUICHE,15.33,-91.07,0.3591811050669926,-0.4326109832545894,0.3859604233784113,0.8387895134302945,0.5559487391409461,-0.1723979554132124,-0.5480824809376199,0.2927668270530834,0.379750947072505,-0.6316477058047062,-0.1772172155267593,0.7321985335682625,1.2005761588573765,1.0100345020628827,0.7551471286826278,0.5281350810001041,0.5061520339634855,-0.4820402236691249,1.536764420592152,0.5050084408731587,2.2626066364507715,1.480124417875568,-0.8551296801267712,-0.996378483122617,0.4891379882850262,-0.047235728533226,-0.395864196845538,-0.1099513511812154,1.3362573934753113,0.2062222827571616,-0.6334366862664633,-1.304574725953051,0.8617009014884549,0.84935354671024,0.4275558922034704,-0.0055263115437361,1.120970541661399,-0.0431222024828629,-0.3216813314068195,0.5749832370988391,-0.5102917980184185,-0.5037347088268435,-0.5225211745530324,0.8044400358692487,0.0788615788685907,-0.2108791438135211,0.8792374716929527,1.608982245684637,1.0392294882390565,0.7606457452304605,0.4702426380984982,1.240303163459326,1.2356687571825893,0.5503185804554772,0.3581101046423854,1.4469471047163314,0.4519103797890794
G300A,0,0,0.0030739624273264,10.18730/K40K1,FULL,Phaseolus,vulgaris,Phaseolus vulgaris,TUR,CANAKKALE - CANAKKALE,40.17,26.41,0.3591811050669926,-0.6957672376552191,0.3859604233784113,-0.5998265034206148,-0.9973350881952184,1.6935564781051045,-0.6371518168905839,0.301530508813074,-0.0804361137648912,1.1192685561482285,0.3085889191485086,0.2276848888251061,-0.4479571220998433,0.2003089466143097,-0.0563344631859086,-0.5685459983413421,-0.1611976502679807,0.6071251130757639,0.1600711670890778,-0.4014008724051984,-0.5435312633615422,-0.1042757662918048,1.5950619763212064,0.9723533473893315,-0.4862640040485459,-0.4369711226493272,0.9795121240860004,-0.1099513511812154,-0.2813215727714414,-1.1698836982734446,-0.5516850180554276,0.6071106641924469,-0.8339837266056631,-0.9139929529816296,-0.5021145766609444,-0.3293519617257555,-1.3784745313262023,0.252702788506879,-0.9675869631263556,-1.6057683596382988,-1.6073242351489316,0.9286350101124826,0.2813831451307267,-0.7121098905793538,0.1062823083677547,-0.4050675141919664,-0.763191677136894,-0.9189218176928294,-0.9444996163628748,-1.6168217304371078,-1.0735521459109931,-1.1269351090144957,0.1859364878067646,1.305466560132022,0.896626376834155,1.6610503392984106,1.870979772350108
G1341,0,0,0.0129299354634227,10.18730/K06KK,FULL,Phaseolus,vulgaris,Phaseolus vulgaris,ECU,CHACRAS - ARENILLAS - EL ORO,-3.56,-80.22,0.3591811050669926,-1.4528918264059434,0.3859604233784113,-0.5989722912706729,0.7915427859668679,-1.1463351475422852,0.9052035189272662,1.150924490474629,-1.7282337996807675,-0.6038642970473005,0.3085889191485086,0.2276848888251061,-1.1544713853672233,-0.9564418468836516,-0.867816055054445,-0.7056311332590228,-1.2289571450383268,0.6071251130757639,-1.2843283119961149,-0.7954918781783972,-0.9203747223291432,-1.3717959136257032,0.9502746983085808,0.152048418009353,-0.7572090019189827,1.381794049892478,-0.6709394610318457,-0.1099513511812154,-1.6293040446437357,-1.1698836982734446,1.563231381112525,1.4137289625333576,-1.1891271147905669,-0.8377401313733326,-0.6957959243410308,1.3412826447633288,-0.2328955395402183,-0.8152755687950707,-0.8684348375409305,0.4899478931652655,1.4289069239791774,1.008472004379122,0.0767529546657699,-1.159437566726064,-1.0590986953467174,-0.2108791438135211,-0.8439668811777061,-1.004775163241498,-1.055219380340657,-0.3062449680421091,-1.8644233538919643,-0.4973779982812681,-1.0973636927506965,-1.5569467657384446,-2.5000495354099086,0.2693796973612255,1.2259481743541794
G20744,1,1,0.998519002525911,10.18730/JHCDF,FULL,Phaseolus,vulgaris,Phaseolus vulgaris,RWA,REMERA - MUHURA - BYUMBA,-2.42,28.99,0.3591811050669926,0.2561797090698304,0.3859604233784113,0.3790248913794957,1.3340521543402064,-1.1281307140445456,-0.6498919425543717,-1.82613221617716,1.6377057359557123,-0.9468443116904776,-0.1772172155267593,-0.2768287559180501,1.2005761588573765,1.241384660762475,1.2961348565949853,1.6248161603415503,-1.0954872081920335,0.6071251130757639,-0.4267161212892817,0.5050084408731587,0.4524121639099744,0.2126042705416698,-0.9840871357292964,-0.6682565113706256,-0.7030200023448953,-1.2164419108815294,-0.395864196845538,-0.1099513511812154,1.60585388784977,1.582328263787768,0.0312045649292226,-0.703644070611536,0.558245048673185,-0.1324015314965847,-0.1534881508367888,-0.8177629967863451,0.0904975729735283,1.4711006327527654,-0.6587988221490039,1.2760369998360075,-0.089208646503179,0.1326131339825028,1.085287464814486,0.4443958087267747,1.285373676831809,1.6413791582578037,0.448436383475288,-0.785372169061567,-0.9260463223665778,0.1477185589520931,-0.1571345667976172,-0.5313148365939775,-1.2574867366769171,-1.2695796068678695,-0.3459844466428305,-0.3729298787695683,-0.4511339189202276
G20627,0,0,0.0089750256728704,10.18730/JN11A,FULL,Phaseolus,vulgaris,Phaseolus vulgaris,IND,DHARMSALA - HIMACHAL PRADESH,32.22,76.32,0.3591811050669926,-0.4740978646266679,0.3859604233784113,-0.5888878919538414,-0.4133190763364195,0.4829616505054159,0.1084622449388403,-0.2497388460828204,-0.3217114314948741,0.3312045815125645,0.3085889191485086,0.2276848888251061,0.2585571411675366,-0.3780664501346709,-0.3268283271420874,-0.7056311332590228,1.5739115287338314,0.3348337788895417,1.5819019043135645,0.5444175414504786,0.3716599941312028,0.9519910231531106,-0.8551296801267712,0.152048418009353,0.4891379882850262,-0.1771475265719264,0.9795121240860004,-0.1099513511812154,0.2578714159774761,0.2062222827571616,0.132576698435839,0.6716401434447418,2.454010458843305,5.643749705331919,-0.0372793422287369,1.7185600513426464,3.746484116137411,0.4783320189227839,-0.5738111899267132,-1.343468394763714,0.6781600222203144,-0.2149126492364756,0.6467941995324354,-0.7011994594538242,-0.8397328593534049,-0.2855669785744616,-0.3593156569328333,0.6168991415666878,5.698686222304058,-0.7599901383614706,0.3588822976025229,-0.2695985411315577,0.9005351962378334,1.3870889656878171,0.4514735579629891,-1.336394179158038,-1.4831845679862237
G528,1,1,0.9964656058412938,10.18730/JZGWV,FULL,Phaseolus,vulgaris,Phaseolus vulgaris,TUR,ISMAIL - CORUM,40.55,34.97,0.3591811050669926,-0.8516162317806123,0.3859604233784113,-0.5998947390694862,-0.3396593991650395,0.4647572170076762,-1.0969512262789651,-0.174022728497235,0.2677024788037505,1.0942384034729828,0.7943950538237766,0.7321985335682625,-0.9189666309447634,-0.6094166088342632,-0.5973221910982662,-1.253971672929746,-0.4281375239605672,0.6071251130757639,-1.1714846026925845,-0.8349009787557171,-0.8799986374397574,-1.3717959136257032,1.4661045207186814,1.6285972908933144,-0.7572090019189827,-0.3070593246106268,1.6672002845517695,-0.1099513511812154,-1.0901110558948175,-1.1698836982734446,-1.3929099974081058,-0.4092283840245916,-1.0507379071879988,-1.295257061023115,0.0014569273072803,-1.2526585658726157,-1.1098938107639382,-0.2637374500006366,0.4573713926709329,-1.3057987303593492,-0.6709682776331741,0.289938988798338,-0.4055896371444856,-0.7011994594538242,-0.6066566586105105,-0.2706294116222735,-0.3593156569328333,-0.6518225204303046,-0.8799130873758353,-1.6052488266705407,-1.004749897324308,-1.199985591484226,-0.1869120049718532,0.7858977302837545,0.879088490575036,-0.6940846030272442,-0.4511339189202276
G18654,0,0,0.0005234600979393588,10.18730/JST4S,FULL,Phaseolus,vulgaris,Phaseolus vulgaris,BRA,"FAZ. GENIPAPO, RODOVIA PIRES DO RIO - PIRACANJUBA - SANTA CRUZ DE GOIÁS - GOIAS",-17.32,-48.71,0.3591811050669926,-0.6697014030809713,0.3859604233784113,-0.5413442912015237,-0.2659997219936595,0.9107658377022984,1.0774904029656562,0.3980931270569519,-0.0008574066475531,-0.4788390073195697,-0.1772172155267593,-0.2768287559180501,-0.4479571220998433,-1.9975175610318168,-2.220285374835339,0.2539648111647425,-1.4958970187309133,0.6071251130757639,-1.3746032794389391,-0.6378554758691177,-0.5098845259537208,-1.1605425557367202,-1.3709595025368717,-0.8323174972466213,-0.9197760006412448,0.9920586557763772,-1.358627621497615,-0.1099513511812154,-1.3597075502692766,1.582328263787768,0.8707944855694739,0.5103164068514447,0.7166423344833533,0.9065431629164628,-0.4246420375889098,0.3304857318000362,0.567365382951426,-0.5896463383791658,0.0919247581671911,0.0323276653143472,0.777890148457328,0.4120426139157412,3.0731236007597813,0.2916497729693615,1.792657172566344,0.3716859673218148,-0.709341541109686,-1.0238536844745356,-0.9906328513536174,0.4195726191289963,0.5067716669873054,-0.278226550872077,-0.4221340798304134,-0.9062191738591407,0.2111013521762414,-0.4799814960606078,-0.1931213719943667
G549,1,1,0.9869887643285692,10.18730/JZHHB,FULL,Phaseolus,vulgaris,Phaseolus vulgaris,TUR,SIVAS - SIVAS,39.75,37.06,0.3591811050669926,-0.6812432795619362,0.3859604233784113,-0.599796353377778,-0.7102961874718248,1.1474234731729145,-0.7037599506222557,0.0717220485738504,0.0129717199573174,1.0124417060112387,0.3085889191485086,0.2276848888251061,-0.4479571220998433,0.0846338672645136,0.3494063327483596,0.2539648111647425,-0.9620172713457402,0.6071251130757639,-1.148915860831878,-0.7560827776010773,-0.5098845259537208,-1.1605425557367202,1.5950619763212064,2.448902220273293,-0.8655870010671574,-1.995912699113732,1.804737916644924,-0.1099513511812154,-0.0117250783969826,-1.1698836982734446,-1.671683300717872,-0.5705520436927751,-1.1374395794209329,-1.304788663724152,-0.5408508461969617,-0.785397859296431,-1.3346246177650165,-0.2687514328987678,0.1882439891325132,-1.4978334085719844,-1.6156351533068214,0.2194945965825057,-0.4202060793205539,-0.8539454952112374,-0.5655255643617644,-0.1959415768613329,-0.3862407249464373,-0.7758329084450483,-0.999859498351766,-1.5403968942427977,-0.8008257069256272,-1.1165814973258723,-0.0631805619379552,0.8869406392304112,1.3041243222666243,-0.8011362203182835,-0.4511339189202276
G50011,0,0,0.0102912948367269,10.18730/JW21*,FULL,Phaseolus,vulgaris,Phaseolus vulgaris,GTM,4 KM S DE ALOTENANGO - ALOTENANGO - SACATEPEQUEZ,14.45,-90.82,-2.9470184280009937,0.0739053887402116,-2.902539935203636,0.9524723631772312,1.4030350266118163,-0.2998289898973902,0.1894895407426846,1.1163171928855156,1.5215759646057083,-0.8052939525777978,-0.6630233502020273,-0.7813424006612064,0.9650714044349166,2.5138105336102323,2.51335724439779,0.3910499460824232,0.6396219708097787,0.6071251130757639,0.4534648112782575,0.8202812454917177,0.9503838775457328,0.8463643442086191,-0.8551296801267712,-0.8323174972466213,-0.2695080057521966,-0.9566183148041288,0.5668992278065389,-0.1099513511812154,1.875450382224229,0.2062222827571616,0.5764884119857252,0.0344116416003532,1.35189881757466,2.126588308649216,-0.6570596548050135,0.8316942850126746,1.997968812885119,-0.5545484580922473,-0.6333024514318478,0.930112809376826,0.4232938798641941,0.3862130310554705,-0.931781555482946,1.066290382881957,-0.3872908226171981,-0.0166907734350757,1.1350256178221911,2.830007604599036,1.2883489571890665,1.0421074991003627,0.5777018201694553,1.4893650446356508,1.4288750746472856,0.7172223269885339,0.7073203692724889,0.5905344216189015,-0.8381529699902952
G8919,0,0,0.0004917529058348988,10.18730/K305U,FULL,Phaseolus,vulgaris,Phaseolus vulgaris,MEX,TOLUCA - TOLUCA - MEXICO,19.25,-99.65,0.3591811050669926,2.046018458303996,0.3859604233784113,0.1035889766260553,-0.119849568875842,0.5557793844963747,-0.3175073288747606,0.9553186414155774,-0.5864087167071068,-0.3468678074417939,-0.6630233502020273,-0.7813424006612064,-0.6834618765223034,-0.2623913707848747,-0.0563344631859086,0.2539648111647425,0.3726820971171922,0.6071251130757639,1.175664550820854,-0.4802190735598382,0.8292556228775754,0.8463643442086191,-0.2103424021141454,-0.996378483122617,-0.973965000215332,-0.1771475265719264,0.0167486994339235,-0.1099513511812154,-0.0117250783969826,0.2062222827571616,-0.8419035598557377,-1.473964522449572,-0.3637938887270581,-0.151464736898659,-0.5795871157329789,0.7736791463541918,-0.1342332340275498,-0.7400658253231024,1.2619204131695785,0.39909891756388,-0.623873449564928,-0.8559568574530443,-0.8148500180743993,-0.5593638548219406,-0.880863953602151,-0.6291310184747879,-0.157377646830803,0.426113929236313,0.5963504323279276,0.4296170261716771,0.5535855680875242,0.9702464585810708,0.7513296325793093,0.5956330883674875,0.0460388932668867,0.2693796973612255,0.5809165763582509
G11032,0,0,0.0003054580158227755,10.18730/PGDZN,FULL,Phaseolus,vulgaris,Phaseolus vulgaris,MEX,"JERONIMO HERNANDEZ, CHARCO DEL INDIO - FRANCISCO I. MADERO - DURANGO",24.45,-104.23,-2.9470184280009937,1.1341812325917082,-2.902539935203636,-0.4575536971982128,-1.1277010247763115,0.5557793844963747,0.6716390377933729,0.6488695671758437,-1.4354580792105334,0.4380133160728338,-1.1488294848772953,-1.790369690147519,-0.4479571220998433,-0.493741529484467,-0.3268283271420874,1.6248161603415503,2.1077912761190043,-3.273026399077903,0.4760335531389636,-0.7560827776010773,-0.826163857587243,-0.3155291241807879,0.3054874202959551,1.1364143332653274,2.710886970822607,-0.8267065167654283,-0.8084770931249995,-0.1099513511812154,0.2578714159774761,-1.1698836982734446,-0.2026053196219137,-0.1148127743627632,-0.9823769733120312,-0.5899184611463671,-0.734532193877048,1.3914407252312402,-0.4850325425170377,-0.7350518424249712,1.749182485566303,-0.0848022107169273,0.223833363195303,-0.3041422567507591,-0.8294664602504677,-0.864855926336767,-0.9905468715988072,-1.0175077592316786,-1.0055172892593305,-0.4896550899494861,0.0888848474297591,-0.1907342870512803,0.194678992985846,0.4689590926568974,0.6706064451454293,0.706808433865898,0.0295326473759513,0.6975861665253832,0.8389292770716291
G15815,0,0,0.0049669465413758,10.18730/JRXR5,FULL,Phaseolus,vulgaris,Phaseolus vulgaris,ESP,"10-20 KM NW OF GRANADA, FARM OF JOSÉ LA TORRE - GRANADA - GRANADA",37.3,-3.81,0.3591811050669926,-0.9227539044801952,-1.80637314900962,-0.54738928014574,-1.148162046212806,0.5011660840031557,-0.7393366755004781,0.3178380452026283,-0.4372633519474438,1.3932367274509163,0.7943950538237766,0.2276848888251061,-0.9189666309447634,-0.9564418468836516,-0.7325691230763556,-0.5685459983413421,0.5061520339634855,0.6071251130757639,-0.9683659259462292,-0.7166736770237575,-1.028044282034172,-1.1605425557367202,1.7240194319237316,1.1364143332653274,-0.7030200023448953,-0.5668829206880276,1.117049756179154,-0.1099513511812154,-1.0901110558948175,-1.1698836982734446,-0.4617581644579922,0.6676070365680152,-1.0907540636031992,-1.285725458322078,-0.6957959243410308,-0.5752393395479115,-1.482618076034019,-0.0280802537884692,0.2788973498071572,-1.1950940429229495,-1.5740808415731968,0.9638572174172372,-0.1424936779752553,-0.6902890283282948,-0.33244936361887,-0.3602548133354021,-0.6824164730960819,-0.9475395995423856,-1.055219380340657,-1.104120257910707,-0.8632442417259191,-0.5684152784782106,0.4201660644591705,1.19682432377155,0.8182217088522116,0.80463765620098,1.096941977785008
G50963,0,0,0.0166529490649843,10.18730/JXTCP,FULL,Phaseolus,vulgaris,Phaseolus vulgaris,PER,HUANCAPAMPA - HUANUCO - HUANUCO,-9.78,-76.0,0.3591811050669926,1.798620761405313,0.3859604233784113,1.3383637065508005,1.3404827610773904,-0.6548154431033139,0.1119211492575037,-0.5257680826813783,-0.6156862538525528,-0.7288895867750314,1.2802011884990447,1.7412258230545752,1.4360809132798364,0.7786843433632905,0.7551471286826278,-0.7056311332590228,-0.5616074608068605,0.6071251130757639,-0.3815786375678694,1.017326748378317,0.5802697660596962,0.3182309494861614,-0.9840871357292964,-0.996378483122617,0.1640039908405021,0.0826760695054743,0.5668992278065389,-0.1099513511812154,0.527467910351935,0.2062222827571616,-0.6244440470519557,-1.4739645609121297,-0.3487878300713579,-0.6757028854557013,0.0014569273072803,-0.5970943082869075,0.0192414634366011,-0.4843526975184102,1.0352868409392662,0.9543997289867452,-0.6349546143316036,-0.4708606464363724,0.6614106417085038,-0.3193343700602912,0.2845170501123211,-0.0465659073394519,-0.6554914050824778,-0.928461078309348,-0.8522331463813897,-0.1444426719850125,0.1226848875059639,-1.343498153501531,-1.9161747128279627,-1.298851090239603,-1.6154179196925862,0.1623282076856287,0.8389292770716291
G10121,1,1,0.9995015525350808,10.18730/JP4E~,FULL,Phaseolus,vulgaris,Phaseolus vulgaris,NLD,SINTJOHANNESGA - SINTJOHANNESGA - FRIESLAND,52.94,5.86,0.3591811050669926,-1.0014979295200253,0.3859604233784113,1.0325010451979857,0.7295751210449133,-1.3556861327662917,-1.5947133245588152,-1.8085494758168943,1.5073339672022807,0.58432107866435,-1.1488294848772953,-0.2768287559180501,0.4940618955899966,1.5884098988118631,1.0256409926388066,-0.7056311332590228,-0.6950773976531537,0.6071251130757639,3.567951188055704,4.721782202646385,2.356817501192672,4.7545514651548055,-0.2103424021141454,-0.8323174972466213,-1.299098997659856,0.4724114636215755,0.1542863315270773,-0.1099513511812154,1.3362573934753113,0.2062222827571616,-1.5915666145947835,-1.1674495921575614,-0.4921790572258261,-1.085561801600298,0.8923911266356778,-1.7535755202835108,-0.4631075857364448,0.1123112673592048,-1.5228391771826348,-1.554929878319573,-1.3330661320583703,-1.635541667397668,0.0182871859614965,-0.3629760945624093,0.0377304846198446,-0.4498802150485307,-0.4131657929600414,-0.4038017444008174,-0.4001274434721123,-2.5337014080939886,-3.428078580792458,-2.642588820099059,-1.63066606219092,-0.461517791865499,-3.600293988077576,3.052720981235596,2.903030575203621
G12234,0,0,0.0060191402952198,10.18730/JRE6S,FULL,Phaseolus,vulgaris,Phaseolus vulgaris,ECU,PIMAMPIRO - PIMAMPIRO - IMBABURA,0.4,-77.94,0.3591811050669926,1.3123075743587598,0.3859604233784113,1.084218152571955,0.9914761954320422,-1.3465839160174216,0.1056437406513692,0.303299399655254,-1.2305151446845242,-0.9858860681004388,0.7943950538237766,0.7321985335682625,0.0230523867450766,0.8943594227130865,0.8903940606607171,-1.6652270776827882,-0.294667587114274,0.6071251130757639,-0.5395598305928124,-0.0467189672093195,0.0957567473870664,-0.2099024452362963,0.5634023315010054,0.3161094038853487,0.2181929904145895,0.7322350596989763,0.9795121240860004,-0.1099513511812154,-0.2813215727714414,-1.1698836982734446,-0.1617294375195058,-1.0262913514853442,-0.8156429882486962,-1.1332198151054838,0.2726108140594013,-1.235482911946374,-0.5727323696394098,-0.3590031250651297,-0.6078062698324537,1.4283257480963445,-0.230493190151761,-0.050542326087278,-0.4348225214966222,-0.4502595435666454,-0.0445317038776475,0.0729346282780528,-0.6016412690552697,-0.7185973447459358,-0.78764661739435,0.4158605556567012,-0.1918903418568706,-0.6334129518567896,-1.2141476483415146,-1.276897477710803,-0.6869415883274662,-0.3729298787695683,-0.1931213719943667
G7236,0,0,0.2154308219343651,10.18730/JFFX3,FULL,Phaseolus,vulgaris,Phaseolus vulgaris,COL,RAQUIRA - RAQUIRA - BOYACA,5.53,-73.63,0.3591811050669926,1.2331403113511812,0.3859604233784113,1.3204936878588485,0.9809533844075594,-1.0098018963092377,-0.4166345572840209,-0.5267712121664494,-0.1765227604011446,-0.8678066140018613,0.7943950538237766,1.2367121783114188,0.9650714044349166,0.7786843433632905,0.3494063327483596,-0.5685459983413421,-0.294667587114274,0.6071251130757639,0.4308960694175514,0.2685538374092394,1.9261392623725568,0.7407376652641275,-0.5972147689217209,-0.3401345396186341,-0.3778860049003713,0.3424996655828751,0.1542863315270773,-0.1099513511812154,0.527467910351935,0.2062222827571616,-0.2075103992781334,-0.994026650321754,0.5765857870301518,0.1535465495345292,0.7761823180276259,-0.9555625981157272,1.1648204552225851,0.6488074374592453,-0.528484578820004,1.2440050560157518,-0.1972497354809655,-0.0669794188651235,-0.3909731949684172,0.5098583954799518,0.270806685362739,2.0895061668234463,1.2831134918970135,-0.0794668834391802,-0.3816741494758153,0.8565043254856095,0.0428884651760453,0.5120991413594941,-0.4783756448458215,-0.6768320685902687,0.3421196789355417,-1.4434457964490774,-1.6121908414491544
G3098,0,0,0.000984595809464942,10.18730/K1MG8,FULL,Phaseolus,vulgaris,Phaseolus vulgaris,GTM,GUATEMALA - GUATEMALA - GUATEMALA,14.69,-90.52,0.3591811050669926,0.384919636269984,0.3859604233784113,-0.1655597288514073,0.1993423655334714,-0.0540691376779045,0.124998665755,1.132868542398115,-0.0008574066475531,-0.6385935497139584,-1.634635619552563,-0.7813424006612064,0.2585571411675366,1.241384660762475,1.0256409926388066,1.213560755588508,-0.294667587114274,0.436943029209375,1.356214485706503,-0.0861280677866394,-0.2205225842464557,0.9519910231531106,-0.8551296801267712,-1.1604394689986126,0.2181929904145895,-1.086530112842829,-0.1207889326592303,-0.1099513511812154,1.60585388784977,0.2062222827571616,0.480021375677339,-0.0462501882337393,0.3148134304807157,0.8302903413081657,-0.734532193877048,0.9496676326421806,0.8030586683428007,-0.6798980305455278,-0.7522851635598784,0.5941612338855758,0.4149829963818807,0.252368602988786,-0.9610144398350828,0.1607245994630073,-0.6752084823584206,-0.5693807506660356,0.448436383475288,1.5899037244515994,0.780883372290898,0.9503976956671903,0.6546610363720878,1.4732594264533478,1.5774189728350403,0.9218412540197856,0.8476234593454404,0.80463765620098,-0.580140269276917
G50967,1,1,0.9050704322135537,10.18730/JXTY3,FULL,Phaseolus,vulgaris,Phaseolus vulgaris,PER,QUEPATUPE - AMBO - HUANUCO,-10.2,-76.32,0.3591811050669926,1.9399908739188456,0.3859604233784113,0.5670737348901534,1.1504875620242276,-0.536486625368006,-0.7980873597470227,-0.6416267639600318,0.0284201741248644,-0.791402248199095,1.7660073231743127,1.7412258230545752,1.2005761588573765,0.3159840259641059,0.2141594007702701,-0.9798014030943843,2.241261212965298,-1.9796425616933475,0.4534648112782575,0.6626448431824382,0.5937284610228247,0.3182309494861614,-1.1130445913318214,-0.5041955254946299,1.5729179797667732,0.6023232616602759,0.429361595713385,-0.1099513511812154,0.2578714159774761,0.2062222827571616,-1.652062891459271,-2.740355264306699,-0.0086505005421543,-0.3897548044245874,0.0789294663793148,-0.6195785065353486,0.2987846623891618,-0.434212868537098,1.1401049128001837,0.7682858760819671,-1.430026097549929,-1.2574899876965724,1.0268216961102126,-0.0574840230475829,0.4901725213560514,0.3268732664652505,-0.4400908609736454,-0.9093825570763108,-0.8337798523850927,-0.130031131445514,0.3216439671818942,-1.2572180560963375,-1.6452227025478492,-1.2467816246264236,-1.4905894351423867,0.80463765620098,1.6129670716367297
G19992,0,0,0.0009350978093630164,10.18730/JMTBJ,FULL,Phaseolus,vulgaris,Phaseolus vulgaris,USA,SHIP ROCK - NEW MEXICO,36.79,-108.68,0.3591811050669926,-0.2682477652191515,0.3859604233784113,-0.5516513466684194,-1.7771923052318923,-0.2816245563996505,-0.1929717155768956,1.4884700047694193,-1.9038991970613308,2.598172858435277,0.7943950538237766,0.2276848888251061,-2.0964904030570635,-1.6504923229824284,-1.4088037829668023,-1.9393973475181496,-0.6950773976531537,0.6071251130757639,-1.3971720212996457,-1.0319464816423165,-1.2433834014442298,-1.6886759504591775,1.981934343128782,2.448902220273293,-0.7030200023448953,1.90144124204728,0.0167486994339235,-0.1099513511812154,-2.7076900221415707,-1.1698836982734446,-1.114136719436799,0.55468039018266,-1.5159257255147036,-1.6288631555594146,-0.5408508461969617,-1.1987813509493286,-1.329143378569868,-0.6548281160548717,2.3185993208934907,-1.170072842244626,0.0299135015633386,-0.0904608148229686,-0.7710006915461942,-0.930318513089944,-0.867153588852569,-0.9577574914229262,-1.0189798232661325,-1.0620107269406105,-0.8983663813721323,-0.9580396424421542,-0.1152857764201488,0.1937255819343306,1.2436087428318234,2.0684953237932646,1.3711809461985496,-0.3729298787695683,0.3229038756448727
G8154,1,1,0.9894274897162072,10.18730/K2G11,FULL,Phaseolus,vulgaris,Phaseolus vulgaris,COL,"RIONEGRO, VEREDA LA MOSCA - RIONEGRO - ANTIOQUIA",6.19,-75.37,0.3591811050669926,-0.015526950482104,0.3859604233784113,0.5069683300254707,0.6752072640850851,-1.219152881533244,-0.4690568257383783,-1.380414792905174,1.6972413619862716,-0.9511568154337808,-0.1772172155267593,0.2276848888251061,0.7295666500124566,0.2003089466143097,0.3494063327483596,0.3910499460824232,-0.6950773976531537,0.6071251130757639,0.7919959391888496,1.6084632570381152,2.2155012040798217,1.6913777757645514,-1.3709595025368717,-1.1604394689986126,-0.3236970053262839,-0.4369711226493272,0.0167486994339235,-0.1099513511812154,0.7970644047263937,1.582328263787768,-0.0358318414110851,-0.8004382894899801,2.230586918858436,0.9351379710195742,2.015742943180179,-1.2191805280431438,2.1678872279347146,2.218184084574317,-0.7381206212287514,1.2531137590314778,-0.1612360919940078,0.017553910017434,0.0767529546657699,2.0154978908030245,1.9297608200621643,2.537633175389089,2.535129154529601,0.8267628751301002,0.7070701963057098,0.9960342407089356,0.2836963352294441,0.5362575686329482,-0.3913666354396312,-0.4905078186663503,0.3333507358059822,-1.336394179158038,-1.4831845679862237
G1669,0,0,0.1489529279142214,10.18730/K0CDM,FULL,Phaseolus,vulgaris,Phaseolus vulgaris,VEN,"LAS DANTAS, ON FARM OF JUSTO PÉREZ - LAS DANTAS - TACHIRA",7.69,-72.41,0.3591811050669926,-0.9469309165012076,0.3859604233784113,-0.1620902125215702,0.9143089145858346,-1.1463351475422852,0.4085192416650209,-1.2013602933587222,0.0576977112703105,-0.8678066140018613,-0.6630233502020273,-0.7813424006612064,0.2585571411675366,-0.0310412120852824,-0.191581395163998,0.8023053508354656,-0.9620172713457402,0.6071251130757639,-0.1333224771001019,0.2685538374092394,0.3380132567233813,0.3182309494861614,-1.4999169581393967,-0.8323174972466213,-0.5946420031967207,-0.6967947187267279,-0.1207889326592303,-0.1099513511812154,0.527467910351935,1.582328263787768,0.6672327452370069,0.0545770221337598,0.4165211613693502,0.5729370683801631,0.505028431275505,-0.529834406007112,1.0661581497099166,-0.1534298262417497,-1.0157466343312156,1.0384923816964626,0.5036320503204208,0.4989240765157431,-0.4932882902008956,1.6009015080329032,0.4353310623577233,1.282877551405289,0.5022865195024961,0.0254649833425259,0.301097728387175,0.5414156436902108,0.2014173575381502,0.084149858229735,-0.6520628309228175,-0.5890176184750685,0.3756479909015043,-0.9081878376093228,-0.9671593203469846
G5889,0,0,0.00027434715901910955,10.18730/JGCQ0,FULL,Phaseolus,vulgaris,Phaseolus vulgaris,MEX,AHOME - LOS MOCHIS - SINALOA,25.92,-109.19,0.3591811050669926,-1.721495040181656,0.3859604233784113,-0.5562815553619073,-1.3831714924262566,0.4101439165144572,1.7426503293383795,1.3540537150080232,-1.845343948262552,0.8200350954060712,-0.6630233502020273,-0.7813424006612064,-1.3899761397896833,-0.3780664501346709,-0.191581395163998,-0.4314608634236613,-0.4281375239605672,0.6071251130757639,-1.0135034096676412,-0.9531282804876768,-1.3779703510755157,-1.3717959136257032,1.8529768875262569,1.4645363050173188,-0.3778860049003713,-0.4369711226493272,0.9795121240860004,-0.1099513511812154,-0.8205145615203591,-1.1698836982734446,1.4389688018106157,2.313108334413428,-1.2474840095627342,-0.9044613502805926,-0.7732684634130653,1.3117141741038376,-0.271264213906256,-0.6297582015642156,0.6386781022003624,-0.6575386875273378,2.074383057673847,0.8863683568680413,-0.7271513650179893,-0.8430350640857079,-0.7986017651046589,-1.0921955939926191,-1.1805302313477566,-1.0906285087901668,-0.5569804424406372,-0.2492538759086378,0.4592484643552649,0.5411467741525758,1.031544959450196,1.315036083542012,0.3813220129265134,-0.0517750268964503,0.1938976790757006
G51462,1,1,0.9982286075173749,10.18730/K41Z8,FULL,Phaseolus,vulgaris,Phaseolus vulgaris,COL,PASTO - NARIÑO,1.18,-77.26,0.3591811050669926,2.0813609864323785,0.3859604233784113,3.8493471181870977,2.0420034960429145,-1.5013216007482089,-1.174495612389206,-1.3212314925776614,0.2333631304643595,-0.916427571047222,1.2802011884990447,1.2367121783114188,1.2005761588573765,1.7040849781616596,2.1076164484635216,-1.3910568078474268,-0.1611976502679807,0.6071251130757639,-0.0881849933786897,0.7808721449143978,0.93019583510104,0.5294843073751444,-0.9840871357292964,-0.8323174972466213,-0.5404530036226333,0.4724114636215755,0.9795121240860004,-0.1099513511812154,0.7970644047263937,1.582328263787768,-0.980881460963579,-1.9660016767450168,0.3498275673440161,-0.3897548044245874,1.5509077087479717,-1.3282066792271134,0.5289967085853883,0.1724790621367795,-0.936424956827175,1.066330324844637,-0.9064424840231226,-0.7150680310332371,0.6029448730042304,0.4880375332288927,1.0385871113393323,1.1484394488355962,0.4080487814548819,-0.4324195262503736,-0.3816741494758153,0.1309050949893448,-0.3663785186849593,-1.004704971023805,-1.6647418339355498,-1.5166984761023112,-1.2662076550624828,-0.4799814960606078,-0.3221277223510561
G6794,0,0,0.00029522497123582366,10.18730/JFV1T,FULL,Phaseolus,vulgaris,Phaseolus vulgaris,MEX,GRANJA VIRGINIA - SILAO - GUANAJUATO,20.93,-101.42,0.3591811050669926,0.77651484793247,0.3859604233784113,-0.5497932936407447,-1.3521876599652791,0.701414852478292,0.8893980230013528,0.3343958397103101,-1.2305151446845242,-0.0273587226530163,-0.6630233502020273,-1.2858560454043628,-0.6834618765223034,-0.2623913707848747,0.2141594007702701,1.076475620670827,-1.36242708188462,0.6071251130757639,-1.464878246881764,-0.9137191799103568,-1.1895486215917153,-1.6886759504591775,1.337147065116156,1.1364143332653274,-1.1907209985116811,-0.3070593246106268,-0.8084770931249995,-0.1099513511812154,-0.2813215727714414,-1.1698836982734446,0.3353208952810295,0.3610920678134442,-0.8423204258588298,-0.4278812152287359,-0.6570596548050135,1.1930444617612752,-0.8358318510065257,-0.73003785952684,1.709521727864756,0.0930095139310664,0.5784297638858688,0.2852426765760962,-0.7710006915461942,-0.864855926336767,-0.9768365068492252,-0.9577574914229262,-0.8035792791573001,-0.1271631865217739,0.3287776693816206,0.2564601830228544,0.725236538788327,0.8914439696176608,1.0520565890440507,0.831212238195765,0.504087216740346,-0.4799814960606078,-0.1931213719943667
G20886,0,0,0.042828507247266,10.18730/JTV37,FULL,Phaseolus,vulgaris,Phaseolus vulgaris,RWA,GATARE - MUGESERA - KIBUNGO,-2.14,30.37,0.3591811050669926,0.2399441187907478,0.3859604233784113,-0.1468835271260426,1.0376596438172725,-0.8459619948295805,-0.3968809179088238,-0.2288508913790324,-0.4014143873799576,-0.7744409512502897,-0.1772172155267593,-0.7813424006612064,-0.4479571220998433,-0.9564418468836516,-0.867816055054445,0.3910499460824232,-0.6950773976531537,0.6071251130757639,-0.7426785073391676,-0.3619917718278785,-0.6781182129928283,-0.6324091610142625,-0.5972147689217209,-0.6682565113706256,-1.1907209985116811,0.6023232616602759,-1.0835523573113073,-0.1099513511812154,-0.5509180671459002,0.2062222827571616,0.6345320972488065,0.0384447484770797,-0.3237777323118576,-0.4469444206308101,-0.5795871157329789,-0.421563085659788,-0.7590945022744502,-0.2837933815931615,-0.8117764250650112,1.1540802206916545,0.4288343895939441,0.5247537041633663,0.1206022811939749,-0.2647822144326437,0.5861450746031256,1.1484394488355962,0.1118730333052374,-0.9856966420084606,-1.0275394393462116,0.2540582595996046,0.0932488739353717,-0.3970054849665598,-0.9117665281998494,-1.0340004570395924,0.2415347430376537,-0.265878261478529,-0.0641150216376775
G20256,1,1,0.9993970332420282,10.18730/JN8R=,FULL,Phaseolus,vulgaris,Phaseolus vulgaris,MKD,VARVARA - TEARCE,42.06,21.02,0.3591811050669926,-1.2549736688869977,0.3859604233784113,-0.5911320465431998,0.4255828025598528,-0.3908511573860885,-1.863682576452966,-0.8845824794468539,0.2259122268810746,1.8913725709232936,1.2802011884990447,1.2367121783114188,0.4940618955899966,0.3159840259641059,0.0789124687921807,-0.9798014030943843,0.5061520339634855,0.5390522795292084,0.0697961996462532,-0.1649462689412792,0.4726002063546673,0.1069775915971782,0.3054874202959551,0.6442313756373401,-0.1069410070299345,-0.3070593246106268,1.3921250203654618,-0.1099513511812154,0.2578714159774761,0.2062222827571616,-1.5122674829227305,-0.5786182189836727,-0.6155622061726941,-1.085561801600298,0.931127396171695,-1.757654804524354,-0.7974631766404879,0.0521434725816302,-0.488823675903028,-1.5880531997708904,-2.067191408857346,0.1537464494078863,-0.1571101201513236,-0.4611699746921749,0.0377304846198446,-0.1660664429569568,-0.197765248851209,-0.5755084354981548,-0.6400202654239737,-1.7753486763715909,-1.7498711565027922,-1.3535641648654702,-0.4595181789288906,0.2806831855504716,-0.5177525679453777,-0.6940846030272442,-0.4511339189202276
G24580,0,0,0.0003140158206167847,10.18730/JY97G,FULL,Phaseolus,vulgaris,Phaseolus vulgaris,MEX,"TEOPISCA, M. MATAMOROS - TEOPISCA - CHIAPAS",16.47,-92.59,0.3591811050669926,-0.4562325331855366,-1.80637314900962,-0.5017666386400002,0.1858965514466322,0.4556550002588064,1.4983992476347237,0.8143822969922961,-0.1472452232556987,-0.4441097546529117,-0.6630233502020273,-0.2768287559180501,-0.2124523676773833,0.0846338672645136,0.3494063327483596,0.1168796762470617,-0.4281375239605672,-0.6181858907622361,0.9951146159352048,-0.2437644700959189,-0.0051834648363981,0.7407376652641275,0.0475725090909048,-0.1760735537426384,0.8684609853036377,-0.047235728533226,-0.2583265647523842,-0.1099513511812154,0.2578714159774761,0.2062222827571616,1.0898890687803586,0.9700888984458572,0.4482006185313839,0.9637327791226856,-0.5795871157329789,0.7615515446065297,0.7811337115622078,-0.6999539621380526,-0.1800353677590818,0.1902718981442671,0.91917469210591,0.675035135433191,-0.8294664602504677,0.302560204094891,-0.4969737406138543,-0.6739437193313522,0.5830617235433082,1.5231289001359682,0.762430078294601,0.3143247018556892,0.0904116678080857,0.7522454124706155,0.1869289860129188,0.043978209438666,-0.1427512941106876,0.2693796973612255,-0.1931213719943667
G18635,0,0,0.0004718920413945951,10.18730/JSSAU,FULL,Phaseolus,vulgaris,Phaseolus vulgaris,BRA,"KM 51 DE PIRENÓPOLIS, FAZ. ITEIPAVA, RODOVIA BELÉM - BRASÍLIA - MOSSÂMEDES - GOIAS",-16.2,-50.15,0.3591811050669926,-0.866205859474782,0.3859604233784113,-0.5530050742674634,-0.1180957670384282,0.8379481037113397,0.5247222256069739,0.761719051326669,0.7603592898858205,-0.5899725761083996,0.3085889191485086,-0.2768287559180501,-0.4479571220998433,-1.7661674023322245,-1.8145445789010708,-0.020205458670619,-1.36242708188462,0.6071251130757639,-1.306897053856821,-0.4802190735598382,-0.3080041015067917,-1.0549158767922286,-0.8551296801267712,-0.0120125678666426,-1.0823429993635068,1.2518822518537778,-1.358627621497615,-0.1099513511812154,-1.3597075502692766,0.2062222827571616,1.0874365162830204,0.7482688664021052,0.9734126714808894,0.8779483548133514,-0.463378307124927,0.2318065927493396,0.9072022130506174,-0.5796183725829034,-0.0808832742561342,0.256310060206295,0.8748501387171543,0.6656425109887089,3.248520906872601,0.5535001199820698,2.203968115053805,0.7003124402699531,-0.6689539390892798,-1.0238536844745356,-0.999859498351766,0.3649834504187748,0.6000448184218324,-0.212941277168814,-0.4651423354304314,-0.8034875254871919,-0.2448836905608508,-0.4799814960606078,-0.3221277223510561
G4083,1,1,0.9839705682985485,10.18730/JY7G=,FULL,Phaseolus,vulgaris,Phaseolus vulgaris,CRI,CHIRRIPO - CHIRRIPO - CARTAGO,9.82,-83.42,0.3591811050669926,-0.2041875971977958,0.3859604233784113,0.4475971919304154,1.8081632510544063,-1.164539581040025,-0.0723221388498546,-1.0433710346803058,2.077849693892844,-0.7636188394416893,1.2802011884990447,0.2276848888251061,2.1425951765472164,2.745160692309825,3.460085768244416,-0.5685459983413421,-0.9620172713457402,0.5050158627559306,0.0472274577855471,3.618327386481429,2.7269316126787086,2.0082578125980257,-1.3709595025368717,-0.996378483122617,-0.5946420031967207,-0.1771475265719264,0.7044368598996927,-0.1099513511812154,1.875450382224229,1.582328263787768,0.4195251223240193,-0.163209903033263,2.9842245313447107,1.4403129141745423,3.1778310292606977,-1.2952524850438694,1.071639388905065,2.694512459896783,-0.9052627934927076,0.8757532952085116,0.3069419074040943,0.4190870598554282,2.225369954547817,2.593750740456089,1.83378826681509,1.1783145827399724,1.9831652602507184,1.857003021714124,1.832721130079829,0.6754866420425149,1.0015094854328006,0.9590300459183956,0.8340378164254978,0.4430836269494155,1.2494473827529005,1.6610503392984106,0.0648911749314939
G51187,0,0,0.0015800421791086,10.18730/JXRD~,FULL,Phaseolus,vulgaris,Phaseolus vulgaris,PER,TOMABAL (SAUSAL) - TRUJILLO - LA LIBERTAD,-7.75,-79.07,0.3591811050669926,-1.4528918264059434,0.3859604233784113,-0.6168161988825502,-1.4135707242747626,0.082464113555143,0.3761242008853535,2.1179191201067145,-2.284507528967904,-0.277409302108478,0.7943950538237766,0.7321985335682625,-0.9189666309447634,-1.30346708493304,-1.2735568509887132,-0.8427162681767036,0.9065618445023652,-0.2778217230294583,-1.0812096352497598,-0.7954918781783972,-1.3241355712230014,-1.3717959136257032,1.8529768875262569,2.284841234397297,0.3807599891368515,2.1612648381246804,-1.358627621497615,3.991234047878121,-2.438093527767112,-1.1698836982734446,0.5936562482813059,0.5385480780634229,-1.7710287226616064,-1.7432423879718604,-0.8120047329490826,0.6850618016415692,-1.4552118800582778,-0.8654153977763829,-0.5511478303397129,0.0014081775742879,0.855458130097395,0.2265389977348387,-0.887932228954741,-1.2030792912281818,-1.0865194248458814,-1.0175077592316786,-1.1670676973409546,-1.1287855512562417,-1.073672674336954,0.5115007792370094,-0.1287625055247573,-0.6705133937410228,-0.6758827878705198,-1.1803578738982594,-0.9030702454619024,1.125792380458656,1.870979772350108
G18574,0,0,0.0004439664917999919,10.18730/JSQSR,FULL,Phaseolus,vulgaris,Phaseolus vulgaris,BRA,ESTRADA QUE LIGA MOSSÂMEDES - SANCLERLÂNDIA - MOSSÂMEDES - GOIAS,-16.17,-50.13,0.3591811050669926,-0.866205859474782,0.3859604233784113,-0.544360411818208,-0.0859427333525083,0.6376993352362033,0.5364920816762346,0.7862954367198401,0.7603592898858205,-0.5969184531380481,0.3085889191485086,-0.2768287559180501,-0.6834618765223034,-1.8818424816820207,-1.94979151087916,-0.2943757285059805,-1.36242708188462,0.6071251130757639,-1.3520345375782332,-0.6772645764464376,-0.5502606108431066,-1.1605425557367202,-0.9840871357292964,-0.3401345396186341,-1.0281539997894191,1.381794049892478,-1.2210899894044611,-0.1099513511812154,-1.6293040446437357,0.2062222827571616,1.1234072602558396,0.796665995072605,0.966743312078356,0.8779483548133514,-0.5021145766609444,0.2471926726691611,0.8907584954651727,-0.5846323554810346,-0.0865490803818536,0.2513540367579602,0.908093566968464,0.6844277374839987,3.248520906872601,0.5425896888565404,2.203968115053805,0.7003124402699531,-0.6689539390892798,-1.0238536844745356,-1.0090861453499145,0.3680404438665472,0.6454401164584084,-0.2100652739219742,-0.4598490116642753,-0.8009544163492535,-0.1489411363197884,-0.5870329857362047,-0.3221277223510561
G12072,0,0,0.0010430391221477,10.18730/JHRDX,FULL,Phaseolus,vulgaris,Phaseolus vulgaris,PER,TAMBO - LA MAR - AYACUCHO,-12.95,-74.02,0.3591811050669926,-0.3916605459250823,-1.80637314900962,0.1845432324740585,0.4741046533949683,0.0915663303040128,-0.1907299468274103,0.0881331952831603,-0.3814657821810976,-0.6247018287750575,0.3085889191485086,0.2276848888251061,-0.2124523676773833,0.2003089466143097,0.0789124687921807,-0.4314608634236613,0.9065618445023652,-0.7202951410820694,-0.9457971840855228,-0.1649462689412792,-0.1195823720229912,-0.738035839958754,0.3054874202959551,0.3161094038853487,0.922649984877725,-0.047235728533226,0.2918239636202311,-0.1099513511812154,-0.2813215727714414,0.2062222827571616,-1.082253545742387,-1.966001695976296,-0.4021427052916251,-0.4278812152287359,-0.3859057680528925,0.0007113446159482,-0.3041516490771455,-0.6147162528698219,1.2902496498014644,0.9958425128707014,-1.008942937778598,-0.8395197898680853,1.1583696756948276,-0.5593638548219406,-0.0856627981263935,-0.345317246383214,-0.8170418131641021,-1.0238536844745356,-0.9260463223665778,0.5680551580207989,0.9305793322506508,-0.7858411239392978,-1.244253427261527,-1.0303415216181258,-0.8133175334299408,-0.0517750268964503,0.7099227729274225
G2820,0,0,0.00016578808693938757,10.18730/K1DPC,FULL,Phaseolus,vulgaris,Phaseolus vulgaris,MEX,AGUASCALIENTES - AGUASCALIENTES - AGUASCALIENTES,21.88,-102.3,0.3591811050669926,0.8500273064395072,0.3859604233784113,-0.5289525954558248,-1.247544150332922,0.5648816012452444,0.939317173063608,0.6383369945736727,-1.4061805420650872,0.1393416636506248,-0.1772172155267593,-1.2858560454043628,-0.6834618765223034,-0.493741529484467,-0.0563344631859086,1.076475620670827,0.1057422234246057,-0.0395668056165138,-1.4874469887424702,-1.0319464816423165,-1.2837594863336157,-1.7943026294036697,1.8529768875262569,1.9567192626453056,-0.2695080057521966,-0.1771475265719264,-0.9460147252181532,-0.1099513511812154,-0.2813215727714414,-1.1698836982734446,0.0132191890445891,-0.0301177991893861,-1.037399188382932,-0.7519557070639984,-0.7732684634130653,1.0916718580047564,-0.4850325425170377,-0.7049679450361839,1.2449229373816617,0.0196334704822005,0.2847796571292024,-0.0646312627540034,-0.7563842493701259,-0.8321246329601785,-0.9905468715988072,-1.0175077592316786,-0.9516671532321224,-0.4514980474834111,0.0150716714445709,0.1400760753326621,0.5319518713669685,0.7674882296788663,1.0566882473394372,0.9260631025830164,0.1940792861012142,-0.1588267718029321,0.0648911749314939
G24314,0,0,0.0071945884780047,10.18730/JY52Z,FULL,Phaseolus,vulgaris,Phaseolus vulgaris,CHN,YANTAI - YANTAI - SHANDONG,37.53,121.4,0.3591811050669926,-1.670601799676784,0.3859604233784113,-0.5916586683150848,-0.4285186922606726,-1.1372329307934153,0.3351016705535997,0.0924133102098608,-0.5247688788685614,0.1453810798899633,0.7943950538237766,0.7321985335682625,-0.6834618765223034,-0.7250916881840593,-0.7325691230763556,-1.5281419427651075,0.7730919076560719,0.3688701956628195,1.0628208415173233,-0.4408099729825183,-0.4829671360274635,0.4238576284306529,0.6923597871035305,0.6442313756373401,-0.2153190061781092,0.4724114636215755,1.117049756179154,-0.1099513511812154,-0.8205145615203591,-1.1698836982734446,-1.0250273601115554,0.5708128561521266,-0.6855904798992948,-0.1800595450017704,-0.3471694985168752,0.7982451181240245,0.6879526452446875,-0.6598420989530029,-1.7013130490805726,-2.1969148116281234,0.8776204332112582,-2.2390154968027107,-0.8148500180743993,-0.8103037707091194,-0.7163395766071667,-0.5395056167616593,-0.5881787350484677,-0.4896550899494861,0.568670491333482,-1.0934207808435037,-0.6238549747361634,-0.3107253875613665,0.5627549734099995,0.8616095478510265,0.0903994290987758,2.624514512071438,3.161042968341965
G4551,0,0,0.0171611911257987,10.18730/JH5DD,FULL,Phaseolus,vulgaris,Phaseolus vulgaris,COL,ANDES - ANDES - ANTIOQUIA,5.67,-75.89,0.3591811050669926,0.0586746660119014,0.3859604233784113,0.1314587887413977,0.9470465488842256,-1.0189041130581074,0.6307622204795452,-1.804728903057397,1.580131126150544,-0.9025358666685191,-0.1772172155267593,-0.2768287559180501,0.9650714044349166,0.6630092640134944,0.7551471286826278,0.9393904857531464,-0.6950773976531537,0.6071251130757639,0.6565834880246127,1.647872357615435,0.7619621480619323,1.480124417875568,-0.5972147689217209,-0.6682565113706256,-0.1611300066040218,-0.9566183148041288,0.1542863315270773,-0.1099513511812154,1.0666608991008526,0.2062222827571616,0.7113786979855742,0.1191065783111706,1.7153789050127306,0.5729370683801631,3.371512376940784,-1.3571356134562138,1.159339216027437,1.9825268883621496,-0.3925043672643358,1.259035230841676,0.5396457994853209,0.5740648257411697,0.5883284308281621,1.6009015080329032,1.6418431603209416,2.5824458762456537,2.0774029982983326,0.5978206203336504,0.2088312584056898,1.016559768143979,0.2358184818314929,0.6001048407127912,0.0430167461205508,-0.5256898900266068,0.246692944878571,-1.5504973499323955,-1.6121908414491544
G8159,1,1,0.9901063441969666,10.18730/K2G44,FULL,Phaseolus,vulgaris,Phaseolus vulgaris,COL,"BURITICA, FINCA LA CORDILLERA - BURITICA - ANTIOQUIA",6.69,-75.91,0.3591811050669926,0.384919636269984,0.3859604233784113,1.391142577678148,1.2282394434829067,-1.264663965277593,0.097162420224786,-0.8808676933190672,1.4044657287699809,-0.8747524579111137,-0.1772172155267593,0.2276848888251061,1.6715856677022964,2.629485612960029,2.3781103124197007,0.6652202159177848,-0.4281375239605672,-0.6181858907622361,0.5211710368603759,2.4360543691618326,1.3608740739211551,1.58575109682006,-1.1130445913318214,-1.1604394689986126,0.8142719857295503,-1.2164419108815294,0.5668992278065389,-0.1099513511812154,2.145046876598688,1.582328263787768,0.3140654662922479,-0.3608313322792053,2.103869090210301,1.039985600730983,1.7058527868920408,-0.9705802239572788,1.61976330841989,2.428771366295828,-0.891098143094287,1.1700780119799072,0.1185626479700799,0.327509352214213,-0.0401785827427768,1.982766597426436,2.341071762549625,2.014818332062506,2.467816484495591,1.1415584754752186,0.7532034312964524,0.8075924303212509,0.3734229790048636,0.4819011072676764,-0.0965946682118153,-0.3796139297388219,0.5520584938608771,-1.336394179158038,-1.4831845679862237
G20010,0,0,0.0386087065767746,10.18730/JMTW=,FULL,Phaseolus,vulgaris,Phaseolus vulgaris,MKD,MRZENCI - GEBGELIJA,41.16,22.5,0.3591811050669926,-1.6225359614221828,0.3859604233784113,-0.5946298676530636,-0.7798636603559058,0.3828372662678477,-1.6731340251810596,-0.169534100522233,-0.0905551699701793,1.94360699536978,0.7943950538237766,0.7321985335682625,-0.6834618765223034,-0.6094166088342632,-0.5973221910982662,-1.1168865380120652,-0.1611976502679807,0.6071251130757639,-0.7426785073391676,-0.7954918781783972,-0.4627790935827706,-0.8436625189032455,1.337147065116156,1.4645363050173188,-1.0281539997894191,0.4724114636215755,0.7044368598996927,-0.1099513511812154,-1.0901110558948175,-1.1698836982734446,-0.6424294233020483,0.7402026911112077,-1.1307702200183996,-1.4096362934355606,0.1951382749873667,-1.6781754139503702,-1.1044125715687898,-0.3740450737595234,-0.1602050180358177,-1.554641400755851,-1.441107242089185,0.9075016946870992,-0.5809869432573057,-0.7448411839559423,-0.4284219168659441,-0.5544431837138475,-0.5881787350484677,-0.7662936478285296,-0.7968732643924986,-1.758098499059161,-1.754481616459632,-1.4044694223345342,-0.3185834336549853,0.5919741529460208,-0.4176834522315814,-0.6940846030272442,-0.8381529699902952
G6293,0,0,0.0045557895167642,10.18730/JG20V,FULL,Phaseolus,vulgaris,Phaseolus vulgaris,CRI,PACUAR - PACUAR - SAN JOSE,9.34,-83.73,0.3591811050669926,-1.1623255445589835,0.3859604233784113,-0.4798674855237926,0.9569847592962372,-0.1632957386643426,1.2172326429385534,-0.0257194183527359,1.6972413619862716,-0.791402248199095,-0.1772172155267593,-0.2768287559180501,0.9650714044349166,0.2003089466143097,0.3494063327483596,1.076475620670827,-0.4281375239605672,0.6071251130757639,0.4308960694175514,0.5444175414504786,0.8292556228775754,0.8463643442086191,-0.9840871357292964,-0.1760735537426384,-0.4320750044744585,-1.086530112842829,0.1542863315270773,-0.1099513511812154,1.0666608991008526,1.582328263787768,1.0890715486824305,0.6958387847051084,3.022573347909278,2.3648783761751444,0.5437647008115223,-0.2223343071712964,1.2580015215401057,1.190317590457417,-0.2678559840947021,0.9525507346200056,0.7806605486293772,0.8652350190489829,-0.4786718480248273,3.652062559632452,2.9854589057799803,1.5517537565446748,2.7639922326452355,2.133641579593168,2.5708528899317105,1.1458269196497837,0.8951142556595758,1.342401278722138,0.903843523591681,0.3848221167768307,1.0869640247640049,1.6610503392984106,0.3229038756448727
G14017,1,1,0.9744629669050696,10.18730/JS7W~,FULL,Phaseolus,vulgaris,Phaseolus vulgaris,COL,MONIQUIRA - MONIQUIRA - BOYACA,5.83,-73.54,0.3591811050669926,0.7206238026532437,0.3859604233784113,4.053445589235276,1.8280396718784293,-1.155437364291155,-0.3036822520557156,-1.6848576081747648,1.2288003313894176,-0.9094817105777716,0.7943950538237766,1.2367121783114188,1.9070904221247564,1.241384660762475,1.160887924616896,-0.2943757285059805,0.7730919076560719,0.6071251130757639,1.0853895833780294,1.2143722512649164,2.80768378245748,1.3744977389310766,-1.4999169581393967,-0.996378483122617,-0.648831002770808,-0.1771475265719264,0.429361595713385,-0.1099513511812154,1.3362573934753113,1.582328263787768,-0.2614665152373631,-1.0787216254951284,0.334821508688316,-0.0752119152903619,0.7761823180276259,-0.9883464082756124,0.0302039418268976,0.413150241247078,-0.6134721299918241,1.29460064631514,-0.3468450833534031,-0.1068979159984438,-0.3909731949684172,0.597141844484188,0.5998554393527077,0.8198129758874579,0.9330876077201607,-0.0890061440556989,-0.501620560451746,0.8567226821604503,0.0666500664920655,0.590901630322904,-0.6557019910120497,-0.6537526297779405,0.3575942844582936,-1.4434457964490774,-1.6121908414491544
G50870A,1,1,0.9868091275463472,10.18730/S33GP,FULL,Phaseolus,vulgaris,Phaseolus vulgaris,COL,"14 KM N NEIRA VÍA LA FELISA, PAN DE AZÚCAR - NEIRA - CALDAS",5.2,-75.52,0.3591811050669926,0.900920546944379,-1.80637314900962,1.534102269512802,1.774841016143544,-1.519526034245949,-0.1536269636200379,-2.691475039325782,1.6386862876953794,-0.8955900061990688,1.7660073231743127,1.7412258230545752,2.3780999309696766,0.8943594227130865,1.160887924616896,-0.020205458670619,-0.9620172713457402,0.3007973621162639,0.0246587159248409,2.593690771471112,1.3474153789580263,1.1632443810420936,-1.3709595025368717,-0.996378483122617,0.1098149912664148,-0.4369711226493272,0.5668992278065389,-0.1099513511812154,1.0666608991008526,1.582328263787768,0.2821822994197286,-0.4455261920649093,1.9571431833545665,0.925606368318537,3.022885951116628,-1.222015839132538,1.4553261325654423,2.8599738955351133,-1.0525745902829926,1.1563656452997793,0.0714677736677339,0.31342046033484,0.4567804512435469,2.004587459677495,2.84835525828416,2.806509380528475,1.8889275222031043,0.3784176261537193,0.1534713764167987,0.9041060806009228,0.1897138822630955,0.2429052374552908,-0.4287507345381084,-0.6306731909656121,0.4236192680220355,-1.4434457964490774,-1.6121908414491544
G11614,1,1,0.9928744159972432,10.18730/JQ37K,FULL,Phaseolus,vulgaris,Phaseolus vulgaris,GTM,CHICAMAN - CHICAMAN - QUICHE,15.41,-90.77,0.3591811050669926,-0.4634366450858663,0.3859604233784113,0.5862908819409685,0.8026501976038221,-0.6548154431033139,-0.2205466114644892,-0.7399313488957859,1.2580779121618353,-0.6385935497139584,0.3085889191485086,0.7321985335682625,1.4360809132798364,1.125709581412679,0.8903940606607171,0.2539648111647425,0.1057422234246057,-0.0736032223897916,1.1079583252387355,1.3325995529968762,1.0715121322138903,1.2688710599865851,-1.1130445913318214,-0.8323174972466213,0.4349489887109389,-0.3070593246106268,0.0167486994339235,-0.1099513511812154,1.3362573934753113,1.582328263787768,-0.0889704372723845,-0.5987837533673104,2.082193672152068,1.5546921465869878,1.7058527868920408,-0.3821905341232697,1.7239068531277066,0.9245764968564624,-0.3330131057592042,0.5370266266703658,-0.02549216375312,0.0316427571094535,0.3106160294828635,1.6663640947860805,1.0797182055880783,0.1625600299911814,1.027325345767775,2.314887531307024,2.238693597998364,0.6781069221406055,0.4305217523164943,1.241165964433378,1.2161496257948887,0.6507985762603697,0.5515426736767854,0.9116891458765768,-0.0641150216376775
G52353,0,0,0.0033943686193124,10.18730/K4Z3F,FULL,Phaseolus,vulgaris,Phaseolus vulgaris,CHL,SECTOR SAN RAFAEL - TOME - REGION VIII CONCEPCION (REGION DEL BIO BIO),-36.63,-72.8,0.3591811050669926,-0.916460648952146,0.3859604233784113,-0.5737013177133046,-0.9593360483845856,0.9562769214466476,-1.4912326788282018,0.9252255221729784,1.140967632699136,0.1601792947395706,1.2802011884990447,1.7412258230545752,0.0230523867450766,-0.0310412120852824,-0.191581395163998,-1.802312212600469,1.5739115287338314,0.3007973621162639,-0.0881849933786897,0.4261902397185189,0.2370730444999167,0.1069775915971782,-0.4682573133191957,-0.3401345396186341,-0.5946420031967207,2.421088434202081,-0.8084770931249995,-0.1099513511812154,-1.3597075502692766,0.2062222827571616,-1.0462827978713438,-1.1190524634870591,0.0296983160224127,0.7159111088957202,-0.3859057680528925,0.657276771047528,-1.3620308137407575,2.163030272694874,-0.9987491146409632,-0.8998331790581855,-1.5214454311216128,-0.0763719537349017,-0.7710006915461942,-0.5920951481985292,-0.6477877528592566,-0.1212537421003924,1.3504261619310236,1.4754325970533746,0.762430078294601,2.6374213654878766,0.7720504398885458,0.2408920351825029,-2.0468536433049405,-3.2766464138277813,-1.8547584851111505,1.3398956150407346,1.4839608750675577
G22699,1,1,0.9993425682642328,10.18730/PF4HV,FULL,Phaseolus,vulgaris,Phaseolus vulgaris,PRT,TERRA DO BAPTISTA - MACHICO - MADEIRA ISLAND,32.75,-16.84,0.3591811050669926,-1.3397957363951172,0.3859604233784113,-0.5908022902719952,1.3176833371910108,-1.5286282509948184,-0.3967343188865407,-1.0101799820929385,0.5808091841105579,-0.4057319571946364,-0.6630233502020273,0.2276848888251061,1.6715856677022964,1.935435136861252,1.837122584507343,-0.020205458670619,0.9065618445023652,0.0625424447033194,3.026301383398757,2.9877817772443107,2.740390307641837,3.0645246020429413,-1.3709595025368717,-1.816683412502596,0.5433269878591136,-0.8267065167654283,0.9795121240860004,-0.1099513511812154,2.4146433709731467,1.582328263787768,-0.398809338141654,-0.5342541971898995,-0.6855904798992948,-0.8758665421774812,-0.5408508461969617,-0.3843455628770269,-1.235962312252348,0.3479684635713722,-2.4435379100768784,-1.1741290157142203,-0.6903602532285775,0.1513982932967646,0.4275475668914102,-0.2647822144326437,0.1611237673660828,-0.3751923802875902,-0.763191677136894,-0.976157381391942,-1.018312792348063,-1.0244200715937837,-0.8203314990507184,-0.3248178034708814,0.2961037886898877,0.7130004784253031,-0.1221184867470182,3.90913391956391,3.032036771772793
G2951,0,0,0.0024874937292178,10.18730/K1H6D,FULL,Phaseolus,vulgaris,Phaseolus vulgaris,GTM,PUEBLO NUEVO VINAS - PUEBLO NUEVO VINAS - SANTA ROSA,14.24,-90.49,0.3591811050669926,-0.0389030290336666,0.3859604233784113,-0.0746628922003681,0.8196036153654889,0.1461796307972319,0.1337043911103175,1.0310532912556898,1.3166330300796991,-0.8052939525777978,-0.6630233502020273,-0.2768287559180501,0.2585571411675366,1.5884098988118631,0.2141594007702701,-0.020205458670619,0.3726820971171922,-0.0395668056165138,-0.5621285724535185,0.3473720385638791,0.465870858873103,0.0013509126526867,-0.9840871357292964,-0.996378483122617,0.3265709895627642,-0.1771475265719264,0.0167486994339235,-0.1099513511812154,1.0666608991008526,0.2062222827571616,0.6557875418304847,0.1352390058180818,1.35189881757466,1.8978298438243248,-0.6183233852689962,0.7161869190122264,-0.0574958852954743,-0.5595624409903786,-0.9307591101762186,0.6679968306978885,0.4703887013275689,0.4308277508363266,-0.9171651133068778,1.7427371126647868,-0.4147115521163622,-0.2108791438135211,1.66006444408747,2.229034185758356,1.3806154271705515,1.106741074853265,0.6787772884540187,1.5339430949616673,1.5406965392073326,0.8793413118165958,0.7717978922839556,0.9116891458765768,-0.4511339189202276
G938,0,0,0.00023384986463398925,10.18730/JZW4H,FULL,Phaseolus,vulgaris,Phaseolus vulgaris,MEX,SANTIAGO APOSTOL - ZIMATLAN - OAXACA,16.75,-96.74,0.3591811050669926,0.8090299738105826,0.3859604233784113,-0.5530482268863656,-0.7763560566810782,1.7572719953471934,1.3183407465622623,0.3745200624762378,-1.2597926818299705,-0.3051927439862799,-0.6630233502020273,-0.7813424006612064,-0.9189666309447634,-0.7250916881840593,-0.3268283271420874,0.6652202159177848,-1.36242708188462,0.6071251130757639,0.859702164770968,-0.7954918781783972,-1.4318051309280302,0.3182309494861614,1.337147065116156,0.6442313756373401,-0.973965000215332,-0.047235728533226,-0.5334018289386918,-0.1099513511812154,-0.2813215727714414,-1.1698836982734446,0.7898603389182023,0.4982171631463761,-0.5171891549853264,-0.3039703801152531,-0.734532193877048,0.7362099190350135,0.0082789850463046,-0.7952196372025458,0.9559651904520516,0.3956399615109053,0.6809302638754452,0.4003019005411669,-0.9610144398350828,-0.6248264415751177,-0.9631261420996432,-0.4498802150485307,-0.0092897727559807,0.4547317110858692,0.1073381414260561,0.3754645708111373,0.2599347339134238,0.6219624653887735,-0.0926246753871983,-0.0145647573048007,-0.6580556580183291,0.2693796973612255,0.0648911749314939
G5557,0,0,0.0154126374643205,10.18730/JK9TK,FULL,Phaseolus,vulgaris,Phaseolus vulgaris,IRN,KARAJ - MARKAZI,35.8,50.98,0.3591811050669926,-0.6830190334837462,0.3859604233784113,-0.5998592518677814,-1.873651406289652,2.112258448553117,-0.7304584711087022,0.3569198048904883,-0.4656032428769086,1.4206295282637753,-0.1772172155267593,-0.2768287559180501,-2.0964904030570635,-1.1877920055832438,-1.0030629870325345,-1.253971672929746,-0.0277277134216875,0.6071251130757639,-1.0812096352497598,-0.8349009787557171,-1.1693605791470223,-1.2661692346812117,1.7240194319237316,1.9567192626453056,-0.9197760006412448,0.4724114636215755,0.8419744919928466,-0.1099513511812154,-1.6293040446437357,-1.1698836982734446,-0.6473345196475421,1.0547838351566736,-1.3808711976134025,-1.428699498837635,-0.6957959243410308,-0.1933518724294286,-1.5538741855709464,-0.3088632960838176,-0.2168635415339966,-1.7276644811015305,-2.388544310294231,1.1070941579600218,-0.4494389636726906,-0.9957810998431212,-0.7163395766071667,-0.6440685854269761,-0.8708919491913102,-1.0715499875571293,-1.0459927333425083,-1.1410225359588169,-0.5419306478107803,-0.9054828590078328,-0.1779795211164649,0.8058811468163802,1.182906579005067,-0.265878261478529,0.4519103797890794
G6386,0,0,0.0002458717898502395,10.18730/JG0CC,FULL,Phaseolus,vulgaris,Phaseolus vulgaris,MEX,"PROGRESO, JIUTEPEC, CARRETERA CUERNAVACA-CUAUTLA - JIUTEPEC - MORELOS",18.88,-99.15,-2.9470184280009937,0.2859605575105109,0.3859604233784113,-0.5848702939673625,-1.2855431901435543,1.6480453943607554,1.350287433592035,1.4493485288337913,-0.7620741140876701,-0.4232721898047584,-0.1772172155267593,-0.7813424006612064,0.0230523867450766,0.0846338672645136,0.3494063327483596,0.8023053508354656,1.840851402426418,-2.3540431461994027,0.5663085205817883,-0.5196281741371581,-0.6579301705481354,-0.2099024452362963,0.6923597871035305,0.3161094038853487,2.168996975081734,-0.5668829206880276,-0.2583265647523842,-0.1099513511812154,0.2578714159774761,-1.1698836982734446,0.8495390721735917,0.7321365927454253,-0.1320336494890223,0.1821413576376406,-0.6957959243410308,1.2316826787818742,-0.0684583636857708,-0.7801776885081522,0.5451918958736046,0.3301266433284326,0.7418765842288311,0.5271018154871351,-0.8294664602504677,-0.2647822144326437,-0.921995047850897,-0.92788235751855,-0.4535533949804475,0.941234002528325,0.7347501373001554,0.4099649254359973,0.5493297588965953,0.8713119468897823,0.6520798119638831,0.4337955601103078,0.0666717006305561,-0.8011362203182835,-0.709146619633606
G22027,0,0,0.0004286083902874102,10.18730/JVPJ=,FULL,Phaseolus,vulgaris,Phaseolus vulgaris,MEX,EL VELDUQUE - ZARAGOZA - CHIHUAHUA,27.63,-105.95,0.3591811050669926,0.3707826250186307,-1.80637314900962,-0.4501694106452552,-1.5801818988290746,-0.081375787924514,0.4981188388620829,0.8645376232815518,-1.5525684023002044,1.0700857411023266,-1.634635619552563,-1.790369690147519,-0.4479571220998433,-0.3780664501346709,-0.0563344631859086,2.310241834929954,2.641671023504178,-3.307062815851181,0.1375024252283716,-0.7954918781783972,-0.9001866798844502,-0.6324091610142625,1.337147065116156,2.1207802485213016,2.8734539695448693,-0.8267065167654283,-1.358627621497615,-0.1099513511812154,0.527467910351935,-1.1698836982734446,0.0034089975717958,0.635342258479308,-1.1457762786740997,-0.8472717340743697,-0.6957959243410308,1.4089814227498183,-0.2438580179305148,-0.7551077740174961,1.7321851178456842,-0.5470697847314874,0.6920114418518641,-0.287705203161847,-0.8733157867786727,-0.9630498064665326,-1.0042572363483893,-1.0175077592316786,-1.0324423572729344,-0.7281366053624546,-0.1510079745221023,-0.4086542485424847,0.1914871360926492,0.4801755053195725,1.0216199773886534,1.1776852769515709,0.3648157670355779,0.1623282076856287,0.1938976790757006
G1805,0,0,0.0002577951541915169,10.18730/K0G0R,FULL,Phaseolus,vulgaris,Phaseolus vulgaris,MEX,LA BARCA - LA BARCA - JALISCO,20.28,-102.57,0.3591811050669926,0.5942180157558611,0.3859604233784113,-0.592576086589237,-1.6409803625260866,0.3282239657746287,0.9431653527053954,1.1925535031318564,-0.9962946730130688,-0.0343045334418723,-0.6630233502020273,-1.2858560454043628,-0.6834618765223034,-0.7250916881840593,-0.4620752591201768,0.9393904857531464,-1.2289571450383268,0.6071251130757639,0.20520865081049,-0.9137191799103568,-1.1895486215917153,-0.3155291241807879,1.4661045207186814,0.6442313756373401,-0.7572090019189827,-0.3070593246106268,-0.6709394610318457,-0.1099513511812154,-0.2813215727714414,-1.1698836982734446,0.5037294039421556,0.4498201114009898,-0.515521815134693,0.0105725090189722,-0.6957959243410308,1.434025808156497,-0.5398449344685202,-0.73003785952684,1.023955269213059,0.0807189018602095,0.6698491387379992,0.3462945339221508,-0.7417678071940575,-0.6684681660772357,-0.9905468715988072,-1.062320460088243,-0.8170418131641021,0.4642709717023879,0.7532034312964524,0.222614898422517,0.5869227400831347,0.8785019550068818,0.9544609321055484,0.7298878726782263,0.3158128495468633,-0.8011362203182835,-0.709146619633606
G1462,0,0,0.0373509609605934,10.18730/PPZ9P,FULL,Phaseolus,vulgaris,Phaseolus vulgaris,PAK,GILGIT GARDEN,35.93,74.34,0.3591811050669926,-0.830630137167217,0.3859604233784113,-0.6001622539101568,-1.1341316315134955,-0.5182821918702664,-0.2595017689104515,0.1453511759342838,-0.1924924812692379,0.618425131801131,1.2802011884990447,0.7321985335682625,-1.6254808942121433,-1.5348172436326322,-1.8145445789010708,-2.350652752271192,1.5739115287338314,-0.8564408081751805,-1.126347118971172,-0.559037274714478,0.1630502222027094,-1.1605425557367202,1.0792321539111058,1.300475319141323,0.3265709895627642,2.680912030279482,-0.395864196845538,-0.1099513511812154,-2.9772865165160294,-1.1698836982734446,-0.2859920382616489,1.3895303212729908,-1.592623358643838,-1.6097999501573403,-0.6957959243410308,-0.43147140909462,-1.3894370097164987,-0.7801776885081522,0.4007129953919744,-1.5087568386626973,-0.3413045207846801,-1.4899565483500852,-0.9025486711308094,-1.1157958422239458,-1.0728090600962994,-0.7336939871401047,-0.8035792791573001,-1.0333929450910544,-0.9352729693647264,-1.5205264368322768,-0.4756109545854701,-0.9722061343345156,-0.0787297005010386,0.7735136411649443,0.4617899616448238,-1.8716521379977928,-1.6121908414491544
G13717,0,0,0.000351355078907525,10.18730/JRC3*,FULL,Phaseolus,vulgaris,Phaseolus vulgaris,MEX,ACATLAN DE OSORIO - ACATLAN DE OSORIO - PUEBLA,18.17,-98.06,0.3591811050669926,1.1319952801398232,0.3859604233784113,-0.6090440876707264,-1.7619926893076394,1.6298409608630156,2.1911714707165006,0.5019144458421337,-1.347625467774195,-0.1801674211381528,-0.6630233502020273,-1.2858560454043628,-0.6834618765223034,0.0846338672645136,0.6199001967045383,1.076475620670827,2.241261212965298,-2.0817518120131804,-0.1558912189608081,-0.7560827776010773,-0.9001866798844502,-0.738035839958754,1.208189609513631,0.152048418009353,2.168996975081734,-0.4369711226493272,-0.6709394610318457,-0.1099513511812154,0.2578714159774761,-1.1698836982734446,1.3163412782974655,1.3048355384124029,-0.8106409686967961,-0.6375764746515529,-0.6570596548050135,0.9497815917490772,-0.5617698912491133,-0.8052476029988083,1.057950484202918,0.4693181313158678,1.1546488786812434,0.7055610081220286,-0.9171651133068778,-0.6248264415751177,-1.0042572363483893,-0.912944790566362,-0.5208660650144575,0.1208575895077133,-0.0956480925332112,0.2988213779419863,0.2961091120363203,0.5796852176602288,0.13829657391136,0.0980178710480199,-0.2949182484177489,-0.6940846030272442,-0.709146619633606
G19863,1,1,0.9231020705299956,10.18730/PEZ64,FULL,Phaseolus,vulgaris,Phaseolus vulgaris,PER,"MENDOZA, CASERÍO CHALA - RODRIGUEZ DE MENDOZA - AMAZONAS",-6.3,-77.42,0.3591811050669926,0.5545637712862235,-1.80637314900962,2.522017758723927,1.9461289955976264,-1.5104238174970788,-0.4526538288843218,-1.3693806555604675,0.3211958073411554,-0.8608607535324109,1.2802011884990447,1.7412258230545752,2.3780999309696766,1.241384660762475,1.0256409926388066,0.1168796762470617,0.2392121602708989,-1.3669870597743472,2.033276741527687,3.30305458186287,2.175125119190436,2.430764528375992,-0.726172224524246,-1.1604394689986126,1.5729179797667732,-0.4369711226493272,0.429361595713385,-0.1099513511812154,1.875450382224229,0.2062222827571616,-0.8010277021172338,-1.7078838751235057,0.3331541688376826,-0.2849071747131789,1.9382704041081444,-1.468681473473054,0.3645595327309408,0.252702788506879,-0.1262099529049054,1.2444244583771689,-0.7790093467963474,-0.5835717590776738,0.7637257369409822,0.280739341843832,0.4764621566064694,0.8945008106483985,-0.0766024427899908,-0.4228802656338549,-0.3447675614832212,0.0022930135080629,0.1120453645286414,-1.460263885323226,-1.894339752292569,-1.920025742176292,-1.9166569072021584,-0.0517750268964503,0.5809165763582509
G51287,1,1,0.995824489845245,10.18730/JYPF~,FULL,Phaseolus,vulgaris,Phaseolus vulgaris,COL,"35 KM S MESOPOTAMIA VÍA SONSÓN, VEREDA HONDA BAJA - SONSON - ANTIOQUIA",5.75,-75.29,0.3591811050669926,1.777415244528283,-1.80637314900962,2.050019362062764,1.2586386753314127,-1.43760608350612,-1.4515517755858145,-2.789779480765997,2.1364047681837364,-0.9789402159110876,1.2802011884990447,0.7321985335682625,2.8491094398145966,2.5138105336102323,2.7838511083539688,0.2539648111647425,-0.828547334499447,0.4709794459826528,-0.0204787677965712,3.5395091853267893,2.1482077292641786,1.58575109682006,-1.628874413741922,-1.3245004548746084,0.1098149912664148,-0.1771475265719264,0.0167486994339235,-0.1099513511812154,2.145046876598688,1.582328263787768,-0.8688816402501454,-1.873240680130973,1.768733780232998,0.7445059169988315,1.6671165173560236,-1.192506727126989,1.7842004842743373,0.6036815913760644,-1.3471983189476793,1.3754436430422374,-0.8011716895394403,-0.5788754580522703,-0.0547950249188452,1.491797196777608,1.6007120660721954,2.1193813007278224,2.521666620522799,0.864919917596175,0.6055770793260761,0.9257233914101703,0.2680917015293711,0.4163282332397294,-0.3907049699688618,-0.5414514579960017,0.3235501523082393,-1.336394179158038,-1.4831845679862237
G21161,0,0,0.0005481069385597501,10.18730/JVW6Y,FULL,Phaseolus,vulgaris,Phaseolus vulgaris,MEX,SANDIA GRANDE - ARAMBERRI - NUEVO LEON,24.21,-100.1,0.3591811050669926,0.3707826250186307,-1.80637314900962,-0.4627004379981039,-0.9242600116363096,-0.1086824381711235,0.8459806864739701,0.9498015249113776,-1.611123476591097,0.18796267037658,0.3085889191485086,-0.2768287559180501,-0.6834618765223034,-0.493741529484467,-0.191581395163998,0.8023053508354656,-0.6950773976531537,0.6071251130757639,-1.442309505021058,-0.7954918781783972,-1.007856239589479,-1.4774225925701947,2.110891798731307,2.284841234397297,-1.299098997659856,-1.2164419108815294,0.5668992278065389,-0.1099513511812154,-0.2813215727714414,-1.1698836982734446,0.1432044070828941,0.1715367753958415,-1.1724537162842332,-1.2475990475179293,-0.463378307124927,-0.329027342784607,-0.7590945022744502,-0.6598420989530029,2.4035869429844743,0.1071551121385803,0.531334942422494,-0.4262458538760681,-0.7417678071940575,-0.8757663574622965,-0.9905468715988072,-0.6888812862835404,-0.4266283269668434,-0.6899795628963796,-0.6123403244295282,-0.3097386748395633,0.0907663185739964,0.2782800773914201,0.4787234586222719,0.7090600864329545,0.2384398219331033,0.80463765620098,0.7099227729274225
G20969,1,1,0.9929979642377637,10.18730/JTX4=,FULL,Phaseolus,vulgaris,Phaseolus vulgaris,RWA,BUTETE - KIDAHO - RUHENGERI,-1.37,29.74,0.3591811050669926,0.9655459575135776,0.3859604233784113,0.917351480770802,1.278515096155436,-1.0006996795603678,-0.5640989877390057,-1.1295964548169215,1.2327154720309177,-0.9164023161098788,0.3085889191485086,0.7321985335682625,0.4940618955899966,0.0846338672645136,0.484653264726449,0.5281350810001041,-0.828547334499447,0.6071251130757639,-0.5846973143142247,0.5838266420277984,0.3783893416127671,0.2126042705416698,-0.726172224524246,-0.5041955254946299,-0.81139800149307,-0.4369711226493272,0.0167486994339235,-0.1099513511812154,0.527467910351935,0.2062222827571616,-0.239393581743552,-1.1069532582445485,0.2614585552604485,-0.2849071747131789,0.0789294663793148,-0.8832521653722362,-0.468588824931593,1.235443436540598,-0.3103498542394952,1.2460575062170045,-0.3246827802395382,-0.088112756684182,0.3252324716589318,0.4225749464757157,0.9974560170905864,1.402378087022794,0.1522606353256435,-0.8426077327606795,-0.8706864403776867,0.082648269849509,-0.4369540211011984,-0.7110650395214636,-1.4427530684923795,-1.5983208816581065,-0.5280689716272123,-0.265878261478529,-0.4511339189202276
G24588,0,0,0.0003002170701519124,10.18730/JY9Y2,FULL,Phaseolus,vulgaris,Phaseolus vulgaris,MEX,VILLA LAS ROSAS - VILLA LAS ROSAS - CHIAPAS,16.33,-92.38,-2.9470184280009937,0.0739053887402116,-2.902539935203636,-0.2933722078093912,0.4261674031723241,0.4374505667610667,1.1592435814857345,1.1669741795809998,-0.1765227604011446,-0.4927306951380743,-0.1772172155267593,-0.2768287559180501,0.2585571411675366,-0.1467162914350786,0.2141594007702701,0.3910499460824232,-0.828547334499447,-0.3458945565760138,0.9951146159352048,-0.1649462689412792,0.041921967534552,0.8463643442086191,-0.0813849465116203,-0.5041955254946299,0.5433269878591136,-0.1771475265719264,-0.1207889326592303,-0.1099513511812154,0.2578714159774761,0.2062222827571616,0.789042787634476,0.5224156505565117,0.39651308316175,0.8779483548133514,-0.5408508461969617,0.7849851846365115,0.6769901668543911,-0.73003785952684,-0.1460403959206357,0.3737233371006597,0.6643085497497915,0.4918796305760571,-0.887932228954741,0.4007540842246567,-0.5792359291113465,-0.6440685854269761,0.3945862474480799,1.456354075820337,0.7439767842983039,0.4320189495949268,0.1067256030399802,0.8526179257853238,0.3649169976499165,0.2319911987878766,-0.1350139913493116,0.1623282076856287,-0.3221277223510561
G23160,0,0,0.0307510909305292,10.18730/JWYAC,FULL,Phaseolus,vulgaris,Phaseolus vulgaris,MWI,"MABULABO T.A., CHIRWA - CHIRWA - MABULABO T.A.",-12.65,33.52,0.3591811050669926,0.2463769260067217,0.3859604233784113,-0.5827263690206135,-0.2700919262809584,0.8925614042045587,0.1736831516880868,-0.3802002186863504,-0.206663323181815,-0.512747717242401,-1.1488294848772953,-1.2858560454043628,-1.860985648634604,-2.113192640381613,-2.355532306813428,-1.9393973475181496,-1.4958970187309133,0.6071251130757639,-1.4874469887424702,-0.9925373810649966,-1.1828192741101509,-1.6886759504591775,-0.2103424021141454,-0.1760735537426384,-1.2449099980857687,4.759500798898689,-3.146616838708615,-0.1099513511812154,-4.055672494013865,0.2062222827571616,0.573218331594007,0.457886248229332,-0.3504551699219912,0.1821413576376406,-0.8120047329490826,1.499457571809667,-0.2164518219547735,-0.8654153977763829,0.4885335374313344,0.0415963384476971,0.6504571301182399,-0.0012312716905041,2.181520628019612,-1.1267062733494753,-0.2638975398709599,-0.3303796794310259,-1.0593674252865384,-1.119246290639723,-1.073672674336954,0.1182404078485734,2.3140719700684835,-0.1654872235959577,-0.2104011291841707,-0.4634879878616734,2.091265923190609,-0.1588267718029321,2.1289924730634864
G7885,0,0,0.0002524192143154536,10.18730/K2DW6,FULL,Phaseolus,vulgaris,Phaseolus vulgaris,MEX,SAN ANDRES ABASOLO - SAN ANDRES ABASOLO - GUANAJUATO,20.46,-101.55,0.3591811050669926,0.7524819288051695,0.3859604233784113,-0.5927655765757449,-1.6988558231607422,0.3282239657746287,1.1674261514482442,0.93325055805355,-1.171960070393632,0.0212622840729388,-1.1488294848772953,-1.2858560454043628,-0.6834618765223034,0.0846338672645136,0.484653264726449,1.213560755588508,-0.6950773976531537,0.6071251130757639,0.8145646810495557,-0.7560827776010773,-1.1222551467760722,0.2126042705416698,1.208189609513631,1.1364143332653274,0.0556259916923274,-0.3070593246106268,-0.8084770931249995,-0.1099513511812154,0.2578714159774761,-1.1698836982734446,0.3843719257367024,0.4014230211930481,-0.728941316015762,-0.1705279423007333,-0.6570596548050135,1.4187557247497466,-0.7919819374453397,-0.7500937911193648,1.805840985846902,0.1756620075684955,0.5867406209486956,0.3016797469602658,-0.7856171337222626,-0.8212142018346489,-1.0042572363483893,-1.0175077592316786,-0.790116745150498,-0.0222313197400677,0.5778971383316306,0.2512196228266731,0.6706203208380715,0.9296948128006298,0.9987925186471054,0.7645070308967187,0.4117554037879257,-0.5870329857362047,-0.3221277223510561
G20934,1,1,0.9698681117475338,10.18730/K3FA3,FULL,Phaseolus,vulgaris,Phaseolus vulgaris,RWA,MAREBA - NGENDA - KIGALI,-2.27,30.05,0.3591811050669926,0.2626362887907138,0.3859604233784113,0.0439654736626171,1.1136577234385376,-1.1372329307934153,-0.4021973807445419,-0.791709257438868,0.324871317179203,-0.8155990572161794,-0.1772172155267593,-0.7813424006612064,-0.6834618765223034,-1.5348172436326322,-1.4088037829668023,0.5281350810001041,-1.2289571450383268,0.6071251130757639,-1.0360721515283473,-0.5196281741371581,-0.3551095338777418,-0.8436625189032455,-0.8551296801267712,-0.6682565113706256,-1.1365319989375942,1.1219704538150774,-1.7712405177770765,-0.1099513511812154,-1.0901110558948175,1.582328263787768,0.6263569196588568,0.0747425565173974,-0.1170275908333221,-0.2086543531048818,-0.6570596548050135,-0.3902446625086697,-0.6385072399811887,-0.068192116973519,-0.4604944730421699,1.0673478123661584,0.4094424338131577,0.5247537041633663,0.2229173764264533,-0.144767472051819,0.6409865336014537,1.5218786226402987,0.6638369275841204,-0.9475395995423856,-1.0459927333425083,0.247507559354378,0.0453710205374205,-0.4576891534748792,-1.087438710689154,-1.287874283975203,0.1146429777510873,-0.265878261478529,0.3229038756448727
G50426,0,0,0.0011263144921782,10.18730/JV462,FULL,Phaseolus,vulgaris,Phaseolus vulgaris,PER,"TUCURI, CALLASH, CAUDAY - CAJABAMBA - CAJAMARCA",-7.6,-78.13,0.3591811050669926,1.8410317951593729,-1.80637314900962,0.0185392697752283,0.1841427496092183,-0.5728954923634854,0.4790631203301024,0.329881852691182,-1.2305151446845242,-0.721943742865779,0.7943950538237766,0.2276848888251061,-0.4479571220998433,-0.493741529484467,-0.867816055054445,-0.7056311332590228,-0.4281375239605672,0.6071251130757639,-1.4874469887424702,-0.5984463752917978,-0.7857877726978572,-1.3717959136257032,0.3054874202959551,0.152048418009353,-0.2695080057521966,0.9920586557763772,-0.395864196845538,-0.1099513511812154,-1.0901110558948175,-1.1698836982734446,-0.0391018750241065,-0.8528683711869769,-0.8656631837676967,-0.656639680053627,-0.6570596548050135,0.2890534165085633,0.0466476594123423,-0.7902056543044146,0.2250720936768185,1.3218138894359746,-0.1002897452211373,-0.0059275615190694,0.1498351655461116,-0.5593638548219406,-0.4969737406138543,-0.0465659073394519,-0.9651296872389244,-1.0620107269406105,-1.0459927333425083,0.1752314999820447,0.4064055002345633,-0.8678072164742315,-0.9587447766244844,-1.0869142923654185,-1.037699313509845,0.1623282076856287,0.7099227729274225
G14230,1,1,0.9924179827720836,10.18730/PM0W=,FULL,Phaseolus,vulgaris,Phaseolus vulgaris,HUN,NAGYKALLO - SZALBOCS-SZATMAR-BEREG,47.89,21.85,0.3591811050669926,-1.1317630397739018,0.3859604233784113,-0.4179801788975916,0.1882349538965172,-0.6093043593589647,-2.116607818983695,-1.1438063869129134,0.5999652021154481,2.4574569902296544,0.3085889191485086,0.7321985335682625,-0.4479571220998433,0.5473341846636982,-0.4620752591201768,-2.213567617353512,-1.2289571450383268,0.6071251130757639,0.1600711670890778,-0.4014008724051984,-0.1397704144676841,0.1069775915971782,0.3054874202959551,0.152048418009353,-1.1907209985116811,3.330471020472984,-1.358627621497615,-0.1099513511812154,-1.898900539018194,-1.1698836982734446,-1.549055754972659,-0.3930960719053545,-1.0007177116689985,-1.2666622529200036,0.1564020054513494,-1.3299022607947562,-0.6604321967617818,-0.4392268514352292,-0.9052628705328686,-1.8029199906296445,0.0077512644981896,-2.2460599315455583,-0.6248362697855108,-0.864855926336767,-0.5655255643617644,-0.4498802150485307,-0.4535533949804475,-0.5468906536485986,-0.483167266455449,-2.2576985710951085,-2.597486487029483,-1.8844743642320927,-0.9508047909752504,0.2089117599755483,-2.1503234505957134,0.0552764627791469,-0.1931213719943667
G18670,0,0,0.00036438913542576013,10.18730/JST9Y,FULL,Phaseolus,vulgaris,Phaseolus vulgaris,BRA,"BOCAINA, ESTRADA LIGA PIRACANJUBA - MORRINHOS - PIRACANJUBA - GOIAS",-17.5,-49.13,0.3591811050669926,-0.6866658165825952,0.3859604233784113,-0.5693129917553598,-0.2741841305682573,0.8834591874556889,1.1101841942093968,0.5264908312353049,-0.0886901053378348,-0.4510555654417678,-0.1772172155267593,-0.2768287559180501,-0.6834618765223034,-1.8818424816820207,-2.085038442857249,-0.1572905935882998,-1.4958970187309133,0.6071251130757639,-1.4874469887424702,-0.6772645764464376,-0.583907348250928,-1.3717959136257032,-0.9840871357292964,-0.3401345396186341,-1.0281539997894191,1.2518822518537778,-1.0835523573113073,-0.1099513511812154,-1.6293040446437357,0.2062222827571616,1.0465606829084184,0.7240703020668545,0.7216443540352534,0.8398219440092028,-0.3859057680528925,0.3029463466849079,0.5947715789271673,-0.5846323554810346,0.0720943556766968,0.1073747348030962,0.9219449866000156,0.5552796440332319,3.0877400429358497,0.3352914974714795,1.792657172566344,0.386623534274003,-0.709341541109686,-1.0238536844745356,-0.9814062043554688,0.3846355511544546,0.5706088048512402,-0.3020973778208471,-0.4839998013473624,-0.896086737307387,-0.1422354739265958,-0.4799814960606078,-0.1931213719943667
G3191,0,0,0.00031418442758952744,10.18730/K1Q1F,FULL,Phaseolus,vulgaris,Phaseolus vulgaris,GTM,QUEZALTEPEQUE - QUEZALTEPEQUE - CHIQUIMULA,14.64,-89.45,0.3591811050669926,-0.7977343874199972,0.3859604233784113,-0.5277778415705119,0.4594896380831865,-0.2088068224086918,0.3622621793524326,1.1955627002596847,-0.0594125245654171,-0.5344057917139846,0.3085889191485086,-0.2768287559180501,0.0230523867450766,-0.7250916881840593,-0.4620752591201768,0.2539648111647425,-0.4281375239605672,0.4029066124360972,0.1600711670890778,-0.5196281741371581,0.620645850949082,0.2126042705416698,-0.2103424021141454,-0.6682565113706256,0.0014369921182401,-0.1771475265719264,-0.1207889326592303,-0.1099513511812154,-0.2813215727714414,0.2062222827571616,1.2394946697642482,0.9942874627811054,-0.1570437472485225,0.1249517414314178,-0.734532193877048,0.8964608926071967,0.1617536825104556,-0.7250238766287087,-0.8344397846520144,0.3842577324960873,1.049378057778075,0.8934128028077283,-0.9610144398350828,-0.0793048852986419,-0.8123121298542408,-0.7038188532357285,-0.0092897727559807,0.8839984388292126,0.5225372563427395,0.8065006469470466,0.8415619900070527,1.471821424829928,1.6277055486135228,0.8405003050348726,0.991537290707034,0.2693796973612255,-0.8381529699902952
G24324A,0,0,0.00034294356196371657,10.18730/S3PXE,FULL,Phaseolus,vulgaris,Phaseolus vulgaris,MEX,PUENTE GRANDE - ZAPOTLANEJO - JALISCO,20.57,-103.15,-2.9470184280009937,0.1870014787510379,0.3859604233784113,-0.5818490707001003,-1.4048017150876937,0.4374505667610667,1.188761039551163,1.5812572818735875,-0.820629188378562,-0.0273587226530163,-1.634635619552563,-1.790369690147519,-0.4479571220998433,0.7786843433632905,1.0256409926388066,1.3506458905061889,0.2392121602708989,-0.5160766404424028,0.5211710368603759,-0.7166736770237575,-1.007856239589479,-0.1042757662918048,0.9502746983085808,0.3161094038853487,0.9768389844518124,-0.6967947187267279,-0.6709394610318457,-0.1099513511812154,0.527467910351935,-1.1698836982734446,0.6255393761715781,0.6716400280570677,-0.3988080255903584,0.420431425163569,-0.6957959243410308,1.6204344382541196,-0.5727323696394098,-0.73003785952684,1.8143396004766,0.1534087189552637,0.7806604165319453,0.4730944936554723,-0.7710006915461942,-0.7339307528304128,-0.908284683101315,-1.0473828931360547,-0.8574294151845081,0.426113929236313,1.1499492522168386,0.2106052813062683,0.5493297588965953,0.9400484244892532,1.0781923751394464,0.8647055701307291,0.3044648054968452,-0.9081878376093228,-0.8381529699902952
G24487A,0,0,0.0275098334970773,10.18730/S17P*,FULL,Phaseolus,vulgaris,Phaseolus vulgaris,ZWE,SAMANGA SCHOOL - SAMANGA - MANICALAND,-18.53,32.73,0.3591811050669926,-0.5339860950679797,-1.80637314900962,-0.571784555499934,-0.5711612417036624,0.4738594337565461,0.1955029236304594,0.9035980240138368,-1.4460486754988775,0.1660014590041742,-0.1772172155267593,0.2276848888251061,0.0230523867450766,-0.8407667675338554,-1.1383099190106238,0.3910499460824232,-0.828547334499447,-0.8564408081751805,-0.6298347980356369,-0.2437644700959189,0.1495915272395808,-0.3155291241807879,-0.9840871357292964,-0.5041955254946299,1.410350981044511,0.7322350596989763,-1.2210899894044611,-0.1099513511812154,-0.5509180671459002,1.582328263787768,-0.421699846308541,-0.8044713579041511,0.0680471325869798,0.4871526440708289,-0.2696969594448407,0.7408673122118287,0.5618841437562778,-0.6247442186660844,-0.585142991295921,-0.3421927010873915,-0.0947492883303597,-0.5389569497221123,2.6492467776538,-0.6902890283282948,0.5175932508552155,-0.2258167107657092,-0.8978170172049142,-0.928461078309348,-0.9444996163628748,1.3508638373253756,2.084612924524229,0.5992420397387394,-0.1948519906210873,-0.7229909462149252,1.6946002016240664,-0.3729298787695683,0.7099227729274225
G20212,1,1,0.9783968726529008,10.18730/JN7J$,FULL,Phaseolus,vulgaris,Phaseolus vulgaris,SCG,DUBROVNIK MOUNTAIN - DUBROVNIK - DUZI,42.66,18.11,0.3591811050669926,-0.5339860950679797,0.3859604233784113,-0.5855815763911972,-0.713219190534181,0.2463040150348001,-1.6071157339690874,-0.24881963382422,0.026130496348073,1.773996729493987,0.3085889191485086,0.7321985335682625,0.2585571411675366,0.5473341846636982,0.484653264726449,0.1168796762470617,-0.828547334499447,0.6071251130757639,0.2503461345319023,0.3079629379865593,1.5089197185155698,0.8463643442086191,1.0792321539111058,-0.1760735537426384,-0.973965000215332,-1.2164419108815294,1.254587388272308,-0.1099513511812154,0.527467910351935,-1.1698836982734446,-0.408619602706159,0.5708127792270132,0.0913898904958467,-0.3230335855173274,0.4275558922034704,-0.9728918732050696,-0.8906442429580081,0.7641290441162634,-1.6843156475889232,-1.7934928048172474,-0.8953613324661901,0.9075016498997478,0.792958621293119,0.280739341843832,1.134559664586407,0.2671229986564982,-0.2381528508716151,-0.6232047385807484,-0.78764661739435,-1.7687979761263644,-1.697737493913912,-1.432941854478248,-0.5197297367689159,0.4045240767385744,-0.205681356569879,1.7681020842048922,1.870979772350108
G17196,0,0,0.000559618954385313,10.18730/JPKK0,FULL,Phaseolus,vulgaris,Phaseolus vulgaris,ECU,ESPINDOLA - ESPINDOLA - LOJA,-4.56,-79.47,0.3591811050669926,0.6610957843516615,-1.80637314900962,0.6829216246165387,0.8716330698754319,-0.7367353938431425,1.004442949800895,0.7000282142775568,-0.7913516512331161,-0.9233734149564744,0.3085889191485086,0.2276848888251061,-0.2124523676773833,-0.493741529484467,-0.3268283271420874,-0.020205458670619,-0.294667587114274,-0.8564408081751805,-0.471853605010694,0.1503265356772798,-0.583907348250928,-0.3155291241807879,0.1765299646934299,-0.1760735537426384,0.7058939865813756,-0.1771475265719264,0.1542863315270773,-0.1099513511812154,-0.2813215727714414,0.2062222827571616,0.5944737839721348,-0.086581064688228,-0.3571245293245246,0.1440149468334921,-0.5795871157329789,0.6358432089275746,-0.3534828018334798,-0.73003785952684,0.3525534609597842,1.3892773414561328,0.3983613086757112,0.4730944488681193,0.6321777573563672,-0.7557516150814718,-0.4695530111146903,1.0289389132180913,-0.4670159289872495,-0.976157381391942,-1.0275394393462116,0.3510086232289581,0.4840740179690174,-0.6745397982865985,-0.8184716968213488,-1.1741658293388542,-0.9675477684733692,-0.0517750268964503,0.7099227729274225
G1769,0,0,0.0025472503640369,10.18730/K0F1Y,FULL,Phaseolus,vulgaris,Phaseolus vulgaris,MEX,TOLUCA - TOLUCA - MEXICO,19.28,-99.82,0.3591811050669926,2.046018458303996,0.3859604233784113,0.2048183553004657,-0.0175444616933697,0.310019532276889,-0.5141184300871033,0.6634146577183004,-0.293633083490816,-0.4024346249566051,-0.6630233502020273,0.2276848888251061,0.0230523867450766,-0.1467162914350786,-0.0563344631859086,0.5281350810001041,0.1057422234246057,0.6071251130757639,1.2659395182636783,-0.0073098666319996,1.4820023285893127,1.2688710599865851,-0.3392998577166706,-0.996378483122617,-0.3778860049003713,-0.6967947187267279,0.2918239636202311,-0.1099513511812154,0.527467910351935,0.2062222827571616,-1.105961504813716,-1.81677729924446,-0.1703824660535893,0.0010409063179351,-0.3859057680528925,0.6315846488795464,-0.0739396028809191,-0.6648560818511341,1.1174417288225336,0.4210934904031828,-0.8593475568818021,-1.0438085737608775,-0.7125349228419209,-0.3738865256879388,-0.7163395766071667,-0.7038188532357285,-0.0227523067627827,0.4833494929354254,0.7439767842983039,0.383762124455091,0.4415159260597275,0.8554939290321636,0.6236281967207943,0.4208485578497334,-0.1716372244198246,0.6975861665253832,0.9679354736408012
G62A,0,0,0.0040320643772024,10.18730/S6S6E,NO_DEFINIDO,Phaseolus,vulgaris,Phaseolus vulgaris,CAN,SOURIS - MANITOBA,49.64,-100.17,0.3591811050669926,-1.0078884899569114,0.3859604233784113,-0.4560070506421474,-0.2350158895326822,-1.219152881533244,-2.3847262165680903,-0.3000691143797279,-0.6449637909979988,4.070693224494207,3.709231861875385,1.7412258230545752,3.0846141942370564,1.125709581412679,0.3494063327483596,-1.3910568078474268,-1.0954872081920335,0.6071251130757639,0.7694271973281435,0.702053943759758,0.7350447581356752,0.7407376652641275,0.6923597871035305,0.9723533473893315,-1.0823429993635068,0.0826760695054743,1.254587388272308,-0.1099513511812154,0.7970644047263937,-1.1698836982734446,-2.9560024747407008,-0.8044713963667065,-1.0057197312208983,-1.0569669934971866,-0.1534881508367888,-0.5380077399610848,-0.3973327153946658,-0.5495344751941161,-0.0582199459073311,-2.024916445084721,-0.4244130649934702,-4.1551035775404,-0.6686855963137158,-0.8212142018346489,-0.7848914003550768,-0.7038188532357285,-0.3323905889192293,-0.2988698776191112,-0.3816741494758153,-2.1275579928899404,-2.7439572533506227,-1.252041250252026,-0.3397567287196096,0.4371730389608924,-2.027558246781881,2.089256553231684,2.903030575203621
G441,0,0,0.0065545361258997,10.18730/JZE6F,FULL,Phaseolus,vulgaris,Phaseolus vulgaris,TUR,GOVERNOR'S HAKARI - HAKKARI - HAKKARI,37.56,43.74,0.3591811050669926,-0.0412316614628204,0.3859604233784113,-0.5473367608572058,-0.9681050575716548,1.038196872186476,-0.7545742427103812,0.1185732947897937,-0.2427853199873837,1.2128356045732882,1.7660073231743127,0.7321985335682625,-0.2124523676773833,-0.2623913707848747,0.2141594007702701,-1.253971672929746,1.7073814655801247,0.130615278249875,-0.8329534747819922,-0.3225826712505587,-0.3349214914330489,-0.8436625189032455,1.208189609513631,1.300475319141323,0.2181929904145895,0.4724114636215755,0.7044368598996927,-0.1099513511812154,-0.8205145615203591,-1.1698836982734446,-1.3929100134882817,0.4296546154799102,-0.6539110227372612,-0.7710189124660727,-0.6957959243410308,0.0278019723120886,-1.5264679895952051,0.4783320189227839,-0.3358460831183289,-1.8569122062452923,-2.5409099477071204,0.7947906492268271,0.208300934250385,-0.6902890283282948,0.1062823083677547,0.6405621724612007,-0.4131657929600414,-1.0238536844745356,-1.0459927333425083,-1.214608735380195,-0.4887330329241678,-0.7516166853019045,0.0284601057636216,1.125052898196627,1.9659216184563184,-0.8011362203182835,-0.3221277223510561
G20106,0,0,0.0016668841118694,10.18730/JMXRG,FULL,Phaseolus,vulgaris,Phaseolus vulgaris,MKD,AMZABEGOVO - SVETI NIKOLE,41.81,22.0,0.3591811050669926,-1.382206770149177,0.3859604233784113,-0.5856044265191939,-0.726080404008549,0.3919394830167175,-2.096614497487713,-0.4161132752246386,-0.2356405848852635,2.452891290550625,0.7943950538237766,0.2276848888251061,-0.6834618765223034,-0.2623913707848747,-0.191581395163998,-0.7056311332590228,-0.828547334499447,0.6071251130757639,-0.9232284422248168,-0.7560827776010773,-0.5906366957324923,-0.9492891978477372,1.4661045207186814,2.284841234397297,-1.2449099980857687,-0.6967947187267279,1.3921250203654618,-0.1099513511812154,-0.5509180671459002,-1.1698836982734446,-0.9179326521892528,0.4417538976475368,-1.1074274621095326,-1.428699498837635,0.233874544523384,-1.7199647952269737,-1.0276752228367143,-0.3840730395557858,0.0522639295464784,-1.539036110901948,-1.7209059411856316,-1.7952156965194854,-0.5956033854333741,-0.7448411839559423,-0.4558426463651082,-0.5395056167616593,-0.5612536670348637,-0.6995188235128984,-0.769193323398053,-1.7969659871808388,-1.7903013438166178,-1.3512633622679984,-0.372840002258085,0.5126033999572823,-0.4135568907588475,-0.6940846030272442,-0.4511339189202276
G9664,0,0,0.0194070695179811,10.18730/JNNAY,FULL,Phaseolus,vulgaris,Phaseolus vulgaris,MEX,PUEBLO VIEJO OUT FROM MARTÍNEZ DE LA TORRE - MARTINEZ DE LA TORRE - VERACRUZ,20.07,-97.05,0.3591811050669926,-1.5221631815375745,0.3859604233784113,-0.5852626223598647,0.7681587614680171,-0.6548154431033139,0.8207223609787675,-0.9255060944315092,0.0284201741248644,-0.0412504104715209,-0.1772172155267593,-0.2768287559180501,-0.4479571220998433,-0.493741529484467,-0.3268283271420874,-0.2943757285059805,-0.294667587114274,0.6071251130757639,0.6565834880246127,-0.7560827776010773,-0.7252236453637785,0.1069775915971782,0.4344448758984802,-0.3401345396186341,-0.7572090019189827,0.0826760695054743,0.2918239636202311,-0.1099513511812154,-0.2813215727714414,-1.1698836982734446,1.3155237426066386,1.5306886004077678,1.1067998595315576,1.2210860520506883,1.7445890564280582,-0.6743474620960178,0.7153588412204288,0.5685837110891458,-0.7296218580065226,-0.6125208959120494,1.3457983533509017,0.5271018378808116,0.2375338186025217,1.426334610024431,1.1482700293359889,0.2820605656086862,0.1253355673120395,0.3974961473867568,0.4764040213519969,-0.2481620925344334,0.044661719005599,-0.0714419174242969,-0.1157829668641311,0.0065444855113531,-0.1726688647880081,0.0552764627791469,0.1938976790757006
G20719,1,1,0.9986909693807368,10.18730/JTQ4W,FULL,Phaseolus,vulgaris,Phaseolus vulgaris,RWA,TARE - MARABA - BUTARE,-2.57,29.69,0.3591811050669926,-0.2129372488113064,0.3859604233784113,0.3899571933020413,0.9938145978819272,-0.9278819455694092,-0.634311740374308,-1.3446439386367763,1.5499878559504867,-0.9169427548211356,-0.6630233502020273,-0.2768287559180501,0.2585571411675366,-0.7250916881840593,-0.7325691230763556,0.9393904857531464,-0.6950773976531537,0.5050158627559306,-0.1784599608215142,0.4655993402958388,0.0957567473870664,0.2126042705416698,-1.4999169581393967,-1.1604394689986126,-0.1069410070299345,0.3424996655828751,-1.358627621497615,-0.1099513511812154,-0.0117250783969826,1.582328263787768,0.0083141035410331,-0.7197764596558891,0.3081440710781823,0.1535465495345292,-0.463378307124927,-0.4823181752211142,-0.972862830885232,1.0348841206153492,-0.7381205671951045,1.1315350936343735,-0.1335331998919346,0.0997390603951936,0.7783421791170506,0.0625307193332417,0.8877730990939302,2.0895061668234463,0.7984622676521406,-0.9475395995423856,-0.999859498351766,0.1060124340574838,-0.166000835945386,-0.6434789632207288,-1.309427476132324,-1.5839665965431216,-0.2742854410540796,-0.265878261478529,-0.0641150216376775
G16159,1,1,0.9892480072857984,10.18730/JSN1A,FULL,Phaseolus,vulgaris,Phaseolus vulgaris,HUN,CEGLED - PEST,47.17,19.83,0.3591811050669926,-1.1010979534613154,0.3859604233784113,-0.414083381155325,0.2192187863574946,-0.7458376105920123,-2.145604381967439,-0.8615478155437296,0.2358965455266251,2.669793135001768,0.7943950538237766,1.2367121783114188,-0.9189666309447634,-0.1467162914350786,-0.191581395163998,-1.3910568078474268,-1.0954872081920335,0.6071251130757639,-0.7426785073391676,-0.6378554758691177,-0.4022149662486919,-0.738035839958754,1.4661045207186814,1.6285972908933144,-1.2449099980857687,1.1219704538150774,0.1542863315270773,-0.1099513511812154,-1.0901110558948175,-1.1698836982734446,-1.3888224104404248,-0.155143573892136,-1.0073870710715316,-1.3238518691262264,0.1564020054513494,-1.4754855702442438,-0.7481320238841537,-0.4041289711483107,-0.9789187075069514,-1.823009899040949,0.1102517909072531,-2.1380451769635545,-0.5809869432573057,-0.8212142018346489,-0.4832633758642722,-0.5096304828572832,-0.4266283269668434,-0.565969174881636,-0.6031136774313797,-2.2039828290842505,-2.3903704397376053,-1.8137246843598347,-0.8211183587044268,0.3274049763168922,-1.7072339124609146,0.2693796973612255,0.1938976790757006
G22271,1,1,0.9989280829001648,10.18730/JVKJD,FULL,Phaseolus,vulgaris,Phaseolus vulgaris,RWA,GIHORA - RUHENGERI,-1.47,29.6,0.3591811050669926,0.6947172961964861,0.3859604233784113,2.1949778340021155,1.6520748875245774,-1.328379482519682,-1.1715224267643138,-1.4710864029241673,0.8447920445798954,-0.9110846916990264,1.2802011884990447,1.2367121783114188,1.6715856677022964,1.241384660762475,1.2961348565949853,0.3910499460824232,-0.828547334499447,0.6071251130757639,-1.126347118971172,1.017326748378317,0.7417741056172394,0.0013509126526867,-0.9840871357292964,-0.3401345396186341,-0.5946420031967207,-0.8267065167654283,0.5668992278065389,-0.1099513511812154,1.3362573934753113,0.2062222827571616,-0.2761817912391551,-1.1150193566103326,0.5215635719592513,-0.0275539017851762,0.3500833531314358,-0.9966797425781796,0.348115815145496,0.252702788506879,-0.3811727009792454,1.1981823781630183,-0.3523856459221261,-0.1491645020618557,0.4567804512435469,0.5098583954799518,1.0934285703376605,1.8056923947318728,0.7715371996385366,-0.6613617810468234,-0.8060999113906471,0.0315528079367416,-0.4667446854377013,-0.7659967015361034,-1.551266205698579,-1.7781716304517374,-0.6276222671569169,-0.4799814960606078,-0.4511339189202276
G16974,1,1,0.9993740581667048,10.18730/JKR80,FULL,Phaseolus,vulgaris,Phaseolus vulgaris,IRN,ASTARA - GILAN,38.4,48.86,0.3591811050669926,-1.1249186332170742,0.3859604233784113,-0.5911797619554806,-0.1268647762254972,-0.0449669209290347,-1.823566427425969,-0.9731576205699158,0.32549991472362,1.770190041616445,2.7376195925248488,2.245739467797732,1.4360809132798364,0.3159840259641059,0.484653264726449,0.2539648111647425,-0.4281375239605672,0.6071251130757639,-0.7652472491998737,-1.2684010851062355,-0.2137932367648914,-1.0549158767922286,1.5950619763212064,1.6285972908933144,-0.8655870010671574,-2.6454716893072336,2.4924260771106925,-0.1099513511812154,0.527467910351935,-1.1698836982734446,-0.5778456002794194,0.5345149711866938,-0.3321144315650244,-0.2753755720121417,-0.3084332289808579,-0.4399705862698282,-1.170187441910569,0.3630104122657658,-1.398190817230583,-1.7846915388569635,-0.3108313870274743,0.5905017617632818,0.1352187233700433,0.6298731378607765,0.5998554393527077,-0.3154421124788378,-0.6285663370688738,-0.8712255146102357,-0.962952910359172,-1.5768624589412257,-1.69206308165934,-1.7029985593565031,-0.7820800959290258,0.4135306870068,-0.4847400761635068,0.1623282076856287,0.0648911749314939
G7912,0,0,0.0085248033179399,10.18730/K2EFS,FULL,Phaseolus,vulgaris,Phaseolus vulgaris,ECU,CATAMAYO (LA TOMA) - CATAMAYO - LOJA,-3.99,-79.37,0.3591811050669926,0.0597683774888583,0.3859604233784113,-0.2335797845843569,0.7845275786172127,-1.100824063797936,1.0495419549710767,0.138789990651259,-1.113404821594853,-0.9858860681004388,0.3085889191485086,0.2276848888251061,-0.4479571220998433,-0.7250916881840593,-0.5973221910982662,-0.5685459983413421,-0.9620172713457402,0.6071251130757639,-1.2617595701354087,-0.5984463752917978,-0.8934573324028859,-1.1605425557367202,0.3054874202959551,0.4801703897613444,-0.648831002770808,0.6023232616602759,-0.1207889326592303,-0.1099513511812154,-0.8205145615203591,0.2062222827571616,1.1626480768239296,0.6595408228145596,-0.1086908915801553,0.3346470008542348,-0.0760156117647542,0.317568666699601,1.0223082361487308,-0.5395065093978536,0.395047169003635,1.302790243151266,0.9219449866000156,0.8652350190489829,0.7637257369409822,-0.7339307528304128,-0.5381048348626004,1.4920034887359226,-0.170840180837605,-0.7949114296780858,-0.9075930283702808,0.3215304721254384,0.4503821952074962,-0.5885473012060891,-0.5577755013381626,-1.0773447689554283,-0.9634212070006352,-0.3729298787695683,0.1938976790757006
G50907,0,0,0.0007299905951470848,10.18730/JWGA8,FULL,Phaseolus,vulgaris,Phaseolus vulgaris,MEX,SANTO DOMINGO OCOTITLAN - SANTO DOMINGO OCOTITLAN - MORELOS,19.0,-99.1,0.3591811050669926,0.9504000863241155,0.3859604233784113,0.2361347128785731,-0.076589123552968,1.38408110864353,1.0252551386185835,1.4082211765827926,-0.7035189525428345,-0.4580014424714164,-0.1772172155267593,0.2276848888251061,0.7295666500124566,1.125709581412679,1.0256409926388066,-0.020205458670619,1.5739115287338314,-0.5160766404424028,1.4690581950100337,0.386781139141199,2.114560991856357,1.2688710599865851,-0.4682573133191957,-0.1760735537426384,1.085216983599987,0.2125878675441747,-0.1207889326592303,-0.1099513511812154,1.0666608991008526,0.2062222827571616,0.1571021844269904,-0.1712759629364891,-0.0870154735219218,0.1535465495345292,-0.6183233852689962,1.0860872635788748,-0.0465334069051778,-0.7049679450361839,0.7463291210264769,0.4462128543459924,0.1490358081467734,-0.0904608680079507,-0.8148500180743993,-0.1993196276794666,-0.880863953602151,-0.8382569558054214,-0.3593156569328333,0.8553806569796564,0.8270166072816405,0.412366848859247,0.3563997422411477,0.8997843790334962,0.7215546863946815,0.4104346647270975,-0.3052346520995835,-0.5870329857362047,-0.4511339189202276
G50505,0,0,0.000987476491656021,10.18730/PG8DW,FULL,Phaseolus,vulgaris,Phaseolus vulgaris,GTM,"SAN MARTÍN JILOTEPEQUE, PTE. EL AMATE, RÍO PIXCAYA - SAN MARTIN JILOTEPEQUE - CHIMALTENANGO",14.72,-90.78,-2.9470184280009937,0.1728644674996846,-2.902539935203636,-0.3931999774072062,-0.2508001060694065,0.0005441628153144,-0.0233375532164297,1.1815192701234567,-0.1765227604011446,-0.6594310814417155,-1.634635619552563,-0.7813424006612064,0.7295666500124566,2.051110216211048,1.4313817885730749,1.213560755588508,0.3726820971171922,-0.2437853062561805,1.6270393880349767,-0.0073098666319996,-0.0590182446889125,0.9519910231531106,-0.5972147689217209,-0.996378483122617,0.3265709895627642,-0.8267065167654283,-0.395864196845538,-0.1099513511812154,1.875450382224229,0.2062222827571616,0.1317591549485625,-0.4132614909013181,0.4898841147972176,1.0113907926278711,-0.6183233852689962,0.7752899529925349,0.9784583225875448,-0.7450798082212337,-0.2876863595683733,0.5302957928509854,0.1545763442960087,0.0386872030491395,-0.9171651133068778,0.3352914974714795,-0.4832633758642722,-0.4050675141919664,0.4753614514888921,1.7711496761654557,0.9008297832668288,0.9460305621703728,0.7277190941497022,1.4761354297001876,1.5625314997427262,0.8503512850157444,0.9291230484319342,0.9116891458765768,-0.4511339189202276
G23536,0,0,0.00022360180059782095,10.18730/JXC7D,FULL,Phaseolus,vulgaris,Phaseolus vulgaris,MEX,TLACOTEPEC - ZACUALPAN DE AMILPAS - MORELOS,18.82,-98.75,-2.9470184280009937,0.8090299738105826,0.3859604233784113,-0.3616134475326306,-0.5618076319041221,1.4660010593833586,1.288822832389257,1.1940581016957703,-0.5864087167071068,-0.5691350443806426,-1.1488294848772953,-1.2858560454043628,-0.6834618765223034,-0.1467162914350786,0.2141594007702701,1.076475620670827,0.1057422234246057,-0.2778217230294583,0.8371334229102618,-0.559037274714478,-0.6175540856587496,0.3182309494861614,0.4344448758984802,0.3161094038853487,0.4891379882850262,-0.1771475265719264,-0.8084770931249995,-0.1099513511812154,0.2578714159774761,0.2062222827571616,0.3410435281700866,0.0545772144465489,-0.2554167984358902,-0.0466171071872505,-0.6183233852689962,0.9974340999626388,-0.0849020812712156,-0.7200098937305776,1.2590876012884955,0.5393122170303688,0.3069419602430655,0.1772279209443878,-0.8586993446026043,-0.2975135078092322,-0.8945743183517331,-0.8233193888532333,-0.2650779188852191,0.7122917477318752,0.531763903340888,0.4132402755586106,0.3698764713457562,0.8155174839010907,0.5614316424684604,0.332189738021887,-0.2804752832631804,-0.5870329857362047,-0.4511339189202276
G18962A,0,0,0.0016352647651096,10.18730/S11FJ,FULL,Phaseolus,vulgaris,Phaseolus vulgaris,MEX,JECOPACO - URUACHIC - CHIHUAHUA,27.73,-108.75,0.3591811050669926,-1.02794637803539,0.3859604233784113,-0.5779989709789244,-1.9239270589621813,-0.8823708618250599,1.495933530064081,0.6859847841413288,-0.967016961359736,0.9172769763763968,-1.634635619552563,-1.2858560454043628,-0.6834618765223034,0.0846338672645136,0.0789124687921807,1.6248161603415503,2.775140960350471,-4.294118902276236,0.8371334229102618,-0.6772645764464376,-0.9338334172922718,-0.2099024452362963,0.9502746983085808,0.3161094038853487,3.68628896315618,-0.6967947187267279,-0.9460147252181532,-0.1099513511812154,0.2578714159774761,-1.1698836982734446,0.8863273479390162,1.6315160415506114,-0.53886457304356,0.0963569333283064,-0.5021145766609444,1.1187325457834894,0.8852772562700245,-0.3439611763707361,1.647197603821995,-0.5167597440622778,1.462150405069462,0.6656424885950324,-0.4202060793205539,-0.7448411839559423,-0.7711810356054948,-0.9876326253273024,-1.0728299592933406,-0.5945869567311922,0.8362432542797891,-0.3309192722991292,0.4709519396303197,0.5529383874646189,1.2399695827425912,1.477717981511838,0.9703886631592727,-0.3729298787695683,-0.4511339189202276
G23441,0,0,0.0007822815611538818,10.18730/JX515,FULL,Phaseolus,vulgaris,Phaseolus vulgaris,GTM,"1 KM E DE SANTA HELENA BARRILLAS, CERRO LAS TORRES - AMATITLAN - GUATEMALA",14.43,-90.52,-2.9470184280009937,0.7242079063024629,-2.902539935203636,0.2477433823989475,0.5676407513903715,0.1188729805506224,-0.0583105140311086,1.6008178285140156,0.7018041610612138,-0.6802686462898687,-0.1772172155267593,-0.2768287559180501,0.4940618955899966,-0.0310412120852824,-0.0563344631859086,0.5281350810001041,0.5061520339634855,0.3688701956628195,-0.3364411538464572,0.5050084408731587,0.7888795379881895,0.2126042705416698,-1.1130445913318214,-0.996378483122617,0.1098149912664148,-0.1771475265719264,-0.395864196845538,-0.1099513511812154,0.2578714159774761,1.582328263787768,0.2192334623832705,-0.3487320501115812,0.4231905207718835,0.8779483548133514,-0.7732684634130653,0.9123206624402266,-0.5891760872248545,-0.7149959108324463,-0.8287739515094695,0.6610228904127833,0.1407249510839448,0.09034643595071,-0.9756308820111512,0.302560204094891,-0.7163395766071667,-0.5544431837138475,0.7849997336453386,1.637600027534193,0.9746429592520168,1.0595760330876336,0.7312656018088096,1.5658667310015888,1.690232935601241,0.907486968904801,0.8120318666431107,1.125792380458656,-0.4511339189202276
G11056A,0,0,0.0006364679914295253,10.18730/S2KFV,FULL,Phaseolus,vulgaris,Phaseolus vulgaris,MEX,"5 KM SWS DE GALOPE, ARROYO SN LUIS - MASCOTA - JALISCO",20.57,-104.77,-2.9470184280009937,0.2152755012537445,-2.902539935203636,-0.4968924022973357,-0.6974349739974568,1.2202412071638729,0.7671420353820065,1.2081015318319983,-0.2643554590914262,-0.24268004944182,-1.634635619552563,-1.2858560454043628,-0.2124523676773833,0.2003089466143097,0.2141594007702701,1.3506458905061889,0.6396219708097787,-1.3669870597743472,0.7017209717460251,-0.5196281741371581,-0.2003345418017628,0.2126042705416698,-0.4682573133191957,-0.6682565113706256,1.6812959789149478,-0.8267065167654283,-0.5334018289386918,-0.1099513511812154,0.7970644047263937,0.2062222827571616,0.0851607276671491,-0.1833751681789981,0.2931380124224822,1.0304539980299456,-0.6570596548050135,1.327912404959775,2.8146734529622086,-0.5746043896847722,0.6046831573787392,0.1759016651947647,0.3097122811566576,-0.0693275077952162,-0.5663705010812374,-0.12294660980076,-0.7026292118575846,-1.0175077592316786,-0.8574294151845081,0.941234002528325,1.7404546600983437,0.2339694455142431,0.5553588219170781,1.0130989069589835,1.1030048302933029,0.9080498820465652,0.2601042696649561,-0.5870329857362047,-0.8381529699902952
G22525,1,1,0.9963060858712496,10.18730/JW4YE,FULL,Phaseolus,vulgaris,Phaseolus vulgaris,BDI,"3 KM NE MUSHIHA, MUSHIHA, MUGERA - CANKUZO - RUYIGI",-3.05,30.69,0.3591811050669926,0.2435495237564511,0.3859604233784113,-0.0755762916843248,0.9341853354098578,-0.7731442608386218,-0.119258644803403,-0.5106325764461292,1.056210294707026,-0.7803426891789008,-0.1772172155267593,-0.2768287559180501,-0.9189666309447634,-1.5348172436326322,-1.6792976469229814,-0.2943757285059805,-0.9620172713457402,0.6071251130757639,-1.0135034096676412,-0.4408099729825183,-0.8530812475135001,-0.9492891978477372,-0.8551296801267712,-0.5041955254946299,-0.973965000215332,1.641617645969879,-1.358627621497615,-0.1099513511812154,-1.6293040446437357,1.582328263787768,0.4947366594755808,-0.0744818209831594,-0.23040670067639,-0.294438777414216,-0.7732684634130653,-0.0574390630186917,-1.038637701227011,1.2053595391518106,-0.2480256086210309,0.9743659946502734,0.2709281846586778,0.4214352383602249,0.5298626621238887,-0.5157221303198225,0.6546968983510357,1.3874405200706057,-0.1035275108035948,-1.0620107269406105,-1.073672674336954,0.3193469053770296,0.4134985155527783,-0.3348838148348206,-0.7582601389813235,-0.9867157531314076,0.7274373564520664,-0.1588267718029321,0.7099227729274225
G8914,0,0,0.0002120187546775764,10.18730/K301*,FULL,Phaseolus,vulgaris,Phaseolus vulgaris,MEX,KM 165 GUAD-SLP - SAN JUAN DE LOS LAGOS - JALISCO,21.28,-102.34,0.3591811050669926,0.5262897487835169,0.3859604233784113,-0.5422288626763995,-1.213052714197117,0.5739838179941144,1.458494395571179,0.97387624989832,-1.171960070393632,0.2157460460135893,-1.1488294848772953,-1.790369690147519,-0.6834618765223034,-0.3780664501346709,-0.191581395163998,1.4877310254238694,1.5739115287338314,-1.5031327268674584,-0.9232284422248168,-0.7166736770237575,-1.007856239589479,-1.1605425557367202,0.5634023315010054,0.8082923615133358,1.6271069793408603,-0.3070593246106268,-1.0835523573113073,-0.1099513511812154,-0.0117250783969826,-1.1698836982734446,0.073715456041695,0.0787756633941265,-0.7406126949701954,-0.1419331341976218,-0.6957959243410308,1.501346487332453,0.0904975729735283,-0.7450798082212337,2.315766407699322,0.0854791873896436,0.4620778178452555,-0.0176682748936453,-0.7856171337222626,-0.7666620462070013,-0.9905468715988072,-1.0025701922794903,-0.9247420852185184,-0.0794668834391802,0.6055770793260761,0.1800353468285442,0.6191959597810129,0.8566443303308995,1.0702523894902125,0.9708146973532626,0.4277458294947694,-0.4799814960606078,-0.3221277223510561
G480,0,0,0.0234942364760358,10.18730/JZFCG,FULL,Phaseolus,vulgaris,Phaseolus vulgaris,IND,BHATGAON - BIHARI,26.49,88.12,0.3591811050669926,-0.3858998198068421,0.3859604233784113,-0.1275542453368603,-0.6986041752223994,2.012134064315549,0.3587627554258542,1.1664099007140167,-0.4041525014937331,-0.2589803045651058,-0.6630233502020273,-0.7813424006612064,-0.9189666309447634,-0.493741529484467,-0.0563344631859086,-0.5685459983413421,-0.294667587114274,0.6071251130757639,1.2433707764029722,-0.5196281741371581,0.8629023602853968,1.057617702097602,-0.3392998577166706,-0.3401345396186341,-1.1907209985116811,0.4724114636215755,0.0167486994339235,-0.1099513511812154,-0.2813215727714414,0.2062222827571616,1.3735674356661676,1.7847733336151077,2.1122057894634683,4.147288081269089,-0.6957959243410308,1.3778259810381062,6.700872042322317,-0.7551077740174961,-0.7551181746900328,-1.1252889845318068,1.7114758527594267,0.2735019632015203,-0.8733157867786727,0.1061724438353597,-0.9905468715988072,-0.2407542777178972,1.5119765700126475,3.211578029259785,4.757568228492909,0.1023003705851888,0.3329927916910382,0.9567292433209238,1.42986757285344,0.7918083182722777,-0.052998582078726,-1.5504973499323955,-1.2251718672728455
G52127,0,0,0.0011732533546404,10.18730/K4Q4K,FULL,Phaseolus,vulgaris,Phaseolus vulgaris,COL,CALI - VALLE DEL CAUCA,3.46,-76.54,0.3591811050669926,0.6092103052219322,0.3859604233784113,0.0020116880072702,1.374389596600724,-1.4102994332595105,0.8998602186423814,-0.3798160908327398,-0.293633083490816,-0.8955900061990688,-0.1772172155267593,-0.2768287559180501,0.0230523867450766,-0.1467162914350786,-0.0563344631859086,-0.020205458670619,-0.1611976502679807,0.5050158627559306,1.0402520996566171,1.372008653574196,-0.1868758468386342,1.3744977389310766,-0.4682573133191957,-0.8323174972466213,-0.2695080057521966,0.2125878675441747,-0.2583265647523842,-0.1099513511812154,-0.0117250783969826,0.2062222827571616,1.0015971788761249,0.4377208676959238,1.02343286699989,0.563405465679126,1.7445890564280582,-0.9601616503023964,0.0027977458511563,2.3134497596388104,-0.5766441740400452,1.3844884163202145,0.6892410416798149,0.8088794515314941,0.1644516077221799,0.8153504669947782,2.409623586297536,2.05963103291907,1.2561884238834091,-0.0985454046722177,-0.4739406194573004,0.5320263066720526,-0.1550066622021527,-0.2146668791169179,-0.8211183587044268,-1.0193647153537255,0.1321808640102062,-1.4434457964490774,-1.4831845679862237
G18612,0,0,0.0005569215052646989,10.18730/JSRZS,FULL,Phaseolus,vulgaris,Phaseolus vulgaris,BRA,"CÓRREGO SÃO PATRÍCIO, ESTRADA ITAPURANGA - CERES - CARMO DO RIO VERDE - GOIAS",-15.49,-49.74,0.3591811050669926,-0.8464140437228874,0.3859604233784113,-0.581120700406158,-0.3227059814033727,1.1383212564240444,0.5139238786804158,0.712065385443642,0.7018041610612138,-0.6247018287750575,0.3085889191485086,-0.2768287559180501,-0.6834618765223034,-2.228867719731409,-2.220285374835339,0.1168796762470617,-1.36242708188462,0.6071251130757639,-1.329465795717527,-0.6772645764464376,-0.7184942978822141,-1.2661692346812117,-0.9840871357292964,-0.6682565113706256,-1.1365319989375942,1.2518822518537778,-1.4961652535907688,-0.1099513511812154,-1.6293040446437357,0.2062222827571616,1.2255968748781385,0.925724876652084,0.8450275029821214,0.7540375196998687,-0.5408508461969617,0.306690879675477,0.8140211467330972,-0.6297582015642156,-0.0440552642707079,0.2257955892791371,1.0050535043893192,0.7384350817093378,3.058507158583713,0.5425896888565404,2.1354162913058947,0.6405621724612007,-0.749729143130092,-1.042932205707573,-1.018312792348063,0.3743727874369329,0.5042891116259302,-0.1844688450251002,-0.4201490834181048,-0.7446631021728431,0.0986525520442435,-0.6940846030272442,-0.4511339189202276
G50537,1,1,0.9745144305114436,10.18730/JTBS=,FULL,Phaseolus,vulgaris,Phaseolus vulgaris,MDG,272 KM NE OF TANANARIVE TO ALAOTRA - AMBATONDRAZAKA - TAMATAVE,-17.8,48.43,0.3591811050669926,-0.5339860950679797,0.3859604233784113,-0.5819230859518949,0.1794659447094482,-1.1372329307934153,-0.4287714093060451,-0.6434113144253061,0.7901188487929659,-0.6702066528207042,0.3085889191485086,-0.2768287559180501,-0.2124523676773833,-0.9564418468836516,-1.0030629870325345,-0.5685459983413421,-0.9620172713457402,0.6071251130757639,-1.2391908282747026,-0.4408099729825183,-0.9069160273660146,-1.1605425557367202,-0.4682573133191957,0.152048418009353,-1.1365319989375942,2.1612648381246804,-1.7712405177770765,-0.1099513511812154,-1.6293040446437357,0.2062222827571616,0.7162838029802534,0.6232430916993554,-0.0603380359117882,0.5920002737822374,-0.6183233852689962,1.2441606666384994,2.124037314373529,-0.7701497227118898,0.7123340951543833,0.1520233085708167,0.9136341559566736,0.1302649554777062,2.810027641590551,-0.9521393753410032,0.4216206976081413,-0.5992558845704118,-1.0459048912797364,-1.0333929450910544,-1.0090861453499145,1.2414671432300917,2.2647755136068897,0.2055171952463736,-0.4787064775812063,-1.211318096695285,1.109144292679949,-0.6940846030272442,0.3229038756448727
G18557,0,0,0.000539209823778648,10.18730/JSQA9,FULL,Phaseolus,vulgaris,Phaseolus vulgaris,BRA,"FAZ. QUILÔMETRO, RODOVIA INHUMAS - GOIÁS - INHUMAS - GOIAS",-16.28,-49.47,0.3591811050669926,-0.647082185078806,0.3859604233784113,-0.5138268873728313,-0.0274826721053813,0.701414852478292,0.4075103317008586,0.6990248934650993,0.5846939034120002,-0.5135682268658314,-0.1772172155267593,-0.7813424006612064,-0.4479571220998433,-1.7661674023322245,-1.94979151087916,0.8023053508354656,-1.4958970187309133,0.6071251130757639,-1.306897053856821,-0.5984463752917978,-0.4022149662486919,-1.1605425557367202,-1.3709595025368717,-0.6682565113706256,-1.1365319989375942,0.4724114636215755,-1.4961652535907688,-0.1099513511812154,-0.8205145615203591,1.582328263787768,0.9999621308838148,0.6434084722327637,0.9600739526758226,0.8970115602154257,-0.4246420375889098,0.2298334435695416,0.918164691440914,-0.569590406786641,-0.4576615159456609,0.2650662087225688,0.794511809744011,0.6092868986838671,3.233904464696533,0.5644105511075994,2.2176784798033866,0.7301875741743293,-0.6689539390892798,-1.0143144238580168,-0.9906328513536174,0.3767747108601826,0.6649459085834996,-0.2543557239233068,-0.4456232040427309,-0.8063020911960125,-0.0447454591332582,-0.4799814960606078,-0.1931213719943667
G11845,0,0,0.0086006913600238,10.18730/JQH2J,FULL,Phaseolus,vulgaris,Phaseolus vulgaris,ARG,ALREDEDORES DE SAN MIGUEL DE TUCUMÁN - SAN MIGUEL DE TUCUMAN - TUCUMAN,-26.88,-65.25,0.3591811050669926,-0.5167040384621822,0.3859604233784113,-0.4307235200292961,-0.3051679630292346,-0.1723979554132124,0.3553124681752423,-0.0161899752356363,-0.4692984808713789,0.7019555833468012,1.2802011884990447,1.2367121783114188,0.0230523867450766,-1.0721169262334478,-1.2735568509887132,-0.8427162681767036,-0.5616074608068605,0.6071251130757639,-1.4874469887424702,-0.6772645764464376,-0.8598105949950645,-1.4774225925701947,-0.2103424021141454,-0.6682565113706256,-0.7572090019189827,0.9920586557763772,-0.2583265647523842,-0.1099513511812154,-1.3597075502692766,0.2062222827571616,0.4841089800652126,1.0305851938963095,-0.3104390135067909,-0.0656803125893248,-0.3471694985168752,0.2745423023387289,0.9729770833923964,-0.6498141331567405,0.2477354667722339,-0.7883167352015286,1.046607763283971,-0.4591199330617964,1.801493131441835,-0.5157221303198225,0.1062823083677547,-0.2108791438135211,-0.8035792791573001,-0.9570788601589044,-0.9721795573573204,1.9670663737263565,0.9585967427576,-0.0697163154761931,-1.4549938797016155,-2.024164673402651,-0.2361147474312913,0.0552764627791469,0.9679354736408012
G19683,0,0,0.0052507376567665,10.18730/JV9X0,FULL,Phaseolus,vulgaris,Phaseolus vulgaris,PER,"CAJABAMBA, MACHACUAY Y MATIBAMBA - CAJABAMBA - CAJAMARCA",-7.35,-77.94,0.3591811050669926,1.8410317951593729,-1.80637314900962,-0.4073258162821548,-0.1332953829626812,-0.4454644578793076,0.6149945814826686,0.2571565913062841,-1.201237607539078,-0.770564716471338,0.7943950538237766,0.2276848888251061,-0.4479571220998433,-0.493741529484467,-0.0563344631859086,-1.253971672929746,0.9065618445023652,-1.264877809454514,-1.3746032794389391,-0.5984463752917978,-0.9540214597369648,-1.4774225925701947,0.8213172427060557,0.9723533473893315,0.5433269878591136,2.2911766361633807,-1.2210899894044611,-0.1099513511812154,-1.898900539018194,-1.1698836982734446,0.5168096475445376,-0.1269119796052722,-0.757286093476529,-0.6757028854557013,-0.3471694985168752,-0.2177896755293257,-0.380888997809221,-0.6648560818511341,-0.5398162451050937,1.15320128656414,0.3817396209695423,0.3768204290046634,0.1059858390179066,-0.4939012680687635,-0.3598700931180341,0.0878721952302409,-0.8305043471709042,-0.9856966420084606,-0.9721795573573204,0.2287288853180618,-0.1699019943704042,-0.7493158827044327,-0.8978715533136897,-1.173321459626208,-0.9061651665664529,-0.1588267718029321,0.3229038756448727
G19018,0,0,0.0002609886852290448,10.18730/JMEYQ,FULL,Phaseolus,vulgaris,Phaseolus vulgaris,MEX,MIRAFLORES - SANTIAGO - BAJA CALIFORNIA SUR,23.37,-109.76,0.3591811050669926,-1.3680697588978237,0.3859604233784113,-0.616747851702933,-1.4024633126378083,0.3737350495189779,1.1480716824521973,1.0150036021493187,-1.6404010137365428,0.6047137023764755,-1.1488294848772953,-1.790369690147519,-1.1544713853672233,-1.0721169262334478,-1.0030629870325345,1.6248161603415503,0.9065618445023652,-0.1757124727096249,-1.329465795717527,-1.0713555822196363,-1.250112748925794,-1.6886759504591775,1.8529768875262569,1.300475319141323,0.7058939865813756,-0.3070593246106268,-1.4961652535907688,-0.1099513511812154,-0.5509180671459002,-1.1698836982734446,0.9795242921610092,1.6637807427142026,-1.1774557358361333,-0.4660076260328844,-0.7732684634130653,2.154874569356311,0.0082789850463046,-0.6899259963417902,0.3043936225883301,-0.6862040672331956,1.628367440648069,0.571716647236373,-0.7271513650179893,-0.7557516150814718,-0.8123121298542408,-1.0921955939926191,-1.1805302313477566,-1.119246290639723,-0.6953801474128649,0.0228185409431062,0.7323295541065419,0.8520427251359558,1.1840588504625675,1.2593076825073657,0.9286072282478424,0.3764311870368224,0.1938976790757006
G6422,0,0,0.0003826700345961795,10.18730/JFZX$,FULL,Phaseolus,vulgaris,Phaseolus vulgaris,MEX,MAGDALENA - VILLA DE GUADALUPE - SAN LUIS POTOSI,23.44,-100.78,0.3591811050669926,-1.4528918264059434,0.3859604233784113,-0.5247423864339668,-1.0259805182063104,-0.6093043593589647,0.9751120397351712,0.8459800147988092,-1.5232908651547583,0.2296378000728866,-0.1772172155267593,-0.7813424006612064,-0.6834618765223034,-0.0310412120852824,0.3494063327483596,0.9393904857531464,0.1057422234246057,0.5730886963024862,-1.442309505021058,-0.7166736770237575,-0.8127051626241144,-1.3717959136257032,1.8529768875262569,1.7926582767693102,-0.4320750044744585,-0.9566183148041288,0.1542863315270773,-0.1099513511812154,-0.0117250783969826,-1.1698836982734446,0.0025915096342217,-0.07044875256899,-1.117431501213333,-1.1904094313117066,-0.463378307124927,-0.2141513805217136,-0.6549509575666335,-0.6598420989530029,1.5707086402630532,0.0390874786019812,0.3069419602430655,-0.3440607426872406,-0.7125349228419209,-0.7884829084580603,-0.9494157773500612,-0.7635691210444808,-0.4804784629940515,-0.5564299142651172,-0.4923939134535975,-0.1691169762420326,0.2333359264701177,0.4626318855138498,0.6534031429054221,0.7746394674484726,0.3054964458650286,0.6975861665253832,0.5809165763582509
G21940,1,1,0.9371282900001896,10.18730/PJ4ES,FULL,Phaseolus,vulgaris,Phaseolus vulgaris,BRA,CAXAMBU DO SUL - SANTA CATARINA,-27.16,-52.89,0.3591811050669926,-0.695135054437843,0.3859604233784113,-0.5202736306314782,-0.5314084000556161,-1.273766182026463,0.1461470058582143,-2.4953677211878875,1.199522750617,0.2574211757098959,-0.6630233502020273,-0.2768287559180501,0.0230523867450766,-0.6094166088342632,-0.7325691230763556,1.6248161603415503,-1.2289571450383268,0.436943029209375,-0.7878159910605799,-0.1649462689412792,-0.3954856187671276,-0.526782482069771,-1.1130445913318214,-0.8323174972466213,-0.1069410070299345,-1.4762655069589303,-0.1207889326592303,-0.1099513511812154,0.527467910351935,1.582328263787768,0.3786493123387664,0.699871814656719,1.370239555931627,0.0486989198231207,4.301182845805199,-1.990295320866464,1.1264517808565475,1.4610726669565028,0.0749273127732051,-0.5493465062284036,0.2653876749289272,-0.3135348252110515,1.4945478457443997,1.00082779612878,1.0248767465897504,1.1783145827399724,1.1081005498085872,0.3211820624546068,0.2365111994001354,1.377066638306282,0.3812252958549001,-0.2733373453524494,-1.6313277276616895,-2.382740344706385,-1.76242667215873,-0.1588267718029321,0.3229038756448727
G23135,1,1,0.7826833142651377,10.18730/JWXQY,FULL,Phaseolus,vulgaris,Phaseolus vulgaris,MWI,"S RUKURU P., KUMWENDA - KUMWENDA - SOUTH RUKURU",-11.87,33.39,0.3591811050669926,-0.0250536900192613,0.3859604233784113,-0.5685742838560773,-0.0754199223280255,0.8925614042045587,0.0906082801670873,-0.5089548370693315,-0.0574727887457454,-0.5388952665862209,-1.634635619552563,-1.790369690147519,-1.860985648634604,-2.113192640381613,-2.490779238791518,-1.5281419427651075,-1.4958970187309133,0.6071251130757639,-1.4874469887424702,-1.0319464816423165,-1.250112748925794,-1.6886759504591775,-0.5972147689217209,-0.3401345396186341,-1.1907209985116811,4.369765404782587,-3.146616838708615,-0.1099513511812154,-3.516479505264947,0.2062222827571616,0.5691307544937049,0.4256215855282971,-0.3754652676814915,0.1440149468334921,-0.8120047329490826,1.4643435913022809,-0.183564386783884,-0.8553874319801205,0.4573713335716317,0.1020497467465228,0.5839703000351053,0.1983612587634463,2.1230548593153387,-1.0830645488473571,-0.2638975398709599,-0.4200050811441545,-1.0324423572729344,-1.1001677694066854,-1.073672674336954,-0.0025108333384365,2.284635956497892,-0.2235824891821212,-0.1971678197687806,-0.4122628919611399,2.250138539890864,-0.1588267718029321,1.870979772350108
G2185,0,0,0.0006046423566515448,10.18730/K0VBH,FULL,Phaseolus,vulgaris,Phaseolus vulgaris,SLV,SAN ISIDRO - SAN ISIDRO - CABANAS,13.84,-88.72,0.3591811050669926,-0.5163783414042805,0.3859604233784113,-0.6094707239686029,-0.6752201507235486,0.3373261825234985,1.311614984206233,1.4809466292950764,0.906747117400709,-0.6594310814417155,-0.1772172155267593,-0.2768287559180501,0.0230523867450766,-0.8407667675338554,-0.7325691230763556,0.5281350810001041,0.1057422234246057,0.4029066124360972,0.8371334229102618,-0.5984463752917978,-0.6915769079559569,0.1069775915971782,-0.0813849465116203,-0.3401345396186341,-0.3778860049003713,-0.1771475265719264,-0.395864196845538,-0.1099513511812154,-0.0117250783969826,0.2062222827571616,1.3523119754915902,1.1515779386474465,1.4019190130936607,1.6118817627932107,-0.6570596548050135,0.7189768219750823,-0.0246084501245848,0.6387794716629829,-0.4944895799647341,0.559130173075873,0.9995129154011098,0.9615090613061154,-0.9171651133068778,1.524528490154197,-0.5106841053634363,-0.2258167107657092,1.781227250148688,2.2481127069913924,1.805041189085384,1.0268225318615007,0.8876665895754501,1.4102749553475569,1.195637996201034,0.6834475384826877,0.8878574337045955,0.1623282076856287,-0.9671593203469846
G3072,0,0,0.0036417847698565,10.18730/K1KXT,FULL,Phaseolus,vulgaris,Phaseolus vulgaris,GTM,CHIANTLA - CHIANTLA - HUEHUETENANGO,15.37,-91.45,0.3591811050669926,-0.2966047140714939,0.3859604233784113,0.2193297643271372,0.1590049232729537,0.1825884977927112,-0.3512469747965395,0.5375246815889326,-0.0301349437929994,-0.7080520550472744,-0.6630233502020273,-0.2768287559180501,0.4940618955899966,1.241384660762475,1.2961348565949853,0.6652202159177848,0.9065618445023652,-0.9925864752682916,1.0853895833780294,0.07150833452264,1.6771534055546773,0.9519910231531106,-0.5972147689217209,-0.8323174972466213,0.8142719857295503,-0.4369711226493272,-0.2583265647523842,-0.1099513511812154,1.3362573934753113,0.2062222827571616,-0.6326192207436799,-1.3247401449490157,0.4748780561415174,0.639658287287423,-0.1147518813007715,0.2605208823647842,0.9072022130506174,-0.5595624409903786,0.1514160196723228,0.6226207609631024,-0.5158324134261144,-0.5037347760078726,-0.7271513650179893,0.5644105511075994,-0.2776079046205419,-0.3751923802875902,0.7984622676521406,1.3991185121212246,0.5963504323279276,0.7447057079670758,0.4627949720143725,1.2635987897587282,1.210525469293348,0.5117590302446361,0.300854064208203,1.2328441253651377,0.1938976790757006
G50307,1,1,0.9994426861351208,10.18730/JXABV,FULL,Phaseolus,vulgaris,Phaseolus vulgaris,COD,"23 KM S LUBERO, NORD-KIVU, MUTUNDU/KALUNGU - BATANGI - KIVU DEL NORTE",-0.22,29.15,0.3591811050669926,1.3038253676079476,0.3859604233784113,1.928135655314236,1.722811561633601,-1.2464595317798537,-1.0309622886772551,-1.5845567989804856,0.7514818426241139,-0.9129036014661188,1.2802011884990447,1.2367121783114188,2.3780999309696766,1.241384660762475,1.0256409926388066,0.9393904857531464,-1.0954872081920335,0.6071251130757639,-0.8103847329212861,1.2537813518422365,1.1455349545110975,0.3182309494861614,-1.4999169581393967,-0.6682565113706256,-0.9197760006412448,-0.5668829206880276,-0.395864196845538,-0.1099513511812154,1.3362573934753113,1.582328263787768,-0.4413202428979118,-1.2803761616178002,0.5382369704655848,-0.2753755720121417,2.0544792127161964,-1.499113273655792,0.8414273427088385,0.4833460018209151,-0.6927938750379218,1.112316652788537,-0.3939399048167782,-0.2689200382491665,0.3398489138350001,0.2480080484672434,0.8740627343443481,1.3575653861662296,0.3676611794344759,-0.3751839625512612,-0.4001274434721123,0.1014269438858252,-0.5674655029563541,-0.8560156031621885,-1.563507016907815,-1.4319800482668137,-1.0299620107484688,-0.5870329857362047,-0.9671593203469846
G51837,0,0,0.0010042932573047,10.18730/K4C62,FULL,Phaseolus,vulgaris,Phaseolus vulgaris,IND,BARAP - BARAP - HIMACHAL PRADESH,25.43,84.57,0.3591811050669926,-0.5675006653735276,0.3859604233784113,-0.6144528359141672,-1.0277343200437243,1.9029074633291108,0.0804812098034771,0.1522696175080038,0.3194189633118985,-0.4049051115182839,-0.6630233502020273,-0.2768287559180501,-1.1544713853672233,-0.9564418468836516,-0.867816055054445,0.2539648111647425,-0.294667587114274,0.6071251130757639,0.859702164770968,-0.9531282804876768,-1.7211670726352952,0.0013509126526867,0.8213172427060557,0.3161094038853487,-1.1365319989375942,-1.606177304997631,1.5296626524586157,-0.1099513511812154,-0.2813215727714414,-1.1698836982734446,1.6417130454345017,2.776913932884568,-0.2003945833649897,0.7540375196998687,-0.734532193877048,1.890306385097036,-0.8029444158356362,-0.73003785952684,0.2703987858340019,-1.094690207925443,1.8195169681567,1.16344979265854,-0.7125349228419209,-0.7011994594538242,-1.0179676010979712,-1.0175077592316786,-0.9651296872389244,0.0827005470416383,1.3806154271705515,0.3525371199528443,0.9532769812689388,1.4160269618412364,2.326755118481508,2.156872687050229,0.4359989524402372,-1.2293425618669986,-1.6121908414491544
G20764,1,1,0.954732697213634,10.18730/JTR0K,FULL,Phaseolus,vulgaris,Phaseolus vulgaris,RWA,KIGURWE - NYAKABUYE - CYANGUGU,-2.52,29.97,0.3591811050669926,0.2485903375013914,0.3859604233784113,-0.1499564455715837,1.0283060340177324,-0.9733930293137584,-0.4092245965035466,-0.7915146566675063,0.313787294080022,-0.81411635143364,-0.1772172155267593,-0.7813424006612064,-0.2124523676773833,-1.1877920055832438,-1.2735568509887132,0.6652202159177848,-1.0954872081920335,0.6071251130757639,-1.0812096352497598,-0.4014008724051984,-0.5031551784721564,-0.8436625189032455,-0.726172224524246,-0.3401345396186341,-1.1907209985116811,0.9920586557763772,-1.6337028856839226,-0.1099513511812154,-0.8205145615203591,1.582328263787768,0.6247218950558956,-0.0059192348541354,-0.0770114344181217,-0.1800595450017704,-0.6570596548050135,-0.4109102081601437,-0.643988479176337,0.70897523223682,-0.3698410887278061,1.1752485191985065,0.4122127018877751,0.5294500163856082,0.4275475668914102,-0.12294660980076,0.6684072631006178,1.5666913234968631,0.4080487814548819,-0.9570788601589044,-1.0459927333425083,0.2202129749992673,0.1035337461467834,-0.4430215369159963,-1.066927081095299,-1.204281682423234,0.246692944878571,-0.265878261478529,0.5809165763582509
G22674,1,1,0.9995383849890792,10.18730/K3RC$,FULL,Phaseolus,vulgaris,Phaseolus vulgaris,PRT,CRUZINHAS - SANTANA - MADEIRA ISLAND,32.75,-16.87,0.3591811050669926,-1.1560145901275245,0.3859604233784113,-0.5908756984111538,1.2253164404205503,-1.3010728322730725,-0.4340124770344127,-1.080235099384786,0.6596460478306181,-0.4326299944409756,-0.1772172155267593,0.2276848888251061,2.1425951765472164,2.051110216211048,1.972369516485432,-0.1572905935882998,0.9065618445023652,0.6071251130757639,3.9967572834091207,4.248872995718547,3.164339198980388,3.9095380335988734,-1.4999169581393967,-1.9807443983785915,0.2723819899886768,-1.086530112842829,1.254587388272308,-0.1099513511812154,2.953836359722064,1.582328263787768,-0.4078020202366333,-0.5423204109433525,-0.6855904798992948,-0.866334939476444,-0.5408508461969617,-0.3819201614211414,-1.2304810730571996,0.3379404977751097,-2.3047250115929403,-1.0924515849006842,-0.7069819673542315,0.1490501595793204,0.4129311247153419,-0.2756926455581732,0.1748341321156649,-0.3751923802875902,-0.749729143130092,-0.9856966420084606,-1.018312792348063,-0.9877361502205148,-0.8018896592233594,-0.3098625865873146,0.2818779810683433,0.6969574538850262,-0.1442987546629628,3.4809274503997525,2.903030575203621
G222,0,0,0.0005074307574129375,10.18730/JZ7KT,FULL,Phaseolus,vulgaris,Phaseolus vulgaris,TUR,"TROOPICAL PLANT BREEDING STATION, ANTALYA - ANTALYA - ANTALYA",36.92,30.6,0.3591811050669926,0.1538778258888665,0.3859604233784113,-0.5470444376739924,-1.6497493717131555,1.666249827858495,-0.7579811344280991,0.3807053401171278,-0.8912994741825803,1.7086214589225497,1.2802011884990447,0.2276848888251061,0.0230523867450766,-0.1467162914350786,-0.191581395163998,-1.5281419427651075,0.5061520339634855,0.6071251130757639,-0.5169910887321063,-0.2043553695185991,-0.3012747540252274,-0.526782482069771,0.6923597871035305,0.8082923615133358,-0.0527520074558472,0.6023232616602759,0.8419744919928466,-0.1099513511812154,-0.8205145615203591,-1.1698836982734446,0.1031460996535587,1.1354456649907665,-0.6622477219904279,-0.5708552557442929,-0.463378307124927,0.2325906029325335,-1.460693119253426,1.0048002232265618,-0.4774918914193352,-1.32001514355999,-1.2084033421646725,1.236242296198141,0.924506600877734,-0.6248264415751177,0.1337030378669188,-0.4648177820007188,-0.763191677136894,-0.9666181207754232,-0.999859498351766,-1.1936464945954703,-0.2851634932913977,-0.4507867456824637,0.6927722384162078,1.4535127164159816,1.9953233689495469,-0.0517750268964503,-0.1931213719943667
G18200A,0,0,0.2095405146849187,10.18730/S2PTQ,FULL,Phaseolus,vulgaris,Phaseolus vulgaris,ESP,AGENCIA SEA DE BEJAR - BEJAR - SALAMANCA,40.4,-5.77,0.3591811050669926,-0.4633010388112132,0.3859604233784113,-0.5997960629629736,-0.6518361262246977,0.2007929312904509,-0.6682752413343791,0.1808174279079889,-0.0111860567008076,1.0482227699607845,0.7943950538237766,1.2367121783114188,-0.6834618765223034,-0.8407667675338554,-1.0030629870325345,-1.6652270776827882,0.5061520339634855,0.6071251130757639,-0.4041473794285756,-0.3225826712505587,-0.1061236770598626,-0.4211558031252794,-0.0813849465116203,-0.0120125678666426,-0.648831002770808,0.6023232616602759,1.117049756179154,-0.1099513511812154,-1.0901110558948175,0.2062222827571616,-1.2056986220010997,-0.4172945593154892,-0.6222315655752275,-0.8949297475795555,-0.2696969594448407,-0.7800355576838002,-1.2743309866183856,0.5184438821078337,-0.740953458438105,-1.3995965303486035,-2.0865833844527484,0.3322056420427783,0.3690817981871369,-0.3411552323113503,0.1062823083677547,-0.1810040099091449,-0.2920029868988232,-0.6899795628963796,-0.9444996163628748,-1.4823140187351218,-1.3143600159643922,-0.8479627940710371,0.1945381389267682,1.070731780016391,0.563922358094987,0.9116891458765768,1.354954370923351
G11557,0,0,0.0193461028736166,10.18730/JPXAF,FULL,Phaseolus,vulgaris,Phaseolus vulgaris,ECU,PAUTE - PAUTE - AZUAY,-2.79,-78.76,0.3591811050669926,1.515880536378247,0.3859604233784113,0.8518457766708741,0.88917108824957,-1.382992783012901,0.3311378542871181,-1.0844983869313043,-0.4107433193265435,-0.8678066140018613,0.7943950538237766,0.7321985335682625,0.4940618955899966,0.5473341846636982,0.6199001967045383,-0.4314608634236613,-0.294667587114274,0.0285060279300417,-0.6749722817570493,0.07150833452264,-0.4022149662486919,-0.4211558031252794,0.0475725090909048,0.3161094038853487,0.3807599891368515,0.3424996655828751,0.0167486994339235,-0.1099513511812154,-0.0117250783969826,0.2062222827571616,-0.2851745123163822,-1.1230856088263437,-0.3321144315650244,-0.8853981448785183,1.3959626306039026,-1.7072431439396696,-0.5508074128588167,0.2777727029975351,0.2392366089911229,0.8576525718000569,-0.3163719495961979,-0.088112711896829,-0.0547950249188452,-0.4720804058177044,-0.305028634119706,0.4613113690349434,-0.0496773747763868,-0.2797913563860738,-0.3909007964739638,0.0389769348813318,-0.6117968486951978,-0.6581465797796118,-1.516197935747795,-1.32587092104428,-1.052658098848505,-0.1588267718029321,0.1938976790757006
G50893,0,0,0.0010043973577282,10.18730/JY91A,FULL,Phaseolus,vulgaris,Phaseolus vulgaris,MEX,VILLA LAS ROSAS - VILLA LAS ROSAS - CHIAPAS,16.4,-92.4,0.3591811050669926,0.4131936587726906,-1.80637314900962,0.4522242053889512,0.917231917648191,0.0915663303040128,0.8083924048028199,1.0064772885172906,-0.0886901053378348,-0.5344057917139846,-0.1772172155267593,-0.2768287559180501,0.0230523867450766,-0.1467162914350786,0.3494063327483596,0.3910499460824232,-0.4281375239605672,0.3688701956628195,0.7242897136067312,-0.0073098666319996,0.3851186890943314,0.9519910231531106,-0.2103424021141454,-0.6682565113706256,0.0556259916923274,0.0826760695054743,-0.395864196845538,-0.1099513511812154,0.2578714159774761,0.2062222827571616,0.3680215510656795,0.0182792525560001,0.2898033327212155,0.6491898899884602,-0.463378307124927,0.6458569943643948,0.5783278613417225,-0.6798980305455278,0.2307378187520709,0.4185478137303644,0.3540367024479814,0.1373094462047446,-0.8586993446026043,0.2480080484672434,-0.5243944701130183,-0.5992558845704118,0.3541986454276739,1.2846473847229998,0.587123785329779,0.3916229647493629,0.0074233885849704,0.7548338153927713,0.2570655259144867,0.1106834167377123,-0.2376622079835665,0.1623282076856287,-0.3221277223510561
G18636,0,0,0.0006746416907183211,10.18730/JSSM9,FULL,Phaseolus,vulgaris,Phaseolus vulgaris,BRA,"KM 51 FAZ. ITEIPAVA, RODOVIA BELÉM - BRASÍLIA - PIRENÓPOLIS - GOIAS",-15.87,-49.13,0.3591811050669926,-0.647082185078806,0.3859604233784113,-0.5521368298441212,-0.1116651603012442,0.9562769214466476,0.3433930088201531,1.3781280573401935,0.6725265966489103,-0.6455393936232108,0.3085889191485086,-0.2768287559180501,-0.6834618765223034,-1.8818424816820207,-2.085038442857249,-0.020205458670619,-1.4958970187309133,0.6071251130757639,-1.329465795717527,-0.5984463752917978,-0.4829671360274635,-1.1605425557367202,-0.9840871357292964,-0.5041955254946299,-0.8655870010671574,0.9920586557763772,-0.9460147252181532,-0.1099513511812154,-1.3597075502692766,1.582328263787768,1.075991242708453,0.7321364388951941,0.9267271556631556,0.925606368318537,-0.463378307124927,0.2911600550343393,0.8414273427088385,-0.5946603212772971,-0.2508584576502455,0.1076224558456509,0.8803906748663909,0.6304203036839545,3.321603117752943,0.4880375332288927,2.1628370208050587,0.7152500072221413,-0.7362666091232899,-1.004775163241498,-0.999859498351766,0.3929331047984082,0.6638819562857673,-0.2299096963251687,-0.3318167430703755,-0.7511366033031304,0.3328349156218905,-0.6940846030272442,-0.4511339189202276
G20935,1,1,0.9965131403521622,10.18730/JTWRQ,FULL,Phaseolus,vulgaris,Phaseolus vulgaris,RWA,MURAMA - BICUMBI - KIGALI,-2.27,29.7,0.3591811050669926,-0.1093563950165514,0.3859604233784113,0.2903444144283628,1.0101834150311229,-1.2282550982821137,-0.5943181948137544,-1.2635367223101797,1.5067985896311236,-0.9180966583097075,-0.6630233502020273,-0.7813424006612064,-0.6834618765223034,-1.419142164282836,-1.4088037829668023,0.1168796762470617,-0.828547334499447,0.6071251130757639,-1.148915860831878,-0.4408099729825183,-0.6848475604743927,-0.9492891978477372,-1.2420020469343465,-0.996378483122617,-0.7030200023448953,1.381794049892478,-1.6337028856839226,-0.1099513511812154,-1.0901110558948175,1.582328263787768,0.2543867408333067,-0.4092283840245916,0.183093582280681,0.0010409063179351,-0.3859057680528925,-0.608078893407733,-0.358964041028628,1.0198421719209556,-0.4463298226437475,1.084207937038943,0.0880894877933893,0.2641093835443897,0.500629777771752,-0.0574840230475829,0.7369590868485278,1.850505095588437,0.8792374716929527,-0.8807647752267544,-0.9814062043554688,0.1398577186578212,-0.1581985190953495,-0.6385897577011013,-1.3183599599877125,-1.5414666543399318,-0.352690109036023,-0.265878261478529,-0.0641150216376775
G24574A,0,0,0.00018676656510709368,10.18730/S6MRM,FULL,Phaseolus,vulgaris,Phaseolus vulgaris,MEX,6 KM S DE SAN ANTONIO XAGUIA - SAN ANTONIO XAGUIA - OAXACA,16.47,-96.53,-2.9470184280009937,0.3142345800132176,-2.902539935203636,-0.5817168594860389,-1.0546259482174027,2.003031847566679,1.1650721802343935,0.7220962976395843,-1.4647356163559797,-0.3329761196232892,-1.1488294848772953,-0.7813424006612064,-0.4479571220998433,-0.0310412120852824,0.3494063327483596,0.9393904857531464,0.9065618445023652,-1.6392783939605695,0.6565834880246127,-0.5984463752917978,-0.9338334172922718,0.0013509126526867,0.8213172427060557,0.3161094038853487,1.5729179797667732,-0.3070593246106268,-0.6709394610318457,-0.1099513511812154,0.2578714159774761,-1.1698836982734446,0.9092178132254324,0.5587136124470605,-0.757286093476529,-0.5231972422391072,-0.734532193877048,0.8108417618784584,-0.2767454531014043,-0.8102615858969395,0.3043937306556244,0.7125471904266996,0.7446467730449895,0.5411907297601845,-0.9610144398350828,-0.7557516150814718,-1.0042572363483893,-0.6888812862835404,-0.184302714844407,0.2353287169059382,-0.1048747395313597,0.3994838050436348,0.2737661137839431,0.7128441679889106,0.0053018142866888,0.0591768642662968,-0.6864257681433745,0.3764311870368224,0.0648911749314939
G22786,0,0,0.0004166594893525132,10.18730/JR6YF,FULL,Phaseolus,vulgaris,Phaseolus vulgaris,MEX,IXTENCO - IXTENCO - TLAXCALA,19.24,-97.89,0.3591811050669926,1.4208855084091874,0.3859604233784113,-0.360666349815285,-0.5863608576279155,0.9744813549443871,0.4346742746600135,-0.1801979151607882,-0.93773942421429,-0.2843551791381266,-1.1488294848772953,-0.7813424006612064,-0.9189666309447634,-0.7250916881840593,-0.5973221910982662,0.9393904857531464,-0.0277277134216875,0.6071251130757639,0.9725458740744988,-0.5984463752917978,-0.382026923803999,0.4238576284306529,0.3054874202959551,-0.5041955254946299,-0.81139800149307,-0.3070593246106268,-0.6709394610318457,-0.1099513511812154,-0.0117250783969826,-1.1698836982734446,-0.7576992967541687,-1.2844092492632475,-0.6955945190030949,-0.6280448719505157,-0.5021145766609444,0.2016061051671146,-0.1726019083935875,-0.7200098937305776,1.7746789035629051,0.5695653628851507,-0.5463055207638335,-0.811341989314083,-0.800233575898331,-0.6030055793240586,-0.921995047850897,-0.4200050811441545,-0.0227523067627827,0.130396850124232,-0.1325546805258053,0.2575519663970588,0.2911440013135698,0.5247535556455891,0.3119837599883559,0.2488785930407997,-0.339278784249638,-0.1588267718029321,0.0648911749314939
G15839,0,0,0.2565329324990912,10.18730/JSM6M,FULL,Phaseolus,vulgaris,Phaseolus vulgaris,COL,TIERRADENTRO - MORALES - CAUCA,2.79,-76.79,0.3591811050669926,0.1383168746312096,-1.80637314900962,1.0931584254790034,1.2317470471577343,-1.4285038667572505,0.1680798509968533,-1.8819680557977303,1.9900169952025624,-0.9303192671458258,0.7943950538237766,0.7321985335682625,2.3780999309696766,1.935435136861252,2.1076164484635216,-0.2943757285059805,-0.0277277134216875,-0.8224043914019028,2.0107079996669808,2.9877817772443107,2.2827946788954647,2.5363912073204835,-1.3709595025368717,-0.8323174972466213,0.5433269878591136,-0.3070593246106268,0.5668992278065389,-0.1099513511812154,2.145046876598688,1.582328263787768,0.0745329741905119,-0.7197764211933312,2.3072845519875704,1.211554449349651,2.71299579482849,-1.2083844112871889,2.0308562480560086,3.566945484171615,-0.6049733667695958,1.3057183435665938,-0.0836681103539407,0.1326131563761793,1.6553287096811515,2.059139615305143,3.3419283892691127,2.6720712779587825,2.0908655323051346,0.2830250199885319,-0.2432744445035875,0.7104237100170566,-0.147558996118027,-0.1847564453497842,-0.6881235990797556,-0.9140999578438384,-0.6663087809637969,-1.2293425618669986,-1.3541782176295345
G210,0,0,0.0105223429532924,10.18730/JZ7S*,FULL,Phaseolus,vulgaris,Phaseolus vulgaris,TUR,KORKUTELI - ANTALYA,37.04,30.13,0.3591811050669926,0.1972395250480262,0.3859604233784113,-0.5472943564233115,-0.6816507574607324,0.5739838179941144,-0.7746377905714065,0.1120356943267845,-0.2870905419082994,1.2462190704860674,0.7943950538237766,0.7321985335682625,-0.2124523676773833,-0.1467162914350786,-0.191581395163998,-1.1168865380120652,1.1735017181949516,-0.4139673901225694,0.0020899740641348,-0.2043553695185991,-0.4896964835090278,-0.2099024452362963,1.337147065116156,1.7926582767693102,0.5433269878591136,-0.047235728533226,1.254587388272308,-0.1099513511812154,-0.5509180671459002,-1.1698836982734446,-1.197523431254642,-0.1228789111911028,-1.0490705673373653,-1.142751417806521,-0.3859057680528925,-0.535694395933341,-1.356549574545609,0.1925349937293043,0.1825782167778218,-1.3390618341487968,-2.5852344746763904,0.4848351846363716,0.1498351655461116,-0.8321246329601785,-0.5518151996121824,-0.5245680498094712,-0.6420288710756757,-0.8807647752267544,-0.9721795573573204,-1.17879824070629,-0.4124831182533567,-0.5160720193857267,0.4889792734191993,1.1653011878327604,1.743603119112781,-0.265878261478529,-0.1931213719943667
G18201,0,0,0.0167822307957326,10.18730/JTA2H,FULL,Phaseolus,vulgaris,Phaseolus vulgaris,ESP,AGENCIA SEA DE LA LINEA DE LA CONCEPCIÓN - LA LINEA DE LA CONCEPCION - CADIZ,36.15,-5.35,0.3591811050669926,-1.7285635458073323,0.3859604233784113,-0.547256004365738,-0.9780432679836664,0.5466771677475049,-0.7674464267628048,0.2919626531157583,-0.4974607014084249,1.4348159592639602,1.2802011884990447,0.2276848888251061,0.2585571411675366,-0.493741529484467,-0.5973221910982662,-0.8427162681767036,0.1057422234246057,0.436943029209375,0.0697961996462532,-0.2043553695185991,-0.4224030086933848,-0.1042757662918048,0.9502746983085808,1.300475319141323,-0.2153190061781092,0.7322350596989763,0.0167486994339235,-0.1099513511812154,-0.8205145615203591,-1.1698836982734446,-0.026839112537409,0.4336878377443124,-0.6238989054258608,-0.5136656395380701,-0.7732684634130653,0.2148168836713008,-1.5100242720097603,0.8844646336714127,-1.7041460230625949,-1.346656475783029,-0.723603681479887,0.7619166428205453,0.749109294764914,-0.4829908369432339,0.3941999681089773,-0.1660664429569568,-0.763191677136894,-1.0238536844745356,-1.073672674336954,-1.0469108091023949,-0.6316572915861998,-0.5399428463344969,0.6070865599515566,1.4107313176419096,1.0554989935344088,2.303360043044646,2.6450175669152087
G11028,0,0,0.0002265882619457641,10.18730/JP854,FULL,Phaseolus,vulgaris,Phaseolus vulgaris,MEX,FLORES MAGON CERRO CERCA DE EL FRAILE - DURANGO - DURANGO,24.47,-104.58,-2.9470184280009937,1.120044221340355,-2.902539935203636,-0.4566744032729958,-0.964012853284356,0.9016636209534286,0.7905695450561624,0.6092468134887591,-1.4061805420650872,0.4935800673468534,-1.1488294848772953,-1.790369690147519,-0.6834618765223034,-0.2623913707848747,0.0789124687921807,1.761901295259231,1.840851402426418,-1.3669870597743472,-1.2391908282747026,-0.7560827776010773,-0.8867279849213217,-1.3717959136257032,0.9502746983085808,1.4645363050173188,1.3561619814704238,-0.9566183148041288,-0.6709394610318457,-0.1099513511812154,0.2578714159774761,-1.1698836982734446,-0.2083279067068328,-0.0422170813570102,-0.9640362349550644,-0.6280448719505157,-0.734532193877048,1.3301334905831244,-0.446663868151,-0.7200098937305776,2.2392775826015985,-0.10084564316338,0.2349145147522355,-0.3017940950412197,-0.7856171337222626,-0.8430350640857079,-0.9631261420996432,-1.0473828931360547,-1.0189798232661325,-0.4610373080999299,0.1350180824205017,-0.2005603374191202,0.2326266249382962,0.4821887075923604,0.7103063733915999,0.7766096634446469,0.0615134987896387,0.4834829319433041,0.5809165763582509
G22826,0,0,0.0002534347976053095,10.18730/JR97E,FULL,Phaseolus,vulgaris,Phaseolus vulgaris,MEX,"44 KM NE DE SAN LUIS, RANCHO LA PURISIMA - VILLA HIDALGO - SAN LUIS POTOSI",22.46,-100.71,0.3591811050669926,1.045663458284173,0.3859604233784113,-0.4461452371377001,-0.7482952272824572,0.0005441628153144,1.0253294841539191,1.0771960996046597,-1.669678550881989,-0.006521157804863,-0.6630233502020273,-0.7813424006612064,-0.6834618765223034,0.2003089466143097,0.484653264726449,0.6652202159177848,0.3726820971171922,-1.0266228920415694,-1.2617595701354087,-0.6772645764464376,-0.7857877726978572,-1.2661692346812117,1.4661045207186814,1.4645363050173188,0.4349489887109389,-0.6967947187267279,0.0167486994339235,-0.1099513511812154,-0.0117250783969826,-1.1698836982734446,0.0908833566579845,-0.0260846538501016,-1.194129134342467,-1.2475990475179293,-0.5408508461969617,0.0192918982452173,-0.6933196319326712,-0.6999539621380526,1.2874168615601014,0.0181301781331996,0.2792391738189383,-0.2383941095761392,-0.7856171337222626,-0.9194080819644146,-0.9768365068492252,-0.8233193888532333,-0.6554914050824778,-0.527812132415561,-0.4647139724591519,0.0123374205507437,0.4202368801050825,0.6728677228578377,0.8972268688839858,0.7616924651878981,0.3178761302832302,0.1623282076856287,0.1938976790757006
G154,0,0,0.0482529380131275,10.18730/JZ5H$,FULL,Phaseolus,vulgaris,Phaseolus vulgaris,TUR,STORE IN CAYIRHAN - CAYIRHAN - ANKARA,40.1,31.62,0.3591811050669926,-0.5438585093131332,0.3859604233784113,-0.5998162366821636,-0.9020451883624012,1.2202412071638729,-0.6669150833494369,0.2170443718714409,-0.0640791463337418,1.093634733385349,0.7943950538237766,0.7321985335682625,-1.1544713853672233,-0.7250916881840593,-0.7325691230763556,-1.1168865380120652,0.6396219708097787,0.5390522795292084,-1.2617595701354087,-0.9531282804876768,-1.0549616719604291,-1.4774225925701947,1.8529768875262569,2.1207802485213016,-0.2153190061781092,-0.8267065167654283,1.9422755487380767,-0.1099513511812154,-1.0901110558948175,-1.1698836982734446,-0.9244727778886672,0.2925294816844203,-1.1291028801677665,-1.295257061023115,-0.3084332289808579,-1.0483533157752547,-1.2524060298377926,-0.0732060998716502,-0.2593572039869583,-1.557294252723961,-2.4744231275312933,0.6867758488077673,-0.1863430045034603,-0.8975872197133555,-0.6477877528592566,-0.5843183176182236,-0.6016412690552697,-0.7949114296780858,-0.8983663813721323,-1.6072140367441086,-0.795505945436966,-1.0774678531688513,0.09793498019442,1.075235085150504,1.229330395573323,-0.4799814960606078,-0.8381529699902952
G11024,0,0,0.00033828391506268663,10.18730/JP7W*,FULL,Phaseolus,vulgaris,Phaseolus vulgaris,MEX,5 KM N DE CARLOS REAL - DURANGO - DURANGO,24.32,-104.45,-2.9470184280009937,1.0493591650835885,-2.902539935203636,-0.4801378933318778,-1.152838851112576,0.8106414534647302,0.6906947563253534,0.4923851940524202,-1.3183477561208623,0.4866341903172038,-1.634635619552563,-1.790369690147519,-0.6834618765223034,0.0846338672645136,0.3494063327483596,1.761901295259231,1.840851402426418,-2.1157882287864584,0.4986022949996698,-0.7560827776010773,-0.8127051626241144,-0.3155291241807879,0.6923597871035305,1.9567192626453056,1.7896739780631226,-0.4369711226493272,-1.2210899894044611,-0.1099513511812154,0.527467910351935,-1.1698836982734446,-0.0914229468892519,0.0949080524384771,-0.990713672565198,-0.6757028854557013,-0.734532193877048,1.3226514353380163,-0.4850325425170377,-0.7200098937305776,1.9644844759391,-0.1418451439965445,0.3235636743687216,-0.2078682032967884,-0.800233575898331,-0.864855926336767,-0.9631261420996432,-1.0473828931360547,-1.0324423572729344,-0.4705765687164486,0.0888848474297591,-0.1889874336525533,0.2709289076566571,0.5118115410348101,0.7453746433423838,0.8095400822378469,0.1172220786715459,0.3764311870368224,0.4519103797890794
G492,0,0,0.0011827045732457,10.18730/JZG21,FULL,Phaseolus,vulgaris,Phaseolus vulgaris,IND,KOSHALA - ODISHA,21.01,84.94,0.3591811050669926,-0.6452436059864257,0.3859604233784113,-0.6177555756059253,-0.6752201507235486,2.394427167768082,-0.2784307934451319,0.2387236712049177,0.5907722085866637,-0.5049005253520322,-1.1488294848772953,-1.790369690147519,-1.6254808942121433,-0.6094166088342632,-0.3268283271420874,-0.4314608634236613,-0.1611976502679807,0.6071251130757639,0.859702164770968,-0.9531282804876768,-1.5327453431514946,0.1069775915971782,0.1765299646934299,-0.3401345396186341,-0.4320750044744585,0.3424996655828751,0.1542863315270773,-0.1099513511812154,-0.8205145615203591,0.2062222827571616,1.823201750919314,2.6559208804329693,0.4215231809212502,1.3831232979683197,-0.6957959243410308,1.3850965878897257,-0.1123082772469568,-0.7250238766287087,-0.3188485904448997,-0.9954495347561116,1.6200565043267827,0.6022425871062386,-0.8148500180743993,-0.1774987654284075,-0.908284683101315,-0.7486315540922928,-0.6285663370688738,0.8744591782126938,2.0726139520316904,0.6318153070743376,0.4968414455418044,1.4050981495032453,1.6432546871766065,1.1971057803424323,-0.5110469055521851,-1.336394179158038,-1.4831845679862237
G554,1,1,0.9148099596930136,10.18730/JZHPG,FULL,Phaseolus,vulgaris,Phaseolus vulgaris,TUR,MADEN - NIDGE,37.45,34.62,0.3591811050669926,-0.6645213155992095,0.3859604233784113,-0.5984662347842314,0.2122035790078393,0.3282239657746287,-0.8201092606969831,-0.3673567274742081,0.2435000496939462,0.7696459201360052,0.7943950538237766,1.2367121783114188,-0.2124523676773833,-0.0310412120852824,0.0789124687921807,-1.5281419427651075,1.306971655041245,-0.1076396391630694,0.5211710368603759,0.1503265356772798,-0.6337045196145039,0.2126042705416698,0.8213172427060557,0.8082923615133358,0.7058939865813756,0.2125878675441747,1.254587388272308,-0.1099513511812154,-0.5509180671459002,-1.1698836982734446,-2.0044127136522527,-1.1876150880786411,-1.0740806650968655,-1.2761938556210408,-0.5408508461969617,-0.6473944515273568,-1.471655597643723,-0.1534298262417497,0.1797452934523438,-1.3634881658142517,-2.04225882445912,-0.1162904956555744,-0.3178909840880755,-0.864855926336767,-0.5792359291113465,-0.1511288760047686,-0.3593156569328333,-0.7949114296780858,-1.0090861453499145,-1.280334094507302,-0.4458202902489672,-0.8321447762134183,0.2024781245760023,0.9387286482727089,1.7807421723673855,0.1623282076856287,-0.0641150216376775
G10075,1,1,0.9996317490563464,10.18730/JP2F7,FULL,Phaseolus,vulgaris,Phaseolus vulgaris,NLD,BAFLO - BAFLO - GRONINGEN,53.36,6.5,0.3591811050669926,-1.025107166052659,0.3859604233784113,1.028270338755911,0.7412671332943387,-1.1372329307934153,-1.6726167390796405,-1.7295288646127398,1.4219888996102097,0.8152328035036398,-0.1772172155267593,1.2367121783114188,-0.2124523676773833,1.0100345020628827,-0.7325691230763556,-1.253971672929746,-0.9620172713457402,0.6071251130757639,1.4239207112886214,0.1897356362545997,-0.1263117195045555,1.2688710599865851,0.6923597871035305,0.9723533473893315,-1.353287997233943,-0.6967947187267279,2.079813180831231,-0.1099513511812154,0.527467910351935,-1.1698836982734446,-1.6512453923142991,-1.1956812633695386,-0.487177037673926,-1.0379037880951123,0.8536548570996605,-1.6577126241845577,-0.424738911370407,0.1072972844610736,-1.9166149803540649,-1.7678304701188707,-1.3718501757173769,-1.7153786938552176,0.0182871859614965,-0.3520656634368798,0.1062823083677547,-0.4648177820007188,-0.5074035310076556,-0.4419587868668924,-0.3447675614832212,-2.563834629222031,-3.475956434190409,-2.6840032668535514,-1.6796293070278636,-0.4727760547007811,-3.614736953232145,4.658494857754859,4.838125369191406
G7169,0,0,0.013598525619495,10.18730/JFHHJ,FULL,Phaseolus,vulgaris,Phaseolus vulgaris,PER,"PUCALLPA, FINCA ORIGAMOS - CORONEL PORTILLO - LORETO",-8.35,-74.54,0.3591811050669926,-0.8412100434356446,0.3859604233784113,-0.6057049544329406,0.2700790396424951,-0.3544422903906092,1.3351546963447578,-1.1155946356589752,0.4090285169381799,-0.7983481086685454,0.3085889191485086,-0.2768287559180501,-0.2124523676773833,-1.0721169262334478,-1.0030629870325345,-0.020205458670619,-1.4958970187309133,0.6071251130757639,-0.7201097654784615,0.3079629379865593,-0.4224030086933848,-0.2099024452362963,-1.1130445913318214,-1.1604394689986126,-1.0281539997894191,-0.9566183148041288,1.117049756179154,-0.1099513511812154,-0.2813215727714414,0.2062222827571616,1.7005741962203669,1.329033871972309,0.8883783390985885,0.210736165740752,1.047336204779747,-1.0154685336121263,1.1319330200516955,0.047129489683499,-0.415167861935457,1.157385993909266,1.3651903091316897,1.2057164011156285,1.3191505396315797,0.4553062398523042,1.5047395128251213,1.5666913234968631,0.2464983733732577,-0.3942624837842987,-0.6400202654239737,0.1564528259457285,-0.0890416197427534,-1.4007306181136423,-1.6425760406647711,-1.3115166359292956,-0.9391776583483238,-1.336394179158038,-1.4831845679862237
G13092,1,1,0.9948268888181508,10.18730/JMQH2,FULL,Phaseolus,vulgaris,Phaseolus vulgaris,TUR,BOYACIKOY - ISTANBUL,41.1,29.03,0.3591811050669926,-0.869305847636096,0.3859604233784113,-0.5999874053944798,-0.3215367801784302,0.6012904682407239,-1.3518073148904524,-0.2889022236314236,0.2731422112162876,1.3683675945865843,0.3085889191485086,0.2276848888251061,-0.2124523676773833,-0.0310412120852824,0.0789124687921807,-0.1572905935882998,-0.1611976502679807,0.6071251130757639,-0.0430475096572774,-0.3619917718278785,-0.1195823720229912,-0.1042757662918048,1.208189609513631,0.8082923615133358,-0.5946420031967207,-1.3463537089202298,1.5296626524586157,-0.1099513511812154,-0.0117250783969826,-1.1698836982734446,-0.6800351798176942,0.3449597172316482,-0.6305682648283942,-0.790082117868147,0.1564020054513494,-0.7973477388108501,-1.1263375283493828,0.2627307543031414,-1.3840260992901037,-1.713897173937913,-1.6655002131228922,0.7760054451252123,0.4275475668914102,-0.3302448011858208,0.1199926731173367,-0.4200050811441545,-0.6958790071028839,-0.8426077327606795,-0.8522331463813897,-1.7360444749002315,-1.4615400838173531,-1.3903770064250192,-0.3334709067472993,0.690765409325621,0.1450763686124995,1.0187408907830586,0.9679354736408012
G16061,0,0,0.0006180387154590581,10.18730/JSGDA,FULL,Phaseolus,vulgaris,Phaseolus vulgaris,MEX,"EJIDO GRACIANO SANCHEZ, RANCHO HERMANOS PAREDES - SAN QUINTIN - BAJA CALIFORNIA NORTE",30.49,-115.97,0.3591811050669926,-1.7073580289303023,-1.80637314900962,-0.5498669823956738,-1.9502340865233885,-0.8732686450761901,0.5559587531366539,1.6865833905500702,-2.021009345643116,0.4102299404358254,-0.1772172155267593,-0.7813424006612064,-0.6834618765223034,-0.2623913707848747,-0.7325691230763556,0.3910499460824232,-0.5616074608068605,0.6071251130757639,-0.6749722817570493,-0.6378554758691177,-1.29048883381518,-1.0549158767922286,1.8529768875262569,1.4645363050173188,-0.8655870010671574,0.2125878675441747,-0.6709394610318457,-0.1099513511812154,-0.5509180671459002,-1.1698836982734446,-0.2549263817414989,-0.2519378696956952,-1.5392684834235706,-1.524015525848006,-0.8120047329490826,0.7284379419976311,-1.570317903156391,-0.3539891421669985,-0.069551621479456,-0.4957077011951532,-0.7845499357845569,0.083302012404701,-0.4494389636726906,-1.1267062733494753,-0.880863953602151,-0.9726950583751144,-1.1805302313477566,-1.1287855512562417,-1.073672674336954,-0.3278622788513569,0.198934802176775,0.382103794602336,1.2178037894718126,1.2002018026221348,1.354674700307614,0.5905344216189015,1.2259481743541794
G622,1,1,0.99174633181502,10.18730/JZKK3,FULL,Phaseolus,vulgaris,Phaseolus vulgaris,TUR,ENGIZ - SAMSUN,41.48,36.11,0.3591811050669926,-1.1039926687312414,0.3859604233784113,-0.5912443463779758,-0.3151061734412462,0.2098951480393207,-1.8884636516204576,-0.8438928141416333,0.1695655136485282,1.9896216067451205,0.7943950538237766,0.7321985335682625,-0.2124523676773833,-0.0310412120852824,-0.0563344631859086,-0.9798014030943843,-0.6950773976531537,0.6071251130757639,-0.5621285724535185,-0.2831735706732388,0.0553806624976806,-0.3155291241807879,1.208189609513631,0.9723533473893315,-1.1365319989375942,-0.4369711226493272,1.5296626524586157,-0.1099513511812154,-0.2813215727714414,-1.1698836982734446,-0.7405314643568135,0.2360662161855809,-0.6439069836334611,-1.0379037880951123,0.3888196226674531,-1.3329567073799302,-0.9783440700803802,0.0220595751928429,-1.497342870208295,-1.736929527155644,-1.1280651188694724,0.7126054540617146,0.0329036281375648,-0.2429613521815846,0.0651512141190086,-0.2258167107657092,-0.5074035310076556,-0.6899795628963796,-0.7968732643924986,-1.7251266411581871,-1.6023364378839209,-1.602626046041795,-0.8386524936798188,0.2277693502246458,-0.6007996175841468,0.9116891458765768,0.5809165763582509
G18963,0,0,0.0005873863409961125,10.18730/JMD53,FULL,Phaseolus,vulgaris,Phaseolus vulgaris,MEX,SIERRA DE LA VENTANA - FRONTERAS - SONORA,30.91,-109.47,0.3591811050669926,0.0032203324834452,0.3859604233784113,-0.5510262652741033,-1.763161890532582,-0.8095531278341012,0.644026741084323,0.9788917059962912,-1.611123476591097,1.417378267768906,-0.1772172155267593,-1.2858560454043628,-0.9189666309447634,-0.6094166088342632,-0.191581395163998,0.2539648111647425,1.840851402426418,-2.7284437307054583,-1.3746032794389391,-0.9137191799103568,-1.2433834014442298,-1.6886759504591775,0.9502746983085808,1.6285972908933144,2.2773749742299088,0.8621468577376766,-1.2210899894044611,-0.1099513511812154,-0.8205145615203591,-1.1698836982734446,-0.1020506975640416,0.9862212874902078,-1.1241008606158662,-0.8282085286722954,-0.6570596548050135,0.524738702647133,-0.4192576721752588,-0.434212868537098,2.114629193099894,-0.7311055995812652,1.0382969062211425,0.489531485661774,-0.4932882902008956,-0.8757663574622965,-0.8534432241029869,-0.9726950583751144,-1.1401426293273509,-0.9570788601589044,-0.0587415045406171,-0.3531916531328996,0.5457832512374878,0.7381529965611006,1.957876618527508,2.091574762605593,1.423278784791815,1.0187408907830586,1.096941977785008
G24365,0,0,0.00035314828354531143,10.18730/JY6H4,FULL,Phaseolus,vulgaris,Phaseolus vulgaris,MEX,2 KM NW QUESERIA - TONILA - COLIMA,19.4,-103.53,-2.9470184280009937,0.2435495237564511,0.3859604233784113,-0.5689875127339528,-0.9780432679836664,1.7026586948539744,1.118852518743258,0.8996461986221219,-0.5864087167071068,-0.4093805019862537,-1.1488294848772953,-1.2858560454043628,-0.4479571220998433,-0.3780664501346709,-0.191581395163998,1.076475620670827,0.7730919076560719,-0.6522223075355139,0.9951146159352048,-0.5984463752917978,-0.6310127806218782,0.2126042705416698,-0.2103424021141454,-0.6682565113706256,1.1394059831740744,-0.4369711226493272,-0.5334018289386918,-0.1099513511812154,0.2578714159774761,0.2062222827571616,0.9100353489162613,0.7563350801555608,-0.3187757127599576,0.1249517414314178,-0.7732684634130653,1.2770848289674,0.3810032503163856,-0.6297582015642156,1.0324540054184637,0.414482935871481,0.9053232460548736,0.5646722236903625,-0.5956033854333741,-0.3084239389347617,-0.867153588852569,-1.0921955939926191,-0.9516671532321224,0.2830250199885319,0.762430078294601,0.3499168398547536,0.4354868630392448,0.9492516348791404,0.806909532123948,0.4858650257234873,0.0150896822213827,-0.9081878376093228,-1.0961655169161562
G22800,0,0,0.00043381335928255945,10.18730/JR82E,FULL,Phaseolus,vulgaris,Phaseolus vulgaris,MEX,SAN PEDRO EL CHICO - POCHUTLA - OAXACA,15.75,-96.45,0.3591811050669926,-0.7760399437401012,0.3859604233784113,-0.615987856015656,-0.9651820545092984,1.729965345100584,1.9085102014848128,0.8209023516541815,-1.0548497473039609,-0.7983481086685454,-0.6630233502020273,-0.2768287559180501,-1.1544713853672233,-1.419142164282836,-1.544050714944892,-0.4314608634236613,1.0400317813486584,-1.6392783939605695,1.333645743845797,-0.7560827776010773,-0.4762377885458992,0.4238576284306529,-0.0813849465116203,0.4801703897613444,1.6812959789149478,1.381794049892478,-1.0835523573113073,-0.1099513511812154,-1.3597075502692766,0.2062222827571616,1.7087494439783617,1.5185893567026991,-0.1637131066510559,0.2297993711428263,-0.5408508461969617,1.017029194944441,0.1233850081444178,-0.7701497227118898,-0.3811726469456016,0.6792375407468683,1.453839521587147,1.125879362061636,-0.887932228954741,-0.2429613521815846,-0.867153588852569,-0.8382569558054214,-0.1304525788171989,0.9889303056109188,0.301097728387175,0.5287509565494394,0.5528762665557028,0.82270749201819,0.1068674640498083,-0.102942120561765,-0.2123870189630716,1.6610503392984106,1.7419735757809365
G20219,1,1,0.998635318181376,10.18730/JN7EY,FULL,Phaseolus,vulgaris,Phaseolus vulgaris,MKD,PLASNICA - PLASNITSA,41.47,21.13,0.3591811050669926,-1.636672972673536,0.3859604233784113,-0.5855267343417379,0.101129462638298,-0.1815001721620822,-1.5665941040616118,-0.4671263900051529,0.2286880358403918,1.510778096330455,0.7943950538237766,1.2367121783114188,0.0230523867450766,0.3159840259641059,0.3494063327483596,-1.1168865380120652,0.2392121602708989,0.6071251130757639,-0.4267161212892817,-0.4408099729825183,0.4524121639099744,-0.3155291241807879,0.6923597871035305,0.9723533473893315,-0.4862640040485459,-0.3070593246106268,1.3921250203654618,-0.1099513511812154,-0.2813215727714414,-1.1698836982734446,-1.4419610380966197,-0.4213277046547737,-0.7439473746714621,-1.1141566097034097,0.5825009703475396,-1.5993195993128797,-0.9509378741046388,-0.0080243221959443,-0.3415118689814324,-1.5523901541067195,-2.0311777207875066,0.2547167590999076,-0.2009594466795287,-0.504811699194293,-0.0034006096289014,-0.2706294116222735,-0.3054655209056252,-0.6899795628963796,-0.7046067944110134,-1.7264367812072323,-1.618650373115815,-1.2799384817463717,-0.3255309210980652,0.4580008252061642,-0.2278616244858236,-0.5870329857362047,-0.3221277223510561
G17147A,0,0,0.003188681711527,10.18730/S2KRU,FULL,Phaseolus,vulgaris,Phaseolus vulgaris,ECU,"CRUZPAMBA, EL HIGUERÓN - CELICA - LOJA",-4.15,-80.0,0.3591811050669926,0.9504000863241155,-1.80637314900962,0.1835866946743543,0.8745560729377883,0.0551574633085335,0.899411864892483,0.8038497243901251,0.0576977112703105,-0.9997777724791416,0.3085889191485086,0.7321985335682625,0.2585571411675366,0.2003089466143097,0.0789124687921807,-0.1572905935882998,-0.4281375239605672,0.3688701956628195,-0.7201097654784615,-0.1255371683639593,-0.2070638892833271,-0.526782482069771,-0.4682573133191957,-0.1760735537426384,0.0556259916923274,0.4724114636215755,-0.395864196845538,-0.1099513511812154,-0.0117250783969826,0.2062222827571616,0.6615101825159936,0.0465110006930933,-0.4271528030511254,0.5824686710812003,-0.8120047329490826,1.7333969363760666,1.756794288298596,-0.845359466183858,0.1315856712154753,1.0352562637914082,0.5174835492104302,0.5036203663443084,0.6614106417085038,-1.0939749799728868,-0.9631261420996432,1.3426278192140415,-0.5477911330280616,-1.081089248173648,-1.0828993213351026,-0.0160489471785714,-0.2145879908751586,-0.6633233856239233,-1.1641919052984169,-1.238337927499962,0.4432204350175214,-0.0517750268964503,0.7099227729274225
G802,0,0,0.0224104851593902,10.18730/JZRHD,FULL,Phaseolus,vulgaris,Phaseolus vulgaris,MEX,CORDOBA - CORDOBA - VERACRUZ,18.88,-96.93,0.3591811050669926,0.1445904449969781,0.3859604233784113,-0.4037857138819555,0.5062576870808881,-0.4090555908838282,0.5175485656086264,-0.582945124038748,1.345910567225145,-0.2287883616233154,-0.1772172155267593,-0.7813424006612064,-0.2124523676773833,-0.493741529484467,-0.3268283271420874,0.2539648111647425,0.2392121602708989,0.6071251130757639,0.7694271973281435,-0.5196281741371581,-1.0213149345526078,0.1069775915971782,-0.0813849465116203,-0.8323174972466213,-0.5946420031967207,0.2125878675441747,-0.395864196845538,-0.1099513511812154,-0.0117250783969826,0.2062222827571616,0.7923128680261942,0.6676070365680152,0.8750396202935217,0.925606368318537,0.6987097789555914,0.1726408245680108,0.8304648643185419,-0.2236255868155868,0.256234054385112,0.0716507117183826,0.7778902012963009,0.3415982440935854,-0.3471238684402122,0.4662166709778337,-0.1267938923751396,-0.3154421124788378,0.1926482373460496,1.6566785487672306,1.3621621331742546,-0.2660673398713861,-0.3270122836688661,-0.2543557239233068,-0.5425571955104639,-0.3931238451411604,-0.8716052142323067,-0.5870329857362047,-0.580140269276917
G20370,1,1,0.9991834522656,10.18730/JNC3Z,FULL,Phaseolus,vulgaris,Phaseolus vulgaris,MKD,GRADEC - BOGOVINJE,41.9,20.89,0.3591811050669926,-1.0005074663626383,0.3859604233784113,-0.5911994019654832,0.209280575945483,-0.2179090391575616,-1.8632457174424943,-0.8795293925507509,0.2261417735955289,1.8791970481370688,0.3085889191485086,0.7321985335682625,0.4940618955899966,1.125709581412679,0.6199001967045383,-0.8427162681767036,0.3726820971171922,0.6071251130757639,0.1600711670890778,0.0320992339453201,0.97730126747199,0.3182309494861614,0.0475725090909048,0.152048418009353,0.3265709895627642,-0.5668829206880276,1.3921250203654618,-0.1099513511812154,0.527467910351935,0.2062222827571616,-1.5310703652615083,-0.6028167448563655,-0.5288605339397598,-0.9711825691878524,0.8923911266356778,-1.6306471506110327,-0.8303506118113775,0.1925349937293043,-0.5029882249883598,-1.584035202552946,-2.0588805154677248,0.22419088641107,-0.0255621405667085,-0.4066178190645274,0.2022548616148289,-0.1212537421003924,-0.197765248851209,-0.6232047385807484,-0.6400202654239737,-1.7406299650718902,-1.6949002877866262,-1.3342949431116435,-0.4277582363319542,0.3516102414127486,-0.4506959440134523,-0.8011362203182835,-0.709146619633606
G16917,1,1,0.99503621007384,10.18730/JKKAV,FULL,Phaseolus,vulgaris,Phaseolus vulgaris,TUR,ADAPAZARI - SAKARYA,40.8,30.39,0.3591811050669926,-0.7827136983160538,0.3859604233784113,-0.6000134319148804,-0.4022116646994654,0.25540623178367,-1.356358154738836,-0.2625132915822746,0.2489349987154283,1.3996141816776757,0.7943950538237766,0.7321985335682625,-0.4479571220998433,-0.1467162914350786,-0.0563344631859086,-0.7056311332590228,-0.9620172713457402,0.6071251130757639,-0.4041473794285756,-0.6772645764464376,-0.4896964835090278,-0.526782482069771,1.337147065116156,1.1364143332653274,-1.299098997659856,-0.9566183148041288,1.804737916644924,-0.1099513511812154,-0.2813215727714414,-1.1698836982734446,-0.6146338070949927,0.2844633833186378,-0.5005157564789928,-0.8377401313733326,0.931127396171695,-1.34722026929563,-0.8303506118113775,0.4833460018209151,-0.5171527327041797,-1.3955912145457596,-1.6433379479870394,0.6656425557760604,0.3252324716589318,-0.3084239389347617,0.0514408493694266,-0.2556918446700854,-0.5747162010416657,-0.6136654779642297,-0.6677002064184193,-1.6554708618839444,-1.307621651412088,-1.3877886035028637,-0.3748249986703935,0.6823217121991595,0.3070439064173038,-0.5870329857362047,-0.8381529699902952
G4892,0,0,0.00031765654566835326,10.18730/JGZE7,FULL,Phaseolus,vulgaris,Phaseolus vulgaris,MEX,OCOZOCOAUTLA DE ESPINOSA - OCOZOCOAUTLA DE ESPINOSA - CHIAPAS,16.77,-93.39,0.3591811050669926,0.384919636269984,0.3859604233784113,-0.55884948289242,-0.1864940386975668,0.2736106652814096,1.018230625798484,0.3690029459720379,-0.8499068127779518,-0.3677053722899472,-0.6630233502020273,-0.7813424006612064,-0.2124523676773833,-0.1467162914350786,0.2141594007702701,0.5281350810001041,-0.0277277134216875,-0.1076396391630694,0.9274083903530864,-0.6378554758691177,-0.7319529928453428,0.3182309494861614,0.4344448758984802,-0.6682565113706256,0.4349489887109389,-0.1771475265719264,-0.395864196845538,-0.1099513511812154,0.2578714159774761,0.2062222827571616,1.2018888855955685,1.1233463443605842,-0.1420376885928224,0.0391673171220836,-0.3471694985168752,0.6457089949083126,0.0137602242414528,-0.6097022699716907,-0.0752174951472343,0.1193830119208185,1.1324865755673783,0.9239387426775932,-0.7271513650179893,-0.2756926455581732,-0.6340773881096745,-0.8830696566619857,-0.0900649767967928,0.7981450932805438,0.3287776693816206,0.1512122657495473,0.1943243422199352,0.5158379455803858,-0.006938996922547,-0.0778924857532624,-0.2557159144267772,0.5905344216189015,0.3229038756448727
G5535,0,0,0.0006935640956305777,10.18730/JK7Y~,FULL,Phaseolus,vulgaris,Phaseolus vulgaris,IRN,VARAMIN - TEHRAN,35.34,51.66,0.3591811050669926,-0.5714924605660857,0.3859604233784113,-0.5869329304613212,-2.0262321661446534,2.148667315548596,-0.7753606538857175,0.429732023586687,-0.9544238339131144,1.7687293705825342,0.3085889191485086,0.2276848888251061,-1.860985648634604,-1.8818424816820207,-1.544050714944892,-1.1168865380120652,-0.828547334499447,0.6071251130757639,-1.3746032794389391,-0.9531282804876768,-1.4250757834464658,-1.6886759504591775,1.7240194319237316,2.284841234397297,-1.299098997659856,-0.4369711226493272,1.5296626524586157,-0.1099513511812154,-1.898900539018194,-1.1698836982734446,-0.1412914857481815,1.6799130932959978,-1.537601143572937,-1.5144839231469691,-0.8120047329490826,0.0860499946572559,-1.5977240991321322,-0.4642967659258853,-0.1177111896826741,-1.709504919174684,-1.884352636036033,1.466360788915633,-0.4202060793205539,-0.9957810998431212,-0.867153588852569,-0.8083818219010451,-1.0324423572729344,-1.0906285087901668,-1.0828993213351026,-0.9787835265520384,-0.2723960657186107,-0.6972602239366327,0.015888461819001,0.9651855659356215,1.455259636205502,-0.0517750268964503,0.3229038756448727
G8176,0,0,0.008334443629701,10.18730/K2GGG,FULL,Phaseolus,vulgaris,Phaseolus vulgaris,COL,BOLIVAR - BOLIVAR - CAUCA,1.97,-76.97,0.3591811050669926,0.77651484793247,0.3859604233784113,0.0394733103502563,1.2422698581822171,-1.4558105170038598,0.7397915444231506,-1.1286351276375173,0.7018041610612138,-0.8608607535324109,0.3085889191485086,0.2276848888251061,0.7295666500124566,0.431659105313902,0.6199001967045383,0.3910499460824232,-0.4281375239605672,0.6071251130757639,-0.8555222166426983,0.9385085472236772,0.4456828164284101,0.0013509126526867,-0.3392998577166706,-0.5041955254946299,-0.3236970053262839,-0.3070593246106268,-0.1207889326592303,-0.1099513511812154,0.527467910351935,0.2062222827571616,1.0367504495297108,0.6071106641924469,1.0601143437138236,0.5920002737822374,0.7761823180276259,-0.7481636807665565,-0.5014762601024825,1.9123311277883128,-0.6531330700569319,1.0866116514926896,0.6837005055305784,0.905153538575979,0.7783421791170506,1.611811939158433,2.450754680546281,1.8056923947318728,1.1081005498085872,-0.4324195262503736,-0.7046067944110134,0.7182845503113285,-0.1755764066249762,-0.2747753469758693,-0.8601566214798277,-1.0120468445107924,-0.5703662267227345,-1.336394179158038,-1.3541782176295345
G7806,0,0,0.00026342538167494747,10.18730/K2C0M,FULL,Phaseolus,vulgaris,Phaseolus vulgaris,MEX,EL CARMEN - SALAMANCA - GUANAJUATO,20.63,-101.15,0.3591811050669926,0.698761286050027,0.3859604233784113,-0.5906435694262748,-1.5912893104660286,0.364632832770108,1.07289466300232,0.8178931545263531,-1.1426823587402992,-0.006521157804863,-1.1488294848772953,-1.790369690147519,-0.6834618765223034,0.7786843433632905,1.2961348565949853,1.3506458905061889,-0.6950773976531537,0.6071251130757639,-1.0812096352497598,-0.7166736770237575,-0.9674801547000932,-1.1605425557367202,1.337147065116156,1.1364143332653274,-0.973965000215332,-0.8267065167654283,-0.5334018289386918,-0.1099513511812154,0.527467910351935,-1.1698836982734446,0.2364013415593242,0.1876691259776366,-0.7856308709372959,-0.3992864071256244,-0.6183233852689962,1.2477875896951909,0.0192414634366011,-0.7500937911193648,1.451726049710728,0.1752069297405902,0.4925509516024614,-0.1444682458238048,-0.8294664602504677,-0.8321246329601785,-0.9905468715988072,-0.942819924470738,-0.790116745150498,-0.0413098409731052,0.3564576103760661,0.3130145618066439,0.7234632849587732,1.0070593001406198,1.109621485000998,0.8216427147857751,0.57372294159273,-0.4799814960606078,-0.1931213719943667
G7065,1,1,0.9925974168576368,10.18730/JFM0Q,FULL,Phaseolus,vulgaris,Phaseolus vulgaris,VEN,CARDENAS - TACHIRA,7.87,-72.09,0.3591811050669926,-0.2795198925436205,0.3859604233784113,2.6400608966933072,2.35301102187763,-1.4831171672504693,-0.7949858282116231,-0.6225678777258322,-0.0008574066475531,-0.8469690657139062,1.2802011884990447,1.7412258230545752,2.1425951765472164,1.241384660762475,1.837122584507343,-1.1168865380120652,-0.294667587114274,-1.1627685591346806,2.2815329019954547,3.460690984172149,1.6165892782205986,2.430764528375992,-1.3709595025368717,-1.488561440750604,0.922649984877725,0.3424996655828751,0.8419744919928466,-0.1099513511812154,1.60585388784977,1.582328263787768,-0.3922692241369124,-1.2400451313130798,1.883780229926699,1.4403129141745423,2.403105638540352,-1.035262653813917,2.864004605718543,1.235443436540598,-1.644654815591109,0.5631978820665537,-0.366236986295217,-0.2947496882904665,1.041438138286281,0.8699026226224258,0.0240201198702626,2.5973834431978418,1.79468978415549,2.200416403908799,1.0023229002464624,0.583340125259661,-0.0266230849424615,-0.5396552460098129,-0.9921588828983446,-0.8873615836100435,0.0914310694669593,-0.8011362203182835,-0.8381529699902952
G52007,1,1,0.99919992984896,10.18730/PH45W,FULL,Phaseolus,vulgaris,Phaseolus vulgaris,AZE,POMEGRANATE GARDEN - LANKARAN - LANKARAN SAHARI REGION,38.68,48.78,0.3591811050669926,-1.1401490771351712,0.3859604233784113,-0.5911658033651858,-0.1087421572388878,0.0642596800574033,-1.8566194263893288,-0.9128165980371212,0.2473663279113564,1.8919385458224776,0.3085889191485086,0.7321985335682625,-0.2124523676773833,0.3159840259641059,0.0789124687921807,-0.8427162681767036,0.2392121602708989,0.6071251130757639,-0.0430475096572774,-0.3619917718278785,0.9571132250272972,0.1069775915971782,0.6923597871035305,-0.3401345396186341,0.3265709895627642,-0.6967947187267279,1.6672002845517695,-0.1099513511812154,-0.0117250783969826,-1.1698836982734446,-0.7993926524194516,0.2763972849528562,-0.2654208375396903,-0.1228699287955476,-0.2696969594448407,-0.3689032630350493,-1.1373000067396797,0.3279125319788473,-0.9987491002882756,-1.6843737117073334,-0.5019809937945644,0.4003019453285194,0.1059858390179066,0.8044400358692487,0.6821176278501998,-0.3005045455266497,-0.5881787350484677,-0.8426077327606795,-0.9537262633610234,-1.5790460256896344,-1.7381676812277376,-1.6966713522134556,-0.7913434125197989,0.4273220589800205,-0.5796509900363856,0.1623282076856287,0.1938976790757006
G24378,0,0,0.00022373678171761245,10.18730/JY71M,FULL,Phaseolus,vulgaris,Phaseolus vulgaris,MEX,LOS SABINOS - SOLA DE VEGA - OAXACA,16.4,-97.08,-2.9470184280009937,0.0314943549861518,0.3859604233784113,-0.5795638985210628,-0.7664178462690666,1.3203655914014412,1.551120722660728,0.9884213404407768,-0.3814657821810976,-0.4232721898047584,-1.1488294848772953,-0.7813424006612064,-0.2124523676773833,-0.2623913707848747,-0.191581395163998,0.9393904857531464,1.306971655041245,-1.3669870597743472,1.830158064781332,-0.3225826712505587,-0.314733448988356,0.8463643442086191,-0.3392998577166706,-0.5041955254946299,1.5729179797667732,-0.5668829206880276,-0.2583265647523842,-0.1099513511812154,0.527467910351935,0.2062222827571616,0.9190280076218922,0.5990444504389912,0.614934603594719,1.0113907926278711,-0.6570596548050135,0.9368358659350904,1.0223082361487308,-0.7651357398137585,0.0041042769156858,0.6092983978212775,0.7751199068021953,0.5200574367284775,-0.931781555482946,0.1279933060864188,-0.7848914003550768,-0.5395056167616593,0.7042245296045264,1.7711496761654557,1.1960824872075813,0.49687088202267,0.449318242909764,0.8097654774074111,0.0780850160713347,0.1185642007224097,-0.4187150925997649,0.2693796973612255,-0.0641150216376775
G20265,1,1,0.9875928888693434,10.18730/K3K1B,FULL,Phaseolus,vulgaris,Phaseolus vulgaris,MKD,MATEJCE - LIPKOVO,42.12,21.59,0.3591811050669926,-1.042918500116698,0.3859604233784113,-0.5912346874874627,-0.1987706515594634,-0.0722735711756442,-1.9597014734890497,-0.6969822745343786,-0.0034157463133663,2.2227869042473314,0.7943950538237766,1.2367121783114188,-0.2124523676773833,0.0846338672645136,-0.191581395163998,-1.1168865380120652,-0.0277277134216875,0.6071251130757639,-0.4041473794285756,-0.4802190735598382,0.243802391981481,-0.3155291241807879,0.8213172427060557,0.4801703897613444,-0.973965000215332,-0.1771475265719264,1.3921250203654618,-0.1099513511812154,-0.2813215727714414,-1.1698836982734446,-1.386369888946153,-0.3487319731864652,-0.9390261371955642,-1.3238518691262264,0.505028431275505,-1.774131020425252,-0.8906442429580081,-0.2888073644912927,-0.437831143215885,-1.5856214478931134,-0.5906300873623341,-2.027682278691921,-0.4932882902008956,-0.6684681660772357,-0.3598700931180341,-0.3751923802875902,-0.3997032589532394,-0.604126217347711,-0.6953801474128649,-1.7821177332916585,-1.7956211053052789,-1.3757093898661363,-0.452239858750426,0.3659645265277332,-0.5193000284976529,-0.3729298787695683,-0.0641150216376775
G20263,1,1,0.9992566558570566,10.18730/JN906,FULL,Phaseolus,vulgaris,Phaseolus vulgaris,MKD,LJUBANCI - SKOPJE,42.11,21.45,0.3591811050669926,-0.9722334438599316,0.3859604233784113,-0.5911878683032622,0.1677739324600228,-0.3453400736417393,-1.9078399006703373,-0.7949276904756234,0.1197273975600793,2.0378041037205867,1.2802011884990447,1.2367121783114188,0.0230523867450766,-0.3780664501346709,-0.4620752591201768,-0.9798014030943843,0.2392121602708989,0.6071251130757639,-0.4267161212892817,-0.4408099729825183,0.1630502222027094,-0.4211558031252794,0.8213172427060557,0.3161094038853487,-0.9197760006412448,-0.3070593246106268,1.254587388272308,-0.1099513511812154,-0.5509180671459002,-1.1698836982734446,-1.3790122182367144,-0.2640370749382041,-0.8706652033195967,-1.285725458322078,0.6987097789555914,-1.7947198621962028,-0.8687192861774152,-0.2186116039174556,-0.6163050275668913,-1.6262611339374424,-0.6155626057118441,-2.053511857178428,-0.4202060793205539,-0.6248264415751177,-0.2776079046205419,-0.3303796794310259,-0.3458531229260313,-0.5945869567311922,-0.6861535004147163,-1.7777505997948406,-1.78675483615751,-1.3483873590211586,-0.453563189691965,0.321212931757487,-0.5394170156772305,-0.3729298787695683,0.0648911749314939
G24767C,0,0,0.0601211136828014,10.18730/S4G58,FULL,Phaseolus,vulgaris,Phaseolus vulgaris,COL,"6 KM N GARAGOA VÍA CHINAVITA, VEREDA CALDERA ABAJO - GARAGOA - BOYACA",5.14,-73.36,0.3591811050669926,0.3142345800132176,-1.80637314900962,1.7926962191494378,1.8888381355754416,-1.2555617485287232,0.1638202623190467,-0.2780006483629283,0.4383060758971118,-0.9025358666685191,1.2802011884990447,1.2367121783114188,1.2005761588573765,0.0846338672645136,0.2141594007702701,-0.2943757285059805,-0.4281375239605672,0.6071251130757639,0.4083273275568453,0.702053943759758,1.2801219041423837,0.9519910231531106,-0.4682573133191957,-0.5041955254946299,-0.3236970053262839,-0.1771475265719264,0.2918239636202311,-0.1099513511812154,0.2578714159774761,0.2062222827571616,0.501276859241265,-0.0906141331023965,1.7187135847139974,1.3354652844631338,0.8536548570996605,-0.5637862835143743,0.4412968814630163,2.970281519294,-0.8882652400314262,1.1323047213671849,0.2930905670310022,0.4472648660078486,-0.3617403106162805,1.9282144417987888,0.846642004845184,1.9102553633971893,2.831304902679246,2.095484537127093,1.048456135237205,0.7768041391686861,0.1907778345608277,0.2745412731705283,-0.676875286076674,-0.9095966527097256,0.2193544751217091,-1.336394179158038,-1.6121908414491544
G24006,1,1,0.9866251660354588,10.18730/JY0Q3,FULL,Phaseolus,vulgaris,Phaseolus vulgaris,COL,ALTOS DE PLAYA RICA - ORTEGA - TOLIMA,4.07,-75.45,0.3591811050669926,-0.0391907012706146,-1.80637314900962,1.2364772981442411,1.2440236600196308,-1.3556861327662917,-0.516060992264935,-2.3534281516158417,1.5508535890050978,-0.9581026676231325,-0.1772172155267593,-0.2768287559180501,1.4360809132798364,1.357059740112271,1.160887924616896,1.076475620670827,-0.6950773976531537,0.0965788614765972,0.1600711670890778,1.6872814581927549,2.5721566206027298,1.3744977389310766,-1.1130445913318214,-0.6682565113706256,0.1098149912664148,-1.086530112842829,0.0167486994339235,-0.1099513511812154,1.60585388784977,1.582328263787768,0.1644598497154596,-0.5786182959087861,1.0784550820707903,0.4013682197614947,1.9770066736441616,-1.1210917426893297,0.5509216653659813,1.992554854158412,-1.171557140310082,1.1143811668827148,-0.0116406912825984,0.1866205453888715,0.5590955464760254,1.404513747773372,1.6555535250705236,1.9849431981581296,1.3369636279242214,-0.2320950533034801,-0.4093540904702608,0.7571520384330063,0.1574406625652173,0.2354276290135074,-0.6566944892182041,-0.8079908306213048,0.231218339355819,-1.4434457964490774,-1.4831845679862237
G24339,0,0,0.0007272064105196491,10.18730/JY5XN,FULL,Phaseolus,vulgaris,Phaseolus vulgaris,MEX,4 KM CHIQUILISTLAN-TECOLOTLAN - CHIQUILISTLAN - JALISCO,20.13,-103.88,-2.9470184280009937,0.5262897487835169,0.3859604233784113,-0.439553756843523,-0.747710626669986,1.1929345569172634,0.4521609831211449,0.9994555734491766,-0.4107433193265435,-0.235734238652964,-1.634635619552563,-0.7813424006612064,-0.2124523676773833,0.8943594227130865,0.8903940606607171,1.076475620670827,2.241261212965298,-2.4221159797459584,1.017683357795911,-0.3225826712505587,-0.159958456912377,0.2126042705416698,-0.5972147689217209,-0.5041955254946299,2.65669797124852,-0.5668829206880276,-0.395864196845538,-0.1099513511812154,1.0666608991008526,0.2062222827571616,0.0197593693191508,-0.2398384721403954,-0.1186949306839554,0.496684246771866,-0.5021145766609444,1.129422627014398,0.9565333658069516,-0.6147162528698219,0.6443440704270234,0.1536027210035805,0.2376848885048,-0.0294090106618965,-0.6394527119615792,-0.2975135078092322,-0.7848914003550768,-0.9876326253273024,-0.763191677136894,0.6741347052658002,1.2237624282020267,0.2872484741754193,0.5312425698351471,0.9759984650747504,1.082824033434833,0.864424113559847,0.231218339355819,-0.5870329857362047,-0.709146619633606
G334,1,1,0.9985531906118448,10.18730/JZB2T,FULL,Phaseolus,vulgaris,Phaseolus vulgaris,TUR,KARA ISLAH - BURSA,40.02,29.13,0.3591811050669926,-0.8073170195611482,0.3859604233784113,-0.5998270660226223,-0.4080576708241781,0.765130369720381,-0.7012579990661879,-0.0020167730853245,0.1322765242068913,0.9108344957300896,0.3085889191485086,0.2276848888251061,0.7295666500124566,1.0100345020628827,1.0256409926388066,-0.9798014030943843,0.9065618445023652,0.6071251130757639,1.3110770019850908,-0.0861280677866394,1.0109480048798114,0.8463643442086191,0.0475725090909048,-0.6682565113706256,-0.0527520074558472,-0.047235728533226,1.117049756179154,-0.1099513511812154,0.527467910351935,0.2062222827571616,-1.369202008612813,-0.4898901753961245,-0.7106005776587951,-0.8949297475795555,-0.2309606899088233,-0.6639223277834592,-1.2524060298377926,0.50340193341344,-0.2706888804033563,-1.4238922106096354,-2.4023957480891784,0.2617612498269461,0.4129311247153419,-0.7121098905793538,-0.0308213391280654,-0.1063161751482043,-0.4266283269668434,-0.785372169061567,-0.9260463223665778,-1.5921474261800874,-0.9816975975401092,-1.160871947327205,-0.1488662404026065,0.988827917889714,0.9910214705229422,0.4834829319433041,0.3229038756448727
G411,0,0,0.0149246646653725,10.18730/JZDAR,FULL,Phaseolus,vulgaris,Phaseolus vulgaris,ZAF,PRETORIA - TRANSVAAL,-25.64,28.24,0.3591811050669926,-0.6040212558538302,0.3859604233784113,-0.6140463079988835,-1.3796638887514288,1.3203655914014412,-0.0815055701520784,1.130017989617376,-1.3074031933077068,0.2927219999102166,-1.1488294848772953,-1.2858560454043628,-2.0964904030570635,-1.1877920055832438,-1.2735568509887132,-0.8427162681767036,-1.2289571450383268,0.6071251130757639,-1.3746032794389391,-0.6772645764464376,-1.3914290460386445,-1.4774225925701947,-0.0813849465116203,0.4801703897613444,-0.2153190061781092,2.551000232240782,-1.9087781498702303,-0.1099513511812154,-2.168497033392653,0.2062222827571616,0.1775401245036397,0.3409266488174797,-0.7689574724309624,-0.7710189124660727,-0.6957959243410308,0.2745003071891727,0.0850163337783801,-0.7651357398137585,1.2420900478272152,-0.5506006900698999,0.6615382816751724,-0.5788754580522703,0.7198764104127772,-0.5157221303198225,0.270806685362739,-0.4648177820007188,-1.0189798232661325,-1.0715499875571293,-1.055219380340657,2.257480751264735,2.564100760035562,0.8842539615005613,-0.2097394637134012,-0.8476762071156742,2.0541268699360047,0.0552764627791469,1.6129670716367297
G50573,0,0,0.0025006386468864,10.18730/JWBH3,FULL,Phaseolus,vulgaris,Phaseolus vulgaris,ARG,IRUYA - IRUYA - SALTA,-22.8,-65.24,0.3591811050669926,2.2227310989459115,-1.80637314900962,-0.5778573461779788,-1.0850251800659088,1.7481697785983237,-0.1499653319779515,1.3289760518633953,-1.8160664111171057,0.5699844497098174,0.7943950538237766,0.2276848888251061,-0.6834618765223034,-0.8407667675338554,-0.867816055054445,-0.4314608634236613,4.109840328813403,-2.864589397798569,-1.442309505021058,-0.5984463752917978,-1.3241355712230014,-1.6886759504591775,0.5634023315010054,1.7926582767693102,2.4399419729521705,0.3424996655828751,0.0167486994339235,-0.1099513511812154,-1.0901110558948175,-1.1698836982734446,-1.2874503311434955,-1.687718417664983,-1.3825385374640355,-1.2285358421158552,-0.8120047329490826,1.2427035461649034,-0.7919819374453397,-0.8553874319801205,1.1174415261963602,-0.0584747375903541,-0.6848197170793408,-1.4359492013255366,0.0182871859614965,-1.0830645488473571,-0.7986017651046589,-0.9876326253273024,-1.1805302313477566,-1.109707030023204,-1.0828993213351026,1.3506454806505348,2.050921101762708,0.7677758300035503,-0.0281122919871712,-0.9076264567135512,1.501683452773758,0.5905344216189015,1.7419735757809365
G4713,0,0,0.2181469433663208,10.18730/JH9Q3,FULL,Phaseolus,vulgaris,Phaseolus vulgaris,COL,FELIDIA - CALI - VALLE DEL CAUCA,3.47,-76.63,0.3591811050669926,0.0314943549861518,0.3859604233784113,1.907264262558496,1.6497364850746925,-1.3647883495151614,0.2168400317015439,-1.2505124901629066,0.7896368597514953,-0.916427571047222,1.2802011884990447,1.2367121783114188,2.1425951765472164,0.6630092640134944,0.7551471286826278,0.5281350810001041,-1.0954872081920335,-0.1076396391630694,0.2503461345319023,2.9877817772443107,2.989376164459716,2.0082578125980257,-1.3709595025368717,-1.3245004548746084,0.3807599891368515,-1.3463537089202298,0.8419744919928466,-0.1099513511812154,1.3362573934753113,1.582328263787768,0.0303870760170912,-0.7641404429871044,1.156820055050558,0.4680894386687547,1.3572263610678852,-1.101824115509389,1.159339216027437,2.318463742536941,-0.7012925572096801,1.3026305519136696,-0.1252223164096213,0.0997390827888701,0.8952737165255974,1.4808867656520786,2.0531541028084024,2.1193813007278224,0.8657749376861508,-0.0603883622061427,-0.5662070894387856,0.6211158300071342,-0.245087956743483,-0.3084245849638947,-0.8386524936798188,-0.9143814144147204,0.1894369044443886,-1.336394179158038,-1.4831845679862237
G20932,1,1,0.9977574329418576,10.18730/JTWQP,FULL,Phaseolus,vulgaris,Phaseolus vulgaris,RWA,KAYUMBA - KANZENZE - KIGALI,-2.1,30.06,0.3591811050669926,0.2620397016245298,0.3859604233784113,0.1509436336428504,1.1247651350754917,-1.100824063797936,-0.4397258210612109,-1.5058652497679843,1.2144832377579189,-0.8967940259937145,-0.6630233502020273,-1.2858560454043628,-0.4479571220998433,-1.30346708493304,-1.2735568509887132,0.8023053508354656,-1.0954872081920335,0.6071251130757639,-0.9683659259462292,-0.4014008724051984,-0.3012747540252274,-0.738035839958754,-0.9840871357292964,-0.3401345396186341,-1.0281539997894191,0.8621468577376766,-1.7712405177770765,-0.1099513511812154,-0.8205145615203591,1.582328263787768,0.5470578054069952,-0.086580987763112,-0.107023551729522,-0.1705279423007333,-0.5021145766609444,-0.4454368590789508,-0.6056198048102992,-0.0431222024828629,-0.5426490941343048,1.0758201150338502,0.3512664607928499,0.4637019139983412,0.1790680498982483,-0.1556779031773485,0.6135658041022897,1.5816288904490512,0.6369118595705163,-0.9189218176928294,-1.0090861453499145,0.2090767845823821,0.0226733715191326,-0.4671799641894504,-1.1324319627014805,-1.3154570279216442,0.0176687831418414,-0.265878261478529,0.4519103797890794
G24296,1,1,0.9988602144671496,10.18730/JY4JF,FULL,Phaseolus,vulgaris,Phaseolus vulgaris,CHN,HAERBIN - HAERBIN - HEILONGJIANG,45.75,126.77,0.3591811050669926,-1.5348864916637923,0.3859604233784113,-0.418055740526701,-0.6138370864140652,0.310019532276889,-1.938110869737153,-1.5688344898238993,1.1382351476761088,2.1755587160192347,1.2802011884990447,1.2367121783114188,0.7295666500124566,1.125709581412679,1.0256409926388066,-0.8427162681767036,-0.828547334499447,0.6071251130757639,-0.0881849933786897,0.1897356362545997,-0.4560497461012063,-0.1042757662918048,0.9502746983085808,-0.0120125678666426,-1.0823429993635068,-0.8267065167654283,1.6672002845517695,-0.1099513511812154,0.527467910351935,-1.1698836982734446,-2.634718295911362,0.1150735483595593,-0.9707055943575978,-0.4183496125276987,-0.6957959243410308,1.2896997556648226,0.2987846623891618,-0.8152755687950707,-0.2763547414070035,-2.2001408973041188,0.5645783706738049,-4.610644138784762,-0.9463979976590144,-0.9412289442154737,-0.9905468715988072,-0.7934442549488571,-0.6689539390892798,-0.3561054413182237,0.3380043163797691,-1.7602820658075695,-1.8743535753374647,-0.8994432521894691,-0.3480275471042285,0.3791929853591897,-1.141379170512283,0.6975861665253832,1.870979772350108
G514,1,1,0.998617442462532,10.18730/JZGED,FULL,Phaseolus,vulgaris,Phaseolus vulgaris,TUR,AKCACAM - SINOP,41.9,35.0,0.3591811050669926,-0.8714928900284961,0.3859604233784113,-0.5855193936311065,-0.0935425413146348,0.0369530298107938,-1.940730589328265,-0.7171923365843281,0.1256867598569221,1.9322307887297407,0.3085889191485086,0.2276848888251061,-0.2124523676773833,0.3159840259641059,-0.0563344631859086,-0.5685459983413421,-0.294667587114274,0.6071251130757639,-0.1333224771001019,-0.3619917718278785,0.6610219358384678,0.1069775915971782,0.4344448758984802,0.4801703897613444,-0.1611300066040218,-0.9566183148041288,1.5296626524586157,-0.1099513511812154,-0.0117250783969826,-1.1698836982734446,-0.8517137674087067,0.0666763812264998,-0.6655824016916946,-1.0283721853940753,0.4662921617394877,-1.2613523048963802,-0.972862830885232,0.2226188911180917,-1.3160360796283956,-1.650411402459128,-1.2444170384906006,0.2547167814935836,0.1352187233700433,-0.2429613521815846,-0.0034006096289014,-0.4200050811441545,-0.6016412690552697,-0.747215126595492,-0.7784199703962016,-1.786921580138158,-1.649859640515961,-1.6615841126020103,-0.8280658461475067,0.2466269404737433,-0.5961572359273212,0.6975861665253832,0.5809165763582509
G729,1,1,0.9873132787393964,10.18730/JZPCJ,FULL,Phaseolus,vulgaris,Phaseolus vulgaris,CMR,60 MI. N DOUALA - DOUALA - WOURI,4.17,9.96,0.3591811050669926,-0.8843458270175911,0.3859604233784113,-0.5981862524433079,1.2545464710441137,-0.9460863790671488,-0.5191951443131312,-0.9944574626904672,0.6666067534450422,-0.7902416516674219,-0.6630233502020273,-1.2858560454043628,-0.9189666309447634,-1.6504923229824284,-1.6792976469229814,-0.8427162681767036,-0.5616074608068605,0.6071251130757639,-0.9006597003641106,-0.2831735706732388,-0.449320398619642,-0.738035839958754,-1.628874413741922,-1.6526224266266,-1.0823429993635068,2.8108238283181826,-2.046315781963384,-0.1099513511812154,-2.168497033392653,2.958434244818374,1.7913186152325928,1.5992511096116755,2.849170003443409,2.536447224793813,0.1564020054513494,-0.0729022459201051,0.6386214924883533,5.773097959349351,-1.3925249570712146,0.4415154733963874,1.1934327374038458,1.473405122886938,-0.6248362697855108,2.7355863450879725,0.4490414271073054,2.0895061668234463,2.2793410084003627,1.685296330616787,2.7277058889002355,0.3510086232289581,-0.8320349743257731,-0.303535379444267,-0.7165752143228445,-1.0880401186489463,-2.36645210773015,-0.8011362203182835,-0.9671593203469846
G50477,0,0,0.001283092489597,10.18730/PHKM5,FULL,Phaseolus,vulgaris,Phaseolus vulgaris,PER,"SANTIAGO DE CHUCO, SECTOR CANRAMACA-MUYCAN - SANTIAGO DE CHUCO - LA LIBERTAD",-8.12,-78.18,0.3591811050669926,0.6993555821006405,-1.80637314900962,1.1874155309613137,0.8657870637507192,-0.6639176598521838,-0.1513103932276434,0.4387190102291075,-1.2890702189754164,-0.73583546380468,0.7943950538237766,0.7321985335682625,0.0230523867450766,0.0846338672645136,0.0789124687921807,-0.7056311332590228,0.6396219708097787,-0.4820402236691249,-1.2166220864139965,-0.1649462689412792,-0.7655997302531642,-1.0549158767922286,0.3054874202959551,0.6442313756373401,0.760082986155463,0.9920586557763772,-0.2583265647523842,-0.1099513511812154,-0.5509180671459002,0.2062222827571616,-1.0560930390465004,-2.074895235484924,-1.1190988410639662,-1.0950934043013352,-0.5795871157329789,-0.2005805484266047,-0.9016067213483048,-0.7551077740174961,1.1939302837520245,1.1592027987177211,-0.9535372790670112,-0.7502902047474768,-0.2301923310316654,-0.7230203217048833,-0.5929462938609285,-0.4050675141919664,-0.9247420852185184,-1.0524714663240915,-1.0275394393462116,0.2719635069365573,0.167725534776629,-0.693809020040425,-0.6328745322705017,-0.8876430401809254,-0.362490692533766,0.9116891458765768,1.6129670716367297
G20559,0,0,0.0612785269476381,10.18730/K3YVK,FULL,Phaseolus,vulgaris,Phaseolus vulgaris,CRI,"VACANT LOT, IN SAN JOSÉ - SAN JOSE - SAN JOSE",9.93,-84.08,-2.9470184280009937,-0.0801880338995391,0.3859604233784113,0.2840471357312028,1.3948506180372184,-0.3908511573860885,0.0782558488710536,1.164967920610857,1.2873554493072814,-0.791402248199095,-0.6630233502020273,0.2276848888251061,0.4940618955899966,2.745160692309825,1.972369516485432,-0.7056311332590228,0.9065618445023652,0.6071251130757639,1.7850205810599196,0.6626448431824382,0.1630502222027094,1.480124417875568,0.0475725090909048,0.8082923615133358,-0.7030200023448953,-0.047235728533226,0.8419744919928466,-0.1099513511812154,1.60585388784977,0.2062222827571616,0.6386196899420052,0.1231396851878997,3.3210271811726475,1.9740826654326216,3.642666263692905,-1.078180633928017,1.334738870272181,2.634344665119208,-0.5313174008323913,0.9830509592464663,0.4122127547267481,0.5247536817696914,0.8952737165255974,2.7464967762135024,3.2185351065228747,1.0289389132180913,1.875464988196302,1.942856367262793,1.6112816021242646,0.8868559032884926,0.7305563002769881,1.133891043326254,1.2141646293825803,0.3642757871024409,0.8373070556636056,1.8751535738804888,0.0648911749314939
G50852,0,0,0.0006954608321628458,10.18730/JYQ7M,FULL,Phaseolus,vulgaris,Phaseolus vulgaris,COL,PLAZA MAYORISTA DE MEDELLIN TRAIDO DE ARMENIA - MEDELLIN - ANTIOQUIA,6.15,-75.82,0.3591811050669926,0.6676598612970498,-0.7102063628156045,-0.214835614266011,0.8616948594634203,-0.9551885958160186,0.965920559808499,-1.3337703241499754,1.3166330300796991,-0.8678066140018613,-0.1772172155267593,-0.2768287559180501,0.2585571411675366,-0.3780664501346709,-0.3268283271420874,0.6652202159177848,-0.6950773976531537,-0.6181858907622361,0.2277773926711962,0.9779176478009972,-0.0455595497257839,0.6351109863196359,-0.4682573133191957,-0.5041955254946299,1.247783982322249,-0.1771475265719264,-0.5334018289386918,-0.1099513511812154,0.2578714159774761,0.2062222827571616,1.1601955009372409,0.6958387077799925,1.7153789050127306,0.4680894386687547,1.5509077087479717,-1.2054480406278978,0.6715089276592427,2.06776459763038,-0.5483150353441457,1.142652965855813,0.7917415680888777,0.956812793871226,-0.0986443514470502,1.109932107384075,2.2450992093025506,1.9998807651103176,2.1312531343255405,0.7886058326640252,0.531763903340888,0.8589062489088592,0.2485859094042799,0.5857248244785924,-0.0281122919871712,-0.4572959433022682,0.3601733853787524,-1.4434457964490774,-1.741197191805843
G18715,0,0,0.0002544565251284035,10.18730/PERTP,FULL,Phaseolus,vulgaris,Phaseolus vulgaris,MEX,TENAMAXTLAN - TENAMAXTLAN - JALISCO,20.22,-104.17,0.3591811050669926,0.435895684482094,0.3859604233784113,-0.4753787120591878,-0.7155575929840662,0.9653791381955174,0.9564298733101764,1.2848391198297962,-0.6742414153973884,-0.235734238652964,-1.1488294848772953,-1.2858560454043628,-0.6834618765223034,-0.3780664501346709,-0.191581395163998,0.8023053508354656,0.1057422234246057,0.1986881117964306,0.7468584554674373,-0.7166736770237575,-0.8732692899581931,0.1069775915971782,-0.2103424021141454,-0.1760735537426384,0.5433269878591136,-0.3070593246106268,-0.5334018289386918,-0.1099513511812154,-0.0117250783969826,0.2062222827571616,0.3508537225665485,0.2159007971896138,-0.3554571894738913,0.1630781522355664,-0.5795871157329789,1.1051348434837789,0.6934338844398358,-0.6147162528698219,1.5197161419801468,0.1170640545458627,0.5562674871914898,0.1889686791063156,-0.6248362697855108,-0.548453423696411,-0.7848914003550768,-1.0175077592316786,-0.776654211143696,0.5596635778675754,0.9008297832668288,0.2492544127531051,0.5503937111943276,0.978011667347538,1.004416675148646,0.7915268617013956,0.2441138439581123,-0.8011362203182835,-0.8381529699902952
G23586,0,0,0.00031796548025803605,10.18730/PHWDV,FULL,Phaseolus,vulgaris,Phaseolus vulgaris,PER,"TOCMOCHE, EN FILA DE CASHUPE - CHOTA - CAJAMARCA",-6.35,-79.4,-2.616398474694195,-0.4208900050571534,-1.80637314900962,-0.2417699428259399,0.4355210129718644,0.6376993352362033,0.7498797318496129,1.338505303653109,-1.5525684023002044,-0.5969184531380481,0.7943950538237766,0.7321985335682625,-0.4479571220998433,-0.9564418468836516,-1.1383099190106238,-0.4314608634236613,-0.5616074608068605,-1.2989142262277915,-0.6524035398963431,-0.559037274714478,-0.0119128123179624,-0.526782482069771,0.4344448758984802,-0.3401345396186341,0.922649984877725,0.8621468577376766,-0.395864196845538,-0.1099513511812154,-1.0901110558948175,0.2062222827571616,0.4922841459604876,0.1231396851878997,-1.1591149974791666,-0.2849071747131789,-0.8120047329490826,2.211344443382381,-0.0246084501245848,-0.8353315003875956,-0.0978809087678856,0.6133587234834207,0.5562674607720051,0.2406278672205347,-0.3178909840880755,-1.0394228243452392,-0.9768365068492252,-0.1810040099091449,-0.9920547552525284,-1.1001677694066854,-1.0828993213351026,0.2547133296241273,-0.0025068328605305,-0.6463549664675686,-0.4221340798304134,-0.9965667331122796,-0.39343990357927,0.3764311870368224,1.096941977785008
G23611,0,0,0.0004058441298864548,10.18730/PHW6M,FULL,Phaseolus,vulgaris,Phaseolus vulgaris,PER,"OLLANTAYTAMBO, EN RUMINA - URUBAMBA - CUZCO",-13.25,-72.27,0.3591811050669926,2.1803200651918515,-1.80637314900962,0.5287237721909258,0.3595229333505993,0.4374505667610667,0.2076111509534154,-0.0864073172441622,-0.9962946730130688,-0.6177559848658052,0.7943950538237766,0.7321985335682625,0.2585571411675366,0.431659105313902,0.0789124687921807,-0.7056311332590228,2.241261212965298,-3.307062815851181,-0.471853605010694,0.1897356362545997,0.3447426042049455,-0.3155291241807879,-0.0813849465116203,-0.0120125678666426,1.6271069793408603,0.6023232616602759,0.1542863315270773,-0.1099513511812154,-0.0117250783969826,0.2062222827571616,-0.5909258633729243,-1.3408725339933685,-0.7156025972106952,-0.6471080773525899,-0.6570596548050135,0.471709024987546,-0.402813954589814,-0.7500937911193648,1.3667384174884367,0.942410182565529,-0.557386659111023,-0.5060829209221546,0.9098901587016658,-0.7448411839559423,-0.1816353513734677,-0.4349426480963426,-1.0189798232661325,-1.0906285087901668,-1.0090861453499145,0.4628072407474918,0.6840970499426801,-0.5908481038035609,-0.510135587442758,-0.8473947505447921,-0.4176834522315814,-0.8011362203182835,-0.0641150216376775
G4397,0,0,0.0003100318292542183,10.18730/JF89J,FULL,Phaseolus,vulgaris,Phaseolus vulgaris,MEX,EL CARMEN AZTMA - TEOLOCHOLCO - TLAXCALA,19.24,-98.22,0.3591811050669926,1.515880536378247,0.3859604233784113,-0.4158950367398955,-0.7833712640307334,1.3931833253923998,0.2729987334408968,1.0089848252388902,-0.7327964896882804,-0.2843551791381266,-0.6630233502020273,-0.7813424006612064,-0.9189666309447634,-0.3780664501346709,0.0789124687921807,0.3910499460824232,-0.294667587114274,0.6071251130757639,-1.2391908282747026,-0.7166736770237575,0.6273751984306463,-1.0549158767922286,0.9502746983085808,0.9723533473893315,-0.648831002770808,0.0826760695054743,-0.5334018289386918,-0.1099513511812154,-0.5509180671459002,-1.1698836982734446,-0.3988093849203508,-0.8206037854110597,-0.5855500888612938,-0.4946024341359958,-0.5795871157329789,0.6867996251165625,-0.2603017355159595,-0.7801776885081522,1.6075364881475342,0.4607278318439552,-0.2498851855617774,-0.5647865997634123,-0.887932228954741,-0.5702742859474701,-0.9631261420996432,-0.6440685854269761,-0.224690316864813,0.2639464987554944,0.1811513174112443,0.3315748791681192,0.447899639846121,0.6668281160394741,0.5290100344007546,0.4343584732520719,-0.1334665307970364,-0.3729298787695683,-0.1931213719943667
G50552,1,1,0.991198203012255,10.18730/JTKQY,FULL,Phaseolus,vulgaris,Phaseolus vulgaris,CRI,"PRIMERO, LA SOMPOPA - NICOYA - GUANACASTE",10.3,-84.78,0.3591811050669926,0.1100212584325912,0.3859604233784113,1.3348556575211543,1.9648362151967067,-1.2009484480355042,-0.3045041579125999,-0.1310457183566044,2.1071272310382905,-0.7566729955324369,0.7943950538237766,1.2367121783114188,2.3780999309696766,2.5138105336102323,3.324838836266326,-0.7056311332590228,0.3726820971171922,-0.3799309733492916,1.220802034542266,3.381872783017509,3.9045674219524615,2.7476445652094665,-1.3709595025368717,-1.488561440750604,0.3265709895627642,-0.047235728533226,0.8419744919928466,-0.1099513511812154,2.145046876598688,1.582328263787768,0.1996130502010024,-0.3648643622308184,3.2209867901346465,2.27909395186581,1.43469890013992,-0.752180704864995,0.6166965357077603,3.130728972034199,-0.9987492429708744,0.6843738451120579,-0.0171812802708067,0.2781982306364107,2.561548124597389,2.702855051711384,3.849211885003648,-0.2407542777178972,2.508204086515997,1.9046993247967177,1.5005618381464825,0.7816079860151856,0.832695720859284,1.199463917354201,1.5086057638750114,0.6538945985400723,1.2644061680915608,2.838618001884401,0.5809165763582509
G20204,1,1,0.9988057990671302,10.18730/JN6Q7,FULL,Phaseolus,vulgaris,Phaseolus vulgaris,MKD,KRUSEVO - KRUSHEVO,41.38,21.24,0.3591811050669926,0.0032203324834452,0.3859604233784113,-0.5911910509312098,0.4057063817358297,-0.3544422903906092,-1.7933091943596926,-1.013997306198083,0.3930306799252716,1.633587546850919,0.7943950538237766,1.2367121783114188,0.4940618955899966,0.6630092640134944,0.2141594007702701,-1.253971672929746,-0.0277277134216875,0.6071251130757639,0.4986022949996698,0.07150833452264,1.0311360473245044,0.6351109863196359,-0.0813849465116203,0.3161094038853487,-0.3236970053262839,-0.1771475265719264,1.3921250203654618,-0.1099513511812154,0.2578714159774761,0.2062222827571616,-1.9161208627302653,-1.223912857656401,-0.5905521084131938,-1.0283721853940753,0.8536548570996605,-1.6510495088103865,-0.8522755685919704,0.1123112673592048,-0.8287739244926459,-1.5750953175496676,-2.283273537276382,-0.1890830215888506,-0.0840279092709819,-0.4175282501900569,0.1199926731173367,-0.1063161751482043,-0.2381528508716151,-0.6232047385807484,-0.6677002064184193,-1.6705374724479656,-1.5941794702679732,-1.2842524866166314,-0.3907049699688618,0.3403519785774666,-0.337215503513271,0.2693796973612255,0.7099227729274225
G6941,0,0,0.0028345747577894,10.18730/PP04R,FULL,Phaseolus,vulgaris,Phaseolus vulgaris,BRA,LEOPOLDINA - MINAS GERAIS,-21.54,-42.64,0.3591811050669926,-0.8526014881552163,0.3859604233784113,-0.5935575780308874,0.0847606454891024,-0.6002021426100949,0.7409122007441014,-0.1606373685203607,-0.0594125245654171,-0.1801674211381528,-0.1772172155267593,-0.7813424006612064,-0.2124523676773833,-1.419142164282836,-1.544050714944892,0.3910499460824232,-1.0954872081920335,0.6071251130757639,-1.2391908282747026,-0.6772645764464376,-0.4089443137302562,-1.0549158767922286,-0.9840871357292964,-0.5041955254946299,-0.5404530036226333,0.9920586557763772,-1.358627621497615,-0.1099513511812154,-0.8205145615203591,0.2062222827571616,0.882239766940491,0.925724876652084,0.3281521492857825,0.3918366170604576,-0.1922244203728061,0.2454435710289466,1.444363654175146,-0.5996743041754283,-0.0100604004995566,-0.1960630639006627,0.9108638614625696,0.2852426765760962,2.473849471540979,0.0079785637055941,1.5321602423242853,-0.1810040099091449,-0.749729143130092,-0.976157381391942,-0.8891397343739837,0.8578144655346548,-0.2897739532482375,-0.4740823719818659,-1.5552361985231962,-1.9816647311994608,-1.857337586031609,-0.8011362203182835,-0.1931213719943667
G51456,1,1,0.9201288877996712,10.18730/K41S2,FULL,Phaseolus,vulgaris,Phaseolus vulgaris,COL,"1 KM S SALAMINA, VEREDA EL CHAMIZO - SALAMINA - CALDAS",5.4,-75.5,0.3591811050669926,0.823166985061936,-1.80637314900962,0.4808943648504303,1.3059913249415855,-1.2555617485287232,0.0245633208099237,-2.510915869467646,1.5508535890050978,-0.8816983183805641,-0.1772172155267593,-0.2768287559180501,0.9650714044349166,1.0100345020628827,1.160887924616896,0.8023053508354656,-0.4281375239605672,-0.5160766404424028,0.0020899740641348,2.239008866275233,0.8696317077669612,1.1632443810420936,-1.2420020469343465,-0.8323174972466213,0.6517049870072883,-0.8267065167654283,0.0167486994339235,-0.1099513511812154,1.3362573934753113,1.582328263787768,0.5029118604548777,-0.1430443301870673,1.662024029792463,0.7445059169988315,3.022885951116628,-1.283783649075925,1.312813913491588,2.383645520212647,-0.8146093551446958,1.1099449016725556,0.2543065233719965,0.4590055569887479,0.4567804512435469,1.7972892682924344,1.9708919143109105,2.328507238058456,2.0100903282643223,0.5882813597171316,0.0058450244464224,0.8803052030432661,0.1641790271175215,0.3602461699263538,-0.2242961040703304,-0.5850772264827198,0.1471396493488665,-1.4434457964490774,-1.6121908414491544
G22578,1,1,0.9614518207917316,10.18730/JW6JX,FULL,Phaseolus,vulgaris,Phaseolus vulgaris,COD,"65 KM NE GOMA, NORD-KIVU, KISIGARI/RUKORO-NYAHANGA - BWISHA - KIVU DEL NORTE",-1.23,29.43,0.3591811050669926,-0.010916678767908,0.3859604233784113,-0.2561305965979777,1.0528592597415256,-0.8550642115784504,-0.5293942023032341,-1.4626598325753573,1.1721886446147858,-0.9070318183020406,-1.1488294848772953,-0.7813424006612064,0.0230523867450766,0.6630092640134944,0.7551471286826278,1.213560755588508,-0.9620172713457402,0.6071251130757639,-0.6524035398963431,0.3079629379865593,0.243802391981481,0.0013509126526867,-0.9840871357292964,-0.6682565113706256,-0.973965000215332,-0.9566183148041288,-0.2583265647523842,-0.1099513511812154,0.7970644047263937,1.582328263787768,0.6893057566953141,0.0949080524384771,0.0030208784122791,-0.5899184611463671,0.5825009703475396,-1.282853521209118,-0.2109705827596253,0.8844646336714127,-0.3330130787423804,1.2190829938616108,0.4149829963818807,0.5576277777506771,0.0182871859614965,0.1389037372119483,0.7506694515981099,0.8048754089352699,0.0580228972780293,-0.604126217347711,-0.750740029401756,0.1795986334788624,-0.1401113300339013,-0.5836580956864614,-1.180071876596885,-1.113371210028331,-0.0364923361877905,-0.3729298787695683,-0.0641150216376775
G7314,0,0,0.0118417100250514,10.18730/JFEBV,FULL,Phaseolus,vulgaris,Phaseolus vulgaris,COL,"AGUADAS, VEREDA SAN ROQUE - AGUADAS - CALDAS",5.58,-75.57,0.3591811050669926,-0.4981345373227047,0.3859604233784113,-0.4365726360473403,0.6693612579603725,-0.7549398273408822,0.9035966519273804,-1.5409118752962696,1.4630208903148163,-0.9094817105777716,-0.6630233502020273,-0.7813424006612064,0.0230523867450766,-0.0310412120852824,-0.191581395163998,0.5281350810001041,-0.828547334499447,0.1646516950231528,-0.2913036701250449,0.6232357426051183,-0.0792062871336054,0.2126042705416698,-1.1130445913318214,-0.3401345396186341,0.4349489887109389,-0.1771475265719264,-0.395864196845538,-0.1099513511812154,0.2578714159774761,1.582328263787768,1.3032610035092875,0.8773278249066976,1.5736550177088957,0.706379506194683,2.093215482252213,-1.1108412895373003,0.8469085819039868,2.102862477917299,-0.6078064049165716,1.1438455423430618,0.935796353392593,1.0131683166013623,0.1059858390179066,1.7536475437903165,1.7378157135680157,2.3583823719628323,1.9697027262439164,0.426113929236313,0.051978259437165,0.9257233914101703,0.2319173234064747,0.499732327398083,0.0248209456743893,-0.5484878722680531,0.2446296641422041,-1.5504973499323955,-1.6121908414491544
G51594,1,1,0.9991653931417984,10.18730/K45GA,FULL,Phaseolus,vulgaris,Phaseolus vulgaris,CHN,JILIN JILINSHI - JILIN SHI - JILIN,43.95,126.47,0.3591811050669926,-1.476924745533244,0.3859604233784113,-0.4600192456912081,-0.6272829005009044,0.1461796307972319,-1.870744192603696,-1.63026923354538,1.2144507317081616,1.9266744450566893,0.3085889191485086,0.7321985335682625,-0.2124523676773833,0.3159840259641059,0.3494063327483596,-1.253971672929746,-0.1611976502679807,0.6071251130757639,0.0923649415069593,-0.0073098666319996,-0.2878160590620988,0.0013509126526867,-0.0813849465116203,0.3161094038853487,-1.1365319989375942,-1.4762655069589303,2.767501341297,-0.1099513511812154,0.2578714159774761,0.2062222827571616,-2.49247033024834,0.1150735483595593,-0.7556187536258956,-0.1038067233934733,-0.6183233852689962,1.1153314228421207,0.7043963628301323,-0.7902056543044146,-0.2140303834998642,-2.15837717660612,0.5645783706738049,-4.4227923552959005,-0.9171651133068778,-0.8103037707091194,-0.908284683101315,-0.6590061523791642,-0.4804784629940515,-0.1653202289878489,0.6424836673186702,-1.555026791457137,-1.6026910886498311,-0.6886322141961134,-0.1207454578949024,0.4695405446123283,-0.6822992066706406,-0.0517750268964503,0.7099227729274225
G20,0,0,0.0345619511814798,10.18730/JZ32X,FULL,Phaseolus,vulgaris,Phaseolus vulgaris,USA,"FROM THE ROUND VALLEY RESERVATION, NEAR COVELO, AT 1,400 FEET ALTITUDE - COVELO - CALIFORNIA",39.8,-123.25,0.3591811050669926,-0.7013050658814697,0.3859604233784113,-0.5999146174383315,-1.3656334740521183,1.775476428844933,-0.1957740405406448,1.3716080026783082,-0.0301349437929994,1.250677748983679,0.3085889191485086,-0.2768287559180501,-0.2124523676773833,0.3159840259641059,0.3494063327483596,-1.253971672929746,-0.828547334499447,0.6071251130757639,0.7242897136067312,-0.3225826712505587,0.3582012991680742,0.6351109863196359,-0.3392998577166706,-0.3401345396186341,-1.1365319989375942,0.0826760695054743,1.117049756179154,-0.1099513511812154,-0.0117250783969826,0.2062222827571616,-0.8476262063885848,-0.0220516623610466,-0.0570033562105214,0.1249517414314178,-0.734532193877048,0.6019299684849422,-1.4497306408631296,1.967484939667756,1.6953570065471717,-0.7251841826154468,-1.9369880563949249,0.5435388634776281,2.093821974963202,-0.4829908369432339,1.2579529473326447,-0.2706294116222735,-0.8574294151845081,-1.0620107269406105,-1.0644460273388057,-1.729057061305323,-0.9834708513696632,-0.8514139979672448,0.1353190792928972,1.1295562033307398,0.8161584281158446,0.1623282076856287,0.0648911749314939
G4272,0,0,0.0208078085663428,10.18730/JFBYR,FULL,Phaseolus,vulgaris,Phaseolus vulgaris,MEX,TEOPISCA - TEOPISCA - CHIAPAS,16.53,-92.48,0.3591811050669926,0.4273306700240438,0.3859604233784113,1.276410677324395,0.9417851433719844,0.0005441628153144,0.3117455283620344,0.6649192562822146,0.2626406894232914,-0.6316477058047062,-0.1772172155267593,0.2276848888251061,0.0230523867450766,-0.493741529484467,-0.3268283271420874,-0.1572905935882998,-0.4281375239605672,0.4029066124360972,1.3110770019850908,-0.1649462689412792,0.0351926200529877,1.057617702097602,-0.726172224524246,-0.8323174972466213,0.0014369921182401,0.9920586557763772,-0.8084770931249995,-0.1099513511812154,-0.2813215727714414,0.2062222827571616,0.0704453892937629,-0.3809967512751724,0.0180269370679793,0.3346470008542348,-0.6957959243410308,0.7404970173158095,0.5070717518047954,-0.7701497227118898,0.0550968022154129,0.4418960920698835,0.1518060233824184,-0.1749941297094794,-0.9463979976590144,-0.0902153164241714,-0.7574706708559128,-0.5395056167616593,0.3945862474480799,1.093862172392625,0.3287776693816206,0.4798390613850809,0.0886384139785319,0.7482190079250398,0.4109027478683973,0.201875345703497,-0.2696430593972539,0.2693796973612255,-0.1931213719943667
G2920,0,0,0.0054201368827424,10.18730/PE813,FULL,Phaseolus,vulgaris,Phaseolus vulgaris,HND,DULCE NOMBRE - DULCE NOMBRE - COPAN,14.85,-88.83,0.3591811050669926,-0.8562280048249852,0.3859604233784113,-0.2246059278691603,0.7430209351317525,-1.0462107633047169,0.4986793950763468,0.1613599257469013,0.0284201741248644,-0.4302180005936145,0.3085889191485086,-0.2768287559180501,0.2585571411675366,-0.493741529484467,-0.3268283271420874,0.2539648111647425,-0.828547334499447,0.3348337788895417,-0.4041473794285756,-0.3225826712505587,0.0553806624976806,-0.2099024452362963,-0.726172224524246,-0.996378483122617,-0.1069410070299345,0.0826760695054743,-0.2583265647523842,-0.1099513511812154,-0.0117250783969826,0.2062222827571616,0.6386196821455556,0.2925294816844203,0.7733318894048873,0.7826323278029801,0.0789294663793148,0.0248117232431223,0.9126834522457656,0.1423951647479922,-0.9732528452368936,0.1765595780212804,0.5645783706738049,0.5505832870236387,-0.3471238684402122,0.4116645153501861,0.2845170501123211,-0.5096304828572832,0.8253873356657446,1.4754325970533746,0.9100564302649772,0.5571373242787546,0.7543179015930084,1.4111377563216088,1.5099290948165505,0.9823544167594268,0.9631671805819886,0.2693796973612255,-0.4511339189202276
G52062,0,0,0.0006286567676666188,10.18730/K4M5=,FULL,Phaseolus,vulgaris,Phaseolus vulgaris,NIC,CARDENAS - RIVAS,11.17,-85.45,0.3591811050669926,-1.6720155008019193,0.3859604233784113,-0.61279634072483,-0.106988355401474,0.5466771677475049,0.941633743456006,0.7431618254986985,1.11169009555369,-0.6733228023806165,0.7943950538237766,0.2276848888251061,0.9650714044349166,0.3159840259641059,0.3494063327483596,0.5281350810001041,-0.4281375239605672,0.6071251130757639,-0.9457971840855228,-0.2831735706732388,-0.2205225842464557,-0.738035839958754,-0.726172224524246,-0.8323174972466213,0.0014369921182401,-0.6967947187267279,0.2918239636202311,-0.1099513511812154,0.527467910351935,0.2062222827571616,1.74145012315236,1.5347217072844943,1.465277927417728,1.8787666384222503,-0.5408508461969617,0.2488170850441811,-0.249339257125663,0.5585557452928834,-1.5823306780399389,0.5384554759082504,1.3485687006839795,1.301990443372761,-0.4932882902008956,2.6264820338326778,1.0934285703376605,-0.5992558845704118,1.633139376073866,1.570825203218562,0.5040839623464425,1.1549978999931008,1.078823352401344,1.7924957868525633,1.917515024810568,0.9387286482727089,1.351063959018972,1.8751535738804888,-0.1931213719943667
G8934,1,1,0.9984443556451594,10.18730/K30ME,FULL,Phaseolus,vulgaris,Phaseolus vulgaris,MKD,E OF LAKE OHRID - OHRID - OHRID,41.13,20.8,0.3591811050669926,-0.6612191963301594,0.3859604233784113,-0.5986467090688884,-0.2566461121941192,-0.1086824381711235,-1.4704884638729376,-0.2979422030833988,0.1797246556518872,1.5309378126142814,1.2802011884990447,0.7321985335682625,-0.6834618765223034,-0.7250916881840593,-0.867816055054445,-1.5281419427651075,-0.4281375239605672,0.6071251130757639,-0.5621285724535185,-0.5196281741371581,-0.2407106266911486,-0.6324091610142625,1.0792321539111058,1.1364143332653274,-1.2449099980857687,0.0826760695054743,1.3921250203654618,-0.1099513511812154,-1.0901110558948175,-1.1698836982734446,-1.2334942070832668,-0.2680702202774886,-0.4938463970764594,-0.8853981448785183,0.7374460484916087,-1.3632477830619756,-0.9399753957143424,0.3228985490807161,-0.9222603243696136,-1.634448108096539,-1.7402979151298157,0.4190870598554282,0.1498351655461116,-0.2756926455581732,0.3256481443610671,-0.1212537421003924,-0.224690316864813,-0.7090580841294171,-0.7046067944110134,-1.6786166694170783,-1.5473655691677544,-1.2227060171342603,-0.2600260394918839,0.6128019391912927,0.0114789409327406,-0.6940846030272442,-0.709146619633606
G2616,0,0,0.00031918223476123085,10.18730/K17N4,FULL,Phaseolus,vulgaris,Phaseolus vulgaris,MEX,SAN PEDRO DEL MONTE - LEON - GUANAJUATO,21.05,-101.72,0.3591811050669926,0.7228774136290606,0.3859604233784113,-0.5685801231191422,-1.4176629285620614,0.5284727342497652,0.9925613473748428,0.3649906193591385,-1.2597926818299705,0.0768290353469575,-1.634635619552563,-1.790369690147519,-0.6834618765223034,0.2003089466143097,0.6199001967045383,1.3506458905061889,-1.0954872081920335,0.6071251130757639,-1.0586408933890536,-0.7954918781783972,-1.0549616719604291,-1.1605425557367202,1.337147065116156,0.4801703897613444,-1.1365319989375942,-0.4369711226493272,-0.9460147252181532,-0.1099513511812154,-0.0117250783969826,-1.1698836982734446,0.2364013259664255,0.2360662546481381,-0.8356510664562964,-0.3802232017235502,-0.6570596548050135,1.2229350848972895,-0.0629771244906226,-0.73003785952684,1.9503198525575007,0.1247788190557727,0.5424160939794265,0.1302649106903532,-0.7710006915461942,-0.8103037707091194,-0.9631261420996432,-0.9726950583751144,-0.8305043471709042,-0.1748594896043676,0.3749109043723632,0.2106052813062683,0.6631726547539458,0.8218446910441382,1.0513949235732811,0.9257816460121344,0.4684956240380163,-0.4799814960606078,-0.1931213719943667
G20488,1,1,0.9967367070722858,10.18730/JMPVH,FULL,Phaseolus,vulgaris,Phaseolus vulgaris,TUR,ALMUS - TOKAT,40.38,36.89,0.3591811050669926,-0.8346617517963226,0.3859604233784113,-0.5999185293475402,-0.4308570947105576,0.4101439165144572,-1.0934213944700997,-0.1253601193722251,0.2341019122422867,1.1340584180560045,0.7943950538237766,0.2276848888251061,0.0230523867450766,0.3159840259641059,0.484653264726449,-0.4314608634236613,0.1057422234246057,0.6071251130757639,-0.471853605010694,-0.4802190735598382,-0.0321008547626553,-0.4211558031252794,0.8213172427060557,1.1364143332653274,-0.1069410070299345,-0.9566183148041288,1.3921250203654618,-0.1099513511812154,0.2578714159774761,-1.1698836982734446,-1.3969976052069248,-0.6431477751610836,-1.0007177116689985,-1.2761938556210408,-0.3859057680528925,-1.091302063413596,-1.329143378569868,-0.1534298262417497,-0.7126243281849615,-1.563051914633712,-0.8150230959612489,0.2007093476935385,-0.2886580997359388,-0.7448411839559423,-0.4558426463651082,-0.1660664429569568,-0.3323905889192293,-0.6804403022798609,-0.9168196753684292,-1.567473121923067,-1.0483719415313302,-1.2316216271994636,-0.2156944529503268,0.7315766121035185,0.6500643288383064,-0.8011362203182835,-0.709146619633606
G5179,0,0,0.0055807104173997,10.18730/JGRE5,FULL,Phaseolus,vulgaris,Phaseolus vulgaris,BRA,TRÊS CORAÇOES - MINAS GERAIS,-21.67,-45.25,0.3591811050669926,-0.6298390222857193,0.3859604233784113,-0.5010786211223517,-0.0099446537312432,-0.0449669209290347,0.5972465233789237,0.1267528194851742,0.2333631304643595,-0.1037630387751882,-0.6630233502020273,-0.7813424006612064,-0.6834618765223034,-1.419142164282836,-1.6792976469229814,0.8023053508354656,-1.36242708188462,0.6071251130757639,-1.2391908282747026,-0.559037274714478,-0.4358617036565134,-1.0549158767922286,-1.3709595025368717,-0.8323174972466213,-1.0823429993635068,0.4724114636215755,-1.2210899894044611,-0.1099513511812154,-0.5509180671459002,1.582328263787768,0.4326054127050966,0.3328604735265821,0.5715837674782518,0.7540375196998687,-0.1922244203728061,0.2719420097356295,2.507724058033906,-0.5144365949071975,0.5338600674875731,-0.2651428157752816,0.7141736921267566,-0.1139423395444527,2.722328988534141,0.1934558928395959,1.3265047710805549,-0.2706294116222735,-0.709341541109686,-0.9380003389258668,-0.9352729693647264,0.5363934401688704,0.0368594021555625,-0.4318051242533212,-1.1238303115814767,-1.5971950553745782,-1.016034865777992,-0.9081878376093228,-0.1931213719943667
G9602,0,0,0.018412248373315,10.18730/JP0TW,FULL,Phaseolus,vulgaris,Phaseolus vulgaris,BRA,LAVRAS - MINAS GERAIS,-21.27,-45.0,0.3591811050669926,-0.4311897990683088,0.3859604233784113,-0.5222295404379879,-0.1391413890873939,0.1825884977927112,0.2842080332958936,-0.0417691074591072,0.49686121017509,-0.235734238652964,-0.6630233502020273,-0.7813424006612064,-0.6834618765223034,-1.9975175610318168,-2.085038442857249,0.5281350810001041,-1.0954872081920335,0.6071251130757639,-1.148915860831878,-0.4802190735598382,-0.5435312633615422,-0.9492891978477372,-1.4999169581393967,-0.8323174972466213,-0.9197760006412448,1.2518822518537778,-1.7712405177770765,-0.1099513511812154,-1.0901110558948175,1.582328263787768,0.4146200407186884,0.2280000408946825,0.7266463735871534,1.001859189926834,0.0014569273072803,0.2309759532471126,2.655717516302909,-0.4442408343333605,0.2335707488317561,-0.1416867571048966,0.5701188804035555,-0.0575867944206399,3.029274274231576,0.2261871862161844,1.7241053488184337,-0.0913786081960162,-0.6689539390892798,-0.8807647752267544,-0.8891397343739837,0.5278775298500759,0.1074349045718017,-0.4067838960058151,-1.0748670667445333,-1.6985194208921168,-0.6400019515751185,-0.9081878376093228,-0.1931213719943667
G52326,1,1,0.9328952366590448,10.18730/K4Y8S,FULL,Phaseolus,vulgaris,Phaseolus vulgaris,CHL,LOS HUALLES - CONTULMO - REGION VIII ARAUCO (REGION DEL BIO BIO),-37.97,-73.25,0.3591811050669926,-0.9371529013513686,0.3859604233784113,-0.5121334927012776,-0.3764892377507295,0.2463040150348001,-1.286289404367524,0.0023674419197201,1.60940866329599,0.1046124109839668,1.7660073231743127,1.7412258230545752,2.1425951765472164,1.7040849781616596,2.1076164484635216,-1.3910568078474268,0.9065618445023652,-2.524225230065792,0.5437397787210821,1.8055087599247144,1.596401235775906,0.9519910231531106,-0.8551296801267712,-0.6682565113706256,1.7354849784890352,1.90144124204728,-0.6709394610318457,-0.1099513511812154,0.2578714159774761,0.2062222827571616,-1.1435673308883114,-1.3368394655791975,0.6999689359770198,0.7731007251019429,0.4662921617394877,-0.0699859442961437,-0.972862830885232,2.7998061007575386,-0.8939311339618239,-0.7141269491500033,-1.5685402856093456,-0.2031719358618995,-0.507904732376964,-0.3302448011858208,-0.0856627981263935,0.4911865029393197,1.9023900562099063,1.532668160752487,1.2514423691964724,2.4229951107941265,0.3429230131365392,-0.2880049619113322,-2.3687538948343065,-3.3540469708203453,-2.079656085375146,1.0187408907830586,1.2259481743541794
G50565,0,0,0.0003741530270786672,10.18730/JVVXN,FULL,Phaseolus,vulgaris,Phaseolus vulgaris,MEX,TAPONA MORENA - MIER Y NORIEGA - NUEVO LEON,23.36,-100.32,0.3591811050669926,0.7524819288051695,-1.80637314900962,-0.4536340830789798,-0.75414123340717,-0.363544507139479,0.9171973238176876,0.8329399054750387,-1.5232908651547583,0.2018544244358772,-0.1772172155267593,-0.2768287559180501,-0.6834618765223034,-0.3780664501346709,-0.0563344631859086,0.8023053508354656,0.5061520339634855,0.5050158627559306,-1.3971720212996457,-0.7166736770237575,-0.6646595180296997,-1.3717959136257032,1.8529768875262569,1.9567192626453056,-0.1069410070299345,-1.086530112842829,0.2918239636202311,-0.1099513511812154,-0.2813215727714414,-1.1698836982734446,0.0990584991639103,-0.0220515469733726,-1.0674113056943322,-1.1332198151054838,-0.3471694985168752,-0.2087683098751023,-0.6056198048102992,-0.6598420989530029,1.4573918963616823,0.0659838898784605,0.3457259246436134,-0.2571793024809155,-0.7271513650179893,-0.7230203217048833,-0.9357054126004792,-0.7486315540922928,-0.3997032589532394,-0.4896550899494861,-0.5293005014461916,-0.1584174991748292,0.2202138481314199,0.4163282332397294,0.6361998406654149,0.7425534183679185,0.2013007686784985,0.80463765620098,0.7099227729274225
G22608A,1,1,0.99902639115351,10.18730/S227Y,FULL,Phaseolus,vulgaris,Phaseolus vulgaris,COD,"12 KM SE MASISI, NORD-KIVU, BIGIRI/KATALE - OSSO - KIVU DEL NORTE",-1.48,28.91,0.3591811050669926,1.2331403113511812,0.3859604233784113,0.8746178871000256,1.3282061482154937,-0.8550642115784504,-0.5683509763214893,-1.0015112787639358,1.0211586831443935,-0.9100869406709706,0.7943950538237766,0.7321985335682625,0.9650714044349166,-0.2623913707848747,-0.191581395163998,0.6652202159177848,-1.36242708188462,0.6071251130757639,-0.2687349282643388,0.5444175414504786,0.8157969279144467,0.4238576284306529,-0.9840871357292964,-0.6682565113706256,-0.5946420031967207,-0.4369711226493272,-0.2583265647523842,-0.1099513511812154,0.2578714159774761,1.582328263787768,-0.1396564962292437,-0.9859605134934116,0.9133884368580888,-0.0656803125893248,1.047336204779747,-1.2174855555271558,0.655065210073798,0.4933739676171775,-0.2140305827489372,1.3232541770448931,-0.2360337527204846,-0.0481941923698343,0.880657274349529,0.8153504669947782,1.5047395128251213,1.731004559970932,0.9330876077201607,-0.4896550899494861,-0.6400202654239737,0.0125557772255846,-0.5373201878539405,-0.7823899200430902,-1.4642571962923887,-1.5349931532096446,-0.7323337645275387,-0.6940846030272442,-0.3221277223510561
G22559,1,1,0.9929688269343768,10.18730/JW5V6,FULL,Phaseolus,vulgaris,Phaseolus vulgaris,BDI,8 KM N RUHEHE - KIRUNDO - MUYINGA,-2.44,30.03,0.3591811050669926,0.3000975687618643,0.3859604233784113,-0.1062851084468898,0.9330161341849152,-1.0189041130581074,-0.4553028567675737,-0.5597242514780787,0.1221548685947126,-0.8172420069388134,-0.6630233502020273,-0.7813424006612064,-0.4479571220998433,-1.7661674023322245,-1.6792976469229814,0.5281350810001041,-1.2289571450383268,0.6071251130757639,-1.0586408933890536,-0.5984463752917978,-0.8463519000319358,-1.0549158767922286,-0.8551296801267712,-0.6682565113706256,-0.973965000215332,1.381794049892478,-2.046315781963384,-0.1099513511812154,-1.3597075502692766,1.582328263787768,0.5658606818984364,0.0142463379920602,-0.0770114344181217,-0.1991227504038447,-0.6570596548050135,-0.4152706013382072,-0.6165822832005957,-0.1584438091398809,-0.57381124396036,1.0377943664155862,0.3540367288674679,0.4777907610903611,0.3983146825392735,-0.1011257475497009,0.6821176278501998,1.5368161895924868,0.46189891748209,-0.976157381391942,-1.0459927333425083,0.2158458415024496,0.043243115941956,-0.4522247473058836,-1.058987095446065,-1.2507220166187722,0.1399181667715822,-0.265878261478529,0.3229038756448727
G22389,1,1,0.9988298616767304,10.18730/JVHFM,FULL,Phaseolus,vulgaris,Phaseolus vulgaris,GEO,"SW ZUGDIDI, KVEMO KACHATI - ZUGDIDI - MEGRELIA",42.5,41.77,0.3591811050669926,-1.679084006427596,0.3859604233784113,-0.4181824441628483,-0.3583666187641202,-0.5546910588657457,-1.9397778344721373,-1.5647401226894389,1.1170880237694742,2.2046836093507225,-0.1772172155267593,0.2276848888251061,0.4940618955899966,-0.0310412120852824,-1.1383099190106238,0.1168796762470617,-0.828547334499447,0.6071251130757639,1.514195678731446,-0.0861280677866394,0.4524121639099744,1.2688710599865851,-0.726172224524246,-0.996378483122617,-0.5404530036226333,-2.1258244971524323,2.079813180831231,-0.1099513511812154,0.7970644047263937,0.2062222827571616,-0.6571447593608648,0.2199337886786698,1.0451082850581237,-0.294438777414216,3.4489849160128183,-1.9289459846002888,1.0606769105147684,1.235443436540598,-0.8797665375970501,-1.5027419636084511,0.6366056576477171,-0.5460014180554742,1.0122052539341442,0.5207688266054813,0.8740627343443481,0.7451251411265174,0.2868859753936638,0.4642709717023879,0.3749109043723632,-1.6860407963616686,-1.7583827748846503,-1.4806835083757883,-0.6894469300212946,0.2094746731173125,-1.2718816770874917,-0.5870329857362047,-0.4511339189202276
G24386,0,0,0.00035158579936188085,10.18730/JY6N8,FULL,Phaseolus,vulgaris,Phaseolus vulgaris,MEX,KM 29 GUADALAJARA-COLOTLAN - SAN CRISTOBAL BARRANCA - JALISCO,21.0,-103.42,-2.9470184280009937,-0.3219309262976804,0.3859604233784113,-0.6061450321208117,-1.605319725165339,0.0642596800574033,1.740109354017244,0.8474846133627234,-0.93773942421429,0.0212622840729388,-1.634635619552563,-1.2858560454043628,-0.2124523676773833,0.431659105313902,0.6199001967045383,1.898986430176912,3.042080834043057,-3.307062815851181,0.6340147461639066,-0.6378554758691177,-0.5637193058062352,-0.3155291241807879,0.5634023315010054,0.152048418009353,2.5483199721003453,-0.8267065167654283,-0.9460147252181532,-0.1099513511812154,0.7970644047263937,-1.1698836982734446,1.0735387058040111,1.2806368971520388,-0.5188564948359597,0.1726097549366035,-0.734532193877048,1.6472154421926637,-0.66591343595693,-0.73003785952684,2.1656217416172074,0.1662964807343923,1.2128246931846327,0.7736572890140921,-0.7417678071940575,-0.7775724773325309,-0.9494157773500612,-1.077258027040431,-0.9247420852185184,0.3307213230711256,0.9100564302649772,0.1787252067794989,0.6043006276127614,0.8750507511106741,1.0633049020471323,0.9497054545371088,0.4638532423811907,-1.0152394549003625,-0.9671593203469846
G22824,0,0,0.00021502758806023415,10.18730/JR929,FULL,Phaseolus,vulgaris,Phaseolus vulgaris,MEX,"17 KM NE DE TEJUPAN, SAN CRISTOBAL SUCHIXTLAHUACA - COIXTLAHUACA - OAXACA",17.73,-97.37,0.3591811050669926,1.204866288848475,0.3859604233784113,-0.3460194899099247,-0.4741175400334316,0.9471747046977778,0.5654120388135201,0.4683104690654778,-1.3183477561208623,-0.3329761196232892,-1.1488294848772953,-1.2858560454043628,-1.1544713853672233,-0.1467162914350786,0.2141594007702701,0.6652202159177848,0.1057422234246057,-0.7543315578553472,0.4534648112782575,-0.7166736770237575,0.6004578085043891,0.2126042705416698,0.5634023315010054,-0.1760735537426384,0.4349489887109389,0.2125878675441747,-0.8084770931249995,-0.1099513511812154,-0.0117250783969826,-1.1698836982734446,-0.1053207768593855,-0.4455261920649093,-0.9573668755525312,-0.7233608989608871,-0.6570596548050135,0.6344453940762367,-0.4576263465412965,-0.7701497227118898,0.7831570229446083,0.3604923789183359,-0.0448840931144216,-0.3205793047412517,-0.931781555482946,-0.886676788587826,-0.9494157773500612,-0.7486315540922928,-0.2920029868988232,0.0350042439590446,-0.3632208554795182,0.2285105286432209,0.0946674769990147,0.5684688049975537,0.0622050447728665,0.0788788242280404,-0.7493558306025659,0.1623282076856287,0.1938976790757006
G3201,0,0,0.00024981875916806626,10.18730/K1QBS,FULL,Phaseolus,vulgaris,Phaseolus vulgaris,GTM,SAN PEDRO PINULA - SAN PEDRO PINULA - JALAPA,14.66,-89.85,0.3591811050669926,0.2161600323146328,0.3859604233784113,-0.4881220651758945,0.1034678650881831,-0.2361134726553013,0.3401797309279651,1.083716536921317,-0.0008574066475531,-0.5691350443806426,-0.6630233502020273,-0.2768287559180501,-0.2124523676773833,-0.2623913707848747,-0.3268283271420874,0.6652202159177848,-0.4281375239605672,0.6071251130757639,0.7017209717460251,-0.5984463752917978,-0.4022149662486919,0.3182309494861614,-0.2103424021141454,-0.5041955254946299,-0.4862640040485459,-0.4369711226493272,-0.2583265647523842,-0.1099513511812154,0.2578714159774761,0.2062222827571616,0.8830572324632741,0.5304818643099674,0.2881359928705821,0.5538738629780888,-0.6957959243410308,0.7155908785758467,-0.6604321967617818,-0.6748840476473966,-0.8627690314152094,0.5267057803480288,0.7335656479075435,0.5552796216395555,-0.9463979976590144,0.4116645153501861,-0.7163395766071667,-0.4349426480963426,0.448436383475288,1.313265166572556,0.8454699012779375,0.9774739233474604,0.701120286706396,1.449388599504578,1.5125757566996283,0.815732126797252,0.902300398859164,0.5905344216189015,-0.580140269276917
G18047,1,1,0.999410125899228,10.18730/JT80S,FULL,Phaseolus,vulgaris,Phaseolus vulgaris,NLD,BREEZAND - BREEZAND - NORTH HOLLAND,52.89,4.8,0.3591811050669926,-1.009692230791797,0.3859604233784113,1.0383600829721973,0.5524411354661185,-0.9278819455694092,-1.7594941723454134,-1.6398847893027806,1.3246374783061594,1.0711965635995395,0.7943950538237766,1.2367121783114188,-0.9189666309447634,-0.3780664501346709,-1.0030629870325345,-1.802312212600469,-0.828547334499447,0.6071251130757639,-0.6975410236177554,-0.4802190735598382,-0.9203747223291432,-0.738035839958754,1.208189609513631,1.6285972908933144,-0.9197760006412448,2.03135304008598,-0.395864196845538,-0.1099513511812154,-1.898900539018194,-1.1698836982734446,-1.5833914663633393,-1.256177635745107,-0.5705440302055936,-0.9711825691878524,0.6599735094195741,-1.3613793081779126,-0.4631075857364448,0.0270735580909741,-2.0780914258542187,-1.7817184399663348,-1.2416467704159817,-0.8277790764935092,-0.0547950249188452,-0.2320509210560551,0.2022548616148289,-0.5395056167616593,-0.6151038030620718,-0.6232047385807484,-0.5293005014461916,-2.5358849748423973,-3.4146018516878494,-2.609802383085085,-1.5906353012093648,-0.3641338183403091,-3.5017723329160546,5.514907796083174,5.612163163756507
G10963,0,0,0.00027427472900291074,10.18730/JP68H,FULL,Phaseolus,vulgaris,Phaseolus vulgaris,MEX,1.5 KM NE DE SAN JOSE DEL RIO - FRESNILLO - ZACATECAS,23.22,-103.27,0.3591811050669926,1.204866288848475,-1.80637314900962,-0.4843494935960404,-1.0821021770035524,0.419246133263327,0.7675903891319049,0.7898062942538971,-1.4940131535014256,0.3060421824358511,-0.6630233502020273,-1.2858560454043628,-0.9189666309447634,-1.0721169262334478,-0.867816055054445,1.3506458905061889,-0.5616074608068605,0.6071251130757639,-1.464878246881764,-0.9531282804876768,-1.2097366640364082,-1.6886759504591775,1.337147065116156,2.448902220273293,-0.2153190061781092,-0.4369711226493272,-0.9460147252181532,-0.1099513511812154,-0.5509180671459002,-1.1698836982734446,-0.3636561132922072,-0.3850298196893409,-1.1224335207652327,-0.9044613502805926,-0.734532193877048,0.9801423043373476,-0.643988479176337,-0.6899259963417902,2.1826192376677365,0.0516312678047812,0.02160268412974,-0.3886755072554493,-0.7271513650179893,-0.8975872197133555,-0.9494157773500612,-1.062320460088243,-1.0055172892593305,-0.5087336111825236,-0.1602346215202508,-0.0232547174483207,0.3273183794364662,0.6904113426635603,0.933287637040924,0.9660299356482678,0.3421196789355417,0.9116891458765768,0.8389292770716291
G12032,0,0,0.0003422614222933936,10.18730/JHG4Q,FULL,Phaseolus,vulgaris,Phaseolus vulgaris,PER,ANDAHUAYLAS - ANDAHUAYLAS - APURIMAC,-13.65,-73.39,0.3591811050669926,-0.1779339633339225,0.3859604233784113,-0.1421420312141777,-0.0818505290652094,0.4556550002588064,0.390061480168764,0.346934671282624,-0.5571310923077175,-0.6247018287750575,1.2802011884990447,1.2367121783114188,0.4940618955899966,0.2003089466143097,0.0789124687921807,-0.7056311332590228,0.7730919076560719,-1.1627685591346806,-0.6975410236177554,0.4655993402958388,0.2168850020552238,-0.3155291241807879,-0.2103424021141454,-0.1760735537426384,1.8438629776372093,0.3424996655828751,0.429361595713385,-0.1099513511812154,-0.0117250783969826,0.2062222827571616,-0.6080936840756059,-1.3812033527540175,-0.1153602509826887,0.0201041117200093,-0.1922244203728061,0.2928882332670725,-0.1506769516129945,-0.5645764238885097,1.3639055684592227,1.0539707552713695,-0.598940878376445,-0.4849495831030963,1.816109573617904,-0.504811699194293,-0.0034006096289014,-0.1959415768613329,-0.8708919491913102,-0.976157381391942,-0.9168196753684292,0.4117117788347244,0.8660328928548944,-0.628236146012478,-1.014655508904508,-1.0340004570395924,-0.7421343480252817,-0.265878261478529,0.5809165763582509
G20356,1,1,0.9987204944689376,10.18730/JNBYT,FULL,Phaseolus,vulgaris,Phaseolus vulgaris,MKD,KOLIBARI - ZAJAS,41.57,20.95,0.3591811050669926,-0.7743152863409856,0.3859604233784113,-0.5855135760201717,0.1590049232729537,-0.4727711081259171,-1.5771462964660088,-0.4898202322889842,0.2371752725559277,1.5046032938681266,0.7943950538237766,0.7321985335682625,0.0230523867450766,0.3159840259641059,0.2141594007702701,-0.9798014030943843,-0.4281375239605672,0.6071251130757639,-0.0204787677965712,-0.5196281741371581,0.465870858873103,0.0013509126526867,0.5634023315010054,0.4801703897613444,-0.2695080057521966,-0.1771475265719264,1.254587388272308,-0.1099513511812154,-0.0117250783969826,-1.1698836982734446,-1.3961800929054444,-0.385029935077014,-0.6138948663220607,-1.0188405826930382,0.6599735094195741,-1.542983219017739,-0.9180504389337496,0.1423951647479922,-0.3245143931935187,-1.5552309882652968,-1.9868531624450965,0.3509907565696871,-0.0694114670949135,-0.4284386813155864,0.1337030378669188,-0.1810040099091449,-0.224690316864813,-0.6709010416633422,-0.6861535004147163,-1.7270918512317552,-1.6487956882182286,-1.2923052957077827,-0.3682083439626984,0.4231002104167898,-0.2613899364517862,-0.8011362203182835,-0.709146619633606
G19004,0,0,0.0007788896434721122,10.18730/JMED6,FULL,Phaseolus,vulgaris,Phaseolus vulgaris,USA,SANTA CLARA - NEW MEXICO,32.78,-108.14,0.3591811050669926,-0.7078004634551196,0.3859604233784113,-0.5500625782619998,-1.3293882360788996,-0.2998289898973902,-0.1556073827269062,0.7978309474796965,-1.5232908651547583,1.584078521590962,0.3085889191485086,0.2276848888251061,-1.3899761397896833,-1.0721169262334478,-0.7325691230763556,-1.3910568078474268,1.974321339272712,-0.7543315578553472,-1.3520345375782332,-0.874310079333037,-1.1693605791470223,-1.5830492715146862,1.0792321539111058,1.6285972908933144,0.8684609853036377,1.90144124204728,-0.6709394610318457,-0.1099513511812154,-2.168497033392653,-1.1698836982734446,-0.9579909674150352,0.1312058989413527,-1.1874597749399334,-1.085561801600298,-0.6183233852689962,0.0811890844915918,-0.6385072399811887,-0.5144365949071975,2.451746582106856,-0.7543946745804699,0.4620778442647402,-0.778467946518078,-0.6686855963137158,-0.7884829084580603,-0.7848914003550768,-1.0324453261838666,-1.0189798232661325,-0.9475395995423856,-0.3078609734906271,-0.4217556490329379,0.4273298954232975,0.7390157975351526,2.1696095691737503,2.3054817564759524,1.6461131043194437,1.5539988496228132,1.7419735757809365
G7387,0,0,0.0027795886236003,10.18730/K28QT,FULL,Phaseolus,vulgaris,Phaseolus vulgaris,PER,"HUANCARQUI, MAJES - CASTILLA - AREQUIPA",-16.28,-72.47,0.3591811050669926,-0.8958935831026239,0.3859604233784113,-0.6179313128992967,-2.67806184905012,3.668737512609859,0.0117845547764973,2.2046880029552263,-2.343062603258796,-0.4302180005936145,1.7660073231743127,1.7412258230545752,-1.6254808942121433,-1.5348172436326322,-1.2735568509887132,-2.4877378871888727,3.1755507708893504,-1.2989142262277915,-1.4874469887424702,-1.150173783374276,-1.6538735978196522,-2.0055559872926523,2.7556790767439328,3.7613901072812586,2.060618975933559,3.4603828185116843,-1.2210899894044611,16.294790245056127,-3.7860759996394058,-1.1698836982734446,0.5764884353750735,0.3046288407771603,-1.8210489181806069,-1.8480900176832689,-0.8120047329490826,-0.1476396765720761,-1.5648366639612428,-0.8754433635726453,0.2902293234086148,0.4909159724929931,0.694781709926482,0.3040279030713859,-0.931781555482946,-1.2030792912281818,-1.1002297895954634,-1.0921955939926191,-1.1939927653545588,-1.1287855512562417,-1.0828993213351026,1.6939021735004078,2.6751064497656265,0.6904113426635603,0.2309297398190911,-0.7674610844142894,2.341954532659192,0.3764311870368224,0.8389292770716291
G23892,0,0,0.0009930677805189026,10.18730/JTM79,FULL,Phaseolus,vulgaris,Phaseolus vulgaris,CRI,"PRIMERO, MARAVILLA - HOJANCHA - GUANACASTE",10.03,-85.42,0.3591811050669926,-0.8874113763518119,0.3859604233784113,-0.5243085326364234,0.7324981241072697,0.2918150987791493,0.9896094191252686,1.665518245345728,1.11169009555369,-0.7288895867750314,-0.6630233502020273,-0.7813424006612064,-0.2124523676773833,1.0100345020628827,1.160887924616896,-0.020205458670619,0.7730919076560719,0.436943029209375,-0.1558912189608081,-0.2831735706732388,0.4389534689468458,0.0013509126526867,-0.8551296801267712,-1.3245004548746084,0.0556259916923274,-0.8267065167654283,0.8419744919928466,-0.1099513511812154,0.7970644047263937,0.2062222827571616,1.3457718926726463,1.0789823225668094,1.7954112178431314,2.555510430195888,-0.6570596548050135,0.7427925948057036,0.0740538553880836,2.127932392407955,-0.7834470972513458,0.7154189623312179,0.9690398344828768,1.074220106766389,-0.931781555482946,3.870271182143042,0.4764621566064694,-0.5395056167616593,2.360116212441175,1.9523956278793115,0.9561896652557198,1.3277180297922415,0.7720504398885458,1.7763901686702606,1.6783229571273903,0.5883152175245542,1.002885334757052,2.517463022395841,0.3229038756448727
G3542,0,0,0.0005552370144681174,10.18730/K20GP,FULL,Phaseolus,vulgaris,Phaseolus vulgaris,MEX,BUENA VISTA DEL AIRE - SANTA ROSA - GUERRERO,19.68,-100.03,0.3591811050669926,2.0248129414269656,0.3859604233784113,-0.0290140866720575,-0.3805814420380284,0.6012904682407239,-0.0882767819540127,0.9849104829067198,-0.4692984808713789,-0.3885429371381005,-1.1488294848772953,-0.7813424006612064,-0.6834618765223034,-0.0310412120852824,0.3494063327483596,0.2539648111647425,-0.828547334499447,0.6071251130757639,1.1079583252387355,-0.4408099729825183,-0.80597581514255,0.7407376652641275,-0.4682573133191957,-0.1760735537426384,-0.5404530036226333,-0.1771475265719264,0.1542863315270773,-0.1099513511812154,0.2578714159774761,0.2062222827571616,-0.9555384295360382,-1.5546263522836623,-0.5238585143878598,-0.1991227504038447,-0.4246420375889098,0.7275839815212464,0.3590782935357925,-0.6648560818511341,1.2024291415331354,0.2598066107673993,-0.648806020753412,-0.8747419859760015,-0.7271513650179893,-0.504811699194293,-0.880863953602151,-0.8083818219010451,-0.4670159289872495,0.1208575895077133,0.550217197337185,0.3957717415713397,0.5830215816581165,0.9061115861765436,0.759931283699313,0.4366101258191283,0.0826621263373998,0.3764311870368224,0.7099227729274225
G3252,0,0,0.0015665812446371,10.18730/K1SAE,FULL,Phaseolus,vulgaris,Phaseolus vulgaris,GTM,ENCINITOS - GUALAN - ZACAPA,15.19,-89.29,0.3591811050669926,-0.4293151810203416,0.3859604233784113,-0.6135905913511102,-0.3858428475502699,-0.9278819455694092,0.9148433526038334,-0.2544277751096007,0.5261387745873934,-0.4996765059269303,-0.1772172155267593,-0.2768287559180501,0.2585571411675366,0.3159840259641059,0.484653264726449,0.6652202159177848,-0.4281375239605672,0.130615278249875,-0.0430475096572774,-0.3619917718278785,-0.0993943295782983,0.0013509126526867,0.3054874202959551,-0.0120125678666426,0.3807599891368515,-0.6967947187267279,-0.1207889326592303,-0.1099513511812154,0.527467910351935,0.2062222827571616,1.782325925341164,1.6960452900275618,0.9850840504353228,0.8684167521123143,0.505028431275505,-0.0139855028920693,0.7592087547816148,0.2276328740162229,-0.8401057528786767,0.2180816650790882,1.5147856305846412,1.405308864388551,-0.2009594466795287,0.4880375332288927,0.3119377796114851,-0.4200050811441545,0.448436383475288,1.4181970333542622,1.583601661129819,0.5708937947937304,0.7181435234701119,1.056526555986264,1.0646282329886714,0.7290435029655801,0.968325382422906,-0.6940846030272442,-1.2251718672728455
G1737,0,0,0.0005078513077853074,10.18730/K0DQS,FULL,Phaseolus,vulgaris,Phaseolus vulgaris,SLV,JUCUARAN - JUCUARAN - USULUTAN,13.25,-88.25,0.3591811050669926,-0.2527888168184567,0.3859604233784113,-0.57348577276617,-0.4548257198218797,1.1292190396751745,0.9948405169457812,1.7226952867030978,0.8481919994828451,-0.7636188394416893,-0.6630233502020273,-0.7813424006612064,-0.4479571220998433,-0.8407667675338554,-0.867816055054445,0.9393904857531464,0.6396219708097787,-0.4480038068958472,0.1826399089497839,-0.1649462689412792,-0.4896964835090278,0.0013509126526867,-0.5972147689217209,0.152048418009353,0.922649984877725,-0.6967947187267279,-0.1207889326592303,-0.1099513511812154,0.2578714159774761,0.2062222827571616,1.1806334721996865,0.8087652387776737,1.3819109348860603,1.9740826654326216,-0.7732684634130653,0.8721940890497314,-0.2219330611499218,1.1301497956798423,-0.7437864543712963,0.7964177068881751,0.8305255853283987,0.9333313223347228,-0.9756308820111512,2.5173777225773826,-0.4010011873667801,-0.6590061523791642,1.767764716141886,2.0668667552775366,1.1314959582205415,1.2353531563345468,0.921713063102882,1.745616933929075,1.5625314997427262,0.7479010932146776,0.9291230484319342,1.4469471047163314,0.0648911749314939
G6140,0,0,0.0110789420400125,10.18730/JG63A,FULL,Phaseolus,vulgaris,Phaseolus vulgaris,MEX,ESPIRITU SANTO - CIUDAD DE VALLES - SAN LUIS POTOSI,21.99,-99.03,0.3591811050669926,-1.4455273753962508,0.3859604233784113,-0.6115278506656704,-0.2823685391428551,-0.7731442608386218,0.9047921098912436,0.4266814564082503,-0.2643554590914262,0.4032840634061758,-0.1772172155267593,-0.2768287559180501,-0.2124523676773833,0.2003089466143097,0.484653264726449,0.3910499460824232,-0.5616074608068605,0.5730886963024862,0.9725458740744988,-0.7166736770237575,-0.9271040698107076,0.3182309494861614,1.337147065116156,-0.1760735537426384,-0.1611300066040218,-0.3070593246106268,0.0167486994339235,-0.1099513511812154,0.2578714159774761,-1.1698836982734446,1.5436109455409064,2.014659425562084,0.2864686530199488,0.6110634791843117,-0.1147518813007715,0.559823363239408,1.5430259596878144,-0.5194505778053288,-0.0638857748284971,-0.6509153161416803,1.7308678613791866,0.6233758577442675,-0.6394527119615792,-0.12294660980076,-0.6752084823584206,-0.5245680498094712,0.1118730333052374,0.9603125237613624,1.3344821921798091,-0.1479363787824667,0.4518007982711392,0.3349373413541637,0.5084984048068998,0.5050040725434669,0.6629598334405998,-1.1222909445759592,-1.2251718672728455
G50460,0,0,0.00017482663907632723,10.18730/PG0H=,FULL,Phaseolus,vulgaris,Phaseolus vulgaris,BOL,EN MIZQUE - MIZQUE - COCHABAMBA,-17.87,-65.37,0.3591811050669926,1.077633187586295,-1.80637314900962,-0.4389464305753067,-0.8307239136409064,1.5388187933743172,1.0575001200048488,0.3579687129636381,-1.2597926818299705,-0.0829254739270349,-0.6630233502020273,0.2276848888251061,-1.6254808942121433,-0.8407667675338554,-0.867816055054445,-0.5685459983413421,0.5061520339634855,-0.5501130572156805,-1.3971720212996457,-0.7166736770237575,-0.6781182129928283,-1.3717959136257032,0.0475725090909048,0.152048418009353,0.5975159874332009,1.2518822518537778,-0.6709394610318457,-0.1099513511812154,-1.3597075502692766,0.2062222827571616,-0.0145763734400564,-0.2721032886916597,-0.6889251596005616,-0.4755392287339215,-0.6183233852689962,0.7481775889389938,-0.337039084248035,-0.7801776885081522,1.698190034562842,0.2677054325427377,0.1739683000767968,-0.3957199531951363,1.172986117870896,-0.8757663574622965,-0.0719524333768115,-0.5693807506660356,-1.0728299592933406,-1.081089248173648,-1.03676608634436,0.6278848869272017,0.7770155506112963,-0.3018097774961632,-0.6874619336089861,-0.9546297040508538,0.4561159396198147,-0.1588267718029321,0.4519103797890794
G18666,0,0,0.000505588730449785,10.18730/JSTFU,FULL,Phaseolus,vulgaris,Phaseolus vulgaris,BRA,"BURITI, RODOVIA PIRACANJUBA - MORRINHOS - PIRACANJUBA - GOIAS",-17.42,-48.85,0.3591811050669926,-0.6866658165825952,0.3859604233784113,-0.5707316108591443,-0.2543077097442341,0.992685788442127,1.160849992378043,0.5169611967908193,-0.0886901053378348,-0.4580014424714164,-0.6630233502020273,-0.7813424006612064,-0.6834618765223034,-2.228867719731409,-2.220285374835339,0.8023053508354656,-1.36242708188462,0.6071251130757639,-1.464878246881764,-0.7954918781783972,-0.7050356029190855,-1.3717959136257032,-1.2420020469343465,-0.5041955254946299,-1.353287997233943,0.7322350596989763,-1.6337028856839226,-0.1099513511812154,-1.0901110558948175,1.582328263787768,0.9795242687716624,0.6555077928629457,0.7133076547820867,0.8874799575143886,-0.4246420375889098,0.3316313642627888,0.5838091005368707,-0.5996743041754283,0.242069458020337,0.0435156807736174,0.8693095761484314,0.4871833183538153,3.0731236007597813,0.3134706352204205,1.806367537315926,0.3716859673218148,-0.7228040751164879,-1.0333929450910544,-0.9906328513536174,0.4232846826012914,0.5354983790260761,-0.2465905151568394,-0.4806914739935148,-0.8932721715985665,-0.1953649528880444,-0.4799814960606078,-0.1931213719943667
G20250A,1,1,0.9770731259105168,10.18730/S1VFU,FULL,Phaseolus,vulgaris,Phaseolus vulgaris,MKD,GORNO KOLICANI - STUDENICHANI,41.88,21.46,0.3591811050669926,-1.057055511368051,0.3859604233784113,-0.5855539844709242,-0.2221546760583142,0.1097707638017525,-2.014699032262853,-0.5716875055296641,-0.048264522005412,2.1790074233278376,0.7943950538237766,0.7321985335682625,0.2585571411675366,0.7786843433632905,0.6199001967045383,-0.7056311332590228,-0.1611976502679807,0.6071251130757639,-0.2461661864036326,-0.3225826712505587,1.381062116365848,0.1069775915971782,0.4344448758984802,-0.3401345396186341,-0.7030200023448953,-0.5668829206880276,1.254587388272308,-0.1099513511812154,0.2578714159774761,-1.1698836982734446,-1.3569392471006712,-0.2035406641000777,-0.9573668755525312,-1.3333834718272637,0.5437647008115223,-1.768057224035254,-0.9509378741046388,-0.2687514328987678,-0.6418013396068865,-1.668584376970397,-2.042258850878606,0.3556871359729579,-0.464055405848759,-0.6575577349517062,-0.3187389988692879,-0.4050675141919664,-0.4266283269668434,-0.6613617810468234,-0.7230600884073104,-1.7513294421390937,-1.7197258414003789,-1.3112869171369257,-0.3725091695227003,0.451527324075877,-0.391376622842903,-0.4799814960606078,-0.0641150216376775
G11124,0,0,0.0042034796082679,10.18730/JPE5B,FULL,Phaseolus,vulgaris,Phaseolus vulgaris,MEX,6 KM DE CHUNHUAS - HECELCHAKAN - CAMPECHE,20.22,-90.25,0.3591811050669926,-1.7144265345559793,-1.80637314900962,-0.612686088876592,0.0251313830170329,-1.0644151968024569,1.281088616176642,-0.0492924829334496,-0.6156862538525528,-0.201004985986306,0.7943950538237766,1.7412258230545752,1.2005761588573765,0.3159840259641059,0.484653264726449,0.2539648111647425,1.0400317813486584,-2.5582616468390693,2.4169453531596914,0.4261902397185189,1.4483555911814912,1.797004454709043,1.4661045207186814,0.8082923615133358,2.2773749742299088,0.0826760695054743,-0.2583265647523842,-0.1099513511812154,0.527467910351935,-1.1698836982734446,1.7806909163311015,1.8089719748754745,-0.0586706960611548,0.0772937279262322,-0.1534881508367888,0.2794265636429903,-0.1945268651741805,-0.4893666804165414,0.219406206500628,0.2456082437743651,1.5729616564439215,1.3419088733250517,-0.5809869432573057,0.1170828749608893,-0.4558426463651082,-0.8083818219010451,-0.1304525788171989,0.4165746686197942,0.4025908453668087,0.0477112018749672,0.2556789247224948,0.3947582088884311,0.528348368929985,0.6111131997660004,0.6320106223950958,0.80463765620098,0.8389292770716291
G5143,0,0,0.0357997035928954,10.18730/JGSJ4,FULL,Phaseolus,vulgaris,Phaseolus vulgaris,MEX,SAN ANDRES TUXTLA - SAN ANDRES TUXTLA - VERACRUZ,18.44,-95.19,0.3591811050669926,-1.2266996463842907,0.3859604233784113,-0.5499435125270625,0.7979733927040519,-0.5819977091123552,0.2725503796909984,0.1036812239833025,1.4630208903148163,-0.0898713509566836,-0.1772172155267593,-0.7813424006612064,0.0230523867450766,-0.2623913707848747,-0.0563344631859086,0.8023053508354656,-0.828547334499447,0.5730886963024862,-0.4492848631499879,-0.4802190735598382,-0.0119128123179624,-0.3155291241807879,-0.3392998577166706,-0.3401345396186341,-0.5404530036226333,-0.4369711226493272,-0.395864196845538,-0.1099513511812154,0.2578714159774761,0.2062222827571616,1.4692169128943764,1.5669864084480851,1.6586893500911968,1.8978298438243248,0.3888196226674531,0.0845452021150677,0.2494535096328275,0.3379404977751097,-0.7409534162243181,-0.4065959401215846,1.2793116025262263,1.0624793262107837,0.1498351655461116,2.670123758334796,1.353925500579719,-0.6440685854269761,-0.157377646830803,1.1034014330091435,1.5466950731372249,-0.2728363967914535,-0.1500415514794022,-0.0409562830077953,-0.2590335412857296,-0.1254586462323291,-0.6059578194250641,1.2328441253651377,1.354954370923351
G59,0,0,0.0049751422282253,10.18730/PQ3WN,FULL,Phaseolus,vulgaris,Phaseolus vulgaris,CAN,PLUMAS - MANITOBA,50.42,-99.03,0.3591811050669926,-1.0356422773368117,0.3859604233784113,-0.4268901321986598,-0.1724636239982563,-1.100824063797936,-2.4647979544991627,-0.2920442698265424,-0.5864087167071068,4.167935237946119,4.68084413122592,2.245739467797732,3.0846141942370564,0.5473341846636982,-0.0563344631859086,-1.802312212600469,-1.36242708188462,0.6071251130757639,0.8371334229102618,0.702053943759758,1.111888217103276,0.9519910231531106,1.208189609513631,0.9723533473893315,-1.0823429993635068,2.551000232240782,-0.9460147252181532,-0.1099513511812154,-1.0901110558948175,-1.1698836982734446,-3.020586309214365,-0.7923720757365245,-1.019058450025965,-1.1332198151054838,-0.1534881508367888,-0.688727409508925,-0.4631075857364448,-0.5796183725829034,-0.3670081328977108,-2.125539533055147,-0.0587355391654585,-4.594207101991107,-0.6979184806658525,-0.8321246329601785,-0.7986017651046589,-0.6141934515225999,-0.4400908609736454,-0.3751839625512612,-0.4278073844665578,-2.1546342205702103,-2.897521034989977,-1.3227909301242844,-0.2563868794026516,0.4112790344397436,-2.2834050580913807,1.7681020842048922,2.903030575203621
G51467,1,1,0.9477247556942556,10.18730/K426F,FULL,Phaseolus,vulgaris,Phaseolus vulgaris,COL,"TIERRADENTRO, RESGUARDO DE SAN ANDRÉS DE PISIMBALÁ - INZA - CAUCA",2.59,-76.06,0.3591811050669926,0.6703446974653389,-1.80637314900962,1.5256338862984355,1.5953686281148642,-1.3647883495151614,0.023367862846057,-2.298257273564922,1.140967632699136,-0.9581026676231325,0.7943950538237766,0.7321985335682625,1.9070904221247564,1.5884098988118631,1.0256409926388066,-0.020205458670619,-1.0954872081920335,0.3348337788895417,0.6565834880246127,2.041963363388634,1.7444468803703204,1.6913777757645514,-1.3709595025368717,-0.6682565113706256,-0.2695080057521966,-0.1771475265719264,0.1542863315270773,-0.1099513511812154,1.3362573934753113,1.582328263787768,-0.0718026009768038,-0.8931994014916967,0.933396515065689,0.1058885360293435,2.403105638540352,-1.305481905272233,0.8688335386845797,1.5371056200267688,-1.0327442688429675,1.3697629501048607,-0.1833983158494139,-0.0012312940841806,0.9098901587016658,1.066290382881957,1.5458706070738673,1.5816288904490512,1.1081005498085872,-0.30840913823563,-0.2894076794943301,0.3962084549210215,-0.0808846521268061,-0.5103200128920471,-1.0302046474675914,-1.2510034731896544,0.0589343978691801,-1.2293425618669986,-1.2251718672728455
G51434,1,1,0.9973031992259668,10.18730/K418P,FULL,Phaseolus,vulgaris,Phaseolus vulgaris,COL,"27 KM SW ANTIOQUIA VEREDA NURQUI VÍA GUASABRA, LAS PARTIDAS - SANTA FE DE ANTIOQUIA - ANTIOQUIA",6.5,-75.94,0.3591811050669926,1.1765922663457682,-1.80637314900962,1.900853474022553,1.4638334903088284,-1.373890566264031,-0.3191885414099786,-1.3056833682138265,1.5215759646057083,-0.8955900061990688,0.3085889191485086,0.2276848888251061,2.1425951765472164,3.5548862477583976,3.460085768244416,-0.1572905935882998,-0.9620172713457402,-0.0736032223897916,1.19823329268156,3.0665999783989504,3.507535920540168,2.6420178862649752,-0.9840871357292964,-1.3245004548746084,0.5433269878591136,-0.6967947187267279,0.8419744919928466,-0.1099513511812154,2.6842398653476054,0.2062222827571616,-0.1780797849029544,-0.9859605134934116,2.7557989718079416,2.7175476761135187,2.519314447148404,-0.7763939259987188,2.261068294252235,3.4566378604127284,-0.9647541360483116,1.1519726490893198,-0.3136016286826057,-0.0975052915539601,0.2667667029546584,4.055748511277044,2.203968115053805,3.5384501611856924,2.413966348468384,1.160636996708256,0.7716567252927494,1.0148129147452518,0.0989232861899437,0.2863328864825714,-0.436029054716573,-0.4162032839534887,0.6670863949133337,-1.2293425618669986,-1.4831845679862237
G18699C,0,0,0.0008000050538086212,10.18730/S3DZR,FULL,Phaseolus,vulgaris,Phaseolus vulgaris,BRA,"GINÁSIO ANCHIETA, ESTRADA QUE LIGA ANÁPOLIS - SILVÂNIA - SILVÂNIA - GOIAS",-16.68,-48.8,0.3591811050669926,-0.4661284410614839,0.3859604233784113,-0.4762314804687242,-0.011698455568657,0.7469259362226413,0.5254323851070629,0.701532812841471,0.2333631304643595,-0.541351635623237,-0.6630233502020273,-1.2858560454043628,-0.2124523676773833,-2.113192640381613,-2.355532306813428,1.6248161603415503,-1.36242708188462,0.6071251130757639,-1.3746032794389391,-0.5984463752917978,-0.6108247381771853,-1.2661692346812117,-1.3709595025368717,-0.6682565113706256,-1.353287997233943,0.3424996655828751,-1.9087781498702303,-0.1099513511812154,-0.8205145615203591,1.582328263787768,0.7604297167465736,0.3409266103549217,0.8300214443264212,0.8016955332050544,-0.4246420375889098,0.2111095286816769,0.8304648643185419,-0.5746043896847722,-0.4321652803126229,0.2204341548403718,0.608902950482047,0.4190870598554282,2.926959178999098,0.5207688266054813,2.094285197057149,0.6554997394133888,-0.6824164730960819,-1.0333929450910544,-0.9721795573573204,0.4018857284668846,0.6642366070516781,-0.2675853388587698,-0.4800298085227453,-0.8392325099892125,-0.0576409637355516,-0.3729298787695683,-0.0641150216376775
G12674,0,0,0.0007238070775186495,10.18730/JP0PR,FULL,Phaseolus,vulgaris,Phaseolus vulgaris,PER,"SAN ISIDRO DE VISAG, HUANUCO - HUANUCO - HUANUCO",-9.83,-76.28,0.3591811050669926,-0.175574151134285,0.3859604233784113,1.182379103991522,0.4232444001099678,-0.0540691376779045,0.465985603832606,0.1809204723873292,-1.1426823587402992,-0.7080520550472744,0.7943950538237766,0.7321985335682625,0.2585571411675366,-0.2623913707848747,0.0789124687921807,-0.2943757285059805,0.3726820971171922,-1.7754240610536804,-0.8103847329212861,0.07150833452264,0.021733925089859,-0.526782482069771,-0.2103424021141454,-0.1760735537426384,1.0310279840258996,0.6023232616602759,-0.2583265647523842,-0.1099513511812154,-0.2813215727714414,0.2062222827571616,-0.2859919973302905,-1.058556168036607,-0.7072658979575284,-0.8377401313733326,-0.3859057680528925,-0.2007178930406483,-0.6823571535423747,-0.6648560818511341,0.9049725705934388,1.145146314412844,-0.3662370655536765,-0.2102163258173955,0.4129311247153419,-0.526632561445352,-0.0582420686272295,-0.3901299472397783,-0.9247420852185184,-1.0238536844745356,-0.9721795573573204,0.3599612468974344,-0.25785538431627,-0.9293536859566028,-1.5737628317047423,-1.1558711522315208,-0.9381460179801404,0.1623282076856287,0.8389292770716291
G51460,1,1,0.9972925892923686,10.18730/K41X6,FULL,Phaseolus,vulgaris,Phaseolus vulgaris,COL,FUNES - NARIÑO,1.0,-77.44,0.3591811050669926,1.374510423864714,0.3859604233784113,3.998771378420827,1.937359986410557,-1.4285038667572505,-0.6413437097767682,-1.162740764820403,0.2333631304643595,-0.9303192671458258,2.2518134578495808,2.245739467797732,2.1425951765472164,1.935435136861252,2.1076164484635216,-1.3910568078474268,-0.5616074608068605,0.3688701956628195,-0.313872411985751,0.386781139141199,0.755232800580368,0.1069775915971782,-0.4682573133191957,0.152048418009353,0.2723819899886768,0.0826760695054743,1.254587388272308,-0.1099513511812154,1.0666608991008526,0.2062222827571616,-0.55086752280868,-1.465898347158674,0.2247770785465148,-0.4660076260328844,1.5121714392119543,-1.305701117959657,0.4467781206581646,0.1223392331554673,-1.1970535110272398,1.1671910870327191,-0.5573866723207662,-0.3698903703348641,0.3836982403632052,0.302560204094891,0.9289041933426764,1.11856431493122,0.3003485094004657,-0.4038017444008174,-0.501620560451746,0.1597281760683418,-0.4089366105942492,-1.106515485961933,-1.641252709723232,-1.5172613892440754,-1.3415174019398757,-0.5870329857362047,-0.4511339189202276
G20251B,0,0,0.1675169009442723,10.18730/S41VZ,FULL,Phaseolus,vulgaris,Phaseolus vulgaris,MKD,MARKOVA SUSICA - SOPISTE,41.9,21.41,0.3591811050669926,-1.1701516013788775,0.3859604233784113,-0.58555644489898,-0.2478771030070501,0.137077414048362,-2.025582144233169,-0.5507772462402284,-0.0734649272657099,2.21525255162208,0.7943950538237766,0.7321985335682625,-0.2124523676773833,0.0846338672645136,-0.0563344631859086,-0.9798014030943843,-0.1611976502679807,0.6071251130757639,-0.4041473794285756,-0.5196281741371581,0.39857738405746,-0.3155291241807879,0.8213172427060557,0.4801703897613444,-0.8655870010671574,-0.1771475265719264,1.117049756179154,-0.1099513511812154,-0.2813215727714414,-1.1698836982734446,-1.190165771813509,0.0626433512748868,-0.9740402740588644,-1.3524466772293378,0.4662921617394877,-1.762311487344522,-0.972862830885232,-0.2687514328987678,-0.4208335194686505,-1.6431737564078783,-1.9536097209840424,0.4942277866871773,-0.464055405848759,-0.6684681660772357,-0.346159728368452,-0.4200050811441545,-0.4400908609736454,-0.6709010416633422,-0.732286735405459,-1.771418256224455,-1.7424234904186666,-1.329405737592016,-0.3814416533780886,0.4563120857808719,-0.3872500613701691,-0.6940846030272442,-0.4511339189202276
G24308,1,1,0.9992678295906336,10.18730/JY55$,FULL,Phaseolus,vulgaris,Phaseolus vulgaris,CHN,HANGZHOU - HANGZHOU - ZHEJIANG,30.23,120.0,0.3591811050669926,-1.6776703053024606,0.3859604233784113,-0.5090050505534395,0.3852453602993352,-0.8459619948295805,-0.2121273339551163,-0.9548234149298692,1.0515971954741423,-0.4220724834696531,0.7943950538237766,0.7321985335682625,0.2585571411675366,-0.6094166088342632,-1.2735568509887132,-0.9798014030943843,-0.294667587114274,0.6071251130757639,1.9204330322241565,-0.5196281741371581,-0.6175540856587496,1.057617702097602,-0.2103424021141454,-1.1604394689986126,-0.81139800149307,-1.2164419108815294,2.3548884450175387,-0.1099513511812154,0.2578714159774761,0.2062222827571616,-0.277816871209088,1.3975965350264463,0.3948457433111166,-0.008490696383102,0.8149185875636432,-0.8962506083601199,1.0168269969535824,0.0320875409891053,-1.2027195305436529,-1.981348260025972,1.0327563436524194,-1.386638103016163,-0.171726562327392,-0.4393491124411159,-0.373580457867616,0.7750002750308936,0.9465501417269628,0.7504487901979502,0.2272845524019869,-1.031625841863533,-0.7345060137003171,-1.187331177198131,-0.833028337178278,-0.2974286110412628,-0.2876967658404646,0.2693796973612255,0.0648911749314939
G3038,0,0,0.00030948446853544965,10.18730/K1KJF,FULL,Phaseolus,vulgaris,Phaseolus vulgaris,GTM,MORAZAN - MORAZAN - EL PROGRESO,14.94,-90.15,0.3591811050669926,-0.3219309262976804,0.3859604233784113,-0.6064972187085579,-0.4407953051225692,-0.2634201229019108,0.9115926738901892,0.6262998234075875,-0.7913516512331161,-0.4718931302899211,-0.1772172155267593,-0.2768287559180501,0.2585571411675366,0.2003089466143097,0.2141594007702701,0.2539648111647425,-0.4281375239605672,-0.5501130572156805,1.288508260124385,-0.5196281741371581,-0.3685682288408704,0.7407376652641275,0.3054874202959551,-0.0120125678666426,0.5975159874332009,-0.1771475265719264,0.0167486994339235,-0.1099513511812154,0.527467910351935,-1.1698836982734446,1.6073773260646425,1.409695855656631,0.2647932349617152,0.639658287287423,-0.463378307124927,0.5666331163811871,0.5947715789271673,-0.5094226120090664,-0.8401056988450298,0.4345417913303767,1.3485687006839795,1.142316410052129,-0.8586993446026043,0.2152767550906549,-0.4147115521163622,-0.2855669785744616,0.1926482373460496,1.2274118210238874,0.568670491333482,0.907163074048695,0.7617655676771341,1.39388173684057,1.2614737105426002,0.7203183492682365,0.9667779218706308,-0.1588267718029321,-1.0961655169161562
G16865,1,1,0.9289652602669588,10.18730/JHJJV,FULL,Phaseolus,vulgaris,Phaseolus vulgaris,GTM,TAMAHU - ALTA VERAPAZ,15.31,-90.23,0.3591811050669926,0.1819479494360958,0.3859604233784113,0.440516901311086,1.369712791700954,-1.100824063797936,-0.4211559517120248,-1.0940278300484036,1.7557965235311073,-0.4857848181084257,0.7943950538237766,0.7321985335682625,0.9650714044349166,0.2003089466143097,-0.0563344631859086,-0.1572905935882998,-0.1611976502679807,-0.0395668056165138,-0.2010287026822204,0.6232357426051183,1.179181691918919,0.4238576284306529,-0.9840871357292964,-0.996378483122617,0.0556259916923274,-0.047235728533226,0.1542863315270773,-0.1099513511812154,0.527467910351935,1.582328263787768,0.501276835851918,0.1513713563998769,2.3372966692989707,1.6881345844015077,2.1706880213242483,-0.4639855893241774,1.7403505707131512,0.5685837110891458,-0.4123348508053043,0.50918352026112,0.4122127283072616,0.4566574008776263,0.4567804512435469,2.102781339807261,1.395056594828465,0.2969981325608744,1.1350256178221911,2.181337882675761,2.3032801269854035,0.6844392657109912,0.4730798442257842,1.3076016394353769,1.314076115468776,0.8374042827551701,0.7687029711794051,0.4834829319433041,-0.3221277223510561
G20813,1,1,0.9982362024385252,10.18730/JTS9Q,FULL,Phaseolus,vulgaris,Phaseolus vulgaris,RWA,BISIZI - KANAMA - GISENYI,-1.7,29.37,0.3591811050669926,0.7843032859166826,0.3859604233784113,2.195839227214168,1.815763059016533,-1.2282550982821137,-1.1777297230028037,-1.4540529302084573,0.8140905680363563,-0.9109155251122938,1.7660073231743127,1.7412258230545752,2.1425951765472164,2.166785295560844,2.6486041763758794,-0.4314608634236613,-0.4281375239605672,0.6071251130757639,-0.5621285724535185,0.9779176478009972,0.93019583510104,0.2126042705416698,-0.5972147689217209,-0.8323174972466213,-0.3236970053262839,-0.5668829206880276,0.9795121240860004,-0.1099513511812154,1.3362573934753113,0.2062222827571616,-0.2778168470279143,-1.1311518225797992,0.6566180998605528,0.1058885360293435,0.1951382749873667,-0.951687669068404,0.2823409448037171,0.3379404977751097,-0.7154572076081013,1.2012422473392417,-0.3468450569339166,-0.132727543646067,0.7344928525888456,0.5207688266054813,1.1482700293359889,2.014818332062506,1.000400277754171,-0.6232047385807484,-0.8430064993832411,-0.0444353149078866,-0.566401550658622,-0.8137383554336437,-1.5734319989693577,-1.7396120802408963,-0.9061651665664529,-0.5870329857362047,-0.4511339189202276
G17212,0,0,0.0009269414982443768,10.18730/JPKR5,FULL,Phaseolus,vulgaris,Phaseolus vulgaris,ECU,"CANGONAMA, COCHAPAMBA - PALTAS - LOJA",-3.97,-79.69,0.3591811050669926,0.9928111200781754,-1.80637314900962,0.2993299425181115,0.6792994683723841,-0.2361134726553013,0.844038124296135,1.2417055086086546,-0.293633083490816,-0.9511568154337808,0.3085889191485086,0.2276848888251061,0.0230523867450766,-0.8407667675338554,-0.867816055054445,0.2539648111647425,-0.9620172713457402,-0.2437853062561805,-0.6975410236177554,-0.2831735706732388,-0.3214627964699203,-0.526782482069771,-0.3392998577166706,-0.8323174972466213,0.5433269878591136,0.2125878675441747,-0.5334018289386918,-0.1099513511812154,-0.5509180671459002,0.2062222827571616,0.624721918445244,-0.0583493550136902,-0.4288201429017588,0.4013682197614947,-0.7732684634130653,1.3543390444700416,-0.5891760872248545,-0.8253035345913331,0.2024087611066383,1.2324244489932858,0.4288344688524035,0.4989240541220666,0.5883284308281621,-0.9848706687175915,-0.8123121298542408,1.2081897166443485,-0.6016412690552697,-1.0715499875571293,-1.073672674336954,0.3044986514878493,0.2865335413567301,-0.5028424044502637,-0.3116359462119055,-0.7987027637821971,-0.2242508831971814,-0.1588267718029321,0.5809165763582509
G50507,0,0,0.0233529397327927,10.18730/PG8EX,FULL,Phaseolus,vulgaris,Phaseolus vulgaris,GTM,"4 KM SE ALMOLONGA, ALMOLONGA - ALMOLONGA - QUEZALTENANGO",14.78,-91.48,-2.9470184280009937,1.162455255094415,-2.902539935203636,4.114283201215252,1.7730872143061305,-0.9460863790671488,-0.4091990915354827,1.6946084264306416,0.5261387745873934,-0.3677053722899472,0.3085889191485086,0.7321985335682625,1.6715856677022964,1.4727348194620673,1.2961348565949853,-0.1572905935882998,0.2392121602708989,-0.0395668056165138,1.288508260124385,1.6084632570381152,2.0136207796328924,1.58575109682006,-0.9840871357292964,-1.816683412502596,-0.1069410070299345,-0.1771475265719264,0.2918239636202311,-0.1099513511812154,1.3362573934753113,1.582328263787768,-0.601553593460213,-1.308607832829778,0.5849224862833187,0.8398219440092028,-0.6570596548050135,0.4788355620529705,1.2196328471740676,-0.7400658253231024,-0.1828682843303519,0.5310846376588663,-0.488129547743528,-0.5600903211316851,-0.931781555482946,0.7171565868650126,-0.346159728368452,-0.2258167107657092,1.148488151828993,1.5994429850681182,0.6055770793260761,1.0442910658487716,0.6426029103311224,1.4065361511266652,1.3378960724164783,0.5131663130990464,0.3906067762401646,1.3398956150407346,-0.0641150216376775
G1724,0,0,0.00037855753973281954,10.18730/K0DVX,FULL,Phaseolus,vulgaris,Phaseolus vulgaris,SLV,NUEVA CONCEPCIÓN - NUEVA CONCEPCION - CHALATENANGO,14.14,-89.31,0.3591811050669926,-0.5914432260651059,0.3859604233784113,-0.6121622049802945,-0.7857096664806186,0.3828372662678477,1.291849562281744,1.4839558264229047,0.4383060758971118,-0.6455393936232108,-0.1772172155267593,-0.7813424006612064,-0.4479571220998433,-0.9564418468836516,-0.867816055054445,0.5281350810001041,-0.0277277134216875,-0.0395668056165138,0.1149336833676655,-0.559037274714478,-0.3954856187671276,-0.2099024452362963,-0.3392998577166706,-0.0120125678666426,0.1640039908405021,-0.3070593246106268,-0.2583265647523842,-0.1099513511812154,-0.2813215727714414,0.2062222827571616,1.360487176470887,1.115280207532242,0.7333157329896869,0.8588851494112771,-0.734532193877048,0.7762876318942081,-0.3918514761995175,-0.6949399792399215,-0.5511477492892418,0.4990760097455469,1.077080844202204,0.9215905417791193,-0.9610144398350828,0.662604431237365,-0.7574706708559128,-0.2706294116222735,0.9061625397065568,1.6185215063011558,1.5374684261390763,1.0656900199831785,0.9624979011826182,1.5425711047021866,1.4182884271149736,0.6854177344788621,0.9270597676955672,0.1623282076856287,-0.9671593203469846
G51375,0,0,0.0004486685293400721,10.18730/K3YC4,FULL,Phaseolus,vulgaris,Phaseolus vulgaris,ARG,"23 KM SW EL CARRIL (ROAD 33), PEÑA BAJA - CHICOANA - SALTA",-25.12,-65.58,-2.9470184280009937,0.5969748050402833,0.3859604233784113,-0.2792276144075179,-0.1432335933746928,0.3282239657746287,0.1407289039304203,0.7521897995369554,-1.4940131535014256,0.4657966917098436,0.7943950538237766,0.7321985335682625,0.7295666500124566,-0.3780664501346709,-0.7325691230763556,-0.1572905935882998,0.9065618445023652,-0.924513641721736,-0.3815786375678694,0.1897356362545997,0.2841784768708669,-0.2099024452362963,-0.726172224524246,-0.6682565113706256,1.4645399806185984,0.0826760695054743,0.0167486994339235,-0.1099513511812154,-0.0117250783969826,0.2062222827571616,-0.2998897844199491,-0.2519378312331372,-1.1124294816614326,-0.7996137205691841,-0.734532193877048,1.272044771230908,-0.0246084501245848,-0.8353315003875956,0.091924798692427,-0.5622830989256649,0.3124824963923026,-0.8418679347823672,0.6760270838845722,-1.0612436865962982,-0.6203670233600925,-0.8830696566619857,-1.1401426293273509,-1.1001677694066854,-1.0644460273388057,1.5790465625341017,0.8908584464686469,-0.2324980992473245,-1.4136397877785214,-1.909611849053656,-0.0633149857605606,-0.0517750268964503,1.096941977785008
G22494,1,1,0.9837031028482968,10.18730/JW41P,FULL,Phaseolus,vulgaris,Phaseolus vulgaris,BDI,"3 KM NE MUSHIHA, MUSHIHA, MUGERA - CANKUZO - RUYIGI",-3.03,30.69,0.3591811050669926,0.2435495237564511,0.3859604233784113,0.0334864673311388,0.9616615641960076,-0.8277575613318409,-0.1362295255718265,-0.5445825296236769,1.0723025139398028,-0.7827081815042801,-0.1772172155267593,-0.2768287559180501,-0.6834618765223034,-1.30346708493304,-1.2735568509887132,-0.4314608634236613,-0.1611976502679807,0.6071251130757639,-0.8555222166426983,-0.3225826712505587,-0.7050356029190855,-0.738035839958754,-0.8551296801267712,-0.3401345396186341,-0.7030200023448953,1.511705847931179,-1.2210899894044611,-0.1099513511812154,-1.3597075502692766,1.582328263787768,0.4661236275699255,-0.1188458043143737,-0.2487474390333568,-0.2849071747131789,-0.7732684634130653,-0.0375270013228254,-1.038637701227011,1.2003455562536796,-0.3188484823776055,0.992774554492977,0.2487659872227583,0.4120426587030942,0.5152462199478204,-0.526632561445352,0.6546968983510357,1.402378087022794,-0.211227782858011,-1.0620107269406105,-1.073672674336954,0.318473478677666,0.428039196955119,-0.3371846174322924,-0.7718242811320984,-0.945341637211746,0.7331113784770755,-0.1588267718029321,0.5809165763582509
G23545,0,0,0.0002390472354012684,10.18730/PGCKE,FULL,Phaseolus,vulgaris,Phaseolus vulgaris,MEX,AGUA BLANCA - PANUCO DE CORONADO - DURANGO,24.33,-104.28,-2.9470184280009937,1.077633187586295,0.3859604233784113,-0.4767572097133403,-1.2487133515578643,0.4920638672542858,0.7121044460711847,0.6037300796393313,-1.4061805420650872,0.4588508146801955,-1.634635619552563,-1.790369690147519,-0.9189666309447634,-0.6094166088342632,-0.191581395163998,1.6248161603415503,0.9065618445023652,-0.6522223075355139,0.2729148763926085,-0.874310079333037,-0.9472921122554004,-0.3155291241807879,0.9502746983085808,1.6285972908933144,0.8684609853036377,-0.4369711226493272,-1.2210899894044611,-0.1099513511812154,-0.0117250783969826,-1.1698836982734446,-0.0791602506723744,0.1029741508042595,-1.0073870710715316,-0.6661712827546642,-0.734532193877048,1.36425451719421,-0.5069574992976308,-0.73003785952684,1.9276564254284376,-0.1276932021949599,0.340185282816431,-0.2031719358618995,-0.8294664602504677,-0.8757663574622965,-0.9768365068492252,-1.0473828931360547,-1.0189798232661325,-0.4991943505660048,0.0704315534334621,-0.1916077137506439,0.2485859094042799,0.4715474955790532,0.7189080245116034,0.8193910622187187,0.0749248235760238,0.4834829319433041,0.4519103797890794
G19395,0,0,0.0059696956712291,10.18730/JV24A,FULL,Phaseolus,vulgaris,Phaseolus vulgaris,PER,SAN MIGUEL - SAN MIGUEL - CAJAMARCA,-7.0,-78.86,0.3591811050669926,1.9258538626674924,-1.80637314900962,4.008860480744592,1.3363905567900916,-0.7367353938431425,0.0108504464552475,-0.1521108635609465,-0.2350779219459803,-0.7288895867750314,0.7943950538237766,1.2367121783114188,0.2585571411675366,0.0846338672645136,0.0789124687921807,-0.8427162681767036,-0.0277277134216875,0.6071251130757639,-0.8555222166426983,0.3079629379865593,0.109215442350195,-0.3155291241807879,0.0475725090909048,-0.8323174972466213,0.2723819899886768,0.7322350596989763,0.0167486994339235,-0.1099513511812154,-0.5509180671459002,0.2062222827571616,-0.752794195657715,-1.703850710552942,-0.3021023142536241,-0.4469444206308101,-0.2696969594448407,-0.4354758141510328,0.1014600513638248,-0.5896463383791658,0.6811720669040339,1.3675348233494622,-0.6986710970816611,-0.5389569945094652,0.6321777573563672,-0.0247527296709943,-0.1679249866238857,0.7003124402699531,-0.3997032589532394,-0.9189218176928294,-0.9537262633610234,0.1713010798349088,0.3822892481526324,-0.7432762758860691,-0.7480043241843961,-1.0463845461584027,-0.4754553128498556,0.6975861665253832,1.4839608750675577
G50889,1,1,0.9369940649625508,10.18730/PHH2$,FULL,Phaseolus,vulgaris,Phaseolus vulgaris,COL,"3 KM SW GUÁTICA VÍA BELÉN DE UMBRÍA, VEREDA JORDÁN - GUATICA - RISARALDA",5.31,-75.81,-1.2939186614670004,0.9079890525700556,2.5782939957664426,0.627732614644144,1.2598078765563552,-1.4194016500083804,0.0535206787686654,-2.706020088015373,1.6679638248408255,-0.9303192671458258,0.3085889191485086,0.2276848888251061,1.4360809132798364,0.8943594227130865,1.0256409926388066,0.8023053508354656,-1.2289571450383268,0.6071251130757639,0.4308960694175514,2.9877817772443107,0.8629023602853968,1.797004454709043,-1.2420020469343465,-0.5041955254946299,-0.3236970053262839,-1.3463537089202298,0.5668992278065389,-0.1099513511812154,1.60585388784977,1.582328263787768,0.3533062750638888,-0.3487320116490232,2.125544508268535,1.268744065555874,3.875083880909009,-1.3401854280949943,1.6745757003713724,3.17585481811738,-1.010080774171847,1.2180710319508454,0.1434951663195909,0.3580352472967256,0.7783421791170506,1.9282144417987888,3.424190577766605,2.238881836345328,1.781227250148688,0.6932132264988378,0.2549644933964324,1.0456012058978168,0.2354638310655822,0.2966864981711946,-0.3093201170642122,-0.5946467498927095,0.1357916052988483,-1.4434457964490774,-1.6121908414491544
G14690,1,1,0.9047309564061312,10.18730/JJCZN,FULL,Phaseolus,vulgaris,Phaseolus vulgaris,ESP,ESTELLA - ESTELLA - NAVARRA,42.67,-2.03,0.3591811050669926,-0.8641781465365401,0.3859604233784113,-0.5951639011372467,-0.1742174258356701,-0.1177846549199934,-2.013574170252922,-0.7138441162898486,-0.0456733261878635,2.41976487921714,0.7943950538237766,0.7321985335682625,-0.4479571220998433,-0.2623913707848747,-0.3268283271420874,-0.7056311332590228,0.6396219708097787,0.6071251130757639,-0.2913036701250449,-0.3619917718278785,-0.1061236770598626,-0.3155291241807879,1.4661045207186814,0.9723533473893315,-1.0281539997894191,-0.9566183148041288,1.6672002845517695,-0.1099513511812154,-0.2813215727714414,-1.1698836982734446,-1.0536404694944266,-0.4132615293638761,-0.7272739761651286,-1.1808778286106694,0.6599735094195741,-1.6455168693350533,-0.972862830885232,0.0070176264984492,-0.7919460614111998,-1.3559118807442314,-0.8039419047750866,0.334553753366547,-0.0986443514470502,-0.5157221303198225,-0.1816353513734677,-0.0017532064828876,-0.2650779188852191,-0.6136654779642297,-0.732286735405459,-1.8605077795595368,-2.0350103722950346,-1.3104241161628734,-0.5547980067196998,0.2925043615275177,-1.060395401609881,0.80463765620098,1.096941977785008
G1944,0,0,0.0073944666012078,10.18730/K0M37,FULL,Phaseolus,vulgaris,Phaseolus vulgaris,GTM,PANAJACHEL - PANAJACHEL - SOLOLA,14.74,-91.25,0.3591811050669926,0.4188484632732319,0.3859604233784113,1.5330175182308832,0.81551141107819,-0.1632957386643426,0.0791899571923033,0.8224069502180956,0.5846939034120002,-0.7775105603805903,-1.1488294848772953,-0.2768287559180501,0.7295666500124566,2.28246037491064,0.484653264726449,0.5281350810001041,0.5061520339634855,-0.6862587243087916,1.1079583252387355,0.4261902397185189,2.2087718565982573,1.3744977389310766,-0.8551296801267712,-1.1604394689986126,0.7058939865813756,-0.3070593246106268,-0.1207889326592303,-0.1099513511812154,1.60585388784977,0.2062222827571616,-0.0243865756329674,-0.6108829586098193,1.8054152569469315,2.3648783761751444,-0.5021145766609444,0.5722145558086261,2.376174317350348,-0.5896463383791658,-0.2565242907927886,0.3402628687180691,-0.0864384312675329,-0.1491645244555322,-0.8733157867786727,2.004587459677495,-0.1953457161230497,0.1476224630389933,1.59275177405346,3.0589498593954856,1.5559217201353734,1.0499683393946346,0.7270097926178807,1.4813122355444994,1.3984384629918882,0.7535302246323187,0.7583865674975705,0.80463765620098,-0.580140269276917
G20007,0,0,0.1587492672700678,10.18730/JMTS*,FULL,Phaseolus,vulgaris,Phaseolus vulgaris,MKD,GLISIC - KAVADARCI,41.45,22.03,0.3591811050669926,-1.4104807926518836,0.3859604233784113,-0.5946152371475213,-0.6296213029507894,0.5921882514918541,-1.663593523474402,-0.199485798439696,-0.0594831916121923,1.90157096794514,0.3085889191485086,-0.2768287559180501,-0.6834618765223034,-0.2623913707848747,0.0789124687921807,-0.8427162681767036,-0.5616074608068605,0.6071251130757639,-0.6298347980356369,-0.6772645764464376,-0.5973660432140567,-0.738035839958754,1.208189609513631,1.4645363050173188,-0.81139800149307,-0.8267065167654283,1.6672002845517695,-0.1099513511812154,-0.5509180671459002,-1.1698836982734446,-0.8746042322078459,0.469985568859514,-1.1207661809145997,-1.4191678961365977,0.233874544523384,-1.7086156898725342,-1.0715251363979004,-0.3941010053520483,-0.2338608298926984,-1.6341860330730893,-1.6322567914764534,-1.767037907162322,-0.5956033854333741,-0.7448411839559423,-0.4421322816155262,-0.5245680498094712,-0.5612536670348637,-0.747215126595492,-0.7784199703962016,-1.7867032234633171,-1.7168886352730923,-1.3483873590211586,-0.3354559031596078,0.5486298410301849,-0.3769336576883345,-0.6940846030272442,-0.580140269276917
G20728,1,1,0.9962451434176648,10.18730/K3F2*,FULL,Phaseolus,vulgaris,Phaseolus vulgaris,RWA,MARABA - MARABA - BUTARE,-2.52,29.68,0.3591811050669926,-0.248327626419525,0.3859604233784113,0.1562357438130054,0.908462908461122,-0.9096775120716694,-0.5505300661313305,-1.5002651185422258,1.5439996948915329,-0.9242641092703686,-1.1488294848772953,-0.7813424006612064,-0.9189666309447634,-1.5348172436326322,-1.4088037829668023,0.1168796762470617,-0.828547334499447,0.6071251130757639,-0.6524035398963431,-0.4408099729825183,-0.5166138734352851,-0.526782482069771,-1.2420020469343465,-0.8323174972466213,-0.4862640040485459,1.7715294440085794,-1.9087781498702303,-0.1099513511812154,-1.3597075502692766,1.582328263787768,0.2339488163495581,-0.4334269483598423,0.2381157973515816,0.0772937279262322,-0.4246420375889098,-0.5835641038922812,-0.3425203234431833,0.9997862403284308,-0.5908086623375259,1.0899139106657048,0.0631569958633642,0.2547167814935836,0.6760270838845722,0.0407098570821827,0.8603523695947661,1.9700056312059413,0.7176870636113285,-0.8807647752267544,-0.9906328513536174,0.1461900622282069,-0.137628774672526,-0.6000513141934481,-1.256825071206148,-1.5223276075199523,-0.2113553785948881,-0.265878261478529,-0.0641150216376775
G6781,0,0,0.0002880771645025187,10.18730/JFV7*,FULL,Phaseolus,vulgaris,Phaseolus vulgaris,MEX,VILLA DE AYALA - AYALA - MORELOS,18.76,-98.99,0.3591811050669926,0.0170163296442895,0.3859604233784113,-0.6052091480770556,-1.6123349325149945,1.3931833253923998,2.0591634469562146,0.3173430211188681,-1.0548497473039609,-0.270463491319622,-0.6630233502020273,-1.2858560454043628,-0.4479571220998433,-0.1467162914350786,0.3494063327483596,1.076475620670827,1.0400317813486584,-0.788367974628625,0.5888772624424944,-0.6378554758691177,-0.8934573324028859,-0.1042757662918048,1.0792321539111058,0.6442313756373401,1.1394059831740744,-0.1771475265719264,-0.9460147252181532,-0.1099513511812154,-0.0117250783969826,-1.1698836982734446,1.0678161196936489,1.0547839120817897,-0.4421588617068255,-0.1038067233934733,-0.734532193877048,1.1831293382404655,-0.2328955395402183,-0.800233620100677,1.0352869895317962,0.3284855874566024,0.9551883884318388,0.6609462211601436,-0.8586993446026043,-0.5157221303198225,-0.9357054126004792,-0.9577574914229262,-0.4266283269668434,0.6550561840327628,0.4487240803575513,0.3940248881726126,0.5393995374510944,0.8198314887713504,0.6001390725084766,0.3583651991139179,0.1161904383033625,-0.9081878376093228,-0.8381529699902952
G51983,1,1,0.991616922811922,10.18730/PH4XF,FULL,Phaseolus,vulgaris,Phaseolus vulgaris,AZE,"R28, AZERBAIJAN - BARDA - BARDA RAYONU REGION",40.22,47.07,0.3591811050669926,-1.6338455704232655,0.3859604233784113,-0.5952531668800747,-0.5167933847438343,-0.0631713544267743,-1.934977593242753,-0.7718376259499485,0.0626182837648246,2.1842527070986457,0.7943950538237766,0.2276848888251061,-0.4479571220998433,-0.2623913707848747,-0.0563344631859086,-0.4314608634236613,-0.5616074608068605,0.6071251130757639,-0.7201097654784615,-0.7954918781783972,-0.6175540856587496,-0.8436625189032455,1.7240194319237316,1.6285972908933144,-0.973965000215332,-1.2164419108815294,1.804737916644924,-0.1099513511812154,-0.2813215727714414,-1.1698836982734446,-0.6775826321931369,1.022519133993085,-1.2574880486665343,-1.4096362934355606,-0.1922244203728061,-1.096685721734134,-1.2688497474232374,-0.5946603212772971,-0.6276367499963188,-1.798970796387078,-0.1279926241134687,-1.919667469350381,-0.7563842493701259,-0.7557516150814718,-0.7574706708559128,-0.5395056167616593,-0.5208660650144575,-0.6899795628963796,-0.8799130873758353,-1.6008816931737229,-1.7129874768480744,-1.5479819843518392,-0.594828767701255,0.4194412749953231,-0.3800285787928849,-0.4799814960606078,-0.580140269276917
G9996,0,0,0.000532777355651905,10.18730/JRGZ3,FULL,Phaseolus,vulgaris,Phaseolus vulgaris,MEX,ARROYO DE MIRANDILLA - TALPA DE ALLENDE - JALISCO,20.43,-104.7,-2.9470184280009937,0.3030761095446224,0.3859604233784113,-0.514920857038204,-0.855861739977171,1.1747301234195238,0.763144252454394,1.157946205542743,-0.293633083490816,-0.2148966738048107,-1.634635619552563,-1.790369690147519,-0.4479571220998433,0.2003089466143097,0.484653264726449,1.213560755588508,1.306971655041245,-1.1287321423614027,0.8822709066316742,-0.5984463752917978,-0.5973660432140567,0.1069775915971782,-0.3392998577166706,0.152048418009353,1.3561619814704238,-0.3070593246106268,-0.8084770931249995,-0.1099513511812154,0.527467910351935,0.2062222827571616,0.0352921576224234,-0.2116069547786493,0.1664201837743475,0.8112271359060915,-0.6183233852689962,1.229218353521688,1.1757829336128818,-0.5645764238885097,1.151436609479201,0.0744113881310611,0.2681579430035463,-0.0998534028777288,-0.551754058905169,-0.1338570409262895,-0.6889188471080027,-1.0175077592316786,-0.8439668811777061,0.7981450932805438,1.528241779140928,0.2363713689374929,0.5620971864693822,0.9938296852051568,1.0738915495794443,0.8613280912801444,0.2828003577649923,-0.6940846030272442,-0.8381529699902952
G20887,1,1,0.996127887265812,10.18730/JTVEJ,FULL,Phaseolus,vulgaris,Phaseolus vulgaris,RWA,NYABITARE - RUSUMO - KIBUNGO,-2.22,29.78,0.3591811050669926,-0.2253456434021149,0.3859604233784113,0.1217126760766585,0.9295085305100876,-0.991597462811498,-0.5349383427314338,-1.4814477207181571,1.529030736003754,-0.9251866124596192,-1.1488294848772953,-1.2858560454043628,-0.9189666309447634,-1.6504923229824284,-1.8145445789010708,0.5281350810001041,-0.9620172713457402,0.6071251130757639,-1.0135034096676412,-0.5984463752917978,-1.028044282034172,-1.0549158767922286,-1.4999169581393967,-1.3245004548746084,-0.973965000215332,1.381794049892478,-1.9087781498702303,-0.1099513511812154,-1.0901110558948175,2.958434244818374,0.3336858862709678,-0.3003348829785235,0.0930572303464801,-0.0656803125893248,-0.4246420375889098,-0.5858498463559431,-0.4302201505655553,0.9295904797545936,-0.4491627797402564,1.0456641834404252,0.1241032369582894,0.3298574859316582,0.4129311247153419,-0.0902153164241714,0.7232487220989459,1.7459421269231203,0.7446121316249326,-0.8903040358432732,-0.9906328513536174,0.1673706596877728,-0.0929427781677716,-0.5825076943877255,-1.260795064030765,-1.484612427021757,-0.1860801895743932,-0.265878261478529,0.3229038756448727
G19909,0,0,0.0051808105062494,10.18730/JVZ3C,FULL,Phaseolus,vulgaris,Phaseolus vulgaris,GTM,5 KM W DE SAN MIGUEL DUEÑAS - SAN MIGUEL DUEÑAS - SACATEPEQUEZ,14.55,-90.83,-2.9470184280009937,0.8373039963132892,-2.902539935203636,2.150199804555596,1.2668230839060104,-0.536486625368006,-0.4933436420908714,1.4493485288337913,0.7896368597514953,-0.6108101409565528,-0.1772172155267593,-0.2768287559180501,1.2005761588573765,1.241384660762475,1.2961348565949853,0.5281350810001041,0.1057422234246057,0.4029066124360972,1.4013519694279153,0.8202812454917177,0.4524121639099744,1.2688710599865851,-0.8551296801267712,-1.488561440750604,0.2723819899886768,-0.3070593246106268,-0.1207889326592303,-0.1099513511812154,1.3362573934753113,0.2062222827571616,-0.3513933829658611,-0.994026650321754,0.8917130187998552,1.278275668256911,-0.5408508461969617,0.6125816176567725,1.3785887838333668,-0.479338714620279,-0.5114870793923675,0.513676266944591,-0.3080611189528552,-0.3464089211920387,-0.887932228954741,0.8480817603713667,-0.305028634119706,-0.2556918446700854,0.9465501417269628,2.0382489734279803,1.2606690161946208,0.9390431485754644,0.645794767224319,1.342401278722138,1.3762726697211098,0.6916097790382673,0.5814602443541059,1.4469471047163314,-0.0641150216376775
G20889B,1,1,0.9906904018628948,10.18730/S2R2T,FULL,Phaseolus,vulgaris,Phaseolus vulgaris,RWA,BIRENGA - BIRENGA - KIBUNGO,-2.22,30.5,0.3591811050669926,0.2446990391170191,0.3859604233784113,0.2861115959240681,1.251038867369286,-1.0462107633047169,-0.276769080420692,-1.0311981610965752,0.5804236537381551,-0.8453833648702702,-1.1488294848772953,-0.7813424006612064,-0.2124523676773833,-0.3780664501346709,-0.3268283271420874,1.076475620670827,-0.4281375239605672,0.6071251130757639,-0.6975410236177554,-0.0073098666319996,0.0082752301267304,-0.3155291241807879,-1.1130445913318214,-0.3401345396186341,-0.7572090019189827,0.0826760695054743,-1.0835523573113073,-0.1099513511812154,0.2578714159774761,1.582328263787768,0.3925470760390779,-0.2559708611847485,-0.1637131066510559,-0.2849071747131789,-0.5021145766609444,-0.4030594162533393,-0.7042821103229677,-0.2637374500006366,-0.528484578820004,1.0931047740238973,0.2376847828268546,0.3415981993062325,0.3252324716589318,-0.2320509210560551,0.7232487220989459,1.402378087022794,0.1522606353256435,-0.9952359026249792,-1.0090861453499145,0.2335327321645613,0.0847372555535137,-0.3771610625633654,-0.936578983353706,-1.1114010140321566,0.2141962732807918,-0.3729298787695683,-0.0641150216376775
G9542,1,1,0.958392971365062,10.18730/K33Y9,FULL,Phaseolus,vulgaris,Phaseolus vulgaris,COL,MEDELLIN - ANTIOQUIA,6.3,-75.6,0.3591811050669926,0.4847755555915527,0.3859604233784113,0.9594856006055056,0.9873839911447434,-1.155437364291155,-0.0583853156740212,-1.4972766993325923,1.2580779121618353,-0.8816983183805641,0.3085889191485086,0.2276848888251061,1.2005761588573765,0.8943594227130865,1.0256409926388066,-0.020205458670619,-0.4281375239605672,0.6071251130757639,1.1530958089601475,1.647872357615435,2.000162084669764,1.6913777757645514,-1.2420020469343465,-0.996378483122617,-0.0527520074558472,0.0826760695054743,-0.1207889326592303,-0.1099513511812154,1.0666608991008526,1.582328263787768,0.2903574926025772,-0.4092283070994756,2.348968048253404,0.9446695737206112,2.248160560396282,-1.155832838972033,2.551573971595092,2.308435776740679,-0.5766440389559273,1.3018138015886862,0.1185626215505952,0.2476723579475731,0.3983146825392735,2.0264083219285545,1.83378826681509,2.3583823719628323,2.7639922326452355,1.160636996708256,1.0207761942427591,0.936204511802533,0.2808591291021581,0.3631221731731935,-0.2418302390457224,-0.4511038987428631,0.3849327542151555,-1.336394179158038,-1.4831845679862237
G3535,0,0,0.00022819298680841417,10.18730/K20KS,FULL,Phaseolus,vulgaris,Phaseolus vulgaris,MEX,TOTOLAC - TOTOLAC - TLAXCALA,19.33,-98.27,0.3591811050669926,1.3038253676079476,0.3859604233784113,-0.3728649386641329,-0.7126345899217098,0.8743569707068191,0.2070505947391515,1.064155607626117,-0.7620741140876701,-0.2913009899269826,-1.1488294848772953,-0.7813424006612064,-1.1544713853672233,-0.2623913707848747,0.0789124687921807,0.3910499460824232,0.5061520339634855,-0.3799309733492916,-0.1784599608215142,-0.5984463752917978,0.6273751984306463,-0.2099024452362963,0.3054874202959551,0.152048418009353,0.2723819899886768,0.4724114636215755,-0.8084770931249995,-0.1099513511812154,-0.2813215727714414,0.2062222827571616,-0.4895537630012168,-0.9617619491581628,-0.6155622061726941,-0.5899184611463671,-0.6183233852689962,0.630313756042403,-0.3260766058577385,-0.7751637056100209,1.4063992832572807,0.5152509200527242,-0.3163719495961979,-0.6281865628348162,-0.8733157867786727,-0.5593638548219406,-0.9494157773500612,-0.6291310184747879,-0.2650779188852191,0.168553892590307,0.1719246704130957,0.3215304721254384,0.4418705768256382,0.7039285579237072,0.5683791299115403,0.5021895068346464,-0.1004540390151654,-0.3729298787695683,-0.1931213719943667
G19699,0,0,0.003234588812813,10.18730/JVACF,FULL,Phaseolus,vulgaris,Phaseolus vulgaris,PER,"SOROCHUCO, CHACATO, SUROPATA Y SOROCHUC - CELENDIN - CAJAMARCA",-6.9,-78.23,0.3591811050669926,2.010675930175612,-1.80637314900962,3.2067514436019566,1.57958441157814,-1.3010728322730725,0.3146974566116087,-0.1480985369480468,-0.967016961359736,-0.791402248199095,1.2802011884990447,1.2367121783114188,1.4360809132798364,1.0100345020628827,1.0256409926388066,-0.2943757285059805,0.7730919076560719,-1.0266228920415694,-0.5846973143142247,0.9779176478009972,0.755232800580368,0.1069775915971782,-0.3392998577166706,0.152048418009353,1.085216983599987,-0.4369711226493272,0.7044368598996927,-0.1099513511812154,0.7970644047263937,0.2062222827571616,-0.4920062628725239,-1.405401936320548,-0.3821346270840249,-0.6089816665484414,0.0014569273072803,-0.6515769227873367,-0.0794208420760673,-0.5344925264997225,0.68400492944166,1.309546383323347,-0.5075215167340579,-0.3323199845253133,0.3106160294828635,-0.0574840230475829,0.1062823083677547,0.386623534274003,-0.5477911330280616,-0.8998432964597919,-0.8706864403776867,0.136364011860367,0.160632519458414,-1.1539695395347895,-1.4983329680370183,-1.1702254373465055,-0.8834690784664166,0.2693796973612255,0.9679354736408012
G2906,0,0,0.0006347455562257864,10.18730/K1FS5,FULL,Phaseolus,vulgaris,Phaseolus vulgaris,MEX,SIERRA DE COXCATLAN - COXCATLAN - PUEBLA,18.25,-97.13,0.3591811050669926,1.2812061496057825,0.3859604233784113,-0.5584493342498731,-0.7120499893092386,1.0837079559308254,1.0555949586484734,0.7306229939263845,-0.8499068127779518,-0.2218424845936667,-0.6630233502020273,-0.2768287559180501,-0.2124523676773833,-0.0310412120852824,0.3494063327483596,0.3910499460824232,2.1077912761190043,-3.2049535655313472,0.8145646810495557,-0.5196281741371581,-0.738682340326907,-0.1042757662918048,0.5634023315010054,0.152048418009353,2.8734539695448693,0.3424996655828751,-0.8084770931249995,-0.1099513511812154,-0.0117250783969826,-1.1698836982734446,1.2476698161684,1.3612986500610136,-0.3654612285776914,-0.2086543531048818,-0.3859057680528925,0.5378531459789282,-0.2767454531014043,-0.6147162528698219,1.4148980262168902,0.2414740008174019,1.0909322638337555,0.7290425468395602,-0.6979184806658525,-0.3738865256879388,-0.7026292118575846,-0.7486315540922928,-0.4266283269668434,0.4451924504693505,0.3841375513705117,-0.0088431769088222,-0.1138671733565058,0.1928627809602786,-0.2137094565380183,-0.0750779200444419,-0.8360136215299772,-0.3729298787695683,-0.4511339189202276
G51261,0,0,0.0012560519876138,10.18730/PE5R4,FULL,Phaseolus,vulgaris,Phaseolus vulgaris,PER,MOCHUMI - MOCHUMI - LAMBAYEQUE,-6.55,-79.87,0.3591811050669926,-1.5942619389194763,0.3859604233784113,-0.6166629613600483,-1.117178213751829,-0.5728954923634854,0.473981625795415,2.109894466880915,-2.284507528967904,-0.1801674211381528,0.7943950538237766,0.2276848888251061,-0.9189666309447634,-1.0721169262334478,-1.0030629870325345,-0.7056311332590228,-0.9620172713457402,0.6071251130757639,-0.9909346678069352,-0.874310079333037,-1.317406223741437,-1.2661692346812117,1.4661045207186814,1.9567192626453056,-1.0823429993635068,1.641617645969879,-1.0835523573113073,-0.1099513511812154,-1.898900539018194,-1.1698836982734446,0.8781521586543929,0.9862212490276524,-1.7877021211679398,-1.7051159771677118,-0.7732684634130653,1.7617569715923982,-1.4880993152291673,-0.8604014148782517,-0.9137615026812896,-0.3132956452803905,1.1297162282343016,0.5224055256585697,-0.9610144398350828,-1.1921688601026523,-1.1002297895954634,-1.062320460088243,-1.1805302313477566,-1.119246290639723,-1.073672674336954,0.3811418443570004,-0.2447333059775723,-0.2025876654801908,-0.274582679848813,-1.194712159013244,-0.8483933059481787,1.4469471047163314,2.5160113703460363
G935,0,0,0.1425047173659586,10.18730/JZWAQ,FULL,Phaseolus,vulgaris,Phaseolus vulgaris,MEX,ALTAMIRANO - ALTAMIRANO - CHIAPAS,16.74,-92.03,0.3591811050669926,-0.845000342597752,0.3859604233784113,-0.1912103206358257,0.6483156359114067,-0.6548154431033139,0.7845165413787656,-0.2469043996352579,0.7018041610612138,-0.506622382956579,-0.6630233502020273,-0.2768287559180501,0.0230523867450766,0.2003089466143097,-0.0563344631859086,0.3910499460824232,-0.4281375239605672,0.6071251130757639,0.0697961996462532,-0.1255371683639593,-0.0590182446889125,0.1069775915971782,-0.726172224524246,-1.1604394689986126,0.0014369921182401,0.3424996655828751,-0.6709394610318457,-0.1099513511812154,0.2578714159774761,0.2062222827571616,0.4783863432779282,0.1675037069816721,1.233517688179692,1.3259336817620966,0.7374460484916087,-0.0452164752585929,1.142895498441992,-0.0932620314641751,-0.3273472996334842,0.2290821051922247,0.4648480859198728,0.2030575485920116,-0.3178909840880755,0.9899173650032504,0.229675591113993,-0.1361913090525806,0.7446121316249326,1.6948355912333055,1.103816017226096,0.3200019754015523,0.2081557220904545,0.7525330127952995,0.5290100344007546,0.4639114131946873,0.1646775356079854,0.1623282076856287,-0.1931213719943667
G23470,1,1,0.9967785727897388,10.18730/JXBSU,FULL,Phaseolus,vulgaris,Phaseolus vulgaris,MEX,YALALAG - VILLA ALTA ROAD - BETAZA - OAXACA,17.32,-96.03,-2.9470184280009937,-0.3926159825544468,0.3859604233784113,0.721179474996996,0.8657870637507192,-0.3908511573860885,-0.2538009589224972,-0.5979916836600475,1.9314619209116703,-0.4580014424714164,-0.6630233502020273,0.2276848888251061,1.6715856677022964,3.439211168408601,0.6199001967045383,0.3910499460824232,-0.1611976502679807,-1.3669870597743472,-0.1558912189608081,1.0961449495329567,1.111888217103276,0.6351109863196359,-0.9840871357292964,-0.996378483122617,1.3019729818963364,-0.3070593246106268,0.0167486994339235,-0.1099513511812154,2.145046876598688,1.582328263787768,-0.0235690633314868,-0.401162208733694,2.58573030704334,2.488789211288627,1.2410175524598337,0.1613781192944481,1.477251089346035,0.3630104122657658,-0.871267821654262,0.0631742985546293,-0.0310326734828718,0.0950427257792753,0.0767529546657699,1.950035304049848,0.9700352875914224,-0.2407542777178972,0.448436383475288,2.5533690467199923,2.9214654758613543,-0.0153938771540488,-0.0908148735723071,0.1957387842071184,-0.3652308493442357,-0.2042664860793036,-0.9742534308665616,0.5905344216189015,0.4519103797890794
G52488,0,0,0.0101936354721036,10.18730/K52FC,FULL,Phaseolus,vulgaris,Phaseolus vulgaris,HND,NEAR LAGO DE YOJOA - SANTA CRUZ DE YOJOA - CORTES,14.89,-87.89,0.3591811050669926,-0.7884522975923389,0.3859604233784113,-0.5044814418400109,0.5050884858559456,-0.9005752953227996,0.9164871643175952,-0.2273438529948299,1.7850740606765534,-0.506622382956579,-0.1772172155267593,-0.2768287559180501,0.4940618955899966,0.431659105313902,0.484653264726449,0.6652202159177848,-0.5616074608068605,-0.4820402236691249,-0.5395598305928124,0.1897356362545997,0.533164333688746,0.0013509126526867,-0.5972147689217209,-1.1604394689986126,0.5975159874332009,-0.047235728533226,-0.6709394610318457,-0.1099513511812154,0.527467910351935,0.2062222827571616,1.0506482366193717,0.8047322088260606,1.6170058538253629,1.2210860520506883,0.7761823180276259,-0.3218557185876449,1.0880831064905097,0.7591150612181322,-0.3273472185830137,0.3433704853015863,0.8970123361530739,0.8323609902490251,0.2813831451307267,1.4154241788989017,0.6546968983510357,-0.345317246383214,0.9734752097405668,1.570825203218562,1.6850947781094527,0.7034362964221483,0.9096549370619166,1.5776583443136318,1.6035547589304358,1.2854831435993963,1.3386842746007703,-0.4799814960606078,-0.9671593203469846
