DOI,ACCENUMB,ORIGCTY,DECLATITUDE,DECLONGITUDE,Pred_Resistencia,Probabilidad_Resistencia
10.18730/JKECH,G16570,IRN,35.81,50.93,0,0.0028937592
10.18730/JKEKR,G16576,IRN,34.32,47.07,0,0.0010704834
10.18730/JZXX0,G990,IRN,31.32,48.7,0,0.00048559188
10.18730/JZXWU,G989,IRN,29.62,51.63,0,0.00052145583
10.18730/JZXT$,G987,IRN,29.6,52.53,0,0.00036378927
10.18730/JZXNX,G980,IRN,38.08,46.3,1,0.66287994
10.18730/JZXKV,G978,IRN,37.55,45.07,0,0.013319501
10.18730/JZXJT,G977,IRN,34.8,48.5,0,0.001279168
10.18730/JZWY6,G965,IRN,35.67,51.43,0,0.0073079965
10.18730/JNE6R,G9506,IRN,36.35,59.61,0,0.0006795566
10.18730/K33Q2,G9494,IRN,37.14,58.5,0,0.0017489725
10.18730/K32P6,G9458,IRN,32.68,51.64,0,0.00084990496
10.18730/JZ39U,G67,IRN,31.32,48.77,0,0.0005341399
10.18730/JG93*,G6029,IRN,35.27,59.2,0,0.0007031876
10.18730/JG92Z,G6028,IRN,36.21,58.84,0,0.00089006475
10.18730/JGHPB,G5598,IRN,37.46,59.12,0,0.0021435644
10.18730/JKERX,G5594,IRN,29.65,52.54,0,0.00033101754
10.18730/JK9TK,G5557,IRN,35.8,50.98,0,0.0074096536
10.18730/JK8WT,G5550,IRN,36.64,51.44,1,0.99514896
10.18730/JK94$,G5553,IRN,36.22,57.71,0,0.0009970099
10.18730/JK9B4,G5554,IRN,36.42,55.02,0,0.003212344
10.18730/JGJAZ,G5548,IRN,37.42,49.9,1,0.99679846
10.18730/JK8HF,G5545,IRN,29.14,52.87,0,0.00042684417
10.18730/JK8KH,G5546,IRN,37.27,49.63,1,0.9954098
10.18730/JGJ9Y,G5544,IRN,33.64,50.07,0,0.00064747076
10.18730/JK8FD,G5542,IRN,34.07,49.69,0,0.000625736
10.18730/JK7Y~,G5535,IRN,35.34,51.66,0,0.0018654934
10.18730/JGJQ7,G5505,IRN,37.47,57.27,0,0.0016545674
10.18730/JX2E~,G23227,IRN,37.81,48.9,1,0.9970414
10.18730/JX2AX,G23223,IRN,29.25,55.52,0,0.00053893204
10.18730/JX2BY,G23224,IRN,26.53,57.47,0,0.00082861667
10.18730/JX23P,G23221,IRN,36.02,48.94,0,0.004652972
10.18730/K3N99,G23220,IRN,34.82,49.92,0,0.0009340054
10.18730/JKT8V,G17003,IRN,28.67,57.77,0,0.00052839576
10.18730/JKT4Q,G17000,IRN,33.99,51.49,0,0.00051084167
10.18730/JKT5R,G17001,IRN,37.25,49.94,1,0.995362
10.18730/JKSA$,G16990,IRN,38.92,46.83,1,0.980913
10.18730/JKS5X,G16988,IRN,38.31,46.81,0,0.49637744
10.18730/JKRZQ,G16984,IRN,37.94,47.56,1,0.77713794
10.18730/JKR80,G16974,IRN,38.4,48.86,1,0.99806124
10.18730/JNEM1,G16804,IRN,34.81,48.48,0,0.0021136357
10.18730/JKJQ8,G16704,IRN,36.25,50.01,0,0.007822381
10.18730/JKJK4,G16699,IRN,30.25,51.99,0,0.0003809339
10.18730/JKJG1,G16697,IRN,36.76,57.74,0,0.0008716799
10.18730/JKJ5V,G16686,IRN,35.34,47.0,0,0.001080867
10.18730/JKHE4,G16664,IRN,36.5,52.35,1,0.9877864
10.18730/JK9MD,G16455,IRN,34.37,57.12,0,0.00055347034
10.18730/JKA3W,G16456,IRN,30.05,57.28,0,0.0005477019
10.18730/JK9E7,G16458,IRN,36.49,49.15,0,0.028275594
10.18730/JK9A3,G16454,IRN,36.25,60.12,0,0.00069048913
10.18730/JK9QG,G16449,IRN,34.03,51.02,0,0.00059263536
10.18730/JK8XV,G16447,IRN,37.25,55.15,0,0.013129183
10.18730/JK736,G14841,IRN,33.68,50.33,0,0.0005698381
10.18730/JNEE*,G14491,IRN,36.84,54.49,1,0.9725027
10.18730/JKTE~,G14161,IRN,36.5,53.5,1,0.8657587
10.18730/JKTBY,G14160,IRN,31.89,54.41,0,0.0008509495
10.18730/JKR91,G14124,IRN,33.5,48.5,0,0.0008888989
10.18730/K07TN,G1409,IRN,29.63,51.65,0,0.0004535922
10.18730/JK7JN,G14078,IRN,30.27,52.02,0,0.00061569747
10.18730/JK7RV,G14075,IRN,34.32,48.83,0,0.00063233724
10.18730/K086~,G1403,IRN,30.28,57.08,0,0.0003863821
10.18730/JZXY1,G1009,IRN,36.57,52.7,1,0.98926103
10.18730/JZY8B,G1007,IRN,35.77,51.97,0,0.007546802
10.18730/K4JHM,G5555,IRN,30.4,56.0,0,0.0004496413
10.18730/JRGZ3,G9996,MEX,20.43,-104.7,0,0.0010740177
10.18730/PGDJ8,G9998,MEX,20.3,-103.2,0,0.00036034794
10.18730/JRGW0,G9991,MEX,20.12,-104.37,0,0.00014281168
10.18730/JRH37,G9993,MEX,20.13,-102.08,0,0.00012352184
10.18730/S2N68,G9989C,MEX,20.5,-104.82,0,0.004385554
10.18730/PMPZ2,G9988,MEX,20.67,-102.45,0,0.00020100838
10.18730/K3BAQ,G9978,MEX,23.21,-106.24,0,0.00028887237
10.18730/K3B8N,G9976,MEX,20.23,-98.0,1,0.9778243
10.18730/K3B7M,G9975,MEX,19.81,-97.79,0,0.03141738
10.18730/K3A8T,G9941,MEX,21.64,-102.97,0,0.00025715033
10.18730/K3A1K,G9932,MEX,21.86,-102.72,0,0.0003119168
10.18730/K39YG,G9928,MEX,20.52,-97.38,0,0.0081440685
10.18730/K39G2,G9912,MEX,20.77,-97.28,0,0.45069343
10.18730/K399*,G9905,MEX,18.8,-97.18,0,0.0041184165
10.18730/K39B$,G9907,MEX,19.05,-98.18,0,0.00028876003
10.18730/K396X,G9902,MEX,21.54,-104.9,0,0.0011337365
10.18730/K394V,G9900,MEX,18.75,-97.32,0,0.22946683
10.18730/K393T,G9899,MEX,18.64,-97.39,0,0.00092758646
10.18730/K3Q4Z,G9898,MEX,18.84,-97.1,0,0.015425132
10.18730/K38B2,G9870,MEX,19.4,-99.15,0,0.0002562565
10.18730/K411F,G985A,MEX,16.27,-92.13,0,0.0007978533
10.18730/K3GJ6,G9830,MEX,20.35,-101.97,0,0.0002609449
10.18730/JNX2K,G9828,MEX,21.35,-102.81,0,0.00028746214
10.18730/JNX3M,G9829,MEX,20.46,-103.17,0,0.00030058998
10.18730/JNWB~,G9823,MEX,21.26,-102.77,0,0.00026632217
10.18730/S5C3E,G9820A,MEX,21.19,-102.9,0,0.0003087864
10.18730/JNVQD,G9818,MEX,21.46,-102.59,0,0.0002991263
10.18730/K37B7,G9819,MEX,21.53,-102.43,0,0.00023723888
10.18730/JNVVH,G9812,MEX,21.37,-101.92,0,0.00022742142
10.18730/K37A6,G9810,MEX,21.89,-102.33,0,0.00021536564
10.18730/JNGMW,G9800,MEX,22.79,-102.59,0,0.00037356373
10.18730/JNT83,G9784,MEX,22.38,-102.88,0,0.00021581851
10.18730/K3E0=,G9785,MEX,21.43,-103.12,0,0.00019993892
10.18730/K373U,G9783,MEX,21.8,-103.46,0,0.0009728025
10.18730/JNRV*,G9743,MEX,20.55,-102.52,0,0.00020517193
10.18730/JNRQW,G9740,MEX,20.35,-102.0,0,0.0002622498
10.18730/JNREK,G9735,MEX,20.69,-101.47,0,0.0002012431
10.18730/K3Q2X,G9720,MEX,20.41,-100.0,0,0.00024588118
10.18730/JNQQ~,G9716,MEX,19.96,-99.86,0,0.00029184882
10.18730/JNQAM,G9714,MEX,17.65,-99.55,0,0.00022212282
10.18730/JNNS8,G9676,MEX,20.92,-97.68,0,0.005149214
10.18730/JNNAY,G9664,MEX,20.07,-97.05,0,0.013758558
10.18730/K35MT,G9654,MEX,20.13,-102.11,0,0.00018001908
10.18730/K35NV,G9655,MEX,21.02,-102.4,0,0.00037112567
10.18730/K35QX,G9657,MEX,19.15,-96.95,1,0.5797271
10.18730/K35KS,G9653,MEX,20.34,-102.3,0,0.00040339332
10.18730/JH6WQ,G9612,MEX,20.0,-102.34,0,0.00018286581
10.18730/JZ3RE,G95,MEX,19.56,-99.28,0,8.855015e-05
10.18730/JZWEV,G939,MEX,19.83,-97.36,1,0.994628
10.18730/JZW4H,G938,MEX,16.75,-96.74,0,0.00020409453
10.18730/JZW0D,G937,MEX,19.54,-103.76,0,0.0003688631
10.18730/JZWBR,G936,MEX,20.21,-99.59,0,0.00010334939
10.18730/JZWAQ,G935,MEX,16.74,-92.03,0,0.16340327
10.18730/JZW9P,G934,MEX,19.24,-99.61,0,0.000728937
10.18730/JZW8N,G933,MEX,19.53,-98.89,0,0.00021431704
10.18730/JZW7M,G932,MEX,19.49,-98.89,0,0.0002709546
10.18730/K32FU,G9284,MEX,19.75,-97.25,1,0.9961014
10.18730/K32E=,G9283,MEX,16.67,-96.11,0,0.00017517875
10.18730/JZVYB,G915,MEX,19.69,-103.49,0,0.00030123576
10.18730/JZ46W,G91,MEX,20.01,-97.86,1,0.9820806
10.18730/K30WP,G9075,MEX,16.84,-99.83,0,0.0011959216
10.18730/K30JC,G8932,MEX,24.74,-104.45,0,0.00025277192
10.18730/K30HB,G8931,MEX,19.67,-99.19,0,0.00018501269
10.18730/K30F9,G8929,MEX,22.79,-102.61,0,0.00019005945
10.18730/K30D7,G8927,MEX,23.19,-102.91,0,0.00024305504
10.18730/K30A4,G8924,MEX,19.84,-98.99,0,0.00020176878
10.18730/K30B5,G8925,MEX,19.8,-98.98,0,0.00021973538
10.18730/K3082,G8922,MEX,19.3,-99.67,0,0.0012893596
10.18730/K3093,G8923,MEX,19.25,-98.89,0,0.00023583298
10.18730/K304=,G8918,MEX,21.89,-101.6,0,0.00013206099
10.18730/K305U,G8919,MEX,19.25,-99.65,0,0.0007944892
10.18730/K302~,G8915,MEX,20.69,-103.47,0,0.00029787893
10.18730/K301*,G8914,MEX,21.28,-102.34,0,0.00035183466
10.18730/K300Z,G8913,MEX,20.04,-100.72,0,0.0001736769
10.18730/K2ZXW,G8910,MEX,24.05,-104.55,0,0.00024807962
10.18730/K2ZZY,G8912,MEX,25.37,-105.75,0,0.00033566135
10.18730/K2ZYX,G8911,MEX,24.03,-104.55,0,0.00024448326
10.18730/K2ZWV,G8909,MEX,24.46,-104.11,0,0.00016706549
10.18730/K2ZVT,G8908,MEX,24.53,-104.78,0,0.0001440192
10.18730/K2ZSR,G8906,MEX,23.73,-103.99,0,0.0003304273
10.18730/K2ZRQ,G8905,MEX,24.52,-104.74,0,0.000196452
10.18730/K2ZQP,G8904,MEX,23.84,-104.24,0,0.0002702459
10.18730/K2ZPN,G8903,MEX,24.4,-104.34,0,0.00024785052
10.18730/K2ZKJ,G8900,MEX,22.24,-102.32,0,0.00024949288
10.18730/K2ZA9,G8858,MEX,20.38,-99.66,0,0.00014630526
10.18730/K2ZBA,G8859,MEX,20.05,-102.74,0,0.00013926442
10.18730/JZTM6,G880,MEX,20.12,-98.73,0,0.00019035378
10.18730/JZTQ9,G874,MEX,17.05,-96.72,0,0.00014058102
10.18730/JZTK5,G869,MEX,18.35,-99.53,0,0.000340801
10.18730/JZTE0,G864,MEX,19.32,-97.93,0,0.0004753844
10.18730/JZTDU,G863,MEX,27.02,-108.93,0,0.00037649553
10.18730/JZT9*,G859,MEX,17.8,-97.77,0,0.00018476642
10.18730/JZT8Z,G858,MEX,17.05,-96.67,0,0.00012456639
10.18730/JZSYN,G848,MEX,20.14,-98.75,0,0.00023065445
10.18730/JZSWK,G846,MEX,20.19,-98.06,1,0.8439553
10.18730/JZSRF,G842,MEX,20.11,-98.37,0,0.00024107161
10.18730/JZSNC,G839,MEX,19.43,-98.17,0,0.00036364657
10.18730/K2HNG,G8238,MEX,19.79,-101.55,0,0.00013788373
10.18730/K2HJD,G8235,MEX,19.03,-98.33,0,0.00025278446
10.18730/JZS1X,G819,MEX,19.78,-104.37,0,0.0003797406
10.18730/JZRPJ,G817,MEX,22.0,-105.0,0,0.001147933
10.18730/JZRD9,G816,MEX,19.42,-102.07,0,0.00033718048
10.18730/K2FTZ,G8146,MEX,18.87,-97.38,0,0.00061841717
10.18730/JZRHD,G802,MEX,18.88,-96.93,0,0.013647325
10.18730/K2F05,G7971,MEX,22.18,-102.35,0,0.0001651681
10.18730/K2ES=,G7960,MEX,16.79,-96.47,0,0.00011144312
10.18730/K2EQ~,G7956,MEX,25.08,-103.75,0,0.00025927663
10.18730/K2ENZ,G7953,MEX,16.91,-96.36,0,0.000106799635
10.18730/K2EMY,G7952,MEX,17.07,-96.72,0,8.487253e-05
10.18730/K2DY8,G7887,MEX,19.85,-102.1,0,0.00021538907
10.18730/K2DV5,G7884,MEX,20.96,-100.75,0,0.00013188808
10.18730/K2DW6,G7885,MEX,20.46,-101.55,0,0.0002076121
10.18730/K2C4R,G7810,MEX,18.97,-97.93,0,0.0002189196
10.18730/K2C1N,G7807,MEX,20.22,-101.14,0,0.00027878693
10.18730/K2BYJ,G7804,MEX,16.54,-92.82,0,0.000153069
10.18730/K2C3Q,G7809,MEX,20.22,-100.37,0,6.419742e-05
10.18730/K2C0M,G7806,MEX,20.63,-101.15,0,0.00033111824
10.18730/K2BXH,G7803,MEX,22.14,-102.27,0,0.00016942724
10.18730/K2BWG,G7802,MEX,18.42,-97.44,0,0.0003573874
10.18730/S2E33,G7760B,MEX,17.25,-96.8,0,0.0001313265
10.18730/K2ASJ,G7762,MEX,17.77,-97.79,0,0.00020741721
10.18730/K2ARH,G7761,MEX,17.25,-96.89,0,0.00012770815
10.18730/K2AHA,G7753,MEX,21.08,-104.36,0,0.002531629
10.18730/K3PYS,G7752,MEX,18.93,-99.23,0,0.00021388898
10.18730/K2AG9,G7751,MEX,18.41,-99.99,0,0.0008368782
10.18730/K2AB4,G7746,MEX,19.32,-103.6,0,0.00024477925
10.18730/K2AC5,G7747,MEX,19.32,-103.76,0,0.000239862
10.18730/K2AD6,G7748,MEX,18.19,-99.39,0,0.00041230768
10.18730/K2A92,G7744,MEX,15.02,-92.37,0,0.000669816
10.18730/K2AA3,G7745,MEX,16.71,-93.72,0,0.00013178337
10.18730/K2A81,G7743,MEX,16.75,-93.12,0,0.00016311281
10.18730/K2A6U,G7741,MEX,16.77,-92.63,1,0.6989734
10.18730/K2A5=,G7740,MEX,16.25,-92.13,0,0.0018017192
10.18730/S2E00,G7479K,MEX,18.32,-99.82,0,0.00019056044
10.18730/JFJ62,G7118,MEX,19.05,-98.42,0,0.00023245755
10.18730/JFK4*,G7094,MEX,25.53,-103.47,0,0.00044869847
10.18730/JFNW9,G6992,MEX,20.52,-100.95,0,0.0002937742
10.18730/JFTD6,G6795,MEX,19.31,-100.44,0,0.00024625915
10.18730/JFV1T,G6794,MEX,20.93,-101.42,0,0.0003696992
10.18730/JFTZR,G6792,MEX,20.59,-100.84,0,0.00034925423
10.18730/JFTYQ,G6791,MEX,20.24,-100.86,0,0.0004057012
10.18730/JFV8~,G6782,MEX,18.74,-98.97,0,0.00031453243
10.18730/S3WC4,G6777A,MEX,18.9,-99.15,0,0.00016921572
10.18730/JFV4X,G6778,MEX,18.59,-98.86,0,0.00057034235
10.18730/JFV7*,G6781,MEX,18.76,-98.99,0,0.0004632677
10.18730/JFV2V,G6775,MEX,18.62,-99.19,0,0.00028396078
10.18730/JFVH5,G6772,MEX,19.2,-103.72,0,0.00030262468
10.18730/JFVE2,G6768,MEX,16.33,-95.23,0,0.00038002548
10.18730/JFVQB,G6757,MEX,22.51,-105.37,0,0.0013274387
10.18730/JFW3Q,G6750,MEX,16.65,-93.8,0,0.00017175275
10.18730/JFW2P,G6749,MEX,15.69,-93.22,0,0.0012558139
10.18730/JFW0M,G6747,MEX,16.22,-93.92,0,0.0008495536
10.18730/JFXCV,G6524,MEX,-8.07,-35.01,1,0.9177706
10.18730/JFYJW,G6463,MEX,14.92,-92.27,0,0.0012689148
10.18730/JFYW1,G6452,MEX,15.32,-92.67,0,0.0009103696
10.18730/JFZCH,G6445,MEX,16.85,-93.22,0,0.0008688804
10.18730/JFZX$,G6422,MEX,23.44,-100.78,0,0.0005218531
10.18730/JFZTZ,G6419,MEX,18.83,-96.39,0,0.00091015274
10.18730/JG0DD,G6387,MEX,22.57,-102.22,0,0.0002551375
10.18730/JG0CC,G6386,MEX,18.88,-99.15,0,0.00012557438
10.18730/JG67E,G6144,MEX,18.38,-95.3,0,0.0232481
10.18730/JG63A,G6140,MEX,21.99,-99.03,0,0.0013759821
10.18730/JG6EN,G6131,MEX,16.58,-95.11,0,0.00060812524
10.18730/JG6AH,G6127,MEX,20.36,-99.64,0,0.00015699418
10.18730/JG69G,G6126,MEX,19.43,-97.61,0,0.0032812608
10.18730/JG6S*,G6123,MEX,21.49,-101.24,0,8.307986e-05
10.18730/JG6T~,G6124,MEX,21.14,-100.91,0,0.00018918922
10.18730/JG6RZ,G6122,MEX,20.4,-101.23,0,0.00016504782
10.18730/JG6QY,G6121,MEX,20.53,-100.79,0,0.00041336296
10.18730/JG6MV,G6118,MEX,15.42,-92.12,0,0.0008966587
10.18730/JG6KT,G6117,MEX,15.47,-92.15,0,0.014135399
10.18730/JG713,G6113,MEX,16.11,-93.75,0,0.0005437417
10.18730/JG702,G6112,MEX,15.2,-92.43,0,0.0009833918
10.18730/K3CT$,G6104,MEX,19.21,-99.57,0,0.0004670893
10.18730/JG7CE,G6105,MEX,16.24,-93.24,0,0.00019148224
10.18730/JGC4J,G5902,MEX,18.13,-93.02,0,0.022447132
10.18730/JGCQ0,G5889,MEX,25.92,-109.19,0,0.00015542131
10.18730/JGFJH,G5764,MEX,19.28,-99.67,0,0.0003981795
10.18730/JGFSR,G5759,MEX,18.38,-99.87,0,0.0003278805
10.18730/JGGGA,G5691,MEX,19.5,-97.49,0,0.0011065144
10.18730/JGGE8,G5687,MEX,20.97,-101.44,0,0.00028509006
10.18730/JGHE3,G5625,MEX,18.81,-98.97,0,0.000232652
10.18730/JGJG0,G5516,MEX,16.81,-96.68,0,0.00022718693
10.18730/JGP01,G5297,MEX,21.12,-101.74,0,0.00019640988
10.18730/JGSJ4,G5143,MEX,18.44,-95.19,0,0.048131406
10.18730/JGSH3,G5142,MEX,21.02,-101.28,0,0.0001247874
10.18730/JGSG2,G5141,MEX,19.44,-102.09,0,0.0011195254
10.18730/PHBQB,G51360,MEX,18.98,-98.93,0,0.00025054123
10.18730/K3WY*,G51339,MEX,23.46,-103.89,0,0.00037582516
10.18730/JYWC0,G51069,MEX,18.45,-100.0,0,0.0006183297
10.18730/JYW6Z,G51068,MEX,18.43,-100.17,0,0.000784374
10.18730/JYW5Y,G51067,MEX,18.45,-100.02,0,0.0003231212
10.18730/JYW3W,G51066,MEX,18.45,-99.97,0,0.00025187002
10.18730/JY96F,G50985,MEX,16.9,-92.0,0,0.001707861
10.18730/JY9DP,G50986,MEX,16.9,-92.05,0,0.0014871462
10.18730/JXC28,G50931,MEX,19.0,-99.27,0,0.002917915
10.18730/JXBN*,G50932,MEX,19.02,-99.0,0,0.00089874613
10.18730/S5Q81,G50912A,MEX,17.18,-97.97,0,0.0011572195
10.18730/JWGVS,G50913,MEX,17.54,-96.55,0,0.023773238
10.18730/PFY1X,G50909,MEX,18.98,-98.99,0,0.00025837074
10.18730/JWGA8,G50907,MEX,19.0,-99.1,0,0.000751663
10.18730/S4ZSV,G50901B,MEX,18.93,-98.8,0,0.00035330487
10.18730/JWGFD,G50903,MEX,18.91,-98.77,0,0.00057524274
10.18730/JWG42,G50899,MEX,23.78,-105.37,0,0.018207513
10.18730/JY91A,G50893,MEX,16.4,-92.4,0,0.0020573882
10.18730/JVVXN,G50565,MEX,23.36,-100.32,0,0.0002811862
10.18730/JVX2N,G50437,MEX,23.79,-100.17,0,0.00064756797
10.18730/JVVYP,G50436,MEX,23.94,-99.79,0,0.00038907092
10.18730/JVTKG,G50433,MEX,24.34,-99.79,0,0.00042864625
10.18730/JVV2Z,G50434,MEX,23.49,-100.08,0,0.0006494596
10.18730/S2CKX,G50414B,MEX,20.2,-103.82,0,0.00031524748
10.18730/PHKR9,G50415,MEX,20.85,-98.72,0,0.015328153
10.18730/JYHV~,G50381,MEX,17.07,-96.27,0,0.0009773946
10.18730/JYHQX,G50374,MEX,17.07,-96.19,0,0.006179537
10.18730/PHNAP,G50075,MEX,16.5,-92.58,0,0.00016857043
10.18730/S5V9K,G50073B,MEX,17.26,-96.47,0,0.0024135858
10.18730/JGZE7,G4892,MEX,16.77,-93.39,0,0.00011856888
10.18730/JGZD6,G4891,MEX,19.64,-97.09,1,0.99201137
10.18730/JGZA3,G4888,MEX,20.66,-101.0,0,0.00023298408
10.18730/JGZXP,G4887,MEX,24.87,-105.09,0,0.00029399834
10.18730/JH23J,G4776,MEX,17.97,-94.88,0,0.021195434
10.18730/JH1ZE,G4772,MEX,23.21,-106.35,0,0.00049474824
10.18730/JH21G,G4774,MEX,19.06,-96.15,0,0.0021682088
10.18730/JH22H,G4775,MEX,17.96,-94.93,0,0.015015932
10.18730/JH1XC,G4770,MEX,17.26,-96.03,1,0.992307
10.18730/JH1YD,G4771,MEX,19.85,-97.49,1,0.99756265
10.18730/JH1WB,G4769,MEX,22.35,-103.22,0,0.00019131234
10.18730/S6SPY,G4768A,MEX,20.22,-104.49,0,0.0068239965
10.18730/JH26N,G4762,MEX,16.47,-91.82,1,0.957409
10.18730/JF7AR,G4492,MEX,19.5,-101.61,0,0.00026472553
10.18730/JF7N=,G4446,MEX,19.09,-98.0,0,0.00029338346
10.18730/JF89J,G4397,MEX,19.24,-98.22,0,0.00029037587
10.18730/JF8BM,G4399,MEX,23.74,-99.18,0,0.00058053393
10.18730/JF88H,G4396,MEX,19.32,-98.32,0,0.00025494784
10.18730/JF86F,G4394,MEX,19.45,-98.45,0,0.0004075065
10.18730/PE8KN,G4393,MEX,19.4,-98.05,0,0.00037227888
10.18730/JF8KW,G4388,MEX,19.3,-98.37,0,0.00024767264
10.18730/JF8HT,G4386,MEX,20.46,-97.32,0,0.01442204
10.18730/JF8FR,G4384,MEX,17.43,-95.05,0,0.006954638
10.18730/JF8GS,G4385,MEX,18.45,-95.3,0,0.022567587
10.18730/JF8Y2,G4380,MEX,18.82,-96.71,0,0.022428917
10.18730/K3GWG,G4375,MEX,16.3,-92.42,0,8.424399e-05
10.18730/JF8W0,G4378,MEX,18.89,-97.0,0,0.035527162
10.18730/JF8X1,G4379,MEX,18.93,-96.94,0,0.016364142
10.18730/JF96A,G4369,MEX,28.16,-106.84,0,0.00047100036
10.18730/JF9AE,G4363,MEX,26.83,-106.95,0,0.008115246
10.18730/JF926,G4364,MEX,28.17,-108.5,0,0.00040598132
10.18730/JF937,G4366,MEX,26.1,-106.99,1,0.6360369
10.18730/JF948,G4367,MEX,26.25,-106.97,0,0.0024786217
10.18730/JF9JP,G4361,MEX,26.85,-107.09,0,0.0066904356
10.18730/JF9HN,G4360,MEX,28.21,-105.57,0,0.00046832784
10.18730/JF9GM,G4359,MEX,28.54,-107.51,0,0.0004903759
10.18730/JF9EJ,G4357,MEX,19.77,-99.19,0,0.00018165975
10.18730/JF9FK,G4358,MEX,19.42,-100.11,0,0.0014675963
10.18730/JF9CG,G4355,MEX,19.94,-96.79,0,0.011844349
10.18730/JF9SX,G4347,MEX,19.6,-102.49,0,0.00016857446
10.18730/JF9NS,G4342,MEX,19.99,-102.7,0,0.00010472447
10.18730/JF9RW,G4346,MEX,19.99,-102.3,0,0.00023947352
10.18730/JF9PT,G4343,MEX,20.26,-102.57,0,0.00028417204
10.18730/JFA10,G4335,MEX,19.22,-101.72,0,0.00054896326
10.18730/JFA21,G4336,MEX,19.74,-101.19,0,0.00016679792
10.18730/JFAFE,G4329,MEX,20.41,-103.94,0,0.00024919616
10.18730/JFA76,G4330,MEX,21.6,-102.41,0,0.00027239553
10.18730/JF9Z=,G4333,MEX,20.83,-102.74,0,0.0005071242
10.18730/JFABA,G4325,MEX,23.0,-102.73,0,0.00035601342
10.18730/JFA87,G4321,MEX,22.79,-103.57,0,0.00016297275
10.18730/JFA98,G4322,MEX,22.85,-102.61,0,0.00022023961
10.18730/JFAGF,G4320,MEX,21.16,-103.47,0,0.00041574216
10.18730/JFAJH,G4312,MEX,19.06,-97.93,0,0.0003126641
10.18730/JFAHG,G4311,MEX,19.03,-97.96,0,0.00036366528
10.18730/JFARQ,G4310,MEX,19.16,-98.33,0,0.00032434493
10.18730/JFB0Z,G4309,MEX,20.14,-97.21,0,0.012428847
10.18730/JFAZY,G4308,MEX,18.58,-97.57,0,0.00036054844
10.18730/JFAXW,G4306,MEX,18.89,-97.71,0,0.00030697536
10.18730/JFBB5,G4292,MEX,21.16,-100.95,0,0.00022654602
10.18730/JFB4=,G4291,MEX,20.44,-101.74,0,0.00022513756
10.18730/JFB1*,G4288,MEX,16.12,-92.05,0,0.00046768476
10.18730/JFBE8,G4287,MEX,16.54,-92.68,0,0.00012078155
10.18730/JFBHB,G4279,MEX,22.2,-100.97,0,0.00044105656
10.18730/JFBJC,G4280,MEX,19.13,-97.63,0,0.00045860372
10.18730/JFBVN,G4274,MEX,16.75,-93.1,0,0.00014284941
10.18730/JFBYR,G4272,MEX,16.53,-92.48,0,0.010559527
10.18730/JFC1V,G4268,MEX,18.37,-97.25,0,0.00044951573
10.18730/K27DN,G4133,MEX,17.07,-96.67,0,0.000106581
10.18730/JRCJA,G4027,MEX,19.81,-99.11,0,0.00012334398
10.18730/JV0AT,G3948,MEX,17.98,-92.92,0,0.017307822
10.18730/K222=,G3587,MEX,19.8,-90.56,0,0.00049241626
10.18730/K21PQ,G3585,MEX,20.75,-100.43,0,0.00014910781
10.18730/K21CD,G3583,MEX,19.89,-98.83,0,0.00029046807
10.18730/K21Z*,G3582,MEX,20.16,-98.72,0,0.0005622569
10.18730/K21YZ,G3581,MEX,20.51,-99.22,0,0.00048338142
10.18730/K21RS,G3575,MEX,20.71,-99.44,0,0.0002814678
10.18730/K21MN,G3571,MEX,17.34,-96.49,0,0.0016106579
10.18730/K21JK,G3569,MEX,16.83,-96.66,0,0.00012489157
10.18730/K21EF,G3565,MEX,17.97,-97.02,0,0.00051742553
10.18730/K2145,G3553,MEX,22.76,-98.99,0,0.00079287903
10.18730/K20Z0,G3547,MEX,24.41,-104.31,0,0.000185248
10.18730/K20X=,G3545,MEX,17.21,-100.42,0,0.00022995289
10.18730/K20V~,G3543,MEX,17.97,-101.81,0,0.00055232464
10.18730/K20GP,G3542,MEX,19.68,-100.03,0,0.001282871
10.18730/K20QX,G3539,MEX,19.32,-97.72,0,0.00027126813
10.18730/K20KS,G3535,MEX,19.33,-98.27,0,0.0001335832
10.18730/K1ZX3,G3531,MEX,18.78,-96.92,0,0.010138391
10.18730/K20FN,G3530,MEX,18.5,-96.27,0,0.0014405437
10.18730/K20EM,G3529,MEX,20.49,-97.11,0,0.04439725
10.18730/K20DK,G3528,MEX,20.2,-96.77,0,0.03222064
10.18730/K1ZKY,G3521,MEX,21.34,-97.76,0,0.008897506
10.18730/K205B,G3511,MEX,16.52,-92.74,0,0.00013423711
10.18730/K1ZCQ,G3493,MEX,26.76,-107.62,0,0.00056551525
10.18730/K1YN0,G3488,MEX,19.39,-100.15,0,0.0008719395
10.18730/K1Z5G,G3484,MEX,20.54,-103.44,0,0.00026340378
10.18730/K1YR3,G3470,MEX,19.44,-100.39,0,0.00018927258
10.18730/K1YQ2,G3469,MEX,19.24,-101.47,0,0.00016845379
10.18730/K1YK=,G3456,MEX,20.87,-103.86,0,0.00037655013
10.18730/K1XQ7,G3454,MEX,20.32,-102.76,0,0.0004833169
10.18730/K1Y2J,G3446,MEX,20.26,-100.94,0,0.0005162179
10.18730/K1XTA,G3437,MEX,23.67,-102.98,0,0.00023645393
10.18730/K1XS9,G3436,MEX,22.65,-103.7,0,0.00029308547
10.18730/K1XN5,G3431,MEX,23.85,-103.03,0,0.00013810757
10.18730/K1XH1,G3427,MEX,23.64,-103.62,0,0.0003182859
10.18730/K1XK3,G3429,MEX,22.96,-102.73,0,0.00020754918
10.18730/K1XFU,G3425,MEX,22.49,-101.97,0,0.00023244091
10.18730/S2D9E,G3418A,MEX,20.0,-97.59,1,0.9967332
10.18730/K1XAZ,G3420,MEX,23.85,-103.11,0,0.00015176002
10.18730/K1X9Y,G3417,MEX,19.05,-97.97,0,0.00029022063
10.18730/K1WM9,G3414,MEX,18.66,-97.64,0,0.00037754234
10.18730/K1XC~,G3415,MEX,18.99,-98.44,0,0.00020524238
10.18730/K1X8X,G3416,MEX,19.02,-98.4,0,0.00023083157
10.18730/K1X5T,G3412,MEX,19.37,-98.56,0,0.00023842826
10.18730/K1X3R,G3410,MEX,19.28,-98.52,0,0.00017437481
10.18730/K1X2Q,G3409,MEX,18.18,-97.17,0,0.0010466789
10.18730/K1WZM,G3406,MEX,19.11,-98.32,0,0.00025043782
10.18730/K1WVG,G3402,MEX,19.29,-98.48,0,0.00021287355
10.18730/K1WSE,G3400,MEX,19.24,-98.51,0,0.00024438073
10.18730/S4K7*,G3399A,MEX,19.13,-98.46,0,0.00012245194
10.18730/K1WQC,G3397,MEX,19.12,-97.94,0,0.0006506698
10.18730/K1WPB,G3396,MEX,19.04,-98.39,0,0.00024118542
10.18730/K1WNA,G3395,MEX,19.0,-98.37,0,0.00027048922
10.18730/K3GF3,G3394,MEX,19.02,-98.36,0,0.0002508876
10.18730/K1WH6,G3392,MEX,19.2,-98.47,0,0.00018860781
10.18730/K1WG5,G3391,MEX,19.09,-98.33,0,0.00022075279
10.18730/K1WF4,G3390,MEX,18.99,-97.46,0,0.0008031613
10.18730/K1W8$,G3382,MEX,18.97,-97.84,0,0.0003041316
10.18730/K1WAU,G3383,MEX,18.9,-98.42,0,0.00020775091
10.18730/K1WK8,G3384,MEX,19.12,-98.49,0,0.00016027647
10.18730/PE879,G3377,MEX,18.52,-97.49,0,0.0004280323
10.18730/K1W5Z,G3379,MEX,19.87,-97.58,1,0.99023217
10.18730/K1W9=,G3375,MEX,18.52,-97.87,0,0.00027401178
10.18730/K1VZS,G3370,MEX,19.87,-97.45,1,0.9968761
10.18730/K1W0T,G3371,MEX,18.99,-97.77,0,0.00035037694
10.18730/K1W1V,G3372,MEX,18.5,-97.52,0,0.00031893075
10.18730/K1W3X,G3373,MEX,19.1,-97.56,0,0.000494011
10.18730/K1VVN,G3366,MEX,19.91,-97.41,1,0.99957794
10.18730/K1VPG,G3361,MEX,19.1,-97.42,0,0.0010072212
10.18730/K1W2W,G3364,MEX,19.79,-97.32,1,0.9933414
10.18730/K1VQH,G3362,MEX,19.22,-98.39,0,0.0002650584
10.18730/K1VKD,G3357,MEX,19.5,-97.34,0,0.0011742567
10.18730/K1VME,G3359,MEX,20.29,-97.99,0,0.051116146
10.18730/K1VE8,G3350,MEX,18.84,-97.57,0,0.00040493134
10.18730/K1VGA,G3344,MEX,19.62,-97.62,0,0.0012429476
10.18730/K1VA4,G3346,MEX,19.84,-97.39,1,0.98817444
10.18730/K1V71,G3343,MEX,19.62,-97.82,0,0.0006276587
10.18730/K1V4=,G3341,MEX,18.9,-98.57,0,0.00039617694
10.18730/K1V0Z,G3337,MEX,19.48,-97.38,0,0.000705002
10.18730/K1TZY,G3336,MEX,19.3,-98.43,0,0.00021100332
10.18730/K1VHB,G3335,MEX,18.58,-98.06,0,0.00032647126
10.18730/K1TSR,G3330,MEX,19.37,-97.61,0,0.00090355607
10.18730/K1GBQ,G2927,MEX,16.75,-93.04,0,0.00015769423
10.18730/K1FZB,G2914,MEX,19.95,-102.3,0,0.00019548301
10.18730/K1G9N,G2911,MEX,18.58,-100.88,0,0.0004879211
10.18730/K1FR4,G2905,MEX,19.07,-97.03,1,0.9867862
10.18730/K1FS5,G2906,MEX,18.25,-97.13,0,0.00069075805
10.18730/K1FT6,G2907,MEX,16.92,-96.34,0,9.6646836e-05
10.18730/K1G3F,G2903,MEX,18.37,-97.27,0,0.00037833356
10.18730/K1G4G,G2904,MEX,17.96,-96.19,0,0.008427342
10.18730/K1F1J,G2879,MEX,28.58,-109.57,0,0.00045434796
10.18730/K1FCX,G2876,MEX,20.42,-104.52,0,0.00244752
10.18730/K1FBW,G2875,MEX,21.3,-100.52,0,0.00014597429
10.18730/K1F9T,G2873,MEX,19.7,-101.12,0,0.00015074726
10.18730/K1ER9,G2870,MEX,19.52,-101.6,0,0.00021579092
10.18730/K1ESA,G2871,MEX,19.47,-101.73,0,0.00033068573
10.18730/K1EQ8,G2869,MEX,21.22,-104.77,0,0.002856997
10.18730/K1F5P,G2867,MEX,21.53,-104.88,0,0.00078841805
10.18730/K1F6Q,G2868,MEX,22.82,-105.12,0,0.0064440314
10.18730/JZA5$,G284,MEX,16.73,-98.61,0,0.00060222845
10.18730/K1E0P,G2832,MEX,19.98,-102.27,0,0.0001802109
10.18730/K1E7X,G2833,MEX,20.0,-102.17,0,0.00029827878
10.18730/S4K4X,G2831C,MEX,20.67,-103.33,0,0.00043532692
10.18730/K1E2R,G2830,MEX,19.58,-102.48,0,0.00016148527
10.18730/K1DPC,G2820,MEX,21.88,-102.3,0,0.00014554276
10.18730/JZ9GD,G282,MEX,17.08,-97.0,0,0.00014110115
10.18730/JZ9EB,G280,MEX,16.99,-96.79,0,0.00013508135
10.18730/K1D0V,G2788,MEX,23.64,-103.66,0,0.0002680184
10.18730/K1CFA,G2785,MEX,26.93,-105.67,0,0.0001940808
10.18730/K1CGB,G2786,MEX,23.86,-104.24,0,0.00019048995
10.18730/JZ9C9,G278,MEX,17.42,-96.82,0,0.00023552781
10.18730/K1CHC,G2778,MEX,26.94,-107.17,0,0.004253945
10.18730/K1C94,G2777,MEX,26.85,-107.45,0,0.0025031108
10.18730/K1C61,G2774,MEX,27.07,-106.17,0,0.00031949132
10.18730/K1CJD,G2772,MEX,24.79,-104.45,0,0.00027746137
10.18730/K1C50,G2773,MEX,24.74,-104.34,0,0.00021717799
10.18730/S5B2J,G2771A,MEX,21.09,-104.42,0,0.00032878388
10.18730/K1C1~,G2770,MEX,19.77,-103.12,0,0.0001494396
10.18730/K19AM,G2670,MEX,19.32,-97.95,0,0.00061507046
10.18730/K192C,G2662,MEX,18.37,-97.5,0,0.00030233082
10.18730/K196G,G2648,MEX,19.0,-102.17,0,0.0005206011
10.18730/K18V5,G2646,MEX,19.97,-101.13,0,0.0002385599
10.18730/K18FY,G2643,MEX,20.28,-102.34,0,0.00022688106
10.18730/S2D49,G2636A,MEX,20.14,-103.06,0,0.00020100301
10.18730/K18J~,G2637,MEX,21.18,-102.47,0,0.00027207212
10.18730/K185M,G2632,MEX,19.54,-103.4,0,0.00022133977
10.18730/K184K,G2631,MEX,19.64,-103.42,0,0.00019418944
10.18730/K17VA,G2622,MEX,20.49,-101.73,0,0.00021259383
10.18730/K17N4,G2616,MEX,21.05,-101.72,0,0.00037321183
10.18730/K17K2,G2614,MEX,21.14,-101.74,0,0.00013571333
10.18730/K17R7,G2610,MEX,16.46,-91.78,1,0.98252493
10.18730/K17BZ,G2606,MEX,16.33,-91.99,0,0.0042702532
10.18730/K14GE,G2503,MEX,23.59,-103.25,0,0.00023731127
10.18730/K14FD,G2502,MEX,19.71,-96.86,1,0.9981224
10.18730/K14CA,G2499,MEX,19.14,-98.17,0,0.00041644226
10.18730/K1486,G2494,MEX,17.29,-96.5,0,0.0015425656
10.18730/K1475,G2493,MEX,17.32,-96.47,0,0.002243026
10.18730/K1464,G2492,MEX,16.57,-96.74,0,0.000121439014
10.18730/K13X*,G2483,MEX,19.81,-104.21,0,0.000438216
10.18730/K13TX,G2480,MEX,20.25,-103.56,0,0.00019037085
10.18730/K13QT,G2477,MEX,19.47,-103.32,0,0.00022187307
10.18730/K1420,G2470,MEX,18.22,-100.52,0,0.00024853085
10.18730/K13EH,G2468,MEX,20.38,-101.16,0,0.00016147019
10.18730/K138B,G2462,MEX,23.38,-105.38,0,0.36153853
10.18730/K13SW,G2461,MEX,24.54,-104.75,0,0.00020497563
10.18730/JYASX,G24604,MEX,17.03,-96.77,0,9.2763185e-05
10.18730/JYAEJ,G24605,MEX,20.7,-102.42,0,0.00024751213
10.18730/S4EX5,G24603A,MEX,16.5,-92.49,0,0.026047852
10.18730/JYABF,G24602,MEX,16.71,-92.86,0,0.0007580601
10.18730/S6MXS,G24600A,MEX,16.47,-92.44,0,0.004453736
10.18730/PHQDF,G24599,MEX,16.48,-92.52,0,0.00014132279
10.18730/JYA26,G24595,MEX,16.48,-92.57,0,8.6412336e-05
10.18730/JYA15,G24594,MEX,16.75,-92.9,0,0.00033614523
10.18730/JY9KW,G24591,MEX,16.33,-92.43,0,9.852108e-05
10.18730/JY9GS,G24589,MEX,16.25,-91.83,0,0.0049115196
10.18730/JY9NY,G24587,MEX,16.44,-92.59,0,0.0001042026
10.18730/JY9Y2,G24588,MEX,16.33,-92.38,0,0.00013610978
10.18730/PG9V0,G24582,MEX,16.33,-92.45,0,0.00012741087
10.18730/S6MTP,G24581C,MEX,16.47,-92.54,0,0.00025796756
10.18730/JY97G,G24580,MEX,16.47,-92.59,0,0.0001419646
10.18730/S1GSV,G24577A,MEX,16.82,-92.24,0,0.023555994
10.18730/S4EW4,G24575A,MEX,16.63,-96.58,0,0.0007372592
10.18730/JY8N=,G24576,MEX,16.8,-96.52,0,0.00014062083
10.18730/S6MRM,G24574A,MEX,16.47,-96.53,0,0.00010772364
10.18730/JY8FX,G24573,MEX,16.22,-96.7,0,0.002604996
10.18730/S56CG,G24572A,MEX,15.98,-96.52,0,0.00817237
10.18730/JY8EW,G24570,MEX,17.08,-97.42,0,0.00020045163
10.18730/K12V=,G2451,MEX,16.99,-92.94,0,0.0008548647
10.18730/K137A,G2445,MEX,16.77,-92.07,0,0.045535445
10.18730/JRANQ,G24432,MEX,19.19,-97.02,1,0.9958722
10.18730/JRA46,G24430,MEX,20.04,-97.52,1,0.9366274
10.18730/JRAJM,G24429,MEX,19.94,-97.59,1,0.9956631
10.18730/JY78V,G24393,MEX,20.12,-103.18,0,0.00026872844
10.18730/JY75R,G24390,MEX,21.35,-104.53,0,0.00060600037
10.18730/JY76S,G24391,MEX,20.97,-104.48,0,0.0022286302
10.18730/JY77T,G24392,MEX,20.73,-102.53,0,0.00042804377
10.18730/JY73P,G24388,MEX,21.0,-103.82,0,0.00031061142
10.18730/JY74Q,G24389,MEX,20.83,-103.33,0,0.0003574934
10.18730/JY6TD,G24387,MEX,20.44,-103.32,0,0.00016202108
10.18730/K3FSJ,G24385,MEX,20.4,-103.58,0,0.00018417576
10.18730/JY6N8,G24386,MEX,21.0,-103.42,0,0.00038349995
10.18730/JY70K,G24384,MEX,20.41,-103.67,0,0.0002239139
10.18730/JY6VE,G24379,MEX,20.97,-103.72,0,0.00017545138
10.18730/JY6XG,G24381,MEX,20.72,-103.28,0,0.00083281874
10.18730/S566A,G24377A,MEX,20.1,-102.92,0,0.00020430228
10.18730/JY71M,G24378,MEX,16.4,-97.08,0,0.00015572214
10.18730/PG9KX,G24374,MEX,19.17,-100.2,0,0.00018175626
10.18730/PG9MY,G24375,MEX,19.09,-100.33,0,0.00029671824
10.18730/JY6RB,G24376,MEX,19.17,-100.32,0,0.00032969288
10.18730/JY6SC,G24371,MEX,19.4,-103.37,0,0.00027185198
10.18730/JY6P9,G24372,MEX,18.88,-100.25,0,0.00039195394
10.18730/JY6QA,G24373,MEX,18.65,-100.4,0,0.00048607928
10.18730/PG9JW,G24370,MEX,20.4,-102.33,0,0.00017426976
10.18730/S6MMG,G24366A,MEX,20.48,-103.4,0,0.00016829373
10.18730/JY6J5,G24367,MEX,20.2,-102.45,0,0.00014500156
10.18730/JY6H4,G24365,MEX,19.4,-103.53,0,0.00013693851
10.18730/JY6F2,G24363,MEX,19.28,-103.17,0,0.0013803528
10.18730/JY6G3,G24364,MEX,19.4,-103.33,0,0.00054937863
10.18730/JY6CU,G24359,MEX,20.62,-103.15,0,0.00016609437
10.18730/JY6D0,G24360,MEX,20.77,-103.53,0,0.00014931597
10.18730/JY61S,G24361,MEX,19.28,-103.25,0,0.000755081
10.18730/K3GVF,G24362,MEX,19.3,-103.08,0,0.00017654168
10.18730/JY6B=,G24358,MEX,19.3,-100.42,0,0.0002009419
10.18730/PG9HV,G24356,MEX,17.17,-100.4,0,0.00023473264
10.18730/JY6A$,G24357,MEX,18.38,-100.07,0,0.0004964529
10.18730/JY68*,G24354,MEX,17.35,-99.48,0,0.0009239634
10.18730/JY66Y,G24351,MEX,19.57,-104.22,0,0.007351138
10.18730/JY5SH,G24352,MEX,20.1,-102.87,0,0.00029026184
10.18730/JY6E1,G24353,MEX,24.18,-104.4,0,0.00016339753
10.18730/JY64W,G24348,MEX,19.6,-103.55,0,0.005356072
10.18730/JY65X,G24349,MEX,19.7,-104.2,0,0.00015675754
10.18730/K3GTE,G24350,MEX,19.62,-104.2,0,0.0015634953
10.18730/S6MKF,G24345A,MEX,21.03,-104.48,0,0.00032062334
10.18730/JY62T,G24346,MEX,20.42,-103.58,0,0.00017042336
10.18730/JY63V,G24347,MEX,19.6,-103.53,0,0.00084828323
10.18730/K3FRH,G24343,MEX,20.17,-103.92,0,0.00032156834
10.18730/JY67Z,G24344,MEX,20.58,-103.33,0,0.00016565957
10.18730/JY5XN,G24339,MEX,20.13,-103.88,0,0.00094931206
10.18730/JY5YP,G24340,MEX,20.13,-103.9,0,0.0009412025
10.18730/JY5ZQ,G24341,MEX,20.18,-103.9,0,0.00038268426
10.18730/JY5VK,G24337,MEX,20.12,-103.85,0,0.0013043121
10.18730/S3PYF,G24334B,MEX,20.08,-103.85,0,0.0008843598
10.18730/JY5QF,G24330,MEX,19.6,-103.37,0,0.00011686472
10.18730/PG9CP,G24332,MEX,19.95,-103.78,0,0.0005386434
10.18730/K128G,G2433,MEX,21.79,-102.36,0,0.0002463343
10.18730/S6MHD,G24329A,MEX,19.92,-103.35,0,0.00030339978
10.18730/JY5PE,G24328,MEX,19.45,-104.37,0,0.0004069347
10.18730/JY5ND,G24327,MEX,19.57,-104.38,0,0.0011540821
10.18730/JY5MC,G24326,MEX,20.78,-104.2,0,0.00020615202
10.18730/JY5KB,G24325,MEX,20.65,-103.7,0,0.00015276164
10.18730/S3PXE,G24324A,MEX,20.57,-103.15,0,0.00017750497
10.18730/JY5C4,G24323,MEX,17.08,-93.08,0,0.0004885659
10.18730/S1GJM,G24276D,MEX,27.0,-107.72,0,0.00034157254
10.18730/PGCTN,G24277,MEX,27.17,-107.25,0,0.0013815843
10.18730/K123B,G2408,MEX,27.4,-108.85,0,0.0005582099
10.18730/S489F,G24009B,MEX,24.71,-100.02,0,0.0007778803
10.18730/JVYCT,G23850,MEX,24.87,-100.14,0,0.00072401663
10.18730/JXWHH,G23677,MEX,20.67,-102.38,0,0.00015424068
10.18730/JXWJJ,G23678,MEX,20.9,-102.37,0,0.0004631397
10.18730/PGCQJ,G23650,MEX,19.7,-100.55,0,0.00012461795
10.18730/JXVGN,G23651,MEX,19.7,-100.47,0,5.992489e-05
10.18730/JXVFM,G23649,MEX,19.57,-100.47,0,8.052589e-05
10.18730/K105Q,G2362,MEX,16.23,-93.95,0,0.0006237074
10.18730/PG75S,G23590,MEX,17.57,-96.55,0,0.26260358
10.18730/PG76T,G23591,MEX,16.28,-95.88,0,0.0004019802
10.18730/K10H=,G2359,MEX,16.27,-95.6,0,0.001065701
10.18730/PGCNG,G23555,MEX,23.92,-104.57,0,0.00015385024
10.18730/JXMSW,G23556,MEX,24.0,-104.73,0,0.000216644
10.18730/S4D8T,G23554F,MEX,24.2,-104.1,0,0.0002738535
10.18730/JXMBE,G23550,MEX,21.25,-103.17,0,0.0002332717
10.18730/JXMCF,G23551,MEX,23.33,-105.88,0,0.0024027936
10.18730/JXMDG,G23552,MEX,23.6,-104.33,0,0.0003559883
10.18730/JXM9C,G23548,MEX,23.48,-105.93,0,0.0044094874
10.18730/K0ZYG,G2355,MEX,16.0,-95.75,0,0.00079144933
10.18730/S548P,G23547A,MEX,24.03,-104.0,0,0.00015748311
10.18730/PGCKE,G23545,MEX,24.33,-104.28,0,0.00013590047
10.18730/S5SYD,G23542A,MEX,18.97,-99.03,0,0.0001908836
10.18730/PG72P,G23543,MEX,18.96,-99.11,0,0.00017731568
10.18730/JXC8E,G23544,MEX,19.0,-99.07,0,0.00069544814
10.18730/JXCW$,G23541,MEX,18.67,-99.32,0,0.00023583072
10.18730/K0ZXF,G2354,MEX,16.73,-92.62,0,0.051085416
10.18730/PG71N,G23540,MEX,19.0,-99.13,0,0.00058630446
10.18730/JXC7D,G23536,MEX,18.82,-98.75,0,0.00025959374
10.18730/K3NCC,G23535,MEX,18.95,-99.08,0,0.00013744045
10.18730/JXCGP,G23533,MEX,18.83,-99.4,0,0.00022360774
10.18730/JXC4A,G23534,MEX,18.97,-99.08,0,0.0001351794
10.18730/JXCMT,G23530,MEX,18.95,-99.5,0,0.00021042972
10.18730/JXCDK,G23531,MEX,18.9,-99.97,0,0.0005269513
10.18730/PGCFA,G23526,MEX,19.0,-99.0,0,0.00027802645
10.18730/JXBQ$,G23522,MEX,18.87,-98.82,0,0.00023819241
10.18730/S6HJX,G23511A,MEX,19.72,-104.2,0,0.00019452823
10.18730/JXBJX,G23512,MEX,20.26,-103.94,0,0.0006440489
10.18730/JXBX3,G23510,MEX,19.73,-104.22,0,0.00019034998
10.18730/JXCFN,G23507,MEX,19.53,-103.58,0,0.03784188
10.18730/JXBZ5,G23505,MEX,18.98,-99.1,0,0.00021717699
10.18730/PGCB6,G23506,MEX,19.92,-103.33,0,0.0009966481
10.18730/PHX09,G23482,MEX,21.68,-103.05,0,0.0003429866
10.18730/JXGH3,G23480,MEX,21.22,-101.8,0,0.00015624464
10.18730/JXBSU,G23470,MEX,17.32,-96.03,1,0.9305017
10.18730/S34PQ,G2346B,MEX,16.75,-92.63,0,0.027433963
10.18730/JXCRY,G23468,MEX,18.9,-99.03,0,0.00020070178
10.18730/JXD01,G23466,MEX,18.9,-99.0,0,0.00017477917
10.18730/JXCQX,G23467,MEX,18.94,-99.02,0,0.00012493313
10.18730/JXCT*,G23465,MEX,19.0,-99.02,0,0.0006647925
10.18730/JXD9A,G23463,MEX,28.33,-108.5,0,0.0021008512
10.18730/JX3Y7,G23433,MEX,20.32,-101.2,0,0.00020236238
10.18730/JX3BS,G23431,MEX,19.03,-100.05,0,0.0004617236
10.18730/JX3K~,G23432,MEX,18.95,-99.43,0,0.00059196673
10.18730/JX39Q,G23430,MEX,17.57,-99.41,0,0.00017907064
10.18730/S1NT3,G2342A,MEX,16.55,-92.47,0,0.009472577
10.18730/JX2T8,G23429,MEX,18.97,-98.38,0,0.0002557488
10.18730/S4BC3,G23415G,MEX,21.13,-99.62,0,0.0009143701
10.18730/K0ZH3,G2340,MEX,16.13,-91.92,0,0.0024380127
10.18730/K0YH8,G2295,MEX,18.87,-97.1,1,0.60861045
10.18730/S2SM2,G22840A,MEX,17.28,-97.69,0,0.00016272787
10.18730/JWGSQ,G22839,MEX,19.04,-99.27,0,0.005360265
10.18730/JRB2U,G22836,MEX,19.87,-97.43,1,0.9952118
10.18730/JWG0=,G22837,MEX,26.93,-106.42,0,0.00036193544
10.18730/JRAVX,G22833,MEX,18.44,-95.02,1,0.75881684
10.18730/K3ENK,G22830,MEX,23.37,-100.75,0,0.00023827438
10.18730/JRA8A,G22829,MEX,23.66,-100.72,0,0.00026915126
10.18730/JR9DM,G22828,MEX,21.85,-100.74,0,0.00021248298
10.18730/JR8RU,G22825,MEX,17.72,-97.32,0,0.00015304507
10.18730/JR97E,G22826,MEX,22.46,-100.71,0,0.00028150136
10.18730/JR8Y5,G22827,MEX,21.8,-100.7,0,0.0001906297
10.18730/JR929,G22824,MEX,17.73,-97.37,0,0.00014184676
10.18730/JR907,G22822,MEX,17.57,-97.35,0,0.00017042596
10.18730/S4TVH,G22821A,MEX,17.52,-97.32,0,0.00013158284
10.18730/K0Y0W,G2282,MEX,18.88,-96.95,0,0.029856237
10.18730/S4TTG,G22817A,MEX,16.87,-96.78,0,0.00024874753
10.18730/JR8V2,G22818,MEX,16.98,-96.77,0,0.0001619292
10.18730/JR8T1,G22816,MEX,16.78,-96.67,0,0.00013247985
10.18730/JR85H,G22811,MEX,19.9,-100.45,0,0.00015104409
10.18730/JR89N,G22815,MEX,17.15,-96.75,0,9.0623245e-05
10.18730/JR87K,G22806,MEX,16.09,-96.46,0,0.018247042
10.18730/JR7S5,G22803,MEX,16.32,-96.61,0,0.00014841997
10.18730/JR7YA,G22804,MEX,16.05,-96.43,0,0.00579863
10.18730/JR8ET,G22809,MEX,18.36,-99.86,0,0.00024685767
10.18730/JR7X9,G22808,MEX,16.82,-92.52,1,0.8985103
10.18730/S2N13,G22801A,MEX,15.92,-96.17,0,0.00039194242
10.18730/JR83F,G22802,MEX,16.07,-96.77,0,0.0005346605
10.18730/JR82E,G22800,MEX,15.75,-96.45,0,0.00090441835
10.18730/K0XPJ,G2280,MEX,18.45,-97.38,0,0.0004156881
10.18730/JR80C,G22798,MEX,17.54,-97.35,0,0.00013023583
10.18730/JR7G~,G22790,MEX,18.14,-100.39,0,0.00024279841
10.18730/JR6YF,G22786,MEX,19.24,-97.89,0,0.0011156986
10.18730/K0X1$,G2249,MEX,27.44,-109.57,0,0.0005920677
10.18730/JW1YX,G22309,MEX,18.93,-99.08,0,0.00014936937
10.18730/JVRKT,G22143,MEX,21.46,-100.89,0,0.00011088374
10.18730/JVQ7K,G22091,MEX,19.31,-97.76,0,0.00043376748
10.18730/JVQBQ,G22070,MEX,28.62,-106.07,0,0.00069602067
10.18730/JVPZB,G22047,MEX,20.47,-100.99,0,0.0003887163
10.18730/JVPH$,G22026,MEX,27.96,-106.12,0,0.000391501
10.18730/JVPJ=,G22027,MEX,27.63,-105.95,0,0.0005559188
10.18730/JVPG~,G22025,MEX,26.81,-107.1,0,0.008132436
10.18730/JVPF*,G22024,MEX,16.78,-92.34,1,0.87468493
10.18730/K0VKS,G2193,MEX,25.42,-101.0,0,0.0014810574
10.18730/JVYDV,G21192,MEX,24.71,-100.14,0,0.00093834667
10.18730/JVY6M,G21193,MEX,24.53,-99.79,0,0.0010206962
10.18730/JVY2G,G21191,MEX,23.79,-100.14,0,0.00031123124
10.18730/JVW6Y,G21161,MEX,24.21,-100.1,0,0.00065776805
10.18730/JVWH4,G21156,MEX,24.24,-99.69,0,0.00047312764
10.18730/JVW0R,G21152,MEX,24.32,-99.79,0,0.00031090144
10.18730/JVVMC,G21142,MEX,23.45,-100.19,0,0.0002060459
10.18730/JVVB3,G21139,MEX,23.4,-99.99,0,0.0009230434
10.18730/JVTPK,G21126,MEX,24.41,-99.8,0,0.00072286534
10.18730/JVWCU,G19936,MEX,23.96,-99.77,0,0.00044180427
10.18730/K0KNY,G1939,MEX,14.9,-92.28,0,0.0012608172
10.18730/JMKFM,G19207,MEX,18.92,-102.63,0,0.00031955985
10.18730/JMJTU,G19167,MEX,17.3,-96.92,0,9.867104e-05
10.18730/JMJW1,G19169,MEX,26.87,-107.08,0,0.0070468523
10.18730/PEW0D,G19161,MEX,19.03,-97.03,1,0.972243
10.18730/JMJMY,G19163,MEX,17.33,-96.9,0,0.00013277706
10.18730/S41AE,G19158C,MEX,19.11,-98.47,0,0.0001127362
10.18730/JMJJW,G19155,MEX,17.52,-96.91,0,0.00044253242
10.18730/PEVXA,G19153,MEX,18.02,-98.18,0,0.0006904431
10.18730/JMJ0A,G19122,MEX,16.8,-96.66,0,0.00021047186
10.18730/JMHEX,G19116,MEX,19.71,-100.57,0,0.0001190473
10.18730/JMHGZ,G19118,MEX,19.06,-101.55,0,0.00032029767
10.18730/JMHNU,G19111,MEX,20.07,-102.73,0,0.00013462166
10.18730/JMHQ1,G19113,MEX,19.73,-101.08,0,0.00019010111
10.18730/JMHK$,G19107,MEX,18.97,-99.61,0,0.001151733
10.18730/JMHH*,G19104,MEX,19.63,-98.96,0,0.00023656736
10.18730/JMH4K,G19102,MEX,19.12,-98.78,0,0.00028174167
10.18730/JMH3J,G19101,MEX,19.34,-98.74,0,0.053934023
10.18730/JMHDW,G19099,MEX,19.51,-98.91,0,0.00020694923
10.18730/JMGWB,G19095,MEX,19.27,-98.9,0,0.0002259657
10.18730/JMH1G,G19085,MEX,20.3,-103.89,0,0.0025440666
10.18730/K3DPS,G19076,MEX,20.84,-102.78,0,0.00061391667
10.18730/JMGGU,G19078,MEX,21.18,-102.49,0,0.00031721801
10.18730/JMGN4,G19069,MEX,20.17,-103.07,0,0.00036034637
10.18730/PEVAW,G19057,MEX,18.32,-101.49,0,0.00047733303
10.18730/JMGBZ,G19058,MEX,17.25,-100.67,0,0.00039561026
10.18730/JMG5S,G19053,MEX,21.02,-100.79,0,0.00014926727
10.18730/JMG7V,G19054,MEX,20.58,-101.2,0,0.00032702045
10.18730/JMFK7,G19042,MEX,25.52,-103.54,0,0.0004918571
10.18730/PEV5Q,G19035,MEX,16.72,-93.64,0,0.00021912696
10.18730/S2HP7,G19027A,MEX,16.82,-92.92,0,0.00021420102
10.18730/JMFG4,G19028,MEX,16.05,-92.12,0,0.0001369457
10.18730/JMFC0,G19030,MEX,15.86,-91.97,0,0.00014623956
10.18730/PEV0J,G19020,MEX,16.57,-92.71,0,8.94617e-05
10.18730/JMEYQ,G19018,MEX,23.37,-109.76,0,0.0004489389
10.18730/JMFBU,G19017,MEX,22.08,-102.17,0,0.00019851574
10.18730/JMD53,G18963,MEX,30.91,-109.47,0,0.000599389
10.18730/S11FJ,G18962A,MEX,27.73,-108.75,0,0.0004813053
10.18730/JMBKV,G18851,MEX,27.0,-105.47,0,0.00021748677
10.18730/PESRF,G18797,MEX,14.91,-92.3,0,0.0007257046
10.18730/JM9G$,G18761,MEX,18.75,-97.84,0,0.00036395298
10.18730/S1TB0,G18758A,MEX,19.44,-98.15,0,0.00032740852
10.18730/JM8E0,G18721,MEX,16.79,-98.25,0,0.00080717553
10.18730/PERTP,G18715,MEX,20.22,-104.17,0,0.00020970545
10.18730/JTJN~,G18443,MEX,19.62,-99.8,0,0.0011503377
10.18730/K0G1S,G1824,MEX,27.73,-108.65,0,0.0005636756
10.18730/K0GG3,G1823,MEX,21.82,-105.22,0,0.0009961852
10.18730/K3P50,G1821,MEX,21.21,-104.75,0,0.0028134047
10.18730/JT8N9,G18092,MEX,18.29,-100.27,0,0.0009211484
10.18730/JT8PA,G18093,MEX,20.84,-103.72,0,0.00023659354
10.18730/JT8ZK,G18090,MEX,20.37,-100.47,0,0.000103471364
10.18730/K0G0R,G1805,MEX,20.28,-102.57,0,0.00024147188
10.18730/K0FYP,G1803,MEX,20.35,-102.77,0,0.00035560163
10.18730/S1NR1,G1795A,MEX,20.02,-102.6,0,0.00012394812
10.18730/K0FH9,G1789,MEX,19.8,-101.17,0,0.0001233634
10.18730/JNH58,G17746,MEX,20.93,-98.1,0,0.005538462
10.18730/K0F1Y,G1769,MEX,19.28,-99.82,0,0.0029992627
10.18730/JZ63F,G171,MEX,16.66,-98.11,0,0.0007831466
10.18730/JQBW0,G17057,MEX,20.67,-103.47,0,0.00037418675
10.18730/JQAW5,G17050,MEX,19.53,-96.96,1,0.9975666
10.18730/JZ61D,G169,MEX,16.71,-98.4,0,0.0008998883
10.18730/JHBS*,G16799,MEX,18.43,-100.07,0,0.00028853022
10.18730/JHBBJ,G16410,MEX,19.83,-97.48,1,0.99107164
10.18730/PENES,G16407,MEX,19.77,-97.23,1,0.9964977
10.18730/S63W=,G16403A,MEX,19.57,-97.27,0,0.001622254
10.18730/JHB3A,G16395,MEX,18.33,-97.25,0,0.0004898464
10.18730/JHB8F,G16397,MEX,18.33,-97.5,0,0.00038734317
10.18730/JHB18,G16384,MEX,19.37,-103.72,0,0.00017704739
10.18730/JSHE6,G16100,MEX,25.02,-100.61,0,0.001397297
10.18730/JSHD5,G16099,MEX,23.71,-100.31,0,0.00076524087
10.18730/JSGSP,G16089,MEX,24.16,-99.79,0,0.00017700063
10.18730/S1YT*,G16079A,MEX,23.04,-99.17,0,0.0014372563
10.18730/JSGKG,G16078,MEX,22.75,-99.61,0,0.00044492568
10.18730/JSGA7,G16076,MEX,27.84,-109.39,0,0.00029504826
10.18730/JSGQM,G16074,MEX,28.77,-109.64,0,0.00044744211
10.18730/JSGMH,G16070,MEX,29.62,-110.13,0,0.00034499328
10.18730/K3M9E,G16073,MEX,28.89,-109.75,0,0.0003991138
10.18730/JSG2U,G16068,MEX,29.44,-110.4,0,0.0004335662
10.18730/JSG1=,G16067,MEX,30.18,-111.12,0,0.00039647106
10.18730/JSGFC,G16063,MEX,30.64,-111.42,0,0.00021699793
10.18730/JSGHE,G16065,MEX,30.6,-111.47,0,0.00035299544
10.18730/JSGEB,G16062,MEX,30.71,-111.42,0,0.00024143023
10.18730/JSGDA,G16061,MEX,30.49,-115.97,0,0.0006956271
10.18730/JSG30,G16060,MEX,27.6,-113.54,0,0.00067003595
10.18730/JSFSV,G16059,MEX,25.53,-112.05,0,0.00055931794
10.18730/JSFQS,G16057,MEX,24.99,-111.72,0,0.00064673467
10.18730/JSG63,G16054,MEX,25.04,-105.4,0,0.00033690076
10.18730/JSG74,G16055,MEX,23.96,-104.13,0,0.00030019734
10.18730/JSFTW,G16051,MEX,24.18,-103.63,0,0.00023671829
10.18730/JSG41,G16052,MEX,24.77,-104.02,0,0.00029115594
10.18730/JSFGJ,G16050,MEX,24.4,-103.86,0,0.00026854046
10.18730/JSFEG,G16048,MEX,23.99,-104.05,0,0.00019343992
10.18730/JSFFH,G16049,MEX,24.28,-103.81,0,0.00033215337
10.18730/JSFY*,G16046,MEX,24.84,-103.7,0,0.00029685406
10.18730/JSF9B,G16041,MEX,24.49,-104.36,0,0.0002680401
10.18730/JSFHK,G16042,MEX,24.44,-104.14,0,0.00023038434
10.18730/JSFKN,G16035,MEX,24.57,-104.34,0,0.00025051113
10.18730/JSFAC,G16033,MEX,23.87,-104.52,0,0.00027495885
10.18730/JSF57,G16021,MEX,24.42,-104.04,0,0.00030204907
10.18730/JSF68,G16022,MEX,25.0,-105.2,0,0.0002973849
10.18730/JSEFP,G16016,MEX,24.03,-104.17,0,0.00014961412
10.18730/JSF24,G16018,MEX,24.24,-103.79,0,0.0003670293
10.18730/JSE5C,G16006,MEX,24.43,-103.88,0,0.00019021063
10.18730/JSE6D,G16007,MEX,24.83,-103.68,0,0.00031690396
10.18730/JSET~,G16009,MEX,24.52,-104.12,0,0.00017079915
10.18730/JSEV$,G16010,MEX,23.84,-104.01,0,0.00035771498
10.18730/JSEJS,G16001,MEX,24.57,-104.5,0,0.00025059236
10.18730/JSE7E,G15999,MEX,24.35,-103.84,0,0.00039464314
10.18730/JSEBJ,G15994,MEX,23.75,-104.0,0,0.00033585148
10.18730/JSDN~,G15987,MEX,24.47,-104.69,0,0.000306634
10.18730/JSDKZ,G15980,MEX,24.32,-104.03,0,0.0001788333
10.18730/JSHTJ,G15822,MEX,29.79,-110.22,0,0.0003360398
10.18730/JNQNZ,G15640,MEX,19.57,-99.77,0,0.00067037606
10.18730/JKW7G,G15499,MEX,18.54,-97.59,0,0.00041938695
10.18730/JKW4D,G15496,MEX,19.5,-100.49,0,0.00013037337
10.18730/S0YE*,G15421A,MEX,18.35,-100.22,0,0.0008728789
10.18730/JKVZ8,G15422,MEX,17.22,-96.83,0,0.00016465751
10.18730/JPZA5,G14962,MEX,20.03,-103.55,0,0.00023637955
10.18730/JNMK7,G14859,MEX,20.03,-97.1,0,0.017961238
10.18730/JNQMY,G14875,MEX,18.83,-99.68,0,0.00022062361
10.18730/JNMTE,G14861,MEX,19.8,-97.29,1,0.99605185
10.18730/JH62$,G14504,MEX,19.8,-102.7,0,0.00011899737
10.18730/K08RE,G1449,MEX,28.98,-109.4,0,0.0004557558
10.18730/K08MA,G1440,MEX,16.87,-93.22,0,0.00046451206
10.18730/JRDA$,G14381,MEX,22.65,-103.0,0,0.00025906067
10.18730/JRA02,G14378,MEX,23.87,-100.77,0,0.0006170166
10.18730/JMHR2,G14185,MEX,19.97,-101.15,0,0.00020125137
10.18730/JMG6T,G14182,MEX,21.3,-100.97,0,0.00011749269
10.18730/JNHZ$,G13875,MEX,20.43,-103.93,0,0.00027603653
10.18730/S15AY,G13866A,MEX,19.15,-98.4,0,0.0002956173
10.18730/JR73M,G13867,MEX,18.97,-98.43,0,0.00020124983
10.18730/JR9HR,G13868,MEX,22.62,-101.69,0,0.00022092315
10.18730/JRDH4,G13746,MEX,23.33,-102.97,0,0.00028006354
10.18730/JRD5X,G13736,MEX,15.56,-92.26,0,0.0039589503
10.18730/JRCXN,G13730,MEX,16.67,-92.64,0,0.095622204
10.18730/JRCSH,G13727,MEX,19.87,-100.82,0,0.00024435975
10.18730/JRC3*,G13717,MEX,18.17,-98.06,0,0.00050213013
10.18730/JRBQM,G13712,MEX,19.78,-97.55,1,0.96652067
10.18730/JRBFC,G13692,MEX,19.72,-101.18,0,0.00011640684
10.18730/JRB74,G13684,MEX,19.98,-97.6,1,0.99899143
10.18730/JRAZ~,G13685,MEX,19.92,-97.63,1,0.9906014
10.18730/JRBA7,G13686,MEX,19.82,-97.65,0,0.08068717
10.18730/JRBB8,G13687,MEX,19.84,-97.64,1,0.8965782
10.18730/JRB52,G13682,MEX,19.8,-97.55,1,0.9842085
10.18730/JRACE,G13677,MEX,18.39,-97.27,0,0.0003850385
10.18730/JRAKN,G13678,MEX,18.13,-95.3,0,0.0009705608
10.18730/JRB0$,G13681,MEX,19.87,-97.48,1,0.9951199
10.18730/JRAHK,G13675,MEX,22.4,-101.15,0,0.00018973714
10.18730/JRADF,G13671,MEX,23.36,-100.78,0,0.0004260941
10.18730/JRABD,G13670,MEX,23.24,-100.82,0,0.0002742062
10.18730/JRAAC,G13669,MEX,23.47,-100.71,0,0.0004903395
10.18730/JR9XU,G13665,MEX,23.78,-100.57,0,0.00050253904
10.18730/JRA57,G13666,MEX,22.4,-101.17,0,0.00023622994
10.18730/JRA9B,G13668,MEX,23.47,-100.63,0,0.00034737278
10.18730/JR9Z1,G13660,MEX,23.97,-100.7,0,0.0005851349
10.18730/JR9W=,G13656,MEX,23.87,-100.69,0,0.00033617293
10.18730/JR9NW,G13649,MEX,22.39,-101.3,0,0.00018485295
10.18730/JR9RZ,G13652,MEX,23.01,-101.1,0,0.00017286553
10.18730/JR9BJ,G13642,MEX,22.76,-101.07,0,0.00050024095
10.18730/JR8S0,G13635,MEX,16.98,-96.27,0,0.0009160689
10.18730/JR8DS,G13625,MEX,17.55,-98.59,0,0.00026965703
10.18730/JR7T6,G13620,MEX,17.81,-97.69,0,0.00014860279
10.18730/S2N02,G13618A,MEX,18.91,-97.75,0,0.00033360109
10.18730/JR7H$,G13619,MEX,17.67,-97.7,0,0.00028090214
10.18730/JR7KU,G13613,MEX,20.13,-101.2,0,0.00013585888
10.18730/JR72K,G13610,MEX,17.67,-97.55,0,9.738007e-05
10.18730/JR79T,G13609,MEX,18.6,-98.48,0,0.0004912915
10.18730/JR6TB,G13607,MEX,18.95,-98.43,0,0.00020241874
10.18730/JNE2M,G13566,MEX,20.54,-103.19,0,0.0003417722
10.18730/K06FF,G1355,MEX,16.74,-93.72,0,0.00012595585
10.18730/JNMXH,G13517,MEX,20.54,-104.78,0,0.0012700774
10.18730/K06DD,G1333,MEX,20.67,-100.39,0,0.00022198501
10.18730/JS3YJ,G13181,MEX,23.03,-104.1,0,0.00031611818
10.18730/JS3TE,G13177,MEX,26.25,-105.5,0,0.00054313
10.18730/JS3VF,G13178,MEX,23.22,-103.1,0,0.00032307807
10.18730/JS3QB,G13179,MEX,23.34,-103.14,0,0.00023734273
10.18730/JM2V6,G13030,MEX,19.47,-103.35,0,0.00017049634
10.18730/JM2T5,G13029,MEX,19.73,-103.12,0,0.00013458778
10.18730/JM2W7,G13026,MEX,19.7,-103.47,0,0.00015688315
10.18730/JM2X8,G13027,MEX,21.1,-104.6,0,0.00037128455
10.18730/JKVQ0,G13016,MEX,18.4,-99.77,0,0.00041693545
10.18730/JNH7A,G12988,MEX,20.08,-104.37,0,0.00029452352
10.18730/JNGZ2,G12986,MEX,21.68,-103.1,0,0.00043552028
10.18730/K3DVY,G12964,MEX,21.02,-102.25,0,0.0001816587
10.18730/PMDG*,G12945,MEX,20.7,-102.35,0,0.000120991936
10.18730/JNE0J,G12913,MEX,20.62,-101.72,0,0.00017179434
10.18730/JNDQ9,G12891,MEX,20.7,-102.32,0,0.00013098658
10.18730/JNDH3,G12888,MEX,20.33,-102.22,0,0.00014295802
10.18730/JHBV$,G12884,MEX,20.53,-104.82,0,0.002176836
10.18730/PGEG1,G12881,MEX,18.51,-99.89,0,0.0003875827
10.18730/PGEH2,G12882,MEX,18.28,-100.15,0,0.0002154057
10.18730/JMK16,G12883,MEX,19.47,-100.9,0,0.0004083159
10.18730/S2J3M,G12879C,MEX,18.35,-99.98,0,0.00025099335
10.18730/JMJZ4,G12878,MEX,18.35,-99.77,0,0.0003657113
10.18730/PG5QG,G12876,MEX,17.67,-96.65,0,0.00081405404
10.18730/S677Z,G12873C,MEX,19.0,-99.25,0,0.0013234611
10.18730/JHBRZ,G12871,MEX,17.83,-96.63,0,0.0016286713
10.18730/PGEB~,G12870,MEX,23.38,-105.93,0,0.0018498016
10.18730/PGEA*,G12869,MEX,19.42,-102.58,0,0.00016160466
10.18730/PGE9Z,G12867,MEX,21.08,-104.5,0,0.00038963617
10.18730/JHADS,G12868,MEX,21.33,-104.58,0,0.0014416305
10.18730/JHA6J,G12865,MEX,19.33,-103.25,0,0.0007368796
10.18730/JHA9N,G12864,MEX,19.47,-103.58,0,0.0007305719
10.18730/S0YCY,G12863A,MEX,20.78,-104.18,0,0.0002245949
10.18730/PGD1W,G12862,MEX,19.95,-103.0,0,0.00035288342
10.18730/JHA1D,G12860,MEX,23.88,-104.27,0,0.00017703863
10.18730/JQB1A,G12741,MEX,20.72,-102.4,0,0.00033456777
10.18730/K04MY,G1268,MEX,24.17,-110.33,0,0.0003909628
10.18730/K02VA,G1224,MEX,18.45,-95.22,0,0.011416821
10.18730/S2K5H,G12202A,MEX,19.36,-97.15,1,0.99472505
10.18730/JQ1C$,G11445,MEX,19.34,-97.27,0,0.0016761082
10.18730/JQ0A0,G11411,MEX,20.29,-102.64,0,0.00042987568
10.18730/JQ01W,G11402,MEX,19.96,-102.32,0,0.0001966771
10.18730/JZ4A*,G114,MEX,19.77,-101.75,0,0.00032568973
10.18730/JPZE9,G11380,MEX,20.43,-103.68,0,0.00028438668
10.18730/JPS6Z,G11295,MEX,20.9,-101.42,0,0.00038835924
10.18730/JPCH~,G11122,MEX,20.19,-90.27,0,0.000884528
10.18730/JQ5CE,G11125,MEX,24.47,-104.6,0,0.00022479863
10.18730/JPE5B,G11124,MEX,20.22,-90.25,0,0.000529946
10.18730/JPDGV,G11123,MEX,20.17,-90.24,0,0.00044055816
10.18730/JQ5DF,G11115,MEX,19.4,-103.4,0,0.0002165457
10.18730/JPC0G,G11118,MEX,20.24,-89.94,0,0.00081046345
10.18730/JPBK3,G11106,MEX,19.35,-89.79,0,0.0053365063
10.18730/JPBVB,G11109,MEX,19.96,-90.25,0,0.000772899
10.18730/JPAWH,G11100,MEX,19.41,-89.69,0,0.0058678994
10.18730/JPAPB,G11094,MEX,20.3,-104.7,0,0.0024334479
10.18730/JPAG5,G11086,MEX,20.58,-104.75,0,0.0060022385
10.18730/JPA6*,G11069,MEX,20.32,-104.56,0,0.0021125246
10.18730/JPA3X,G11062,MEX,20.22,-104.47,0,0.004001251
10.18730/JPAAU,G11059,MEX,20.17,-104.29,0,0.0006075821
10.18730/S2KFV,G11056A,MEX,20.57,-104.77,0,0.0021705984
10.18730/JP9WP,G11053,MEX,20.85,-103.27,0,0.00022302092
10.18730/JPA0T,G11052,MEX,20.8,-103.4,0,0.00024466257
10.18730/JP9XQ,G11051,MEX,20.77,-103.4,0,0.00019357237
10.18730/S13F8,G11050A,MEX,19.68,-101.27,0,0.0001590679
10.18730/JP9KD,G11048,MEX,19.86,-102.14,0,0.0002447363
10.18730/JP9C6,G11042,MEX,21.2,-105.14,0,0.00055158575
10.18730/JP90Z,G11033,MEX,23.95,-104.28,0,0.00024831318
10.18730/JP8XW,G11034,MEX,23.62,-105.83,0,0.016142601
10.18730/JP95U,G11035,MEX,24.79,-107.14,0,0.0003502118
10.18730/S42ED,G11030A,MEX,24.48,-104.32,0,0.00028152496
10.18730/JP8CB,G11031,MEX,24.5,-104.27,0,0.00047991896
10.18730/PGDZN,G11032,MEX,24.45,-104.23,0,0.00044757838
10.18730/S2KET,G11027E,MEX,24.37,-104.47,0,0.000164913
10.18730/JP854,G11028,MEX,24.47,-104.58,0,0.00034356915
10.18730/PMPS~,G11029,MEX,24.57,-104.6,0,0.00036390653
10.18730/JP898,G11026,MEX,24.33,-104.47,0,0.00019746706
10.18730/JP7W*,G11024,MEX,24.32,-104.45,0,0.00018360889
10.18730/JP843,G11023,MEX,23.52,-104.44,0,0.00028042906
10.18730/JP7DH,G11010,MEX,23.46,-104.42,0,0.00038611348
10.18730/JP76A,G11003,MEX,23.5,-104.42,0,0.00036283178
10.18730/JP79D,G10996,MEX,23.15,-103.74,0,0.00056564005
10.18730/PMPT$,G10999,MEX,24.43,-104.17,0,0.00023975565
10.18730/JP759,G10991,MEX,23.42,-103.95,0,0.00033487284
10.18730/JP6T=,G10987,MEX,23.21,-103.81,0,0.0003017434
10.18730/JP6BM,G10980,MEX,23.25,-103.65,0,0.00027609788
10.18730/JP6Q*,G10979,MEX,23.2,-103.39,0,0.00023481857
10.18730/JP6NY,G10977,MEX,23.17,-103.27,0,0.00018947969
10.18730/JP6HT,G10972,MEX,23.27,-103.36,0,0.00038473215
10.18730/JP5T3,G10961,MEX,23.29,-103.3,0,0.00023131802
10.18730/JP68H,G10963,MEX,23.22,-103.27,0,0.0002546728
10.18730/JP63C,G10958,MEX,23.31,-103.28,0,0.00018544364
10.18730/JP5N=,G10953,MEX,23.39,-103.21,0,0.00021631643
10.18730/JP5V4,G10956,MEX,23.39,-103.3,0,0.0001848406
10.18730/JP5PU,G10948,MEX,23.19,-103.09,0,0.00031653407
10.18730/S1W1H,G10944A,MEX,23.17,-103.05,0,0.000227112
10.18730/JZYY~,G1042,MEX,25.0,-107.58,0,0.00033239793
10.18730/JHPPB,G10023,MEX,23.7,-104.43,0,0.00027565207
10.18730/JRH59,G10022,MEX,24.17,-104.68,0,0.0002227693
10.18730/PGDVH,G10019,MEX,19.47,-100.48,0,0.000118089556
10.18730/S10EP,G10018A,MEX,19.68,-100.92,0,0.0024818033
10.18730/PGDK9,G10001,MEX,18.37,-100.02,0,0.0006825936
10.18730/K54N8,G52589,MEX,17.03,-96.67,0,0.00014829959
10.18730/K54M7,G52588,MEX,16.74,-92.67,0,0.04288998
10.18730/K4JEH,G2726,MEX,18.6,-97.55,0,0.00030374128
10.18730/K4VFA,G52254,MEX,19.42,-100.28,0,0.0006940673
10.18730/K4A06,G51766,MEX,20.97,-98.16,0,0.026178218
10.18730/PE3YM,G51798,MEX,19.25,-96.95,1,0.9737718
10.18730/K38E5,G9873,ECU,-2.17,-79.97,0,0.013410806
10.18730/K37XS,G9854,ECU,-0.22,-78.5,1,0.8125457
10.18730/K37VQ,G9852,ECU,0.35,-78.1,0,0.015943673
10.18730/JZWQU,G948,ECU,-2.54,-78.94,0,0.005843608
10.18730/JZWDT,G947,ECU,-3.32,-79.81,0,0.003133197
10.18730/JZWM~,G945,ECU,-3.6,-79.89,0,0.0017263308
10.18730/JZWHY,G942,ECU,-2.93,-78.02,0,0.0057219444
10.18730/K31TF,G9175,ECU,-3.27,-79.98,0,0.010937689
10.18730/K2EFS,G7912,ECU,-3.99,-79.37,0,0.0054681282
10.18730/K2D0F,G7854,ECU,-1.42,-78.17,1,0.9915302
10.18730/K2D1G,G7855,ECU,-4.22,-79.25,0,0.0013509021
10.18730/K2CBZ,G7817,ECU,0.24,-78.27,0,0.0018313176
10.18730/K2B3W,G7774,ECU,0.47,-77.99,0,0.007606331
10.18730/K2B4X,G7775,ECU,0.35,-78.22,0,0.003969411
10.18730/JH9CX,G7776,ECU,-1.48,-77.98,1,0.8578426
10.18730/K3ECA,G7773,ECU,-4.25,-79.45,0,0.066791385
10.18730/K2B0S,G7770,ECU,-0.03,-78.45,0,0.0011967273
10.18730/JFKC3,G7084,ECU,-4.07,-80.18,0,0.0016481127
10.18730/JFKD4,G7085,ECU,-3.37,-78.62,0,0.037921906
10.18730/K3CKV,G7086,ECU,-3.27,-79.32,0,0.004253074
10.18730/JFP2F,G6977,ECU,-3.69,-79.62,0,0.002161967
10.18730/JFYTU,G6450,ECU,0.39,-78.2,0,0.0047354093
10.18730/JFZW~,G6421,ECU,-0.05,-78.46,0,0.0021722016
10.18730/JG022,G6407,ECU,-3.49,-79.34,0,0.00095951324
10.18730/JG011,G6406,ECU,-1.99,-78.96,1,0.7189502
10.18730/JFZY=,G6403,ECU,0.37,-78.15,0,0.0077785966
10.18730/JG000,G6405,ECU,-3.6,-79.3,0,0.0022984191
10.18730/JGGD7,G5686,ECU,-4.07,-78.97,0,0.026592521
10.18730/JPX05,G5241,ECU,0.37,-78.25,0,0.018432159
10.18730/S1NFX,G51383A,ECU,-1.97,-78.93,0,0.004206117
10.18730/K16D1,G2571,ECU,-3.41,-78.56,0,0.021597613
10.18730/K16C0,G2570,ECU,-3.97,-79.24,0,0.11526327
10.18730/K169$,G2567,ECU,-3.6,-79.22,0,0.0019619574
10.18730/K16PA,G2564,ECU,-4.87,-79.15,0,0.029177057
10.18730/K16E2,G2563,ECU,-4.26,-79.23,0,0.0011769488
10.18730/S6SDN,G2557A,ECU,-2.74,-78.83,0,0.0036207908
10.18730/S3MSM,G23580C,ECU,-3.2,-79.18,0,0.0042904643
10.18730/JVK61,G22249,ECU,-1.02,-79.47,0,0.0126709845
10.18730/PJ2G0,G22156,ECU,-4.42,-79.74,0,0.002446065
10.18730/S66F7,G18793B,ECU,-2.73,-78.89,0,0.0009872791
10.18730/JPMAQ,G17241,ECU,-4.19,-80.11,0,0.0010244816
10.18730/JPMBR,G17233,ECU,-4.24,-79.22,0,0.0032970433
10.18730/JPM3G,G17230,ECU,-4.05,-79.65,0,0.0012725876
10.18730/JPM2F,G17229,ECU,-4.36,-79.18,0,0.012868654
10.18730/JPMCS,G17228,ECU,-4.6,-79.48,0,0.00067044224
10.18730/S1WJ$,G17227A,ECU,-4.25,-79.49,0,0.0026324652
10.18730/JPKT7,G17217,ECU,-3.85,-79.42,0,0.004372816
10.18730/S431*,G17213D,ECU,-4.32,-79.56,0,0.002152994
10.18730/JPKR5,G17212,ECU,-3.97,-79.69,0,0.0012329785
10.18730/JPKN2,G17210,ECU,-4.0,-79.2,0,0.22098997
10.18730/S5H4V,G17203A,ECU,-4.14,-79.44,0,0.0007087698
10.18730/JPKM1,G17197,ECU,-4.59,-79.42,0,0.0028115083
10.18730/JPKK0,G17196,ECU,-4.56,-79.47,0,0.0001564116
10.18730/JPKJU,G17195,ECU,-4.15,-79.61,0,0.0025726391
10.18730/S1WFZ,G17191C,ECU,-4.39,-79.94,0,0.00047927757
10.18730/PEPQX,G17187,ECU,-4.14,-80.21,0,0.0010919574
10.18730/JPKAW,G17188,ECU,-4.35,-79.99,0,0.00086993375
10.18730/S4SHC,G17183A,ECU,-4.09,-80.06,0,0.002979929
10.18730/JPK3N,G17173,ECU,-4.22,-79.52,0,0.004943227
10.18730/JPK5Q,G17175,ECU,-4.07,-79.67,0,0.0027017826
10.18730/JPJZH,G17156,ECU,-3.75,-79.27,0,0.06600705
10.18730/S2KRU,G17147A,ECU,-4.15,-80.0,0,0.0020517656
10.18730/JQD76,G17070,ECU,0.8,-77.71,1,0.9862732
10.18730/JH9M0,G16346,ECU,0.64,-77.94,1,0.99367744
10.18730/JSM2G,G15833,ECU,-4.64,-79.47,0,0.0029694862
10.18730/JJPR1,G14719,ECU,-2.29,-78.99,1,0.5840812
10.18730/JHQQ7,G14659,ECU,-3.94,-79.43,0,0.0007735445
10.18730/JPJF1,G14252,ECU,-4.05,-79.89,0,0.037252713
10.18730/JPHD4,G14251,ECU,0.64,-77.84,1,0.98393166
10.18730/JPH8U,G14246,ECU,-1.31,-78.51,0,0.015433281
10.18730/JPHB2,G14248,ECU,-1.67,-78.62,0,0.0007179849
10.18730/K06KK,G1341,ECU,-3.56,-80.22,0,0.0028186454
10.18730/JM85W,G12502,ECU,-4.04,-79.2,1,0.6612394
10.18730/JM7XM,G12476,ECU,-4.11,-79.95,0,0.0031847504
10.18730/JRG7G,G12469,ECU,-4.31,-79.4,0,0.00086499675
10.18730/JRG4D,G12465,ECU,-4.2,-80.03,0,0.0006777689
10.18730/JRFQ0,G12462,ECU,-4.04,-79.22,1,0.742345
10.18730/JM7PD,G12444,ECU,-3.94,-79.24,0,0.0152311325
10.18730/JRFN=,G12440,ECU,0.45,-78.02,0,0.009566613
10.18730/JM73Z,G12438,ECU,-2.34,-79.64,0,0.013120327
10.18730/K3JH*,G12412,ECU,-2.53,-78.92,0,0.0026377134
10.18730/JREN3,G12408,ECU,0.37,-78.1,0,0.010013344
10.18730/JM76$,G12399,ECU,0.41,-78.26,0,0.018453557
10.18730/JHQR8,G12396,ECU,-4.07,-79.3,0,0.0015870845
10.18730/JM5RS,G12321,ECU,0.17,-78.41,0,0.093821846
10.18730/S404D,G12283A,ECU,0.32,-78.2,0,0.0050043287
10.18730/JM4EM,G12263,ECU,0.35,-78.15,0,0.010979551
10.18730/JM3SU,G12236,ECU,-0.05,-78.34,0,0.0044151302
10.18730/JM3FT,G12233,ECU,-0.17,-78.36,0,0.0064440984
10.18730/JRE6S,G12234,ECU,0.4,-77.94,0,0.0046546063
10.18730/JPXDJ,G11568,ECU,-2.46,-78.17,0,0.020540006
10.18730/JPXBG,G11565,ECU,0.55,-78.05,0,0.007866585
10.18730/JPX5A,G11558,ECU,-2.32,-78.12,0,0.020969013
10.18730/JPX49,G11556,ECU,-4.66,-79.14,0,0.042484805
10.18730/JPXAF,G11557,ECU,-2.79,-78.76,0,0.021419087
10.18730/JPX16,G11553,ECU,-3.07,-78.49,0,0.0111179175
10.18730/JPWP*,G11543,ECU,-3.68,-79.67,0,0.0032871298
10.18730/JPWS=,G11546,ECU,-2.21,-78.85,0,0.0013923323
10.18730/JPWNZ,G11542,ECU,-0.05,-78.27,0,0.024837691
10.18730/JPRQG,G11514,ECU,-3.7,-79.59,0,0.0017298722
10.18730/K37GC,G9837,BOL,-17.7,-65.15,0,0.00059985335
10.18730/K30VN,G9071,BOL,-17.38,-66.18,0,0.0005835802
10.18730/S2WTY,G50933D,BOL,-21.4,-64.7,0,0.0005198504
10.18730/JXEXS,G50606,BOL,-20.66,-65.2,0,0.0024378886
10.18730/JXEYT,G50471,BOL,-20.64,-65.2,0,0.0021834082
10.18730/JXE2=,G50462,BOL,-20.71,-65.22,0,0.0015036415
10.18730/PG0H=,G50460,BOL,-17.87,-65.37,0,0.00017115375
10.18730/JH0ZK,G4838,BOL,-15.51,-68.35,1,0.9218915
10.18730/K25T7,G3805,BOL,-11.25,-68.69,0,0.009786611
10.18730/JXE84,G24534,BOL,-21.54,-64.83,0,0.0002621601
10.18730/S6HZ5,G23869I,BOL,-21.47,-64.67,0,0.00047845274
10.18730/JXDWX,G23853,BOL,-18.12,-65.15,0,0.00031219973
10.18730/JXDTV,G23854,BOL,-19.29,-64.34,0,0.00093271997
10.18730/PHTN8,G23733,BOL,-18.4,-65.17,0,0.00019270006
10.18730/PHTQA,G23731,BOL,-18.13,-65.5,0,0.0002999659
10.18730/PF7A5,G23622,BOL,-17.76,-65.85,0,0.00024211117
10.18730/PHVYC,G23621,BOL,-17.94,-65.35,0,0.00051568873
10.18730/PHW1F,G23618,BOL,-16.73,-67.06,0,0.023380905
10.18730/PHVZD,G23620,BOL,-18.21,-65.18,0,0.0003005711
10.18730/JXDRS,G23607,BOL,-18.92,-65.12,0,0.00042834584
10.18730/S1DG~,G23447C,BOL,-21.55,-64.87,0,0.0007519932
10.18730/S1DF*,G23445C,BOL,-21.53,-64.87,0,0.00086536806
10.18730/JXDKM,G23443,BOL,-19.2,-64.6,0,0.0001382761
10.18730/JXDDE,G23444,BOL,-19.3,-64.32,0,0.00075826526
10.18730/S6HKY,G23442A,BOL,-17.78,-65.17,0,0.000103428254
10.18730/JT8XH,G18082,BOL,-15.69,-68.75,0,0.00033725123
10.18730/JRXJU,G12734,BOL,-18.13,-63.94,0,0.0045252
10.18730/JZ4M5,G108,BOL,-17.4,-66.15,0,0.0005390507
10.18730/K4KHF,G51971,BOL,-21.42,-64.27,0,0.0037359528
10.18730/K4SX$,G52216,BOL,-16.84,-67.21,0,0.02390919
10.18730/K4SV*,G52214,BOL,-16.18,-67.73,0,0.006122883
10.18730/PH58T,G51967,BOL,-21.53,-64.75,0,0.000801493
10.18730/K4KB9,G51964,BOL,-19.38,-64.45,0,0.00044952473
10.18730/K4KDB,G51966,BOL,-21.5,-64.15,0,0.0015116732
10.18730/K4KCA,G51965,BOL,-19.53,-64.45,0,0.00042056557
10.18730/PQ253,G973,PAK,34.02,71.55,0,0.00059215236
10.18730/S5F51,G18857A,PAK,34.09,73.5,0,0.0013639352
10.18730/PPZ9P,G1462,PAK,35.93,74.34,0,0.025771871
10.18730/PQ05D,G1390,PAK,33.6,73.07,0,0.0010387057
10.18730/JZZ1U,G1048,PAK,36.29,72.52,0,0.018484853
10.18730/PQ1NR,G1046,PAK,33.37,70.55,0,0.0003628857
10.18730/PQ1PS,G1045,PAK,33.53,71.07,0,0.00036949135
10.18730/JZWN$,G964,KEN,-1.28,36.82,1,0.8378184
10.18730/S398N,G19252B,KEN,-1.32,36.8,1,0.8868478
10.18730/JHFM7,G9623,COD,-2.92,27.93,0,0.043067124
10.18730/JXT9K,G50338,COD,-1.46,28.89,1,0.9960549
10.18730/JXHDZ,G50339,COD,-0.05,29.4,1,0.9938426
10.18730/JX9YE,G50308,COD,0.43,29.38,1,0.8742047
10.18730/JXABV,G50307,COD,-0.22,29.15,1,0.99765694
10.18730/JH14R,G4843,COD,0.79,24.4,0,0.14861773
10.18730/JXAAT,G24266,COD,-0.55,29.15,0,0.11160982
10.18730/JW8AB,G22650,COD,0.37,29.3,1,0.9280101
10.18730/JW89A,G22649,COD,-0.12,29.38,1,0.9976719
10.18730/JW867,G22645,COD,-0.13,29.27,1,0.9967648
10.18730/JW856,G22644,COD,-0.1,29.27,1,0.99656963
10.18730/JW7X=,G22634,COD,-0.4,29.1,1,0.9931085
10.18730/JW7W$,G22633,COD,-0.74,29.09,1,0.9019072
10.18730/JW7SZ,G22630,COD,-0.67,29.16,1,0.74212986
10.18730/JW7KS,G22624,COD,-1.25,29.5,1,0.99114674
10.18730/JW7FN,G22620,COD,-1.05,28.99,1,0.96842605
10.18730/JW7BH,G22616,COD,-1.4,29.27,1,0.9926893
10.18730/JW7AG,G22615,COD,-1.41,29.02,1,0.9953413
10.18730/JW7EM,G22611,COD,-1.37,28.95,1,0.9966768
10.18730/S227Y,G22608A,COD,-1.48,28.91,1,0.99476826
10.18730/JW739,G22605,COD,-1.41,28.87,1,0.9946602
10.18730/JW717,G22602,COD,-1.43,28.9,1,0.99407107
10.18730/JW706,G22601,COD,-1.53,28.93,1,0.99678826
10.18730/JW6V1,G22595,COD,-0.02,29.4,1,0.99690044
10.18730/JW6X3,G22597,COD,0.33,29.74,0,0.27432594
10.18730/PF3T4,G22592,COD,-0.42,29.09,1,0.9936991
10.18730/JW6MZ,G22587,COD,-0.68,29.09,1,0.8978722
10.18730/JW6ES,G22580,COD,-1.19,29.44,1,0.6823729
10.18730/JW6JX,G22578,COD,-1.23,29.43,1,0.81187034
10.18730/JW6BP,G22577,COD,-1.47,28.87,1,0.99382037
10.18730/JW68K,G22574,COD,-1.54,29.27,1,0.9972242
10.18730/JZYPS,G1026,COD,-1.47,29.24,1,0.99749655
10.18730/JHK04,G9609,GTM,14.29,-90.31,0,0.0010659244
10.18730/K32TA,G9462,GTM,14.8,-90.19,0,0.00018349687
10.18730/JZT4V,G854,GTM,15.31,-91.45,0,0.00057054544
10.18730/JZSF6,G833,GTM,14.64,-91.53,0,0.024708759
10.18730/JZSE5,G832,GTM,14.62,-89.99,0,0.00039649865
10.18730/JZSC3,G830,GTM,14.28,-89.89,0,0.00045204774
10.18730/K2HZT,G8249,GTM,15.05,-91.03,0,0.016652955
10.18730/JZQJK,G770,GTM,15.66,-91.7,0,0.009170437
10.18730/K3G1T,G750,GTM,15.66,-91.47,0,0.045984685
10.18730/JZPW$,G740,GTM,14.86,-90.02,0,0.00017641817
10.18730/JZPPW,G739,GTM,14.57,-90.75,0,0.0013663996
10.18730/JZPNV,G738,GTM,14.77,-91.0,0,0.015429585
10.18730/JZPGP,G733,GTM,15.08,-90.47,0,0.008618921
10.18730/JZNP~,G698,GTM,15.5,-90.26,1,0.9571236
10.18730/JGC5K,G5908,GTM,15.61,-89.81,0,0.01136645
10.18730/JGG4=,G5711,GTM,14.67,-90.83,0,0.0022059567
10.18730/JGQPJ,G5218,GTM,14.91,-91.37,0,0.0030838228
10.18730/S61N1,G50721C,GTM,15.03,-89.9,0,0.12234598
10.18730/S2CMY,G50720B,GTM,15.0,-90.23,0,0.0011853301
10.18730/JYT20,G50718,GTM,14.83,-90.62,0,0.001170854
10.18730/PG8FY,G50719,GTM,15.1,-90.43,0,0.052594047
10.18730/JYT75,G50715,GTM,14.57,-89.37,0,0.00066285755
10.18730/JYT0=,G50716,GTM,14.76,-90.62,0,0.001340376
10.18730/JYQN$,G50506,GTM,14.6,-91.12,0,0.035810385
10.18730/PG8EX,G50507,GTM,14.78,-91.48,0,0.019953052
10.18730/PG8DW,G50505,GTM,14.72,-90.78,0,0.00094599754
10.18730/JYQ8N,G50503,GTM,14.62,-90.57,0,0.00076137955
10.18730/JYQFW,G50504,GTM,14.7,-90.78,0,0.0011268862
10.18730/JVZY2,G50438,GTM,15.09,-91.82,0,0.00625153
10.18730/S6QS6,G50388B,GTM,14.75,-91.52,0,0.07041128
10.18730/JYQM~,G50384,GTM,15.67,-91.72,0,0.001683026
10.18730/JW176,G50008,GTM,15.47,-91.49,1,0.8614562
10.18730/JW21*,G50011,GTM,14.45,-90.82,0,0.004483449
10.18730/JW132,G50007,GTM,15.22,-91.69,0,0.0019773487
10.18730/K3QQD,G4300,GTM,15.68,-88.57,0,0.0026032089
10.18730/JF6N3,G4066,GTM,15.32,-91.63,0,0.005312689
10.18730/JV05N,G3955,GTM,14.94,-91.12,0,0.01884331
10.18730/K1SAE,G3252,GTM,15.19,-89.29,0,0.0034629463
10.18730/K1RGS,G3245,GTM,15.14,-89.37,0,0.0011961409
10.18730/K1RHT,G3246,GTM,14.99,-89.36,0,0.002427009
10.18730/K1RKW,G3248,GTM,14.97,-89.53,0,0.0005352285
10.18730/K1RDP,G3242,GTM,15.4,-89.05,0,0.011102589
10.18730/K3QNB,G3237,GTM,15.56,-88.63,0,0.0036322763
10.18730/K1R9J,G3233,GTM,15.26,-89.09,0,0.0037149717
10.18730/K3QJ8,G3234,GTM,15.46,-88.95,0,0.008614978
10.18730/K1R7G,G3231,GTM,14.62,-89.63,0,0.00025106204
10.18730/K3GD1,G3227,GTM,15.42,-90.31,1,0.9875994
10.18730/K1R5E,G3228,GTM,15.06,-90.2,1,0.907473
10.18730/K1QX6,G3220,GTM,15.57,-89.98,0,0.0085150665
10.18730/K1QK~,G3210,GTM,15.37,-90.49,1,0.98443025
10.18730/K1QN=,G3212,GTM,15.49,-90.34,1,0.9847948
10.18730/K1QJ*,G3207,GTM,15.31,-89.89,0,0.0042175003
10.18730/K1QBS,G3201,GTM,14.66,-89.85,0,0.00021085147
10.18730/K1QDV,G3203,GTM,14.25,-90.29,0,0.00038951272
10.18730/K1QEW,G3204,GTM,15.34,-90.17,1,0.98708236
10.18730/K1QFX,G3205,GTM,15.32,-89.98,0,0.0061270106
10.18730/K1QGY,G3197,GTM,14.82,-89.56,0,0.00018284228
10.18730/K1QW5,G3198,GTM,14.51,-89.65,0,0.00013357187
10.18730/K1Q9Q,G3199,GTM,14.67,-89.67,0,0.00019794833
10.18730/K1Q7N,G3196,GTM,14.61,-89.57,0,0.00054905907
10.18730/K1Q1F,G3191,GTM,14.64,-89.45,0,0.00022904042
10.18730/K1Q4J,G3194,GTM,14.55,-89.67,0,0.0001893827
10.18730/K1Q5K,G3186,GTM,14.18,-89.79,0,0.0002749169
10.18730/K1PD*,G3172,GTM,14.14,-90.02,0,0.00024319043
10.18730/K1PCZ,G3171,GTM,14.14,-89.99,0,0.00020693938
10.18730/K1P9W,G3168,GTM,14.08,-90.1,0,0.00061809894
10.18730/K3PPH,G3166,GTM,13.97,-89.98,0,0.0004370716
10.18730/K1NZJ,G3158,GTM,14.4,-90.31,0,0.00042255683
10.18730/K1PK1,G3156,GTM,14.42,-90.24,0,0.0005634503
10.18730/K1NCU,G3138,GTM,14.79,-90.21,0,0.00013384841
10.18730/K3QG6,G3128,GTM,15.46,-88.83,0,0.0065911207
10.18730/K1N6Y,G3131,GTM,14.91,-90.0,0,0.0005896728
10.18730/K1N7Z,G3111,GTM,14.93,-89.89,0,0.00026652083
10.18730/K1N8*,G3112,GTM,14.98,-89.72,0,0.00030178225
10.18730/K1MTJ,G3113,GTM,15.24,-89.24,0,0.005003013
10.18730/K1MPE,G3107,GTM,15.11,-90.27,0,0.0038655184
10.18730/K1MG8,G3098,GTM,14.69,-90.52,0,0.0018909548
10.18730/K1ME6,G3096,GTM,14.19,-89.74,0,0.00016731881
10.18730/K1M5$,G3082,GTM,15.03,-91.12,0,0.013855404
10.18730/K1M4~,G3080,GTM,14.97,-91.77,0,0.021100195
10.18730/K1KXT,G3072,GTM,15.37,-91.45,0,0.008216985
10.18730/K1KNJ,G3061,GTM,15.58,-91.9,0,0.0074831094
10.18730/K1KMH,G3060,GTM,15.63,-91.99,0,0.00015815698
10.18730/K1KRN,G3057,GTM,15.47,-90.32,1,0.9824525
10.18730/K1M2Z,G3058,GTM,14.74,-90.99,0,0.013612125
10.18730/K1KC9,G3050,GTM,15.39,-90.4,1,0.98669213
10.18730/K1KVR,G3049,GTM,15.34,-90.31,1,0.98977846
10.18730/K1KJF,G3038,GTM,14.94,-90.15,0,0.00027340764
10.18730/K1JTW,G3030,GTM,14.72,-89.59,0,0.00029615016
10.18730/K3GBU,G3016,GTM,14.83,-89.39,0,0.00015333794
10.18730/K1K2U,G3017,GTM,14.52,-89.45,0,0.000722647
10.18730/K1J9B,G3012,GTM,14.82,-89.37,0,0.0001688365
10.18730/K1JBD,G3005,GTM,14.35,-89.84,0,0.00035097037
10.18730/K1JEG,G2995,GTM,14.34,-89.72,0,0.00024295473
10.18730/K1HRZ,G2993,GTM,14.19,-89.68,0,0.00024561057
10.18730/K1J35,G2985,GTM,14.2,-90.1,0,0.0006470204
10.18730/K1HDM,G2982,GTM,14.05,-89.95,0,0.0004530309
10.18730/K1HBJ,G2980,GTM,14.17,-90.05,0,0.00042991337
10.18730/K1H4B,G2971,GTM,14.06,-90.04,0,0.0006940078
10.18730/K1H07,G2968,GTM,14.03,-90.08,0,0.0019043791
10.18730/K1H6D,G2951,GTM,14.24,-90.49,0,0.0010623331
10.18730/JXJT2,G23593,GTM,14.65,-89.95,0,0.0016309881
10.18730/JX4Z3,G23440,GTM,14.42,-90.58,0,0.001168674
10.18730/JX515,G23441,GTM,14.43,-90.52,0,0.0009489585
10.18730/PGC2$,G23439,GTM,14.44,-90.13,0,0.00448964
10.18730/JX4FR,G23438,GTM,14.68,-89.8,0,0.013505859
10.18730/S4BF6,G23436A,GTM,14.67,-89.78,0,0.0027466945
10.18730/PGC0*,G23435,GTM,14.55,-89.63,0,0.0009079861
10.18730/S25AJ,G23434C,GTM,15.07,-89.93,1,0.9582876
10.18730/K0WYZ,G2237,GTM,14.51,-91.72,0,0.0007970975
10.18730/K0WEF,G2221,GTM,15.35,-90.86,1,0.97177875
10.18730/K0WDE,G2220,GTM,15.37,-90.63,0,0.008280377
10.18730/K0W34,G2209,GTM,15.37,-90.42,1,0.9887061
10.18730/K0T7J,G2157,GTM,14.64,-90.71,0,0.00384015
10.18730/K0P1*,G2010,GTM,14.62,-90.81,0,0.0043627094
10.18730/K0NNM,G2006,GTM,15.35,-90.79,1,0.5352315
10.18730/K0NJH,G1994,GTM,15.42,-90.41,1,0.98735434
10.18730/JVYX6,G19908,GTM,14.53,-90.83,0,0.0035710179
10.18730/JVZ3C,G19909,GTM,14.55,-90.83,0,0.013341871
10.18730/S221R,G19906A,GTM,14.45,-90.7,0,0.0009452393
10.18730/K0MDH,G1971,GTM,14.51,-89.86,0,0.0002713385
10.18730/K0M37,G1944,GTM,14.74,-91.25,0,0.012293681
10.18730/JMEHA,G18994,GTM,14.65,-90.77,0,0.0012041648
10.18730/JTHT6,G18240,GTM,14.89,-90.22,0,0.00024175733
10.18730/JTHKU,G18223,GTM,14.64,-90.94,0,0.009602742
10.18730/JTAV5,G17651,GTM,14.65,-91.0,0,0.019014096
10.18730/JHJJV,G16865,GTM,15.31,-90.23,1,0.52564985
10.18730/JS7SY,G13935,GTM,15.22,-91.52,0,0.001398557
10.18730/JS7NT,G13931,GTM,14.84,-91.55,0,0.0027378167
10.18730/JS7RX,G13934,GTM,15.31,-91.25,0,0.0043891994
10.18730/JS7QW,G13933,GTM,15.32,-91.27,0,0.0032145998
10.18730/JS7PV,G13932,GTM,14.9,-91.52,0,0.005773211
10.18730/S1TAU,G12855A,GTM,14.27,-90.04,0,0.00033916289
10.18730/JZ4Q8,G128,GTM,14.69,-90.65,0,0.009059732
10.18730/K024R,G1200,GTM,14.54,-91.7,0,0.0011616893
10.18730/JQ2ZB,G11616,GTM,15.33,-91.07,0,0.3739798
10.18730/JQ36J,G11613,GTM,14.93,-91.44,0,0.00228654
10.18730/JQ37K,G11614,GTM,15.41,-90.77,1,0.9578568
10.18730/JQ2KU,G11593,GTM,14.5,-89.89,0,0.0002250373
10.18730/JQ2N1,G11595,GTM,14.3,-90.35,0,0.0018015871
10.18730/K5230,G52475,GTM,14.57,-91.65,0,0.001942537
10.18730/K51Z~,G52467,GTM,14.42,-90.69,0,0.0009280873
10.18730/K51SV,G52583,GTM,15.1,-90.3,0,0.003612198
10.18730/K54E1,G52580,GTM,14.64,-90.68,0,0.0038938387
10.18730/K54TD,G52595,GTM,14.96,-91.21,0,0.01619126
10.18730/K55E~,G52622,GTM,14.74,-90.17,0,0.00022597067
10.18730/K559W,G52616,GTM,14.6,-89.45,0,0.00044403903
10.18730/K55D*,G52621,GTM,15.12,-89.36,0,0.0012714687
10.18730/K55Q5,G52632,GTM,16.63,-89.58,1,0.7618299
10.18730/K55M2,G52629,GTM,16.8,-89.82,1,0.8361116
10.18730/K55XB,G52640,GTM,14.78,-90.78,0,0.0010757169
10.18730/K55P4,G52631,GTM,16.68,-89.72,1,0.91331756
10.18730/K35EM,G9603,BRA,-18.55,-46.52,0,0.0024671075
10.18730/JP0TW,G9602,BRA,-21.27,-45.0,0,0.016302768
10.18730/K2ER$,G7958,BRA,-8.07,-35.01,1,0.9177706
10.18730/PNHS9,G7957,BRA,-9.6,-35.7,1,0.8850637
10.18730/JFPM~,G6976,BRA,-21.17,-43.01,0,0.003886001
10.18730/JFPHY,G6971,BRA,-11.8,-37.94,0,0.08243598
10.18730/PP04R,G6941,BRA,-21.54,-42.64,0,0.00360004
10.18730/JFPW4,G6943,BRA,-21.61,-46.88,0,0.028341852
10.18730/PP02P,G6944,BRA,-21.11,-42.94,0,0.004313299
10.18730/JFQQZ,G6901,BRA,-22.88,-47.1,1,0.5103851
10.18730/K3BW4,G6534,BRA,-4.31,-38.92,1,0.8193181
10.18730/JFXJ~,G6509,BRA,-8.75,-38.94,0,0.00054260966
10.18730/JFY2C,G6484,BRA,-8.85,-36.51,0,0.048381243
10.18730/K3C19,G6475,BRA,-7.85,-35.75,0,0.0038228524
10.18730/JFY7H,G6469,BRA,-9.17,-36.52,0,0.028257286
10.18730/JGNFN,G5319,BRA,-19.88,-44.43,0,0.0037074676
10.18730/JGPWX,G5253,BRA,-22.93,-43.22,1,0.9139367
10.18730/JGRXM,G5177,BRA,-19.93,-40.59,1,0.6521731
10.18730/JGRE5,G5179,BRA,-21.67,-45.25,0,0.015431542
10.18730/JGS3T,G5164,BRA,-20.75,-41.53,0,0.010957799
10.18730/JGS2S,G5162,BRA,-11.29,-41.86,0,0.0016200992
10.18730/JH5RR,G5160,BRA,-19.75,-47.93,0,0.014826195
10.18730/PPGCT,G5066,BRA,-19.8,-42.13,0,0.016796164
10.18730/PPGS2,G5045,BRA,-25.42,-49.38,1,0.98993534
10.18730/JGVHY,G5036,BRA,-21.0,-42.71,0,0.0034354548
10.18730/JGVEV,G5031,BRA,-20.83,-42.66,0,0.008166914
10.18730/JSBJ3,G50270,BRA,-25.93,-52.18,1,0.78079903
10.18730/JSBF0,G50267,BRA,-25.85,-52.54,0,0.22517325
10.18730/JSB6W,G50264,BRA,-25.82,-53.75,0,0.047845833
10.18730/JSBEU,G50263,BRA,-25.7,-52.91,0,0.17879175
10.18730/JGVV3,G5025,BRA,-20.75,-42.86,0,0.012270114
10.18730/JGVR0,G5022,BRA,-18.74,-44.45,0,0.003526351
10.18730/JGVP=,G5020,BRA,-20.47,-41.41,0,0.0736124
10.18730/JGVN$,G5019,BRA,-15.26,-40.25,0,0.008659183
10.18730/JP163,G4823,BRA,-23.3,-51.1,0,0.018751387
10.18730/JVNWD,G21999,BRA,-8.52,-36.43,0,0.0042087096
10.18730/JVNVC,G21998,BRA,-12.68,-39.11,1,0.67204505
10.18730/JVNC$,G21992,BRA,-9.36,-37.24,0,0.010256915
10.18730/JVNR9,G21991,BRA,-12.16,-39.73,0,0.019662116
10.18730/JVN7X,G21981,BRA,-10.96,-38.78,0,0.0043344027
10.18730/JVNH2,G21977,BRA,-10.83,-38.56,0,0.0049783424
10.18730/JVN8Y,G21973,BRA,-10.64,-38.35,0,0.003706649
10.18730/JVN9Z,G21966,BRA,-26.36,-50.34,1,0.9824133
10.18730/JVN4T,G21949,BRA,-26.76,-51.01,1,0.95867294
10.18730/JVMTG,G21946,BRA,-28.65,-49.02,1,0.9552419
10.18730/PJ4CQ,G21942,BRA,-26.11,-49.82,1,0.9916549
10.18730/JVMSF,G21945,BRA,-26.35,-49.89,1,0.99362636
10.18730/PJ4ES,G21940,BRA,-27.16,-52.89,0,0.26166993
10.18730/PJ4DR,G21941,BRA,-29.42,-53.02,1,0.8860202
10.18730/JVMF5,G21935,BRA,-26.25,-49.55,1,0.9937715
10.18730/JVMG6,G21936,BRA,-26.27,-49.54,1,0.99445045
10.18730/JVKZT,G21763,BRA,-10.68,-39.04,0,0.0020646937
10.18730/PJA7S,G21709,BRA,-23.44,-46.63,1,0.97033477
10.18730/JP10$,G21708,BRA,-17.75,-49.13,0,0.0011207744
10.18730/PJA8T,G21706,BRA,-19.41,-44.21,0,0.0046281056
10.18730/JS7DJ,G20418,BRA,-20.42,-41.96,0,0.026990242
10.18730/PETM6,G18935,BRA,-20.76,-42.9,0,0.0075050634
10.18730/JSVCW,G18702,BRA,-16.42,-48.39,0,0.0016739076
10.18730/S3E0S,G18701B,BRA,-16.61,-48.44,0,0.00069202646
10.18730/S3DZR,G18699C,BRA,-16.68,-48.8,0,0.0015680777
10.18730/JSV6P,G18700,BRA,-16.55,-48.4,0,0.0009769645
10.18730/JSVAT,G18698,BRA,-16.47,-48.83,0,0.0012286028
10.18730/JSV9S,G18697,BRA,-16.53,-48.77,0,0.0015426002
10.18730/JSV0G,G18683,BRA,-15.62,-49.85,0,0.00053134403
10.18730/JSTYE,G18681,BRA,-15.8,-49.42,0,0.0005311934
10.18730/JSTZF,G18682,BRA,-15.5,-49.82,0,0.00046228245
10.18730/JSTXD,G18680,BRA,-15.72,-49.32,0,0.0007471047
10.18730/JST9Y,G18670,BRA,-17.5,-49.13,0,0.00049507775
10.18730/JSTN5,G18671,BRA,-17.42,-49.1,0,0.00045238333
10.18730/JSTP6,G18672,BRA,-17.63,-49.22,0,0.0004895467
10.18730/JSTM4,G18679,BRA,-15.59,-49.24,0,0.00056309754
10.18730/JST8X,G18678,BRA,-15.77,-49.24,0,0.00061731506
10.18730/JSTVB,G18677,BRA,-15.57,-49.34,0,0.00063870667
10.18730/JSTTA,G18676,BRA,-15.54,-49.92,0,0.001299006
10.18730/JSTQ7,G18673,BRA,-17.73,-49.02,0,0.0008460557
10.18730/JSTR8,G18674,BRA,-17.8,-49.17,0,0.00056670984
10.18730/JST2Q,G18660,BRA,-17.3,-48.99,0,0.0004488347
10.18730/JSTE=,G18665,BRA,-17.25,-48.51,0,0.00045571322
10.18730/JSTFU,G18666,BRA,-17.42,-48.85,0,0.0006033145
10.18730/JST1P,G18669,BRA,-17.42,-49.02,0,0.0005724503
10.18730/JST7W,G18657,BRA,-14.97,-48.03,0,0.001389561
10.18730/JST6V,G18656,BRA,-17.25,-48.73,0,0.0007358904
10.18730/JST5T,G18655,BRA,-17.25,-48.27,0,0.0005760992
10.18730/JST4S,G18654,BRA,-17.32,-48.71,0,0.00073795125
10.18730/JST3R,G18653,BRA,-17.49,-48.49,0,0.0005425166
10.18730/S45FU,G18652A,BRA,-17.32,-48.56,0,0.00042691294
10.18730/JSSK8,G18651,BRA,-17.41,-48.57,0,0.00055939704
10.18730/JST0N,G18650,BRA,-17.18,-48.42,0,0.00060512737
10.18730/JSSZM,G18649,BRA,-17.0,-48.35,0,0.0008804804
10.18730/S6C10,G18640A,BRA,-16.46,-48.46,0,0.0014256318
10.18730/JSSQC,G18641,BRA,-16.64,-48.29,0,0.0015843961
10.18730/PERGC,G18642,BRA,-16.8,-48.37,0,0.0014366297
10.18730/JSSTF,G18644,BRA,-17.02,-48.23,0,0.0007635011
10.18730/JSSVG,G18645,BRA,-17.02,-48.2,0,0.0007783397
10.18730/JSSWH,G18646,BRA,-17.03,-48.0,0,0.0008405597
10.18730/JSSXJ,G18647,BRA,-17.02,-48.12,0,0.00062423496
10.18730/JSSYK,G18648,BRA,-17.15,-48.12,0,0.00056626415
10.18730/JSSM9,G18636,BRA,-15.87,-49.13,0,0.00069477444
10.18730/JSSNA,G18637,BRA,-15.87,-49.07,0,0.0013635065
10.18730/JSSPB,G18639,BRA,-16.55,-48.79,0,0.0011116666
10.18730/JSSAU,G18635,BRA,-16.2,-50.15,0,0.00053161226
10.18730/JSSD2,G18629,BRA,-15.39,-49.18,0,0.0006608857
10.18730/JSSE3,G18630,BRA,-15.67,-49.23,0,0.0006758622
10.18730/JSSF4,G18631,BRA,-15.39,-49.14,0,0.0006994758
10.18730/JSSG5,G18632,BRA,-15.82,-49.35,0,0.00054236973
10.18730/JSSH6,G18633,BRA,-15.57,-49.49,0,0.0005964931
10.18730/JSS4Y,G18626,BRA,-15.46,-49.19,0,0.0005393398
10.18730/JSSC1,G18628,BRA,-15.39,-49.23,0,0.0011798341
10.18730/JSS7~,G18623,BRA,-15.39,-49.25,0,0.0012464628
10.18730/JSS8$,G18624,BRA,-15.39,-49.27,0,0.001152694
10.18730/S178J,G18622A,BRA,-15.08,-49.23,0,0.0005505927
10.18730/JSS3X,G18617,BRA,-14.94,-49.6,0,0.0013269047
10.18730/JSRXQ,G18618,BRA,-14.53,-48.72,0,0.0023469098
10.18730/JSS5Z,G18619,BRA,-14.92,-48.87,0,0.00081244943
10.18730/JSS2W,G18616,BRA,-15.33,-49.62,0,0.00061440194
10.18730/S3DYQ,G18615A,BRA,-15.28,-49.58,0,0.0005526077
10.18730/JSS0T,G18613,BRA,-15.36,-49.68,0,0.00069893844
10.18730/JSRZS,G18612,BRA,-15.49,-49.74,0,0.0006698345
10.18730/JSRYR,G18611,BRA,-15.43,-49.74,0,0.0006906063
10.18730/JSRTM,G18607,BRA,-15.47,-49.9,0,0.0006480996
10.18730/JSR93,G18600,BRA,-15.93,-49.81,0,0.00069968315
10.18730/JSRJC,G18599,BRA,-16.15,-49.96,0,0.0007529728
10.18730/JSRE8,G18595,BRA,-16.25,-49.96,0,0.0011377578
10.18730/JSRB5,G18592,BRA,-16.53,-50.05,0,0.00055541034
10.18730/JSR82,G18589,BRA,-16.49,-49.89,0,0.0006854773
10.18730/JSR0Z,G18590,BRA,-16.36,-49.95,0,0.000648703
10.18730/JSR60,G18587,BRA,-16.61,-50.08,0,0.00073644327
10.18730/JSQQP,G18581,BRA,-16.58,-50.26,0,0.0013122507
10.18730/JSR2~,G18583,BRA,-16.64,-50.12,0,0.0011035117
10.18730/JSR3$,G18584,BRA,-16.55,-50.22,0,0.0014520993
10.18730/JSR4=,G18585,BRA,-16.62,-50.2,0,0.00056779495
10.18730/JSR5U,G18586,BRA,-16.56,-50.17,0,0.0009993874
10.18730/JSQWV,G18577,BRA,-16.3,-50.17,0,0.0006226615
10.18730/JSQXW,G18578,BRA,-16.24,-50.27,0,0.000513137
10.18730/JSQSR,G18574,BRA,-16.17,-50.13,0,0.0006251462
10.18730/JSQTS,G18575,BRA,-16.22,-50.22,0,0.0007534049
10.18730/JSQVT,G18576,BRA,-16.15,-50.3,0,0.0009281651
10.18730/JSQRQ,G18573,BRA,-16.08,-50.17,0,0.0011692925
10.18730/JSQMK,G18569,BRA,-16.13,-50.17,0,0.0010926157
10.18730/JSQNM,G18570,BRA,-16.27,-50.13,0,0.0007166649
10.18730/JSQPN,G18571,BRA,-16.23,-50.12,0,0.0005660993
10.18730/JSQGF,G18572,BRA,-16.15,-50.05,0,0.0006332129
10.18730/JSQKJ,G18568,BRA,-16.35,-49.5,0,0.0007156224
10.18730/JSQJH,G18567,BRA,-16.15,-50.23,0,0.00060033984
10.18730/PERA6,G18566,BRA,-16.2,-49.53,0,0.0006655431
10.18730/JSQ87,G18564,BRA,-16.35,-49.58,0,0.0007636866
10.18730/JSQHG,G18565,BRA,-16.2,-50.08,0,0.0006511376
10.18730/JSQDC,G18560,BRA,-16.23,-49.5,0,0.0007305086
10.18730/JSQED,G18561,BRA,-16.27,-49.62,0,0.00076551625
10.18730/JSQFE,G18563,BRA,-16.1,-50.23,0,0.0006367508
10.18730/JSQBA,G18558,BRA,-16.23,-49.62,0,0.0010853409
10.18730/JSQ98,G18556,BRA,-16.27,-49.57,0,0.0007578759
10.18730/JSQA9,G18557,BRA,-16.28,-49.47,0,0.00078924943
10.18730/JSQ32,G18550,BRA,-16.42,-49.45,0,0.00090860703
10.18730/JSPZ=,G18555,BRA,-16.22,-49.4,0,0.0006865027
10.18730/JSQ65,G18553,BRA,-16.28,-49.5,0,0.00083642895
10.18730/JSQ76,G18554,BRA,-16.27,-49.43,0,0.00078089564
10.18730/JSQ54,G18552,BRA,-16.37,-49.47,0,0.00080873526
10.18730/JSQ43,G18551,BRA,-16.23,-49.57,0,0.00073723047
10.18730/JSQ0U,G18546,BRA,-16.57,-49.56,0,0.00064569357
10.18730/JSPVZ,G18541,BRA,-16.45,-49.57,0,0.00056412787
10.18730/JSPW*,G18542,BRA,-16.46,-49.49,0,0.00062747684
10.18730/JH5PP,G14500,BRA,-8.65,-72.82,0,0.006367223
10.18730/JZX2A,G960,CRI,9.87,-83.92,0,0.018056689
10.18730/JZWCS,G955,CRI,10.43,-85.1,0,0.0007122067
10.18730/JZWX5,G954,CRI,9.81,-84.16,1,0.83716094
10.18730/K2ATK,G7764,CRI,10.03,-84.22,0,0.024937013
10.18730/JG0MM,G6357,CRI,9.9,-83.69,0,0.008761197
10.18730/JG20V,G6293,CRI,9.34,-83.73,0,0.008755468
10.18730/K47B*,G51679,CRI,9.9,-83.94,0,0.14780056
10.18730/K475T,G51672,CRI,9.73,-84.08,0,0.015079695
10.18730/K476V,G51673,CRI,9.8,-84.13,0,0.042953975
10.18730/K471P,G51667,CRI,9.65,-83.95,1,0.75840265
10.18730/K472Q,G51668,CRI,9.85,-84.03,0,0.042440217
10.18730/K473R,G51669,CRI,9.73,-84.02,0,0.03414793
10.18730/S4JHA,G51660A,CRI,9.82,-84.08,0,0.04134728
10.18730/K46YK,G51659,CRI,9.82,-84.1,0,0.092304304
10.18730/K46XJ,G51658,CRI,9.9,-83.98,0,0.044139843
10.18730/S3VDA,G51656A,CRI,9.85,-84.07,0,0.053888615
10.18730/K46WH,G51657,CRI,9.9,-84.17,0,0.05207538
10.18730/K46TF,G51654,CRI,10.12,-84.23,1,0.83061403
10.18730/K46SE,G51651,CRI,10.17,-84.38,1,0.88015497
10.18730/S61R4,G50898C,CRI,9.82,-84.05,0,0.090707794
10.18730/JYTPM,G50896,CRI,10.1,-84.17,1,0.9392051
10.18730/JTN30,G50561,CRI,10.26,-84.95,0,0.00034012715
10.18730/JTNMH,G50562,CRI,11.18,-85.6,0,0.002824162
10.18730/JTMZ~,G50560,CRI,10.31,-84.93,0,0.0024599887
10.18730/JTMY*,G50559,CRI,10.19,-85.49,0,0.00033115075
10.18730/JTMEG,G50556,CRI,10.28,-85.53,0,0.0008069625
10.18730/JTMJM,G50557,CRI,10.52,-85.59,0,0.00043838038
10.18730/JTNA7,G50558,CRI,10.12,-85.52,0,0.00035417205
10.18730/JTKV$,G50553,CRI,10.08,-85.49,0,0.0007470897
10.18730/JTM02,G50554,CRI,10.55,-85.7,0,0.00062684
10.18730/JTKKT,G50551,CRI,10.48,-85.03,0,0.0005319742
10.18730/JTKQY,G50552,CRI,10.3,-84.78,1,0.9328801
10.18730/JTM8A,G50150,CRI,10.19,-85.37,0,0.00030782964
10.18730/JTMQS,G50154,CRI,10.75,-85.47,0,0.00023057574
10.18730/JTKRZ,G50147,CRI,10.29,-85.57,0,0.0004120904
10.18730/JTMCE,G50148,CRI,10.16,-85.55,0,0.00049947645
10.18730/K2708,G4154,CRI,9.17,-83.57,0,0.0050072875
10.18730/K27EP,G4134,CRI,9.92,-83.56,0,0.008583241
10.18730/K2803,G4108,CRI,10.81,-85.77,0,0.0010453893
10.18730/JY7G=,G4083,CRI,9.82,-83.42,1,0.6715899
10.18730/S4EGX,G24144A,CRI,9.59,-83.02,0,0.020136172
10.18730/JXTTU,G24145,CRI,8.88,-82.81,1,0.936902
10.18730/JTNFC,G23916,CRI,11.11,-85.42,0,0.0039168266
10.18730/JTNHE,G23908,CRI,10.31,-84.91,0,0.003753149
10.18730/JTN0$,G23906,CRI,10.28,-84.95,0,0.0009190163
10.18730/JTMSV,G23903,CRI,10.24,-85.7,0,0.00047046284
10.18730/JTMPR,G23901,CRI,10.03,-85.26,0,0.00053247006
10.18730/JTMFH,G23897,CRI,10.51,-85.57,0,0.00040007968
10.18730/JTM79,G23892,CRI,10.03,-85.42,0,0.0014888303
10.18730/JTM24,G23889,CRI,10.24,-85.73,0,0.0004728371
10.18730/JTMBD,G23890,CRI,10.24,-85.35,0,0.0006216167
10.18730/JTM13,G23888,CRI,10.01,-85.44,0,0.0006361791
10.18730/JTKT~,G23883,CRI,10.17,-85.46,0,0.0003826702
10.18730/JTKPX,G23881,CRI,10.0,-85.3,0,0.0007079351
10.18730/JTKGQ,G23876,CRI,10.07,-85.52,0,0.00035569404
10.18730/JW9HD,G23489,CRI,9.87,-84.12,0,0.19215699
10.18730/JW9C8,G23416,CRI,9.82,-84.12,0,0.124715544
10.18730/K0VFN,G2189,CRI,10.54,-85.25,0,0.00040105148
10.18730/K3YVK,G20559,CRI,9.93,-84.08,0,0.034414582
10.18730/JMDQN,G18969,CRI,9.87,-83.83,1,0.94609576
10.18730/JMDNK,G18966,CRI,9.49,-83.49,1,0.98834014
10.18730/K0G2T,G1825,CRI,9.82,-83.55,0,0.014566485
10.18730/JH672,G17726,CRI,9.83,-83.87,1,0.80728793
10.18730/K0E85,G1756,CRI,9.48,-83.81,1,0.85454905
10.18730/K0EDA,G1744,CRI,10.15,-85.37,0,0.0005701554
10.18730/JND6X,G13125,CRI,9.38,-83.7,0,0.00958514
10.18730/JH650,G13051,CRI,9.93,-83.77,1,0.9780261
10.18730/K4QJ~,G52142,CRI,10.86,-85.5,0,0.00046017318
10.18730/K4QDW,G52137,CRI,10.72,-85.24,0,0.0023999515
10.18730/K54ZJ,G52603,CRI,9.53,-82.93,0,0.0096743135
10.18730/K56K~,G52601,CRI,9.57,-83.31,0,0.047761824
10.18730/K52TQ,G52501,CRI,9.88,-83.9,1,0.86694837
10.18730/K51VX,G52494,CRI,9.99,-83.65,0,0.012737535
10.18730/K52WS,G52504,CRI,9.94,-83.91,1,0.9909924
10.18730/K52HE,G52490,CRI,9.65,-83.97,1,0.6680121
10.18730/K52RN,G52499,CRI,9.88,-83.81,1,0.96355116
10.18730/K550K,G52604,CRI,9.54,-83.0,0,0.009953621
10.18730/K557T,G52614,CRI,10.19,-84.4,1,0.91701025
10.18730/K4QQ1,G52147,CRI,10.67,-85.2,0,0.0013747266
10.18730/K4RBN,G52170,CRI,8.94,-83.2,0,0.0049301335
10.18730/K4SNT,G52213,CRI,9.62,-84.04,0,0.10671171
10.18730/K4SAF,G52202,CRI,10.08,-84.44,0,0.022063479
10.18730/K4SJQ,G52210,CRI,10.65,-85.45,0,0.00038857863
10.18730/K4SBG,G52203,CRI,10.26,-85.6,0,0.00054378214
10.18730/K4S49,G52195,CRI,9.08,-83.44,0,0.0055335006
10.18730/K4RX2,G52188,CRI,10.9,-85.02,0,0.0132083325
10.18730/K4V4U,G52253,CRI,9.7,-84.1,1,0.67085105
10.18730/K4E8Z,G51854,CRI,9.8,-84.1,0,0.03887954
10.18730/JHCRT,G9541,PER,-9.3,-77.62,0,0.00045267193
10.18730/JZWS1,G950,PER,-12.08,-76.94,0,0.011419373
10.18730/K320N,G9215,PER,-11.17,-76.0,1,0.87539405
10.18730/K2HD8,G8213,PER,-14.3,-73.25,0,0.00047186163
10.18730/K2HC7,G8209,PER,-9.37,-77.6,0,0.00044867364
10.18730/K2F27,G7974,PER,-12.88,-72.72,0,0.0025172746
10.18730/K2E6G,G7895,PER,-12.82,-72.72,0,0.020049464
10.18730/K2975,G7443,PER,-13.55,-72.71,0,0.0005863542
10.18730/K28WZ,G7425,PER,-5.24,-79.47,0,0.008016778
10.18730/K28QT,G7387,PER,-16.28,-72.47,0,0.00801729
10.18730/K28FJ,G7373,PER,-13.12,-74.22,0,9.6336014e-05
10.18730/JFBA4,G7328,PER,-13.27,-72.18,0,0.00026433007
10.18730/JFB82,G7326,PER,-13.4,-72.06,0,0.031201104
10.18730/PE9VR,G7322,PER,-13.31,-72.13,0,0.00024649946
10.18730/PNXYW,G7321,PER,-13.27,-72.27,0,0.0005671032
10.18730/JFFCQ,G7249,PER,-13.59,-72.92,0,0.0816156
10.18730/JFFKY,G7244,PER,-9.92,-76.25,0,0.00043983455
10.18730/S1P8H,G7225A,PER,-13.67,-72.88,0,0.00060581637
10.18730/JFHHJ,G7169,PER,-8.35,-74.54,0,0.0031546315
10.18730/S1P3C,G5735C,PER,-13.34,-75.15,0,0.05210058
10.18730/K410E,G51427,PER,-7.67,-78.08,0,0.00073405186
10.18730/K3XB8,G51359,PER,-6.56,-77.81,0,0.0008395659
10.18730/K3XA7,G51358,PER,-7.62,-78.07,0,0.00093192095
10.18730/K3X52,G51346,PER,-6.27,-78.52,0,0.0002132819
10.18730/S5W49,G51262D,PER,-5.82,-77.97,0,0.25411156
10.18730/PE5R4,G51261,PER,-6.55,-79.87,0,0.0019421598
10.18730/S2YF9,G51259A,PER,-7.64,-78.08,0,0.000757946
10.18730/PE5M0,G51256,PER,-5.97,-77.65,1,0.9493134
10.18730/S6KGH,G51253C,PER,-6.59,-77.81,0,0.00036434043
10.18730/S4E0D,G51250A,PER,-5.93,-77.92,0,0.028389363
10.18730/PE5H$,G51248,PER,-5.99,-77.99,0,0.013449345
10.18730/PE5G~,G51247,PER,-5.95,-77.92,0,0.09320663
10.18730/JXT0A,G51246,PER,-6.17,-77.92,0,0.0012355979
10.18730/PE5F*,G51244,PER,-6.48,-77.7,0,0.006594693
10.18730/S4DV8,G51238A,PER,-6.71,-77.8,0,0.00062692305
10.18730/JXSDW,G51231,PER,-6.85,-78.02,0,0.0016101765
10.18730/JXSM=,G51228,PER,-6.9,-78.14,0,0.0013578222
10.18730/S1F8F,G51227B,PER,-6.84,-78.22,0,0.0046250024
10.18730/JXS8Q,G51224,PER,-7.33,-78.16,0,0.0010672677
10.18730/JXSAS,G51219,PER,-7.6,-78.1,0,0.0006945983
10.18730/JXSFY,G51222,PER,-7.39,-78.16,0,0.003252694
10.18730/S1F4B,G51204A,PER,-6.61,-78.12,0,0.0017864037
10.18730/JXRYD,G51199,PER,-6.9,-78.16,0,0.001913539
10.18730/JXRR7,G51194,PER,-7.63,-78.03,0,0.0023968357
10.18730/PHD2H,G51193,PER,-7.8,-78.08,0,0.0022275692
10.18730/JXRQ6,G51192,PER,-8.15,-78.17,0,0.00091850816
10.18730/JXRN4,G51190,PER,-7.85,-78.52,0,0.0005696464
10.18730/JXRM3,G51188,PER,-7.8,-78.42,0,0.00016347732
10.18730/PHD3J,G51185,PER,-7.69,-78.04,0,0.00469845
10.18730/JXRD~,G51187,PER,-7.75,-79.07,0,0.0020967945
10.18730/PE4Q8,G51183,PER,-6.45,-78.64,0,0.0020652204
10.18730/JXQF3,G51184,PER,-5.4,-79.4,0,0.0012058974
10.18730/JWJ7*,G51063,PER,-6.45,-78.66,0,0.0009571047
10.18730/PHGCC,G50984,PER,-8.16,-78.19,0,0.020365713
10.18730/JXTZ4,G50970,PER,-9.49,-76.77,0,0.010859572
10.18730/JXV16,G50971,PER,-9.42,-76.77,0,0.010746471
10.18730/JXV05,G50969,PER,-9.52,-76.77,0,0.026632177
10.18730/JXTY3,G50967,PER,-10.2,-76.32,0,0.1274453
10.18730/PHGFF,G50968,PER,-10.49,-76.53,0,0.022611259
10.18730/JXTR$,G50966,PER,-9.86,-76.08,0,0.00095458294
10.18730/PHGGG,G50964,PER,-9.74,-76.12,0,0.013158296
10.18730/JXTCP,G50963,PER,-9.78,-76.0,0,0.0053035724
10.18730/S2YGA,G50961E,PER,-6.64,-78.94,0,0.005599324
10.18730/JXRK2,G50952,PER,-7.75,-78.4,0,0.00034504622
10.18730/PHGVV,G50934,PER,-13.76,-71.96,0,0.0012097493
10.18730/S4ZZ~,G50924C,PER,-6.56,-78.79,0,0.0012147792
10.18730/JWH6U,G50915,PER,-6.75,-78.58,0,0.016414376
10.18730/JWH3~,G50914,PER,-6.59,-78.83,0,0.005207772
10.18730/PHJ9U,G50787,PER,-8.07,-79.03,0,0.00246594
10.18730/JXQ8~,G50775,PER,-5.36,-79.4,0,0.0015925128
10.18730/S1D0H,G50766D,PER,-13.54,-73.5,0,0.00020639275
10.18730/PFXMG,G50768,PER,-13.67,-73.46,0,0.00067472016
10.18730/JX1RB,G50767,PER,-13.48,-73.56,0,0.0007910467
10.18730/JWMT4,G50764,PER,-6.64,-78.53,0,0.002356199
10.18730/JWKS8,G50755,PER,-7.02,-78.86,0,0.005382206
10.18730/JVAWZ,G50738,PER,-7.58,-78.12,0,0.00046207078
10.18730/S6D2~,G50735B,PER,-13.47,-72.44,0,0.00067732367
10.18730/PFXD9,G50736,PER,-13.53,-72.0,0,0.002915115
10.18730/PHJG6,G50684,PER,-8.0,-78.32,1,0.93362767
10.18730/PHJH7,G50683,PER,-8.25,-78.42,0,0.0025426657
10.18730/PFX2=,G50629,PER,-5.34,-79.4,0,0.014300938
10.18730/JXQ3W,G50618,PER,-5.32,-79.4,0,0.010184803
10.18730/JXPZR,G50617,PER,-5.25,-79.44,0,0.0011071897
10.18730/JXFH8,G50616,PER,-13.86,-71.81,0,0.00034076185
10.18730/JWMBT,G50590,PER,-6.59,-78.63,0,0.0008118555
10.18730/JWK2P,G50584,PER,-6.58,-78.9,0,0.0009988415
10.18730/JWKE$,G50586,PER,-7.14,-78.8,0,0.0006785351
10.18730/JWJXH,G50583,PER,-6.56,-78.81,0,0.003389242
10.18730/PHKH2,G50481,PER,-8.17,-78.15,0,0.0006708471
10.18730/PHKN6,G50476,PER,-8.18,-78.17,0,0.00037793472
10.18730/PHKM5,G50477,PER,-8.12,-78.18,0,0.009074766
10.18730/S4CN7,G50474C,PER,-13.5,-71.79,0,0.0062863175
10.18730/PFVHQ,G50441,PER,-13.62,-72.91,0,0.0015585917
10.18730/PFVEM,G50432,PER,-7.6,-78.08,0,0.0011372658
10.18730/S47KY,G50431A,PER,-6.72,-78.56,0,0.0020601891
10.18730/JV6M6,G50430,PER,-6.58,-78.65,0,0.0009893893
10.18730/JV4NH,G50425,PER,-6.31,-78.69,0,0.0008505263
10.18730/JV462,G50426,PER,-7.6,-78.13,0,0.000723103
10.18730/JV378,G50422,PER,-6.12,-77.84,0,0.00196355
10.18730/JV3QR,G50423,PER,-6.47,-78.86,0,0.00090451183
10.18730/JV3KM,G50424,PER,-6.36,-78.74,0,0.0012285284
10.18730/S476H,G50420E,PER,-6.95,-78.78,0,0.007078184
10.18730/JV323,G50421,PER,-6.54,-78.69,0,0.0012884359
10.18730/JV0DX,G50418,PER,-7.32,-78.52,0,0.00028170648
10.18730/S5MWU,G50071A,PER,-13.52,-72.54,0,0.0006185719
10.18730/JTF6~,G50070,PER,-13.32,-71.61,0,0.0052266866
10.18730/JTF2X,G50066,PER,-13.77,-71.85,0,0.00035123696
10.18730/JTF5*,G50061,PER,-13.67,-71.92,0,0.0036047897
10.18730/PG53~,G50038,PER,-6.25,-78.52,0,0.0005387145
10.18730/JWHB4,G50020,PER,-6.68,-78.51,0,0.00071272574
10.18730/PE8WY,G4759,PER,-6.62,-78.95,0,0.0036034593
10.18730/JH25M,G4761,PER,-7.15,-78.48,0,0.0018677037
10.18730/JH2FY,G4754,PER,-6.23,-77.86,0,0.0018212707
10.18730/JH2H*,G4756,PER,-6.33,-77.42,0,0.022435583
10.18730/JH2CV,G4750,PER,-12.94,-74.26,0,0.00032680228
10.18730/K3H3Q,G4735,PER,-5.2,-80.63,0,0.0074625257
10.18730/JH3BN,G4722,PER,-7.19,-76.75,0,0.0032741542
10.18730/JH2Z9,G4725,PER,-6.47,-76.54,0,0.007220667
10.18730/JV09S,G3947,PER,-9.3,-76.01,0,0.001513865
10.18730/K1ATZ,G2721,PER,-14.29,-69.44,1,0.93839484
10.18730/K1ASY,G2720,PER,-16.5,-70.67,0,0.0029505081
10.18730/K19V0,G2688,PER,-9.28,-76.01,0,0.0040404485
10.18730/JVDC0,G24998,PER,-6.91,-78.25,0,0.00051098265
10.18730/PHNKZ,G24889,PER,-7.45,-78.28,1,0.789869
10.18730/PHP29,G24871,PER,-8.65,-77.08,0,0.06997011
10.18730/S2EFF,G24565D,PER,-11.62,-76.15,1,0.9129185
10.18730/PHSSH,G23874,PER,-13.64,-72.22,0,0.0008041921
10.18730/S4AMG,G23812Q,PER,-13.55,-73.47,0,0.0002515885
10.18730/JX0JA,G23780,PER,-13.67,-73.42,0,0.00032551278
10.18730/S5W6B,G23766A,PER,-9.18,-76.75,0,0.0015347259
10.18730/S3NRE,G23764A,PER,-9.79,-76.67,0,0.091779195
10.18730/PHSXN,G23761,PER,-5.8,-77.84,0,0.06723004
10.18730/PHSVK,G23763,PER,-9.72,-76.77,0,0.0056275185
10.18730/PHT8*,G23749,PER,-7.67,-78.06,0,0.0017023336
10.18730/PHTRB,G23730,PER,-7.63,-78.05,0,0.002945751
10.18730/PHTVE,G23727,PER,-8.35,-77.2,0,0.02362772
10.18730/PHTTD,G23728,PER,-8.11,-77.5,0,0.04956314
10.18730/S4WG~,G23722A,PER,-7.75,-77.97,0,0.06573267
10.18730/PHTYH,G23719,PER,-7.77,-77.9,0,0.0008205284
10.18730/PHVAX,G23703,PER,-11.44,-75.7,0,0.0015456732
10.18730/S3NQD,G23701B,PER,-9.67,-75.97,0,0.0050667725
10.18730/PHVBY,G23702,PER,-11.5,-75.65,0,0.018506045
10.18730/PHW6M,G23611,PER,-13.25,-72.27,0,0.0003445765
10.18730/PHW7N,G23610,PER,-13.32,-72.11,0,0.0005148793
10.18730/PHWDV,G23586,PER,-6.35,-79.4,0,0.0003563871
10.18730/PHWFX,G23577,PER,-13.53,-72.52,0,0.0002415647
10.18730/PG7R7,G23573,PER,-13.8,-71.85,0,0.0004672363
10.18730/S1E6J,G23490G,PER,-13.47,-72.38,0,0.0038400514
10.18730/S1E7K,G23459A,PER,-13.5,-72.65,0,0.0007400643
10.18730/JXF6$,G23458,PER,-13.82,-71.85,0,0.00023555364
10.18730/JXF3Z,G23455,PER,-13.5,-72.48,0,0.0003260439
10.18730/S5TK$,G23454C,PER,-13.47,-72.42,0,0.00062770414
10.18730/S4CG2,G23453A,PER,-13.47,-72.4,0,0.0012581821
10.18730/PHX4D,G23448,PER,-13.43,-71.87,0,0.00066384283
10.18730/PHX3C,G23449,PER,-13.28,-72.22,0,0.00027198394
10.18730/S2519,G23427C,PER,-13.62,-72.87,0,0.0009786171
10.18730/PHX6F,G23428,PER,-13.23,-72.33,0,0.00089958444
10.18730/S3K77,G23426C,PER,-13.62,-73.2,0,0.00032955396
10.18730/S50SP,G23424A,PER,-13.65,-72.9,0,0.00032766486
10.18730/S23JU,G23423B,PER,-13.85,-72.97,0,0.0002173827
10.18730/JX0A2,G23422,PER,-14.0,-73.17,0,0.000114354734
10.18730/S50RN,G23421E,PER,-12.02,-74.88,0,0.0025182997
10.18730/S1BPC,G23419A,PER,-11.23,-75.53,0,0.0010918151
10.18730/JX06=,G23420,PER,-11.2,-75.48,0,0.17868702
10.18730/S18JQ,G23413A,PER,-6.92,-76.77,0,0.008623175
10.18730/JWHG9,G22302,PER,-6.5,-78.45,0,0.0005075734
10.18730/JWH81,G22298,PER,-6.39,-78.62,0,0.0028412393
10.18730/JWGYW,G22278,PER,-6.38,-77.52,0,0.017636275
10.18730/JVS79,G22147,PER,-12.07,-75.24,0,0.0020204643
10.18730/S1B2X,G21245A,PER,-7.12,-78.78,0,0.0011657198
10.18730/JVF9R,G19881,PER,-6.22,-77.8,0,0.0027336655
10.18730/JVF5M,G19877,PER,-6.86,-78.21,0,0.003040998
10.18730/JVF6N,G19878,PER,-6.22,-77.67,0,0.010049636
10.18730/PEZ97,G19876,PER,-6.27,-77.75,0,0.0062916907
10.18730/JVF3J,G19871,PER,-7.58,-78.1,0,0.0015000119
10.18730/JVEYD,G19865,PER,-7.36,-78.13,0,0.0006683214
10.18730/PEZ64,G19863,PER,-6.3,-77.42,0,0.2171739
10.18730/S5NQT,G19855C,PER,-6.23,-77.74,0,0.0038186202
10.18730/JVFEX,G19817,PER,-7.09,-78.34,1,0.53207815
10.18730/PEYTX,G19799,PER,-6.88,-78.13,0,0.005080743
10.18730/JVC2*,G19762,PER,-7.28,-78.24,0,0.00278109
10.18730/JVBA8,G19733,PER,-7.58,-77.94,1,0.8780931
10.18730/PJSX9,G19727,PER,-7.65,-78.05,0,0.0026978527
10.18730/PJSZB,G19720,PER,-7.51,-78.0,0,0.0036633695
10.18730/JVASW,G19714,PER,-7.52,-77.96,0,0.031192765
10.18730/JVAKP,G19706,PER,-7.23,-78.62,0,0.0010621015
10.18730/JVACF,G19699,PER,-6.9,-78.23,0,0.0005456068
10.18730/S3FM3,G19691A,PER,-7.62,-77.94,0,0.23375045
10.18730/JV9X0,G19683,PER,-7.35,-77.94,0,0.0033259033
10.18730/JV9S~,G19682,PER,-7.61,-78.03,0,0.0020968395
10.18730/JV590,G19501,PER,-6.98,-78.8,0,0.0034763666
10.18730/JV495,G19475,PER,-7.12,-78.95,0,0.00074014434
10.18730/JV41$,G19470,PER,-6.36,-78.72,0,0.008631234
10.18730/S3F6T,G19467A,PER,-6.41,-78.45,0,0.0003966707
10.18730/JV3PQ,G19450,PER,-6.45,-78.86,0,0.0013703555
10.18730/JV2KS,G19424,PER,-7.6,-78.05,0,0.0020417639
10.18730/JV1DR,G19392,PER,-7.03,-78.9,0,0.010009147
10.18730/JV24A,G19395,PER,-7.0,-78.86,0,0.0062488588
10.18730/JMJER,G19146,PER,-7.17,-78.52,0,0.0014900465
10.18730/JM97S,G18754,PER,-5.19,-79.99,0,0.0012412475
10.18730/PERWR,G18718,PER,-8.45,-76.46,0,0.0040508467
10.18730/JTJDS,G18308,PER,-6.73,-79.86,0,0.001992175
10.18730/JHSJX,G16907,PER,-12.87,-74.57,0,0.00075051776
10.18730/JSKP4,G16795,PER,-6.17,-77.98,0,0.007943497
10.18730/PEMW7,G16150,PER,-13.65,-73.34,0,0.00041010723
10.18730/JSKE~,G16147,PER,-6.61,-77.81,0,0.0003333188
10.18730/JSKG=,G16148,PER,-6.88,-78.16,0,0.0055065863
10.18730/JSKAX,G16144,PER,-6.25,-77.88,0,0.002559909
10.18730/JSKF$,G16145,PER,-6.18,-77.9,0,0.0020250576
10.18730/JSJYH,G16113,PER,-7.58,-78.17,0,0.00028285861
10.18730/PEMN0,G16110,PER,-7.56,-78.08,0,0.002351834
10.18730/S171B,G16104G,PER,-13.62,-72.89,0,0.0013817924
10.18730/S2FYS,G12858H,PER,-11.22,-75.48,0,0.04841693
10.18730/S652U,G12856B,PER,-10.33,-76.18,0,0.00087316585
10.18730/PMEKY,G12676,PER,-17.1,-71.77,0,0.016155502
10.18730/JP0PR,G12674,PER,-9.83,-76.28,0,0.0015215911
10.18730/JRWTC,G12640,PER,-9.29,-77.65,0,0.00041711712
10.18730/JHGR6,G12184,PER,-13.39,-73.91,0,0.00026181265
10.18730/JHHW5,G12176,PER,-6.06,-76.98,1,0.60769993
10.18730/JHRDX,G12072,PER,-12.95,-74.02,0,0.004353455
10.18730/JHR4M,G12068,PER,-13.02,-73.97,0,0.00060509855
10.18730/JHGZD,G12064,PER,-13.0,-74.17,0,0.0016670172
10.18730/JHG4Q,G12032,PER,-13.65,-73.39,0,0.0010174129
10.18730/S3C53,G11812A,PER,-6.5,-76.42,0,0.01367725
10.18730/S3C0=,G11776G,PER,-6.55,-78.65,0,0.000953074
10.18730/JQJJX,G11775,PER,-7.46,-77.89,0,0.0026736443
10.18730/JQJFT,G11772,PER,-7.38,-78.69,0,0.062304158
10.18730/JQJDR,G11770,PER,-6.77,-79.85,0,0.007749444
10.18730/JQJCQ,G11766,PER,-6.47,-78.97,0,0.0020408148
10.18730/JQJBP,G11765,PER,-6.58,-78.67,0,0.0013736337
10.18730/JQJ9M,G11763,PER,-7.51,-78.52,0,0.0011074946
10.18730/JQJ0B,G11755,PER,-11.27,-74.62,0,0.002162896
10.18730/JQHS4,G11743,PER,-11.84,-74.77,0,0.024346631
10.18730/JQHV6,G11746,PER,-11.98,-74.94,0,0.045440912
10.18730/JQHCW,G11728,PER,-10.89,-75.29,0,0.008948994
10.18730/S2MEN,G11723Q,PER,-9.15,-77.75,0,0.0005165824
10.18730/JQH3K,G11720,PER,-11.87,-74.72,0,0.052616466
10.18730/JQ2DY,G11584,PER,12.11,-76.95,0,0.00022554232
10.18730/JQ2BW,G11582,PER,-13.03,-76.39,0,0.0053009847
10.18730/JQ28S,G11577,PER,-3.77,-73.25,0,0.015564047
10.18730/S4SWQ,G11575D,PER,-5.9,-76.09,0,0.0080196
10.18730/K33Y9,G9542,COL,6.3,-75.6,1,0.95302695
10.18730/K32N5,G9452,COL,4.55,-74.12,0,0.31453916
10.18730/JZWGX,G941,COL,3.55,-76.28,0,0.003226118
10.18730/K2H83,G8204,COL,2.43,-76.52,1,0.9959694
10.18730/K2H72,G8202,COL,3.61,-76.6,1,0.830526
10.18730/S63CK,G8199K,COL,7.39,-72.65,1,0.98948306
10.18730/K2H50,G8198,COL,-0.1,-75.04,0,0.044429705
10.18730/K2H1~,G8194,COL,1.14,-77.86,1,0.9947848
10.18730/K2H2$,G8195,COL,1.29,-77.48,1,0.9195549
10.18730/K2GZZ,G8192,COL,2.47,-75.33,1,0.9949502
10.18730/K2GTT,G8187,COL,4.96,-73.8,1,0.9984493
10.18730/K2GVV,G8188,COL,2.87,-75.07,1,0.9971546
10.18730/K2GQQ,G8184,COL,4.93,-74.11,1,0.71606696
10.18730/K2GSS,G8186,COL,4.35,-73.94,1,0.97353566
10.18730/K2GPP,G8182,COL,4.36,-74.37,1,0.9931397
10.18730/K2GNN,G8181,COL,4.03,-74.52,1,0.994724
10.18730/K2GJJ,G8178,COL,4.4,-74.4,1,0.94754595
10.18730/K2GFF,G8174,COL,2.77,-76.75,0,0.10231918
10.18730/K2GHH,G8177,COL,5.32,-73.82,0,0.18720022
10.18730/K2GGG,G8176,COL,1.97,-76.97,0,0.0023458493
10.18730/JP0FH,G8170,COL,5.64,-73.57,1,0.9195739
10.18730/K2GDD,G8172,COL,5.33,-75.74,1,0.9966552
10.18730/K2GEE,G8173,COL,2.34,-76.71,1,0.9934936
10.18730/K2G88,G8164,COL,5.62,-73.84,1,0.9682197
10.18730/K2G99,G8165,COL,5.75,-72.84,1,0.9840119
10.18730/K2GAA,G8167,COL,5.75,-72.79,1,0.99339515
10.18730/K2G55,G8160,COL,6.09,-75.33,1,0.98770523
10.18730/K2G66,G8161,COL,6.5,-75.77,0,0.0100612845
10.18730/K2G44,G8159,COL,6.69,-75.91,1,0.9420803
10.18730/JHGCZ,G8156,COL,6.89,-75.55,1,0.9984445
10.18730/K2G00,G8153,COL,6.32,-75.53,0,0.053470064
10.18730/K2G11,G8154,COL,6.19,-75.37,1,0.9916312
10.18730/K2CP5,G7830,COL,7.31,-72.72,1,0.980628
10.18730/K2AVM,G7765,COL,5.92,-72.98,1,0.98434895
10.18730/JHPWH,G7442,COL,5.88,-75.32,1,0.99620456
10.18730/K2931,G7435,COL,4.78,-73.57,1,0.9986903
10.18730/K28PS,G7386,COL,1.97,-75.8,0,0.013556766
10.18730/K28KP,G7377,COL,1.6,-76.98,1,0.9968972
10.18730/JFB60,G7320,COL,5.08,-73.62,1,0.9841255
10.18730/JFEBV,G7314,COL,5.58,-75.57,0,0.0016638895
10.18730/S4KN9,G7313Y,COL,5.14,-74.17,1,0.9977507
10.18730/JFEAT,G7312,COL,1.0,-77.47,1,0.9821868
10.18730/JFE8R,G7310,COL,5.02,-73.44,1,0.9787427
10.18730/JFFFT,G7257,COL,6.33,-72.68,1,0.9760935
10.18730/S62Y5,G7253C,COL,2.67,-76.01,1,0.98898077
10.18730/S6SX0,G7253B,COL,2.67,-75.98,0,0.08208127
10.18730/JP08A,G7251,COL,6.66,-75.48,1,0.9906941
10.18730/S1PAK,G7237A,COL,2.38,-76.03,1,0.9975169
10.18730/JFFX3,G7236,COL,5.53,-73.63,1,0.95703334
10.18730/JFFQ$,G7229,COL,4.37,-75.73,1,0.94547373
10.18730/JFFSU,G7231,COL,6.02,-75.41,1,0.994695
10.18730/JFFR=,G7230,COL,4.08,-74.48,1,0.9941134
10.18730/JFQMW,G6921,COL,5.55,-74.0,1,0.9620004
10.18730/JFWE$,G6727,COL,2.46,-76.61,1,0.9838712
10.18730/JG0BB,G6396,COL,3.81,-76.52,0,0.04882156
10.18730/JGCR1,G5890,COL,1.82,-78.77,1,0.98830634
10.18730/S6R8N,G51645C,COL,2.37,-76.67,1,0.9917583
10.18730/K46NA,G51644,COL,2.47,-76.91,1,0.9886363
10.18730/K46M9,G51643,COL,5.08,-73.55,1,0.95110875
10.18730/K42R~,G51490,COL,1.59,-77.16,1,0.99849164
10.18730/K42Q*,G51489,COL,1.29,-77.44,1,0.9968658
10.18730/K42DP,G51479,COL,1.41,-77.39,1,0.99671364
10.18730/K426F,G51467,COL,2.59,-76.06,1,0.99180424
10.18730/K422B,G51465,COL,5.81,-75.42,1,0.99817514
10.18730/K421A,G51464,COL,0.84,-77.62,1,0.9890026
10.18730/K41Z8,G51462,COL,1.18,-77.26,1,0.99376243
10.18730/K41X6,G51460,COL,1.0,-77.44,1,0.99027926
10.18730/K41W5,G51459,COL,1.36,-77.28,1,0.99931264
10.18730/K41S2,G51456,COL,5.4,-75.5,1,0.6370507
10.18730/K41T3,G51457,COL,3.8,-76.23,1,0.97325075
10.18730/K41V4,G51458,COL,3.75,-76.17,1,0.9946843
10.18730/K41DV,G51439,COL,2.35,-76.67,1,0.9893963
10.18730/K418P,G51434,COL,6.5,-75.94,1,0.9959771
10.18730/K419Q,G51435,COL,5.93,-75.3,1,0.995513
10.18730/K417N,G51433,COL,6.54,-75.9,0,0.03001795
10.18730/K414J,G51430,COL,3.77,-76.17,1,0.9966794
10.18730/K413H,G51429,COL,5.12,-76.0,1,0.9986552
10.18730/K416M,G51432,COL,3.4,-76.19,0,0.0637107
10.18730/JYPF~,G51287,COL,5.75,-75.29,1,0.9978689
10.18730/S3SXU,G51286D,COL,6.76,-75.75,1,0.9975266
10.18730/S2B2H,G51286G1,COL,6.78,-75.75,1,0.9932853
10.18730/S4GHM,G51280B,COL,6.52,-75.92,1,0.96630716
10.18730/S4F3B,G51278F,COL,4.8,-73.65,1,0.99394184
10.18730/S5XHH,G51278E,COL,4.8,-73.68,1,0.99668187
10.18730/JY40$,G51275,COL,0.87,-77.63,1,0.98295903
10.18730/S28SJ,G51271E,COL,1.6,-77.14,1,0.9847334
10.18730/JY3Z~,G51272,COL,1.38,-77.16,1,0.96220976
10.18730/S1GAC,G51266A,COL,1.09,-77.63,1,0.9945063
10.18730/S3V41,G51058A,COL,5.33,-75.8,1,0.99849164
10.18730/JYSBE,G51056,COL,6.05,-75.8,1,0.98707366
10.18730/S1N3H,G51055F,COL,5.48,-75.47,1,0.99902236
10.18730/S2CDQ,G51054D,COL,5.43,-75.48,1,0.8678145
10.18730/PHGBB,G51052,COL,5.18,-75.5,1,0.99804
10.18730/S6QW9,G51040V,COL,2.33,-76.67,1,0.9837568
10.18730/JYPR5,G51035,COL,5.97,-75.49,1,0.996223
10.18730/JYQ2F,G51037,COL,6.17,-75.42,1,0.9972249
10.18730/S2B6N,G51034L,COL,5.92,-75.48,0,0.020777017
10.18730/JYPDZ,G51032,COL,6.05,-75.3,1,0.9942719
10.18730/S32Q$,G51030C,COL,6.0,-75.28,1,0.9910897
10.18730/JYPK0,G51028,COL,5.72,-75.38,1,0.9973093
10.18730/JYPM1,G51029,COL,5.72,-75.42,0,0.0016620109
10.18730/S32KY,G51027Z,COL,5.72,-75.28,1,0.99586946
10.18730/JYNP8,G51024,COL,5.94,-75.33,1,0.9903938
10.18730/PFYVJ,G51026,COL,5.73,-75.47,1,0.7945503
10.18730/JYMB2,G51006,COL,6.25,-75.74,1,0.98648214
10.18730/S31MU,G50999G,COL,5.61,-75.84,1,0.99334735
10.18730/JYJKM,G50991,COL,1.77,-77.39,1,0.9981522
10.18730/S56TY,G50988J,COL,4.93,-73.48,1,0.9792749
10.18730/S3QDY,G50987R,COL,4.99,-73.49,1,0.8440575
10.18730/S6MNH,G50983I,COL,4.58,-73.9,1,0.93119514
10.18730/PFYA1,G50981,COL,0.98,-77.52,1,0.99169487
10.18730/JY38A,G50979,COL,1.05,-77.5,1,0.9937523
10.18730/JYSDG,G50895,COL,3.74,-76.22,0,0.023809182
10.18730/PHH2$,G50889,COL,5.31,-75.81,1,0.91344035
10.18730/JYSAD,G50892,COL,5.29,-75.83,0,0.09244872
10.18730/PHH3=,G50888,COL,5.9,-75.7,0,0.023639679
10.18730/PHH50,G50886,COL,5.9,-75.55,0,0.009750233
10.18730/PHH4U,G50887,COL,5.9,-75.68,1,0.9702284
10.18730/PHH61,G50885,COL,5.75,-75.45,1,0.98563206
10.18730/S61J=,G50882A,COL,5.57,-75.47,1,0.9859095
10.18730/PHH83,G50883,COL,5.62,-75.52,0,0.03911884
10.18730/PHH72,G50884,COL,5.73,-75.5,1,0.9973104
10.18730/PHHB6,G50877,COL,5.38,-75.5,1,0.9180766
10.18730/PHHD8,G50875,COL,5.23,-75.5,1,0.99743
10.18730/PHHC7,G50876,COL,5.27,-75.48,1,0.9983255
10.18730/S4J2*,G50872B,COL,5.22,-75.47,1,0.99828655
10.18730/PHHFA,G50873,COL,5.22,-75.43,1,0.99714905
10.18730/PHHMF,G50866,COL,5.2,-75.48,1,0.9983132
10.18730/PHHPH,G50864,COL,5.2,-75.55,1,0.84437126
10.18730/S1MAX,G50854C,COL,6.8,-75.75,1,0.9958289
10.18730/JYQ7M,G50852,COL,6.15,-75.82,0,0.0006797583
10.18730/S4HFD,G50849Z1,COL,6.08,-75.25,1,0.9951846
10.18730/JYPZC,G50850,COL,6.04,-75.14,0,0.020588435
10.18730/S593X,G50849Y,COL,6.1,-75.25,1,0.99579924
10.18730/JYJQR,G50827,COL,5.1,-75.54,1,0.9986405
10.18730/S3NYM,G50797Z,COL,3.75,-75.42,0,0.0010446337
10.18730/S1EQ=,G50785X,COL,5.68,-75.87,0,0.006556135
10.18730/JYQ3G,G50712,COL,8.1,-76.67,0,0.034539532
10.18730/JYNVD,G50707,COL,5.71,-75.48,1,0.9915877
10.18730/JYK95,G50697,COL,5.62,-75.9,1,0.97863847
10.18730/JY3QS,G50682,COL,0.8,-77.57,1,0.98302597
10.18730/S6M62,G50646T,COL,5.97,-75.37,1,0.9899088
10.18730/JYHHQ,G50502,COL,5.05,-74.31,1,0.8057639
10.18730/S57SR,G50501B,COL,5.03,-73.42,1,0.9764202
10.18730/JYFH~,G50497,COL,5.07,-73.43,1,0.9812056
10.18730/S1HTQ,G50493C,COL,4.96,-73.46,1,0.99566615
10.18730/JYF9S,G50494,COL,5.05,-73.44,1,0.99730444
10.18730/JYBSR,G50484,COL,4.49,-73.93,1,0.99756765
10.18730/PFVBH,G50411,COL,6.15,-75.25,1,0.9950014
10.18730/JYPE*,G50409,COL,6.07,-75.29,1,0.9933235
10.18730/JYQ1E,G50412,COL,7.17,-75.75,0,0.11619433
10.18730/PHKTB,G50392,COL,6.22,-75.73,0,0.21107146
10.18730/PHKVC,G50383,COL,5.77,-75.98,0,0.017744035
10.18730/PHKWD,G50382,COL,5.07,-75.96,0,0.07237986
10.18730/JXKV=,G50361,COL,3.67,-76.69,0,0.002399229
10.18730/PHN9N,G50078,COL,3.33,-76.17,0,0.1761506
10.18730/JGZ92,G4906,COL,3.62,-76.4,0,0.00919524
10.18730/JPW8J,G4718,COL,3.35,-76.44,0,0.0030514665
10.18730/JPRA3,G4715,COL,3.43,-76.35,0,0.0043195435
10.18730/JH9Q3,G4713,COL,3.47,-76.63,1,0.98908013
10.18730/JPRMD,G4711,COL,4.53,-76.11,0,0.0036913448
10.18730/JH3ER,G4710,COL,4.57,-76.2,1,0.98455554
10.18730/JPR5=,G4705,COL,4.45,-75.25,0,0.010994733
10.18730/JH9N1,G4697,COL,6.36,-73.24,0,0.09192983
10.18730/JH3GT,G4690,COL,1.25,-77.49,1,0.9514273
10.18730/JPR1Z,G4679,COL,1.12,-77.42,1,0.9954391
10.18730/JPRG9,G4671,COL,10.9,-74.06,1,0.88317186
10.18730/JPR70,G4669,COL,10.57,-73.58,1,0.98843735
10.18730/JPV0F,G4668,COL,11.03,-74.24,0,0.0013110184
10.18730/JPTYD,G4666,COL,10.4,-73.03,0,0.006918726
10.18730/JH9F*,G4647,COL,2.07,-75.68,0,0.041597907
10.18730/JH3W1,G4646,COL,11.39,-72.22,0,0.004018503
10.18730/JPQZX,G4622,COL,4.13,-74.46,1,0.9953714
10.18730/JPTC*,G4606,COL,2.56,-76.05,1,0.976724
10.18730/JF5YH,G4607,COL,2.97,-76.24,1,0.9961526
10.18730/JPT8W,G4600,COL,2.1,-76.97,0,0.0022595786
10.18730/JPT9X,G4603,COL,3.02,-76.42,0,0.006682933
10.18730/JPT0M,G4590,COL,5.47,-74.07,1,0.9151717
10.18730/JH96Q,G4589,COL,5.58,-73.99,1,0.99635774
10.18730/JF63P,G4581,COL,9.37,-75.56,0,0.004519732
10.18730/JF62N,G4580,COL,8.89,-75.62,0,0.0046726544
10.18730/JF61M,G4579,COL,10.01,-75.05,0,0.001564566
10.18730/JF6BY,G4576,COL,10.27,-75.43,0,0.0017895952
10.18730/JF6K1,G4556,COL,6.13,-75.9,0,0.037409082
10.18730/JF6J0,G4554,COL,6.49,-75.02,1,0.742056
10.18730/JH5DD,G4551,COL,5.67,-75.89,0,0.00567737
10.18730/K2295,G3618,COL,3.46,-76.33,0,0.009523503
10.18730/JYGDR,G24987,COL,5.12,-73.36,0,0.25366142
10.18730/S1HB8,G24942B,COL,4.83,-73.69,1,0.99181026
10.18730/JYDB0,G24943,COL,5.04,-73.51,1,0.99385226
10.18730/JYCME,G24936,COL,4.58,-73.92,1,0.88286984
10.18730/JYBNM,G24931,COL,4.52,-73.9,1,0.98572844
10.18730/JYCA4,G24934,COL,4.5,-73.88,1,0.98613507
10.18730/JYAZ=,G24927,COL,4.56,-73.92,1,0.99039006
10.18730/JY3HK,G24820,COL,0.82,-77.63,1,0.98242927
10.18730/JY3DF,G24816,COL,1.21,-77.46,1,0.97484565
10.18730/JYHSZ,G24798,COL,5.18,-74.18,1,0.95566756
10.18730/JYHAG,G24794,COL,5.1,-73.45,1,0.98841643
10.18730/JYH4A,G24787,COL,5.0,-73.32,1,0.9879837
10.18730/JYHFN,G24785,COL,4.98,-73.33,1,0.97088224
10.18730/PHQ8A,G24782,COL,5.02,-73.37,0,0.06409616
10.18730/S31BV,G24777A,COL,5.04,-73.4,0,0.09198942
10.18730/JYGBP,G24769,COL,5.12,-73.38,1,0.8082514
10.18730/JYGAN,G24768,COL,5.1,-73.38,0,0.41697177
10.18730/S4G58,G24767C,COL,5.14,-73.36,0,0.31259406
10.18730/JYG5G,G24763,COL,5.08,-73.38,0,0.20214842
10.18730/PHQ9B,G24704,COL,4.97,-73.48,1,0.94199663
10.18730/JYDG5,G24690,COL,5.0,-73.47,1,0.98415965
10.18730/JYE0N,G24689,COL,5.02,-73.48,1,0.99089724
10.18730/JYDNA,G24688,COL,5.02,-73.5,1,0.977697
10.18730/JYDC1,G24686,COL,5.08,-73.57,1,0.98841465
10.18730/JYCZS,G24671,COL,4.82,-73.63,1,0.9908496
10.18730/JYCPG,G24657,COL,4.6,-73.9,1,0.9844864
10.18730/JYC3$,G24649,COL,4.48,-73.88,1,0.98283523
10.18730/JYBZY,G24645,COL,4.52,-73.92,1,0.99008757
10.18730/JYBJH,G24626,COL,4.55,-73.9,1,0.9922518
10.18730/JY1W3,G24536,COL,6.54,-73.14,0,0.0038346832
10.18730/JY8CT,G24423,COL,5.02,-73.55,1,0.9740369
10.18730/PFCZ1,G24422,COL,4.82,-73.61,1,0.9960492
10.18730/JY88P,G24419,COL,4.5,-73.9,1,0.9908047
10.18730/JY7M2,G24401,COL,4.98,-74.31,1,0.988937
10.18730/PHR52,G24399,COL,4.98,-74.35,1,0.9756915
10.18730/PHR85,G24396,COL,4.7,-74.47,1,0.9091316
10.18730/JY72N,G24395,COL,4.65,-74.42,1,0.82441217
10.18730/JY0Q3,G24006,COL,4.07,-75.45,1,0.99161774
10.18730/JXZYF,G24005,COL,3.47,-75.65,0,0.0019070993
10.18730/JY2QY,G24001,COL,3.59,-75.39,0,0.0018127632
10.18730/JY0YA,G23999,COL,4.63,-74.37,0,0.018847104
10.18730/JY0X9,G23998,COL,4.66,-74.4,1,0.9472129
10.18730/JY0P2,G23995,COL,4.0,-75.47,1,0.99154234
10.18730/S2YPG,G23974A,COL,2.92,-75.0,1,0.9971476
10.18730/JXZM5,G23973,COL,2.63,-75.74,1,0.9941871
10.18730/JXZP7,G23971,COL,1.74,-76.18,1,0.98357624
10.18730/JXZ3S,G23970,COL,2.16,-75.62,0,0.011581036
10.18730/JXZH2,G23969,COL,2.48,-75.95,0,0.01940972
10.18730/JXZ5V,G23968,COL,2.56,-76.03,1,0.6945416
10.18730/JY0W8,G23967,COL,3.65,-75.59,0,0.0024447527
10.18730/JXRGU,G23965,COL,5.63,-75.97,1,0.9976277
10.18730/JWFFJ,G23851,COL,1.63,-76.97,1,0.9956643
10.18730/JWFRV,G23852,COL,1.21,-76.84,1,0.99392587
10.18730/PG74R,G23578,COL,5.12,-75.96,1,0.9821976
10.18730/JVKRK,G22277,COL,7.02,-76.27,0,0.0072442973
10.18730/JVS68,G22146,COL,3.52,-76.72,1,0.77066064
10.18730/JWFDG,G21243,COL,1.02,-77.45,1,0.9664302
10.18730/JWF14,G21241,COL,1.67,-77.04,1,0.65134263
10.18730/JWEDN,G21230,COL,1.57,-77.3,0,0.1142573
10.18730/JWE08,G21228,COL,1.32,-77.61,1,0.990763
10.18730/JWDN$,G21224,COL,1.22,-77.5,0,0.025172465
10.18730/JWDY6,G21226,COL,1.34,-77.59,0,0.27936804
10.18730/JWDAQ,G21215,COL,1.5,-77.45,0,0.030335365
10.18730/JWD4H,G21210,COL,1.5,-77.43,0,0.00107475
10.18730/S5Q1Z,G21209A,COL,1.45,-77.43,1,0.9501732
10.18730/JWCYB,G21202,COL,1.37,-77.33,1,0.98266995
10.18730/JTEC7,G21114,COL,4.45,-76.32,1,0.9852996
10.18730/JHQ3R,G16903,COL,2.64,-76.5,1,0.99659
10.18730/JSVDX,G15841,COL,2.47,-75.97,1,0.9872016
10.18730/JSM6M,G15839,COL,2.79,-76.79,1,0.9669525
10.18730/JSDGW,G15818,COL,0.82,-77.59,1,0.9822206
10.18730/JM2H~,G14853,COL,1.14,-77.47,1,0.7110383
10.18730/JHQ1P,G14643,COL,2.69,-76.52,1,0.9923234
10.18730/JHG0K,G14539,COL,4.62,-75.65,1,0.9983308
10.18730/JHFA$,G14527,COL,4.34,-75.82,0,0.016177276
10.18730/JS7W~,G14017,COL,5.83,-73.54,1,0.7414687
10.18730/JS7CH,G13928,COL,2.4,-76.45,1,0.9921221
10.18730/JS7HP,G13924,COL,0.85,-77.52,1,0.98726255
10.18730/JRXDZ,G12726,COL,5.08,-75.54,1,0.9979808
10.18730/JP0WY,G12720,COL,6.13,-75.37,1,0.99385947
10.18730/JNFHY,G12707,COL,0.82,-77.66,1,0.9822183
10.18730/JRX7S,G12666,COL,0.92,-77.55,1,0.9878876
10.18730/JP057,G12652,COL,5.73,-72.84,1,0.9955908
10.18730/JRWE0,G12649,COL,6.16,-75.38,1,0.9905184
10.18730/K4Q4K,G52127,COL,3.46,-76.54,0,0.0023385244
10.18730/K4Q5M,G52128,COL,3.02,-76.48,0,0.0023864815
10.18730/S33GP,G50870A,COL,5.2,-75.52,1,0.9976411
10.18730/S4G8B,G50990N,COL,1.75,-77.33,0,0.0029319227
10.18730/JH588,G9518,ETH,9.03,38.7,0,0.0133500155
10.18730/JZR51,G807,ETH,8.48,39.13,0,0.009347651
10.18730/JZQ9A,G761,ETH,9.58,41.87,0,0.0024895582
10.18730/JFP5J,G6980,ETH,9.32,42.12,0,0.0059297536
10.18730/JMY5X,G20142,ETH,7.69,38.65,0,0.0034501723
10.18730/S4QV*,G19236B,ETH,5.78,36.57,1,0.7750903
10.18730/JMBT$,G14177,ETH,9.4,42.02,0,0.00278572
10.18730/PEET=,G13072,ETH,7.17,38.59,0,0.013277298
10.18730/JH4KR,G9517,TUR,40.0,32.93,1,0.88389343
10.18730/S63MV,G9516C,TUR,40.73,31.65,1,0.9955189
10.18730/JH4EK,G9515,TUR,39.74,27.88,1,0.65117633
10.18730/JH3Y3,G9513,TUR,36.8,31.44,0,0.002313774
10.18730/JH3X2,G9512,TUR,37.07,30.22,0,0.0007759676
10.18730/K3H4R,G9511,TUR,38.7,29.42,0,0.0071701882
10.18730/JZ2TN,G9,TUR,37.87,32.52,0,0.0018671651
10.18730/JZTVD,G897,TUR,41.25,36.37,1,0.99627197
10.18730/JZV1K,G885,TUR,38.1,37.88,0,0.0009960202
10.18730/JZV0J,G884,TUR,39.75,37.03,0,0.16786915
10.18730/S35RM,G8239A,TUR,40.06,29.12,1,0.98386973
10.18730/JSC1J,G710A,TUR,41.0,39.72,1,0.99525636
10.18730/JZNN*,G706,TUR,37.6,36.92,0,0.001016383
10.18730/JZNCQ,G696,TUR,39.91,28.18,1,0.9571296
10.18730/JZNBP,G695,TUR,38.23,37.18,0,0.0022968582
10.18730/JZN7J,G691,TUR,37.09,41.24,0,0.0008784006
10.18730/JZN6H,G690,TUR,38.73,41.47,0,0.0122108245
10.18730/JZN5G,G689,TUR,39.73,43.05,1,0.59284455
10.18730/JFWM3,G6674,TUR,40.39,41.07,1,0.9862018
10.18730/JFWH0,G6671,TUR,39.8,26.34,0,0.021613084
10.18730/JFWK2,G6673,TUR,37.0,35.3,0,0.0039503323
10.18730/JZM9S,G644,TUR,40.44,29.17,1,0.99179333
10.18730/JZM6P,G641,TUR,39.6,32.15,0,0.014684841
10.18730/JZMFZ,G640,TUR,40.24,26.6,0,0.039915517
10.18730/JZM0G,G635,TUR,37.93,41.95,0,0.0016850724
10.18730/JZKZF,G634,TUR,39.94,41.25,0,0.017840564
10.18730/JZKQ7,G626,TUR,39.31,26.69,0,0.0031613251
10.18730/JZKP6,G625,TUR,40.65,29.25,1,0.98345757
10.18730/JZKN5,G624,TUR,40.12,43.14,0,0.07965478
10.18730/JZKM4,G623,TUR,40.14,43.1,0,0.19552924
10.18730/JZKK3,G622,TUR,41.48,36.11,1,0.991678
10.18730/JZKVB,G621,TUR,40.71,29.99,1,0.996412
10.18730/JZKJ2,G611,TUR,40.05,28.38,0,0.41095752
10.18730/JZK7W,G609,TUR,41.2,27.11,1,0.9968368
10.18730/JZK6V,G608,TUR,41.27,26.71,1,0.9962304
10.18730/JZK5T,G607,TUR,40.25,38.42,0,0.05806572
10.18730/JZK4S,G606,TUR,40.61,33.62,1,0.9448228
10.18730/K3XVR,G603A,TUR,39.44,29.86,1,0.9706635
10.18730/JZK2Q,G604,TUR,39.77,30.53,1,0.98628694
10.18730/JZK0N,G602,TUR,39.45,29.91,1,0.98663694
10.18730/JZJYK,G596,TUR,38.62,34.92,0,0.0030459708
10.18730/JZJXJ,G595,TUR,37.59,43.57,0,0.0018821079
10.18730/JZJWH,G594,TUR,37.25,43.62,0,0.001710295
10.18730/JZJVG,G593,TUR,41.28,36.33,1,0.986642
10.18730/JZJTF,G592,TUR,40.89,35.49,1,0.99559987
10.18730/JZJZM,G591,TUR,41.37,33.78,1,0.99063116
10.18730/JZJM9,G585,TUR,37.86,32.56,0,0.002023238
10.18730/JZJB0,G576,TUR,41.0,36.65,1,0.998133
10.18730/JZJAU,G575,TUR,41.57,35.94,1,0.9945017
10.18730/JZJ9=,G574,TUR,41.17,36.95,1,0.9958709
10.18730/JZJ8$,G573,TUR,41.2,36.98,1,0.9967784
10.18730/JZJ7~,G572,TUR,40.11,33.42,0,0.07340788
10.18730/JZJG5,G571,TUR,40.02,30.5,0,0.026270505
10.18730/JZJ6*,G570,TUR,39.44,29.99,1,0.9845345
10.18730/JZHPG,G554,TUR,37.45,34.62,0,0.22814453
10.18730/JZHNF,G553,TUR,37.62,34.37,0,0.0020174896
10.18730/JGJJ2,G5522,TUR,40.02,32.35,1,0.9652501
10.18730/JGJK3,G5523,TUR,41.0,29.0,0,0.01807459
10.18730/JZHHB,G549,TUR,39.75,37.06,0,0.15136218
10.18730/JZHD7,G545,TUR,40.18,38.1,0,0.040720828
10.18730/JZHC6,G544,TUR,39.72,39.49,0,0.015408355
10.18730/K3GPA,G540A,TUR,38.87,39.33,0,0.009172465
10.18730/JZH71,G539,TUR,39.74,30.49,1,0.9804733
10.18730/JZH5U,G537,TUR,38.78,35.55,0,0.0024581617
10.18730/JZGYX,G530,TUR,39.15,34.17,0,0.0013776486
10.18730/JZGWV,G528,TUR,40.55,34.97,1,0.95662093
10.18730/JZGSR,G525,TUR,38.5,28.16,0,0.00067365164
10.18730/JZGRQ,G524,TUR,39.13,38.77,0,0.007424865
10.18730/JZGQP,G523,TUR,40.25,27.25,1,0.9835554
10.18730/JZGNM,G521,TUR,41.23,33.33,1,0.99364674
10.18730/JZGKJ,G519,TUR,41.0,34.03,1,0.9884517
10.18730/JZGGF,G516,TUR,40.06,27.97,1,0.9823157
10.18730/JZGED,G514,TUR,41.9,35.0,1,0.99777573
10.18730/JZGDC,G513,TUR,41.72,34.87,1,0.9967483
10.18730/JZGPN,G512,TUR,40.68,29.6,1,0.9956656
10.18730/JZEVU,G462,TUR,38.69,39.24,0,0.0035101336
10.18730/JZER~,G459,TUR,38.38,38.32,0,0.003095228
10.18730/JZEQ*,G458,TUR,37.11,37.37,0,0.00065165997
10.18730/JZEW0,G453,TUR,37.32,40.74,0,0.0010751601
10.18730/JZEHT,G452,TUR,37.93,40.25,0,0.0007558042
10.18730/JZEFR,G450,TUR,39.05,43.37,0,0.0038973154
10.18730/JZEBM,G446,TUR,38.38,34.05,0,0.0012423553
10.18730/JZE6F,G441,TUR,37.56,43.74,0,0.0030094762
10.18730/JZE4D,G438,TUR,38.65,39.21,0,0.003132241
10.18730/JZDY7,G432,TUR,37.13,38.77,0,0.00093871955
10.18730/JZDN=,G423,TUR,38.55,43.37,0,0.0033480106
10.18730/JZDM$,G422,TUR,40.82,41.55,0,0.46592492
10.18730/JZDJ*,G420,TUR,40.43,42.91,1,0.8355164
10.18730/JZDHZ,G419,TUR,41.19,41.83,1,0.98482704
10.18730/JZDFX,G417,TUR,41.35,41.32,1,0.9990632
10.18730/JZDCT,G414,TUR,41.51,42.75,1,0.9965532
10.18730/JZDBS,G413,TUR,40.5,42.75,1,0.8214488
10.18730/JZCT8,G392,TUR,40.13,39.75,0,0.046079665
10.18730/JZD0E,G390,TUR,41.02,39.56,1,0.9972904
10.18730/JZCBY,G377,TUR,41.01,40.52,1,0.99928826
10.18730/JZCE~,G370,TUR,35.93,36.02,0,0.002180601
10.18730/JZC3P,G369,TUR,41.0,37.13,1,0.998971
10.18730/JZC1M,G367,TUR,40.6,36.97,1,0.9935011
10.18730/JZC4Q,G360,TUR,40.36,36.58,1,0.9819884
10.18730/JZBQA,G357,TUR,40.65,35.85,1,0.99009305
10.18730/JZBP9,G356,TUR,40.63,36.14,1,0.9929549
10.18730/JZBCU,G345,TUR,41.64,32.35,1,0.9371717
10.18730/JZBB=,G344,TUR,37.32,30.73,0,0.0013318964
10.18730/JZBG3,G341,TUR,41.13,28.99,1,0.9922478
10.18730/JZB8*,G340,TUR,40.18,29.07,1,0.9917891
10.18730/JZB6Y,G338,TUR,40.18,29.0,1,0.9659104
10.18730/JZB2T,G334,TUR,40.02,29.13,1,0.9802844
10.18730/JZAQF,G322,TUR,40.34,27.97,0,0.11677337
10.18730/JZAZQ,G321,TUR,40.15,27.85,0,0.46423554
10.18730/JZAH9,G314,TUR,39.93,27.79,1,0.9631971
10.18730/JZAG8,G313,TUR,39.66,27.88,0,0.019823078
10.18730/JZAPE,G311,TUR,38.41,27.22,0,0.0014422381
10.18730/JZAA2,G307,TUR,39.92,27.27,1,0.93978727
10.18730/JZA80,G305,TUR,40.03,27.05,1,0.9880277
10.18730/JZA7U,G304,TUR,39.8,26.62,0,0.010405619
10.18730/K40K1,G300A,TUR,40.17,26.41,0,0.015075551
10.18730/JZA1Y,G299,TUR,40.15,26.5,0,0.02360413
10.18730/JZ9ZW,G297,TUR,40.86,26.6,1,0.9913215
10.18730/JZ9YV,G296,TUR,41.5,27.3,1,0.9958509
10.18730/JZ9PK,G288,TUR,41.17,27.82,1,0.98975116
10.18730/JZ9NJ,G287,TUR,41.68,26.59,1,0.9910334
10.18730/JZ9HE,G274,TUR,41.19,26.43,1,0.9957653
10.18730/JZ974,G273,TUR,41.73,27.2,1,0.99479395
10.18730/JZ963,G272,TUR,39.28,27.32,0,0.0026304566
10.18730/JZ91=,G267,TUR,40.81,29.35,1,0.9944687
10.18730/JZ8MP,G254,TUR,38.13,27.16,0,0.0009580527
10.18730/JZ879,G240,TUR,38.6,28.56,0,0.0012533332
10.18730/JSC2K,G239A,TUR,39.2,28.2,0,0.0031005384
10.18730/JZ7XU,G231,TUR,37.94,27.35,0,0.00072093663
10.18730/JZ7W=,G230,TUR,37.86,27.85,0,0.00059948355
10.18730/JZ7V$,G229,TUR,36.96,28.67,0,0.0025792965
10.18730/JZ8CE,G228,TUR,37.2,28.35,0,0.0023197213
10.18730/JZ824,G227,TUR,36.68,29.13,0,0.0014244099
10.18730/K3XKG,G224A,TUR,37.81,27.77,0,0.0007742418
10.18730/JVT96,G22205,TUR,40.35,41.87,0,0.02050412
10.18730/JZ7KT,G222,TUR,36.92,30.6,0,0.001073014
10.18730/JZ7JS,G221,TUR,36.74,29.94,0,0.0007137321
10.18730/JVME4,G21909,TUR,40.09,29.53,1,0.9867807
10.18730/JVM2X,G21903,TUR,38.54,31.24,0,0.004657318
10.18730/JVM1W,G21902,TUR,39.52,31.19,1,0.97034496
10.18730/JZ835,G219,TUR,37.12,30.09,0,0.049365625
10.18730/JZ7S*,G210,TUR,37.04,30.13,0,0.0030233862
10.18730/JMQF0,G20505,TUR,40.27,30.35,1,0.978571
10.18730/JZ74B,G205,TUR,36.88,34.89,0,0.0010655503
10.18730/JMPVH,G20488,TUR,40.38,36.89,1,0.9778755
10.18730/JMP5*,G20482,TUR,36.38,33.96,0,0.0008283498
10.18730/JZ6Y5,G200,TUR,36.69,34.37,0,0.0007821837
10.18730/JZ6KZ,G190A,TUR,36.51,36.38,0,0.004692703
10.18730/JZ6M*,G191,TUR,36.87,36.2,0,0.008971495
10.18730/JKKAV,G16917,TUR,40.8,30.39,1,0.99157953
10.18730/JH522,G16827,TUR,40.51,29.3,1,0.9919389
10.18730/JH544,G16828,TUR,40.19,26.35,0,0.012815735
10.18730/JH4BG,G16809,TUR,38.6,27.43,0,0.0011530613
10.18730/JH4SY,G16816,TUR,39.85,30.4,1,0.95293254
10.18730/JH4NT,G16815,TUR,38.72,35.5,0,0.0054741246
10.18730/JH49E,G16810,TUR,39.39,28.15,0,0.003058269
10.18730/JZ5YA,G158,TUR,40.17,31.93,0,0.021072939
10.18730/JZ5KU,G156,TUR,40.18,31.35,1,0.93981224
10.18730/JZ5H$,G154,TUR,40.1,31.62,0,0.03928005
10.18730/JZ5G~,G153,TUR,41.02,28.97,0,0.16629237
10.18730/JH4X$,G14498,TUR,39.54,31.57,1,0.66321284
10.18730/JH4DJ,G14496,TUR,41.22,31.97,1,0.9961318
10.18730/JMQH2,G13092,TUR,41.1,29.03,1,0.9978667
10.18730/JH438,G13059,TUR,37.89,28.28,0,0.00079855154
10.18730/JH4PV,G13040,TUR,37.68,44.57,0,0.0031545642
10.18730/JZ2VP,G10,TUR,39.93,32.87,1,0.83423454
10.18730/K4J58,G590,TUR,40.49,33.31,1,0.98564756
10.18730/K4J69,G600,TUR,39.84,34.8,1,0.94841486
10.18730/JH3S=,G9510,IND,28.62,77.2,0,0.0005922898
10.18730/K2HPH,G8240,IND,30.37,78.5,0,0.0012420263
10.18730/K2FGN,G8088,IND,31.59,74.9,0,0.00041943853
10.18730/JFFZ5,G7223,IND,15.33,75.13,0,0.0028320274
10.18730/JZNT0,G711,IND,25.91,91.89,1,0.9412085
10.18730/JZNKY,G704,IND,21.2,72.77,0,0.09836695
10.18730/JZMG*,G650,IND,31.71,76.92,0,0.0011940696
10.18730/JZMEY,G649,IND,31.97,77.12,0,0.0022415677
10.18730/JZMCW,G647,IND,31.0,75.5,0,0.000583776
10.18730/JZFVZ,G495,IND,30.01,77.55,0,0.00074415514
10.18730/JZFSX,G493,IND,29.88,78.18,0,0.0006683991
10.18730/JZG21,G492,IND,21.01,84.94,0,0.0052581807
10.18730/JZFQV,G491,IND,30.26,77.11,0,0.0005797689
10.18730/JZFMR,G488,IND,28.21,79.07,0,0.0008468691
10.18730/JZFHN,G485,IND,29.96,79.59,0,0.0053435527
10.18730/K3YWM,G483A,IND,30.52,79.73,0,0.009952127
10.18730/JZFRW,G482,IND,31.53,78.13,0,0.0015318095
10.18730/JZFDH,G481,IND,30.66,78.86,1,0.9265183
10.18730/JZFCG,G480,IND,26.49,88.12,0,0.037294455
10.18730/JZFAE,G477,IND,28.26,80.55,0,0.00093020266
10.18730/JZF9D,G476,IND,25.77,84.48,0,0.0030899695
10.18730/JZF7B,G474,IND,34.08,74.03,0,0.0008402822
10.18730/JZF6A,G473,IND,26.06,80.16,0,0.003472779
10.18730/JZF37,G470,IND,30.36,78.55,0,0.0009189463
10.18730/JZF26,G469,IND,30.46,78.08,0,0.017751308
10.18730/JZEEQ,G449,IND,30.33,78.03,0,0.0016816133
10.18730/JN332,G20710,IND,33.56,75.35,0,0.001520998
10.18730/JN3HG,G20708,IND,33.58,75.31,0,0.00109132
10.18730/JN3ED,G20706,IND,34.09,75.42,0,0.025637478
10.18730/S2JP2,G20690A,IND,33.09,75.29,0,0.009641968
10.18730/JN387,G20698,IND,27.03,79.25,0,0.00057125336
10.18730/JN2Z=,G20687,IND,33.79,74.66,1,0.95193034
10.18730/JN2RW,G20680,IND,33.56,75.25,0,0.0016341716
10.18730/JN2JP,G20675,IND,34.03,75.33,0,0.030997265
10.18730/JN28C,G20674,IND,34.17,74.57,0,0.0017609617
10.18730/JN1VU,G20672,IND,33.69,75.23,0,0.00061513175
10.18730/JN2BF,G20667,IND,34.2,74.36,0,0.0013651099
10.18730/JN1X1,G20664,IND,32.98,75.71,0,0.0021352782
10.18730/JN1MX,G20654,IND,33.5,75.3,0,0.0040440867
10.18730/JN1T=,G20652,IND,20.72,81.22,0,0.024131961
10.18730/JN1NY,G20646,IND,30.74,76.92,0,0.00051491417
10.18730/JN0W5,G20643,IND,31.99,76.54,0,0.0012067546
10.18730/JN1DP,G20638,IND,24.89,72.85,1,0.58855116
10.18730/JN1EQ,G20639,IND,32.24,77.19,0,0.00583238
10.18730/JN12B,G20628,IND,30.65,-77.21,0,0.0011332991
10.18730/JN0Z8,G20625,IND,32.12,77.17,0,0.0047349236
10.18730/JN109,G20626,IND,32.57,76.14,0,0.0011925242
10.18730/JN11A,G20627,IND,32.22,76.32,0,0.022457138
10.18730/JN0N=,G20612,IND,32.03,77.12,0,0.0016229401
10.18730/JMZQ5,G20604,IND,31.14,77.17,0,0.0069396137
10.18730/JMZZD,G20592,IND,32.12,76.54,0,0.009127281
10.18730/JMZD*,G20585,IND,31.35,77.39,0,0.0024791285
10.18730/JMZS7,G20586,IND,32.55,75.94,0,0.0017719723
10.18730/JMZN3,G20582,IND,32.54,75.99,0,0.067261055
10.18730/JMZF$,G20577,IND,32.12,-77.17,0,0.0009961706
10.18730/JMZ5R,G20567,IND,31.88,77.14,0,0.0021887494
10.18730/JMZ0K,G20562,IND,23.4,69.0,0,0.021567319
10.18730/JZ6P$,G185,IND,26.12,83.23,0,0.0020375552
10.18730/JZ6BQ,G181,IND,29.85,76.52,0,0.00050639646
10.18730/JZ69N,G179,IND,25.7,81.49,0,0.0069979713
10.18730/JZ64G,G172,IND,26.85,80.87,0,0.0018088967
10.18730/JH4JQ,G16813,IND,24.84,73.52,1,0.8223304
10.18730/K0BM*,G1556,IND,21.98,70.79,1,0.7355482
10.18730/K0BHX,G1555,IND,26.43,83.61,0,0.002308311
10.18730/K092R,G1467,IND,24.17,72.43,1,0.83645415
10.18730/JZ58S,G146,IND,18.52,73.9,0,0.021017017
10.18730/JZ5Q3,G144,IND,15.87,74.52,0,0.0068066935
10.18730/JSC8S,G142A,IND,11.65,78.18,0,0.002091766
10.18730/JN5G5,G14216,IND,27.75,88.5,1,0.9268251
10.18730/JN5NA,G14218,IND,31.12,77.15,0,0.0024467595
10.18730/JN4F9,G14206,IND,31.52,77.81,0,0.02451852
10.18730/JN4E8,G14209,IND,31.05,77.14,0,0.0048847264
10.18730/JZ53M,G141,IND,11.42,76.72,0,0.10528876
10.18730/JN4KD,G13901,IND,10.26,77.41,1,0.9100029
10.18730/JZ51J,G139,IND,11.0,76.93,0,0.0030533501
10.18730/JN4D7,G13897,IND,31.08,77.78,0,0.0026663293
10.18730/K07SM,G1389,IND,11.35,76.82,0,0.06143788
10.18730/JN3ZY,G13891,IND,25.59,91.89,1,0.98853254
10.18730/K3QTG,G13894,IND,36.06,74.32,1,0.8432544
10.18730/JMZK1,G13885,IND,32.49,76.15,0,0.0042268685
10.18730/JN3NM,G13887,IND,31.54,78.25,0,0.0045613414
10.18730/JN3MK,G13888,IND,29.1,76.02,0,0.00063411455
10.18730/JZ5F*,G136,IND,13.07,80.27,0,0.0032848557
10.18730/JN50T,G13113,IND,30.97,77.1,0,0.0009626156
10.18730/JN51V,G13114,IND,31.1,77.5,0,0.0042970106
10.18730/JN4NF,G13110,IND,10.24,77.49,1,0.99283254
10.18730/JN4QH,G13106,IND,18.57,82.97,1,0.7455688
10.18730/JN4PG,G13105,IND,18.85,82.56,0,0.013124205
10.18730/JN3PN,G13100,IND,33.7,75.86,0,0.03317681
10.18730/JN3VT,G13103,IND,30.28,79.18,0,0.0011135935
10.18730/JZ4G1,G121,IND,31.92,77.1,0,0.002370952
10.18730/K4CFB,G51846,IND,32.14,76.45,0,0.0057472405
10.18730/K4CA6,G51841,IND,29.8,79.89,0,0.0021875582
10.18730/K4CB7,G51842,IND,29.15,78.28,0,0.00074787973
10.18730/K4C62,G51837,IND,25.43,84.57,0,0.003274179
10.18730/K4C73,G51838,IND,30.99,77.45,0,0.0018174138
10.18730/K4C51,G51836,IND,28.6,77.25,0,0.00048197352
10.18730/JZWT2,G951,NIC,13.1,-86.0,1,0.7457969
10.18730/JZRMG,G805,NIC,11.43,-85.83,0,0.0003862204
10.18730/JZRGC,G801,NIC,12.92,-85.94,0,0.00083044416
10.18730/K2CT9,G7848,NIC,13.65,-86.48,0,0.00025737158
10.18730/K2CM3,G7827,NIC,13.13,-86.36,0,0.00047357933
10.18730/K2B7*,G7779,NIC,11.79,-85.9,0,0.00047412334
10.18730/JFG39,G7210,NIC,12.09,-85.4,0,0.0016536422
10.18730/JFGGP,G7208,NIC,12.62,-87.15,0,0.0006484761
10.18730/JFGW$,G7186,NIC,11.75,-86.06,0,0.00042949943
10.18730/JFGX=,G7187,NIC,11.8,-86.17,0,0.00082673447
10.18730/JFJ1$,G7132,NIC,12.47,-85.65,0,0.0024050532
10.18730/JFJ40,G7116,NIC,11.94,-85.97,0,0.00037886808
10.18730/JFM9*,G7056,NIC,11.84,-86.25,0,0.0004149869
10.18730/JFMVD,G7033,NIC,12.54,-85.71,0,0.0036320742
10.18730/JFMN7,G7027,NIC,11.87,-86.05,0,0.00059328135
10.18730/JFMYG,G7017,NIC,13.47,-86.59,0,0.00042787855
10.18730/JFNR5,G7006,NIC,11.81,-86.13,0,0.0003062069
10.18730/JFQ3B,G6922,NIC,11.93,-85.95,0,0.0006241805
10.18730/JFRJN,G6865,NIC,11.95,-86.09,0,0.00061861344
10.18730/JGHNA,G5610,NIC,13.45,-86.4,0,0.00018382611
10.18730/K0R7W,G2100,NIC,12.06,-85.11,0,0.011189363
10.18730/K0RP6,G2097,NIC,11.85,-86.22,0,0.00065849687
10.18730/K0QK8,G2061,NIC,11.89,-86.05,0,0.0006471108
10.18730/JTJY5,G18457,NIC,12.15,-86.28,0,0.0006712142
10.18730/JTJV2,G18454,NIC,13.15,-86.37,0,0.00052696135
10.18730/JTJP$,G18448,NIC,11.6,-86.25,0,0.00036297794
10.18730/JTJQ=,G18449,NIC,12.9,-86.32,0,0.00022964615
10.18730/JTAZ9,G17663,NIC,12.76,-85.86,0,0.0009918719
10.18730/JTB2C,G17666,NIC,11.44,-85.93,0,0.00037547492
10.18730/K030F,G1212,NIC,11.95,-86.27,0,0.0004974441
10.18730/K4NF3,G52104,NIC,12.83,-85.46,0,0.0007852644
10.18730/K4NTE,G52115,NIC,13.15,-85.99,0,0.01535373
10.18730/K4NWG,G52117,NIC,13.08,-85.99,1,0.8925561
10.18730/K4NQB,G52112,NIC,13.37,-85.66,0,0.0047967033
10.18730/K4NYJ,G52119,NIC,13.62,-85.81,0,0.0008658844
10.18730/K4NK7,G52108,NIC,13.14,-85.72,0,0.0071956106
10.18730/K4P2P,G52123,NIC,13.37,-86.41,0,0.00027938216
10.18730/K4NZK,G52120,NIC,13.34,-85.94,0,0.001325574
10.18730/K4N1T,G52090,NIC,11.9,-86.21,0,0.0006175287
10.18730/K4MTK,G52083,NIC,11.18,-85.5,0,0.0016651041
10.18730/K4N5Y,G52094,NIC,12.07,-84.54,0,0.010799961
10.18730/K4N9$,G52098,NIC,12.67,-85.78,0,0.0011689706
10.18730/K4N7*,G52096,NIC,12.59,-85.76,0,0.0014574496
10.18730/K4MA3,G52067,NIC,11.5,-85.88,0,0.00047036976
10.18730/K4M81,G52065,NIC,11.15,-85.35,0,0.002597536
10.18730/K4KQN,G52048,NIC,13.74,-84.77,0,0.0051167067
10.18730/K4KYW,G52055,NIC,12.84,-85.24,0,0.005812639
10.18730/K4NBU,G52100,NIC,12.93,-85.84,0,0.0013976989
10.18730/K4M5=,G52062,NIC,11.17,-85.45,0,0.0015976569
10.18730/K4M4$,G52061,NIC,12.74,-86.13,0,0.00024537765
10.18730/K30PG,G8970,HND,15.5,-86.57,0,0.0011716478
10.18730/JZSA1,G828,HND,14.4,-89.22,0,0.00036567435
10.18730/K2J4Z,G8255,HND,14.54,-87.82,0,0.005449024
10.18730/K2J0V,G8250,HND,14.97,-88.88,0,0.0017893253
10.18730/JZRNH,G806,HND,15.78,-87.45,0,0.0020672223
10.18730/K2EER,G7911,HND,14.45,-87.63,0,0.0005397358
10.18730/K2E0A,G7889,HND,14.8,-87.36,0,0.0054867035
10.18730/K2D8Q,G7864,HND,15.1,-86.5,0,0.0016525058
10.18730/K2D6N,G7862,HND,15.03,-88.84,0,0.00059081655
10.18730/K2CZE,G7853,HND,14.6,-87.12,0,0.00068386726
10.18730/K2CWB,G7850,HND,15.36,-88.41,0,0.0008169662
10.18730/K2CGU,G7823,HND,15.47,-86.68,0,0.0012511476
10.18730/K2CE$,G7820,HND,14.78,-88.79,0,0.008191275
10.18730/K2CD~,G7819,HND,14.86,-88.85,0,0.035310563
10.18730/K2AYQ,G7768,HND,14.02,-86.66,0,0.00055207335
10.18730/JFG6C,G7213,HND,14.38,-87.72,0,0.00035323764
10.18730/JFG5B,G7212,HND,14.61,-87.85,0,0.0036672696
10.18730/JFGEM,G7206,HND,14.86,-89.14,0,0.000531815
10.18730/JFGMT,G7192,HND,14.45,-87.99,0,0.0007230372
10.18730/PG358,G7183,HND,15.2,-88.56,0,0.0009865941
10.18730/JFHYZ,G7128,HND,14.97,-88.86,0,0.0024392467
10.18730/JFHZ*,G7129,HND,14.4,-87.08,0,0.0007274685
10.18730/JFHXY,G7127,HND,14.87,-88.77,0,0.0015763547
10.18730/JFKJ9,G7071,HND,14.9,-88.73,0,0.0037131014
10.18730/JFKF6,G7068,HND,14.9,-85.94,0,0.0049316376
10.18730/JFN0J,G7019,HND,14.31,-87.67,0,0.0003294544
10.18730/JFN1K,G7020,HND,14.61,-87.22,0,0.0019623768
10.18730/JFNK0,G7001,HND,14.41,-88.94,0,0.0005708299
10.18730/JFQ5D,G6924,HND,14.87,-89.11,0,0.0004282858
10.18730/JFS64,G6849,HND,14.82,-85.95,0,0.0003503721
10.18730/JFSRP,G6831,HND,14.65,-86.2,0,0.00055837585
10.18730/JFT3~,G6826,HND,15.25,-88.57,0,0.0048674867
10.18730/JGG82,G5699,HND,14.57,-87.75,0,0.005528266
10.18730/JGH7~,G5631,HND,14.87,-89.08,0,0.00034149975
10.18730/JYTRP,G50727,HND,13.97,-87.08,0,0.07778808
10.18730/JYTQN,G50726,HND,14.02,-87.1,0,0.018848803
10.18730/S1N9Q,G50725A,HND,14.03,-87.05,0,0.0027106225
10.18730/S1N8P,G50723B,HND,13.83,-86.92,0,0.069216065
10.18730/JYTHF,G50724,HND,14.1,-86.68,0,0.0005185498
10.18730/S3V85,G50722A,HND,13.85,-86.92,1,0.73782146
10.18730/JGXJN,G4950,HND,14.8,-85.9,0,0.0003777789
10.18730/JGXQT,G4955,HND,14.28,-87.57,0,0.0004444566
10.18730/JGY20,G4947,HND,14.78,-85.98,0,0.00034100495
10.18730/PE813,G2920,HND,14.85,-88.83,0,0.0054979185
10.18730/K0TV1,G2168,HND,13.59,-87.36,0,0.00032715016
10.18730/K0TT0,G2167,HND,13.8,-87.27,0,0.0007097164
10.18730/JMKZU,G19217,HND,14.83,-89.15,0,0.00042574454
10.18730/K0HF$,G1875,HND,14.65,-87.14,0,0.0013336253
10.18730/K0H7T,G1866,HND,14.53,-86.83,0,0.00036791016
10.18730/K0HK1,G1861,HND,14.82,-85.56,0,0.004269783
10.18730/K0HE~,G1856,HND,14.48,-89.01,0,0.0014475412
10.18730/JTJ3F,G18249,HND,15.14,-87.14,0,0.0006528479
10.18730/JTJ2E,G18248,HND,14.0,-86.42,0,0.00033597206
10.18730/K0538,G1286,HND,13.3,-87.2,0,0.00061051175
10.18730/K036N,G1228,HND,14.8,-88.95,0,0.017515743
10.18730/K52FC,G52488,HND,14.89,-87.89,0,0.01715478
10.18730/K52B8,G52484,HND,15.37,-87.81,0,0.0019556326
10.18730/K55CZ,G52619,HND,14.29,-88.25,0,0.020427696
10.18730/K55BY,G52618,HND,14.25,-88.15,0,0.01507563
10.18730/K30NF,G8935,MKD,41.09,21.33,1,0.98678154
10.18730/K30ME,G8934,MKD,41.13,20.8,1,0.9957409
10.18730/S39R0,G22752A,MKD,41.67,22.13,0,0.0048162322
10.18730/JMV68,G22750,MKD,41.86,22.43,0,0.005797987
10.18730/JNCRF,G20384,MKD,41.47,22.57,0,0.031941954
10.18730/JNCSG,G20385,MKD,41.51,22.73,0,0.1767964
10.18730/JNC2Y,G20380,MKD,41.78,22.74,1,0.9956528
10.18730/JNCC3,G20372,MKD,41.84,22.59,1,0.962374
10.18730/JNCE5,G20374,MKD,41.8,22.67,1,0.9983834
10.18730/JNC3Z,G20370,MKD,41.9,20.89,1,0.99521846
10.18730/JNC8U,G20365,MKD,41.34,20.6,1,0.9971685
10.18730/JNBSN,G20367,MKD,42.06,21.43,0,0.027877156
10.18730/JNC5~,G20360,MKD,41.53,22.12,0,0.004775653
10.18730/JNC6$,G20361,MKD,41.44,22.2,0,0.0033353944
10.18730/K3QVH,G20362,MKD,41.38,22.29,1,0.87157685
10.18730/JNBZV,G20357,MKD,41.82,21.17,1,0.9830925
10.18730/JNBYT,G20356,MKD,41.57,20.95,1,0.9974222
10.18730/JNBXS,G20354,MKD,41.38,21.49,1,0.9863462
10.18730/JNBWR,G20353,MKD,41.59,21.47,1,0.98992974
10.18730/JNBPJ,G20347,MKD,41.85,21.81,0,0.01890064
10.18730/JNBRM,G20348,MKD,41.79,21.84,0,0.009092179
10.18730/JNB51,G20349,MKD,41.57,21.57,1,0.97637045
10.18730/JNBJE,G20343,MKD,42.12,21.67,0,0.003195928
10.18730/JNAZ*,G20341,MKD,42.21,20.72,1,0.77668744
10.18730/JNBD9,G20337,MKD,41.36,21.78,1,0.9688821
10.18730/JNAXY,G20332,MKD,42.03,21.03,1,0.97399217
10.18730/JNBB7,G20335,MKD,42.22,21.85,0,0.0030282193
10.18730/JNAVW,G20318,MKD,41.97,21.3,1,0.90255994
10.18730/JNATV,G20317,MKD,42.19,21.73,0,0.0015755766
10.18730/JNAQR,G20315,MKD,42.05,21.74,0,0.0021607804
10.18730/JNANP,G20313,MKD,41.94,21.7,0,0.003658918
10.18730/JNAFG,G20306,MKD,42.02,21.72,0,0.002810669
10.18730/JNADE,G20304,MKD,41.17,20.83,1,0.99686253
10.18730/JNA67,G20297,MKD,41.06,21.0,1,0.99823904
10.18730/JN9DK,G20298,MKD,41.02,21.0,1,0.99869543
10.18730/JN9YU,G20292,MKD,41.64,22.24,0,0.0034294212
10.18730/JN9SZ,G20286,MKD,41.76,22.78,1,0.99667466
10.18730/JN917,G20287,MKD,42.03,22.62,1,0.993138
10.18730/JN9CJ,G20274,MKD,41.94,21.34,1,0.9927942
10.18730/JN99F,G20271,MKD,42.15,21.59,1,0.9871678
10.18730/K3K1B,G20265,MKD,42.12,21.59,1,0.9875773
10.18730/JN95B,G20267,MKD,42.21,21.54,1,0.997216
10.18730/JN96C,G20268,MKD,42.11,21.85,0,0.0016747453
10.18730/JN8X3,G20261,MKD,41.26,21.69,1,0.98423195
10.18730/JN906,G20263,MKD,42.11,21.45,1,0.99508214
10.18730/JN8W2,G20260,MKD,40.91,21.16,1,0.9951631
10.18730/JN8T0,G20258,MKD,41.17,21.73,1,0.98478425
10.18730/JN8R=,G20256,MKD,42.06,21.02,1,0.9964604
10.18730/JN82D,G20253,MKD,41.87,20.88,1,0.9945346
10.18730/JN8ES,G20254,MKD,41.94,21.41,0,0.062285766
10.18730/S41VZ,G20251B,MKD,41.9,21.41,1,0.8396909
10.18730/S1VFU,G20250A,MKD,41.88,21.46,1,0.9143792
10.18730/JN8HW,G20247,MKD,41.87,22.32,0,0.002758357
10.18730/JN8JX,G20248,MKD,41.8,21.43,1,0.9988551
10.18730/JN8FT,G20245,MKD,41.96,21.24,1,0.76466227
10.18730/JN8CQ,G20240,MKD,41.75,21.1,1,0.9981086
10.18730/JN8DR,G20241,MKD,41.75,20.82,1,0.9978194
10.18730/JN7P1,G20242,MKD,41.78,20.86,1,0.9964784
10.18730/JN7Q2,G20243,MKD,41.44,20.53,1,0.9970245
10.18730/JN89M,G20237,MKD,41.61,21.21,1,0.9954034
10.18730/JN87J,G20235,MKD,42.14,21.11,1,0.9973031
10.18730/JN81C,G20228,MKD,41.47,20.55,1,0.9960413
10.18730/JN7W7,G20223,MKD,41.91,21.03,1,0.9922998
10.18730/JN7N0,G20215,MKD,42.17,22.21,1,0.9789589
10.18730/K574D,G20216,MKD,41.63,21.02,1,0.998408
10.18730/JN7EY,G20219,MKD,41.47,21.13,1,0.9964057
10.18730/JN7MU,G20214,MKD,42.18,22.36,1,0.9974311
10.18730/S41TY,G20210A,MKD,42.09,22.09,1,0.65869063
10.18730/JN7G*,G20209,MKD,40.93,21.56,1,0.9908716
10.18730/JN7FZ,G20208,MKD,40.92,21.52,1,0.98952276
10.18730/JN7BV,G20203,MKD,42.24,22.3,1,0.99602294
10.18730/JN6Q7,G20204,MKD,41.38,21.24,1,0.9960521
10.18730/JN6R8,G20205,MKD,41.27,21.21,1,0.99854726
10.18730/JN76P,G20207,MKD,41.29,21.12,1,0.99832493
10.18730/JN79S,G20200,MKD,41.56,21.69,1,0.93801415
10.18730/S4RCC,G20195A,MKD,41.45,21.36,1,0.99482274
10.18730/JN6TA,G20196,MKD,41.65,21.68,1,0.8926892
10.18730/JN6H1,G20194,MKD,41.49,20.95,1,0.9968635
10.18730/JN6G0,G20193,MKD,41.09,21.16,1,0.99850583
10.18730/JN6ZF,G20189,MKD,41.71,22.8,1,0.9949663
10.18730/JN6YE,G20188,MKD,41.7,22.85,1,0.99776435
10.18730/JN6P6,G20179,MKD,41.77,22.88,1,0.9973103
10.18730/S41SX,G20177A,MKD,41.89,22.81,1,0.99427325
10.18730/PF0C5,G20174,MKD,41.97,22.79,1,0.94650066
10.18730/JN69Y,G20173,MKD,41.54,22.54,0,0.018327996
10.18730/JN6FU,G20169,MKD,42.25,21.77,0,0.06568828
10.18730/K573C,G20168,MKD,41.48,22.81,1,0.7603723
10.18730/JN6B*,G20163,MKD,41.22,22.35,1,0.9838622
10.18730/JN6C~,G20164,MKD,41.57,21.96,0,0.0049536144
10.18730/JN6D$,G20165,MKD,41.47,22.73,0,0.0035819495
10.18730/PF092,G20162,MKD,41.26,22.75,0,0.00381326
10.18730/PF081,G20161,MKD,41.3,22.65,0,0.04514819
10.18730/JN65T,G20159,MKD,41.4,22.24,1,0.87746805
10.18730/JN61P,G20155,MKD,41.24,22.08,1,0.9957848
10.18730/JN62Q,G20156,MKD,41.31,22.12,1,0.95453227
10.18730/S67RB,G20146B,MKD,41.53,21.95,0,0.06383826
10.18730/JMYE1,G20132,MKD,41.38,22.87,0,0.05688235
10.18730/JMYCU,G20130,MKD,41.4,22.66,0,0.03221761
10.18730/JMYA$,G20128,MKD,40.99,21.33,1,0.99849653
10.18730/JMY8*,G20126,MKD,42.08,21.49,1,0.99304855
10.18730/JMY9~,G20127,MKD,40.91,21.38,1,0.99164295
10.18730/JMY6Y,G20124,MKD,42.06,21.5,0,0.32674354
10.18730/JMXJA,G20122,MKD,41.97,21.49,0,0.012168153
10.18730/JMXWM,G20123,MKD,41.88,21.6,0,0.03881903
10.18730/JMY2T,G20119,MKD,41.08,21.02,1,0.99790275
10.18730/PF03~,G20110,MKD,41.54,20.54,1,0.998558
10.18730/JMXXN,G20113,MKD,41.19,20.69,1,0.99341524
10.18730/JMXMC,G20103,MKD,42.21,22.33,1,0.9921038
10.18730/JMXVK,G20109,MKD,42.0,20.95,1,0.97560567
10.18730/JMXSH,G20107,MKD,41.93,22.19,0,0.00511921
10.18730/JMXRG,G20106,MKD,41.81,22.0,0,0.0035138065
10.18730/JMXND,G20104,MKD,42.16,21.69,0,0.0018015433
10.18730/PF02*,G20096,MKD,42.06,22.17,1,0.9801856
10.18730/JMXE6,G20097,MKD,42.09,22.16,1,0.9927005
10.18730/JMWKG,G20090,MKD,41.15,20.79,1,0.9947219
10.18730/JMX2Z,G20083,MKD,42.17,22.17,1,0.9231057
10.18730/JMX4~,G20085,MKD,41.35,21.33,1,0.9944231
10.18730/JMWZW,G20080,MKD,42.14,22.15,1,0.99048775
10.18730/JMWQM,G20072,MKD,41.88,22.43,0,0.0060127084
10.18730/JMWC9,G20061,MKD,41.63,22.47,0,0.05966029
10.18730/JMWHE,G20065,MKD,41.2,22.49,0,0.023406958
10.18730/JMVXZ,G20066,MKD,41.45,22.66,0,0.0027501462
10.18730/JMWA7,G20059,MKD,41.02,21.34,1,0.99412906
10.18730/JMW1=,G20051,MKD,41.93,22.42,0,0.31289315
10.18730/JMVTW,G20041,MKD,41.75,21.77,0,0.005849156
10.18730/JMVGJ,G20030,MKD,41.37,21.56,1,0.9943851
10.18730/PEZXV,G20026,MKD,41.27,21.31,1,0.9935016
10.18730/JMVDF,G20027,MKD,41.28,21.33,1,0.99105936
10.18730/JMV35,G20019,MKD,41.45,22.62,0,0.005147407
10.18730/JMV9B,G20015,MKD,41.44,22.79,0,0.0035476123
10.18730/JMV02,G20016,MKD,41.74,22.22,0,0.0015848391
10.18730/JMV13,G20017,MKD,41.88,21.93,0,0.0015381947
10.18730/JMTS*,G20007,MKD,41.45,22.03,1,0.7168915
10.18730/JMTT~,G20008,MKD,41.47,22.03,0,0.068199396
10.18730/JMTV$,G20009,MKD,41.31,22.55,0,0.004951011
10.18730/JMTW=,G20010,MKD,41.16,22.5,0,0.021237388
10.18730/JMTXU,G20011,MKD,41.18,22.47,0,0.06530803
10.18730/JNBEA,G13118,MKD,42.17,21.92,0,0.030168723
10.18730/JMVCE,G13095,MKD,42.1,21.75,0,0.005519556
10.18730/JZYTX,G1031,MKD,42.02,20.95,1,0.9936592
10.18730/JZSB2,G829,SLV,13.49,-88.87,0,0.0006401141
10.18730/JZS90,G827,SLV,13.73,-88.94,0,0.0008118787
10.18730/JZRZV,G826,SLV,13.92,-89.86,0,0.00049208646
10.18730/K42S$,G803A,SLV,13.7,-89.2,0,0.0010096946
10.18730/K2EJW,G7932,SLV,13.79,-89.75,0,0.0005726088
10.18730/JG2WJ,G6265,SLV,13.44,-88.82,0,0.0008224557
10.18730/JH1N4,G4796,SLV,13.7,-89.29,0,0.00092843577
10.18730/JH5SS,G4220,SLV,13.52,-88.27,0,0.00066798925
10.18730/K27PY,G4121,SLV,13.49,-88.22,0,0.00044144897
10.18730/JHCQS,G3090,SLV,13.87,-88.64,0,0.0008792128
10.18730/K0VDK,G2187,SLV,13.62,-88.75,0,0.00053486595
10.18730/K0VBH,G2185,SLV,13.84,-88.72,0,0.00065136724
10.18730/K0V9F,G2183,SLV,13.84,-88.99,0,0.0003236231
10.18730/K0TR=,G2173,SLV,14.0,-89.55,0,0.0003372541
10.18730/K0TW2,G2169,SLV,13.8,-89.46,0,0.00048372688
10.18730/JTHV7,G18245,SLV,13.85,-88.15,0,0.0005492027
10.18730/K0DQS,G1737,SLV,13.25,-88.25,0,0.00048558236
10.18730/K0E52,G1735,SLV,13.84,-89.35,0,0.00042943415
10.18730/K0E30,G1733,SLV,13.35,-88.32,0,0.00053312135
10.18730/K0E2U,G1732,SLV,13.42,-88.36,0,0.0013070586
10.18730/K0DEG,G1729,SLV,14.18,-89.66,0,0.00023526658
10.18730/K0DZ~,G1728,SLV,14.0,-89.59,0,0.00044309784
10.18730/K0DXZ,G1726,SLV,13.94,-89.74,0,0.000853466
10.18730/K0DVX,G1724,SLV,14.14,-89.31,0,0.0004630964
10.18730/K0DTW,G1723,SLV,14.19,-89.62,0,0.0004492223
10.18730/K0DFH,G1722,SLV,13.75,-89.67,0,0.00048591
10.18730/K0DPR,G1720,SLV,14.08,-89.51,0,0.0004563979
10.18730/K0DMP,G1718,SLV,14.28,-89.38,0,0.00034591393
10.18730/K0DKN,G1717,SLV,14.02,-89.19,0,0.0006640621
10.18730/K0DJM,G1716,SLV,14.17,-89.52,0,0.00059370475
10.18730/K0DHK,G1715,SLV,13.39,-88.52,0,0.0015580234
10.18730/K0D68,G1713,SLV,13.77,-89.93,0,0.0005013276
10.18730/K0CW=,G1712,SLV,13.96,-89.2,0,0.000495857
10.18730/K0DBD,G1709,SLV,14.05,-89.5,0,0.0008322281
10.18730/K0DAC,G1708,SLV,13.94,-89.04,0,0.00096622115
10.18730/K0D8A,G1706,SLV,13.82,-89.42,0,0.0005103922
10.18730/K0D79,G1705,SLV,13.82,-89.44,0,0.00056700024
10.18730/K0CXU,G1704,SLV,13.86,-89.42,0,0.0005421865
10.18730/K0CS*,G1703,SLV,13.84,-89.44,0,0.00059288484
10.18730/K0D46,G1702,SLV,13.76,-89.5,0,0.0006307816
10.18730/K0D35,G1701,SLV,13.6,-88.79,0,0.00047590444
10.18730/K0D13,G1699,SLV,13.58,-88.76,0,0.0009956695
10.18730/K0CY0,G1696,SLV,13.54,-88.25,0,0.0005006698
10.18730/K0CT~,G1695,SLV,13.69,-88.79,0,0.00061586266
10.18730/K0CMV,G1694,SLV,13.97,-89.75,0,0.00043593548
10.18730/K0CGQ,G1672,SLV,13.2,-88.24,0,0.0012384062
10.18730/JH7YM,G16308,SLV,13.98,-89.57,0,0.0004944703
10.18730/JH5ZZ,G16254,SLV,14.17,-89.11,0,0.0004008191
10.18730/JH61~,G16253,SLV,13.84,-89.15,0,0.00035842674
10.18730/JM9BX,G13504,SLV,13.83,-89.85,0,0.003668936
10.18730/JH5VV,G13050,SLV,14.02,-89.6,0,0.00046474722
10.18730/K02WB,G1225,SLV,13.68,-89.28,0,0.00045557966
10.18730/K01M8,G1169,SLV,13.75,-89.89,0,0.0005194321
10.18730/S3VWS,G1167A,SLV,14.32,-89.17,0,0.00032925032
10.18730/K4TSS,G52250,SLV,13.72,-89.27,0,0.0015724704
10.18730/K4TTT,G52251,SLV,13.83,-89.58,0,0.00088832655
10.18730/JZ3B1,G75,TZA,-5.1,38.63,1,0.9325875
10.18730/PHN2E,G50163,TZA,-4.28,30.42,1,0.7884882
10.18730/JW37~,G22454,TZA,-8.9,33.42,1,0.8588348
10.18730/JMBEP,G13044,TZA,-3.39,36.64,0,0.049644753
10.18730/JZPCJ,G729,CMR,4.17,9.96,0,0.46049425
10.18730/JZPBH,G728,CMR,5.5,10.25,1,0.86902976
10.18730/JZPAG,G727,CMR,5.9,10.09,1,0.88555926
10.18730/JZP4A,G721,CMR,6.06,10.24,1,0.8901414
10.18730/JFGRY,G7199,VEN,10.87,-68.27,0,0.005014972
10.18730/JFM0Q,G7065,VEN,7.87,-72.09,1,0.99736696
10.18730/JFXBT,G6523,VEN,-8.07,-35.01,1,0.9177706
10.18730/JFZJQ,G6427,VEN,10.25,-67.57,0,0.001189297
10.18730/JG45P,G6221,VEN,10.53,-66.92,0,0.0445027
10.18730/JG3ZG,G6214,VEN,10.22,-68.32,0,0.0026858887
10.18730/JGR4*,G5190,VEN,10.2,-65.95,0,0.0013679841
10.18730/K273B,G4145,VEN,10.4,-66.3,0,0.0015299757
10.18730/K1BBB,G2740,VEN,10.45,-66.48,0,0.00044299246
10.18730/K1BAA,G2739,VEN,10.22,-68.34,0,0.0019072464
10.18730/K1B99,G2738,VEN,8.23,-72.26,0,0.0045409226
10.18730/K1B88,G2737,VEN,10.15,-68.58,0,0.0069216
10.18730/K0CDM,G1669,VEN,7.69,-72.41,1,0.53725183
10.18730/JZNX3,G714,GIN,7.76,-8.85,1,0.8542193
10.18730/S5MKV,G50550A,GIN,10.92,-12.0,0,0.004448217
10.18730/JTE94,G50549,GIN,10.73,-12.07,0,0.00561538
10.18730/S4XAP,G24507B,GIN,11.71,-11.99,0,0.002688227
10.18730/JTEA5,G24508,GIN,11.43,-12.28,0,0.0009778995
10.18730/S5MNX,G24506B,GIN,11.57,-11.58,0,0.001645806
10.18730/JTE83,G24504,GIN,11.23,-12.14,0,0.0010413427
10.18730/PFE0$,G24505,GIN,11.36,-12.15,0,0.002171187
10.18730/S6D1*,G24499A,GIN,11.14,-11.21,0,0.002363713
10.18730/S18FM,G24498B,GIN,10.63,-11.83,0,0.0013384331
10.18730/JZNW2,G713,SCG,44.86,20.4,0,0.19218276
10.18730/JNBKF,G20344,SCG,43.62,21.01,1,0.9778464
10.18730/JNBFB,G20338,SCG,42.5,21.6,1,0.9554395
10.18730/JNAKM,G20331,SCG,42.56,22.0,1,0.9545154
10.18730/JN7J$,G20212,SCG,42.66,18.11,1,0.88088983
10.18730/JMV24,G20018,SCG,44.52,20.34,1,0.8226741
10.18730/JZN1C,G683,SYR,34.77,36.75,0,0.0023307167
10.18730/JZMZA,G681,SYR,35.17,36.75,0,0.001734019
10.18730/JZMV6,G677,SYR,36.2,37.17,0,0.000852552
10.18730/JZMH~,G666,SYR,33.5,36.25,0,0.0011805705
10.18730/JZKTA,G629,SYR,33.5,36.19,0,0.0013184958
10.18730/JZMT5,G676,LBN,34.0,36.0,0,0.0016504343
10.18730/PQ3RH,G66,CAN,49.35,-97.9,0,0.0050776275
10.18730/JZ38=,G65,CAN,52.87,-105.79,0,0.005519451
10.18730/PQ3SJ,G64,CAN,50.92,-102.67,0,0.0056185634
10.18730/PQ3TK,G63,CAN,56.19,-117.5,0,0.011775606
10.18730/S6S6E,G62A,CAN,49.64,-100.17,0,0.0063813934
10.18730/JZ3D3,G61,CAN,51.9,-102.26,0,0.005021331
10.18730/PQ3VM,G60,CAN,45.42,-75.7,1,0.9774614
10.18730/PQ3WN,G59,CAN,50.42,-99.03,0,0.005254822
10.18730/PQ3XP,G58,CAN,45.0,-72.1,1,0.9960998
10.18730/PQ40S,G55,CAN,51.38,-104.1,0,0.006444734
10.18730/PQ41T,G54,CAN,50.02,-107.67,0,0.010168314
10.18730/PQ42V,G53,CAN,49.35,-98.19,0,0.004382129
10.18730/PQ43W,G52,CAN,51.95,-103.67,0,0.0031201509
10.18730/PQ45Y,G50,CAN,53.15,-106.98,0,0.0054780017
10.18730/JZ37$,G48,CAN,51.84,-105.91,0,0.004614791
10.18730/PQ47*,G47,CAN,51.89,-102.0,0,0.005727661
10.18730/JZ36~,G46,CAN,53.0,-106.67,0,0.0064306706
10.18730/PQ4A=,G43,CAN,50.18,-97.46,0,0.0046881954
10.18730/PQ4BU,G42,CAN,52.06,-103.24,0,0.0056322007
10.18730/PQ4C0,G41,CAN,46.1,-85.7,1,0.9759296
10.18730/PQ4E2,G39,CAN,45.99,-67.61,1,0.9954782
10.18730/PQ4F3,G38,CAN,52.79,-104.93,0,0.006992178
10.18730/PQ4J6,G35,CAN,49.54,-96.69,0,0.011742292
10.18730/PQ4K7,G34,CAN,49.49,-98.02,0,0.004939518
10.18730/PQ4M8,G33,CAN,50.73,-113.15,0,0.009457359
10.18730/JZ2YS,G32,CAN,50.54,-103.67,0,0.006109827
10.18730/PQ4PA,G30,CAN,52.5,-105.0,0,0.009883592
10.18730/PQ4RC,G25,CAN,53.1,-103.5,0,0.0062915566
10.18730/PQ4SD,G24,CAN,53.11,-111.67,0,0.0068190508
10.18730/S5EKM,G18708A,CAN,51.45,-106.8,0,0.008158525
10.18730/PJX41,G18706,CAN,52.5,-104.91,0,0.008010505
10.18730/JNE7S,G16800,CAN,49.63,-100.25,0,0.0054122363
10.18730/JNECY,G16801,CAN,50.26,-96.07,0,0.009936151
10.18730/K46G5,G51627,CHN,31.98,120.89,1,0.9810285
10.18730/K46F4,G51626,CHN,31.17,121.43,1,0.98221153
10.18730/K46D2,G51624,CHN,26.2,119.54,1,0.994073
10.18730/K46C1,G51623,CHN,26.69,119.54,1,0.99881256
10.18730/K46AU,G51621,CHN,24.5,117.65,1,0.92845947
10.18730/K46B0,G51622,CHN,26.58,118.73,1,0.9936326
10.18730/K466*,G51616,CHN,27.34,117.47,1,0.99306387
10.18730/K467~,G51617,CHN,26.08,119.28,1,0.98903114
10.18730/K576F,G51618,CHN,25.69,116.75,1,0.9909113
10.18730/K468$,G51619,CHN,25.97,117.35,1,0.9582197
10.18730/K469=,G51620,CHN,25.1,117.02,1,0.98241454
10.18730/K463X,G51613,CHN,46.05,122.1,1,0.907273
10.18730/K464Y,G51614,CHN,40.82,111.68,0,0.0043939883
10.18730/K45YR,G51608,CHN,43.6,122.27,0,0.01020297
10.18730/K45ZS,G51609,CHN,43.6,118.07,0,0.017594678
10.18730/K45VN,G51605,CHN,36.3,120.1,0,0.0065646535
10.18730/K45XQ,G51607,CHN,49.22,119.75,1,0.87715733
10.18730/K45TM,G51604,CHN,37.59,118.52,0,0.007965917
10.18730/K45SK,G51603,CHN,37.18,119.93,0,0.0072287694
10.18730/K45NF,G51599,CHN,35.25,118.84,0,0.013634399
10.18730/K45RJ,G51602,CHN,34.72,117.57,0,0.0054424414
10.18730/K45PG,G51600,CHN,37.5,117.54,0,0.0017144872
10.18730/K45E8,G51592,CHN,43.5,125.65,1,0.9812375
10.18730/K45F9,G51593,CHN,44.17,125.8,1,0.98415
10.18730/K45GA,G51594,CHN,43.95,126.47,1,0.9761511
10.18730/K45HB,G51595,CHN,43.52,124.8,1,0.95660466
10.18730/K45ME,G51598,CHN,36.29,116.44,0,0.003632311
10.18730/K45C6,G51590,CHN,44.42,125.17,1,0.97061163
10.18730/K45D7,G51591,CHN,41.69,125.9,1,0.99412525
10.18730/K45B5,G51589,CHN,43.9,125.22,1,0.9624978
10.18730/JXX50,G50796,CHN,41.21,116.54,0,0.0063727703
10.18730/JXX72,G50795,CHN,40.6,118.49,0,0.0048278887
10.18730/JXWZZ,G50794,CHN,40.7,114.05,0,0.009673295
10.18730/JXXNG,G50641,CHN,40.79,114.89,0,0.0031070095
10.18730/JXXKE,G50640,CHN,40.97,117.84,0,0.008346305
10.18730/JXXJD,G50639,CHN,39.35,115.5,0,0.002042031
10.18730/S5W7C,G50637A,CHN,38.89,116.47,0,0.004420065
10.18730/JXWYY,G50636,CHN,38.73,113.23,0,0.0025353392
10.18730/JXX2$,G24541,CHN,38.25,114.2,0,0.002799091
10.18730/JXXMF,G24544,CHN,38.0,115.55,0,0.0017758056
10.18730/JY56=,G24317,CHN,34.78,113.38,0,0.010268757
10.18730/JY53*,G24315,CHN,43.67,126.49,1,0.9845269
10.18730/JY54~,G24316,CHN,44.17,125.75,1,0.982928
10.18730/JY4YV,G24310,CHN,36.7,119.08,0,0.0031535493
10.18730/JY4ZW,G24311,CHN,26.64,106.63,1,0.99865377
10.18730/JY50X,G24312,CHN,25.02,102.68,1,0.90634656
10.18730/JY51Y,G24313,CHN,29.73,116.0,1,0.99593794
10.18730/JY52Z,G24314,CHN,37.53,121.4,0,0.023841776
10.18730/JY4WS,G24307,CHN,37.69,112.71,0,0.0028037678
10.18730/JY55$,G24308,CHN,30.23,120.0,1,0.99168265
10.18730/JY5A2,G24309,CHN,36.07,120.34,0,0.032278888
10.18730/JY4SP,G24304,CHN,47.8,124.49,1,0.9408691
10.18730/JY4TQ,G24305,CHN,40.99,118.62,0,0.006425682
10.18730/JY4VR,G24306,CHN,37.78,112.55,0,0.0032631427
10.18730/JY4NJ,G24300,CHN,44.59,129.41,1,0.9904315
10.18730/JY4PK,G24301,CHN,45.46,128.32,1,0.9870473
10.18730/JY4RN,G24303,CHN,45.52,126.95,1,0.9902947
10.18730/S2ZJ7,G24298A,CHN,45.28,130.28,1,0.98963237
10.18730/JY57U,G24299,CHN,47.19,124.84,1,0.9170942
10.18730/JY4JF,G24296,CHN,45.75,126.77,1,0.98293316
10.18730/JY4GD,G24294,CHN,44.9,127.15,1,0.9912141
10.18730/S6MGC,G24287A,CHN,31.83,110.94,1,0.9941579
10.18730/JY4B8,G24286,CHN,31.75,110.67,1,0.9958658
10.18730/JY496,G24284,CHN,31.35,110.77,1,0.9949151
10.18730/K3NGG,G24282,CHN,31.88,111.27,1,0.9950572
10.18730/JXXD8,G23955,CHN,30.23,120.17,1,0.9925517
10.18730/JXXE9,G23956,CHN,40.45,115.95,0,0.0034219527
10.18730/JXXHC,G23952,CHN,38.07,114.44,0,0.0017929614
10.18730/PQ50M,G2,CHN,39.92,116.0,0,0.020054266
10.18730/PM102,G14226,CHN,38.88,121.58,0,0.009973343
10.18730/JZ2NG,G1,CHN,39.83,116.17,0,0.0037358282
10.18730/K3YJA,G51381,ARG,-24.13,-65.53,0,0.00072509836
10.18730/K3YD5,G51376,ARG,-24.67,-65.37,0,0.0016157697
10.18730/K3YC4,G51375,ARG,-25.12,-65.58,0,0.00069767825
10.18730/PG8T4,G51374,ARG,-25.1,-65.58,0,0.0009773276
10.18730/K3YB3,G51373,ARG,-24.9,-65.48,0,0.00080432236
10.18730/K3YA2,G51372,ARG,-24.62,-65.42,0,0.0011034596
10.18730/K3Y80,G51370,ARG,-24.65,-65.43,0,0.0010401714
10.18730/K3Y4~,G51366,ARG,-26.28,-65.52,0,0.0014032084
10.18730/K3Y7U,G51369,ARG,-27.83,-65.82,0,0.00080652884
10.18730/K3Y6=,G51368,ARG,-27.32,-65.97,0,0.00085721834
10.18730/K3Y3*,G51365,ARG,-26.78,-65.47,0,0.0031686965
10.18730/K3Y2Z,G51364,ARG,-26.77,-65.45,0,0.0021226117
10.18730/K3Y0X,G51362,ARG,-27.0,-65.65,0,0.003955368
10.18730/K3Y1Y,G51363,ARG,-26.7,-65.42,0,0.0034290906
10.18730/S3VJF,G51361B,ARG,-27.42,-65.98,0,0.0007675389
10.18730/PFXFB,G50741,ARG,-22.25,-64.96,0,0.0003511653
10.18730/JWCN2,G50742,ARG,-22.23,-65.03,0,0.0006248215
10.18730/JWB0Q,G50740,ARG,-22.25,-65.06,0,0.00081745523
10.18730/JWBH3,G50573,ARG,-22.8,-65.24,0,0.0016261828
10.18730/JWA6$,G50568,ARG,-22.25,-65.95,0,0.0030678806
10.18730/S2SCZ,G50015F,ARG,-22.25,-65.0,0,0.00032682283
10.18730/PGCXR,G24322,ARG,-25.1,-65.6,0,0.0009114172
10.18730/JY580,G24320,ARG,-25.08,-65.57,0,0.00055186526
10.18730/PGCVP,G24319,ARG,-24.67,-65.57,0,0.0010713398
10.18730/JWA0W,G21199,ARG,-23.92,-65.35,0,0.0011380158
10.18730/JW9SN,G21196,ARG,-26.23,-65.53,0,0.00071928237
10.18730/JW9YT,G21197,ARG,-24.05,-65.45,0,0.0002784594
10.18730/JW9ZV,G21198,ARG,-24.07,-65.37,0,0.0010233939
10.18730/JW9TP,G21194,ARG,-24.12,-65.42,0,0.0011054366
10.18730/JW9VQ,G21195,ARG,-26.25,-65.53,0,0.00064953783
10.18730/JWCV8,G21111,ARG,-22.77,-65.24,0,0.0012605776
10.18730/JWCH=,G21106,ARG,-23.57,-65.37,0,0.0020253246
10.18730/JWAF6,G21047,ARG,-22.27,-65.02,0,0.0006158019
10.18730/JWAE5,G21046,ARG,-22.29,-65.02,0,0.0005599236
10.18730/JTKEN,G19903,ARG,-26.3,-65.03,0,0.0015999929
10.18730/JTKBJ,G19900,ARG,-26.95,-65.73,0,0.0007796454
10.18730/JTKCK,G19901,ARG,-26.93,-65.7,0,0.00086200674
10.18730/JTKDM,G19902,ARG,-26.55,-65.02,0,0.003637388
10.18730/JTK9G,G19897,ARG,-27.32,-65.92,0,0.0022038543
10.18730/PGBPP,G19898,ARG,-27.33,-65.95,0,0.0011818903
10.18730/JTK8F,G19896,ARG,-26.22,-65.58,0,0.00060922833
10.18730/JTK5C,G19893,ARG,-24.63,-65.48,0,0.0013873992
10.18730/JTK6D,G19894,ARG,-26.42,-65.47,0,0.0009861398
10.18730/JTK7E,G19895,ARG,-26.43,-65.52,0,0.0014155416
10.18730/JTKFP,G19891,ARG,-25.12,-65.62,0,0.00057177874
10.18730/JTK4B,G19892,ARG,-25.15,-65.65,0,0.00047549792
10.18730/JTK3A,G19889,ARG,-24.25,-65.28,0,0.0022524397
10.18730/JTKAH,G19890,ARG,-24.53,-65.35,0,0.0011353575
10.18730/JTK18,G19887,ARG,-24.2,-65.53,0,0.0018107807
10.18730/JTK29,G19888,ARG,-24.17,-65.6,0,0.00075139763
10.18730/JT7PF,G16797,ARG,-24.08,-65.41,0,0.0007151878
10.18730/JT7QG,G16798,ARG,-24.22,-65.4,0,0.00075899216
10.18730/JQY0S,G14008,ARG,-23.66,-65.44,0,0.0012067115
10.18730/JQX6U,G13982,ARG,-23.44,-65.34,0,0.0012437749
10.18730/JQW86,G13955,ARG,-23.21,-65.36,0,0.0013475611
10.18730/JQW53,G13952,ARG,-22.9,-65.05,0,0.00045429773
10.18730/JQH2J,G11845,ARG,-26.88,-65.25,0,0.0064936755
10.18730/K3X63,G51349,RWA,-0.22,29.15,1,0.99765694
10.18730/PHGWW,G50930,RWA,-2.59,29.59,1,0.99620867
10.18730/JXHE*,G50340,RWA,-1.53,29.27,1,0.9979049
10.18730/JXTBN,G50342,RWA,-1.53,29.4,1,0.9902714
10.18730/JXTAM,G50341,RWA,0.37,29.3,1,0.9280101
10.18730/JXHCY,G50333,RWA,-1.4,29.02,1,0.99666923
10.18730/JXHBX,G50332,RWA,-0.55,29.15,0,0.11160982
10.18730/JXHAW,G50331,RWA,-0.13,29.27,1,0.9967648
10.18730/JTGTB,G50145,RWA,-1.7,29.27,1,0.9960634
10.18730/JTGN6,G24236,RWA,-1.7,29.65,1,0.98386085
10.18730/JW3SE,G22485,RWA,-2.13,30.05,1,0.9658551
10.18730/PF3EX,G22486,RWA,-2.13,30.03,1,0.9813603
10.18730/JW3PB,G22482,RWA,-2.24,30.05,1,0.8719432
10.18730/JVKJD,G22271,RWA,-1.47,29.6,1,0.99531364
10.18730/K3QXK,G22257,RWA,-2.41,28.97,1,0.9980653
10.18730/JVJXX,G22254,RWA,-2.3,30.27,0,0.022090064
10.18730/JTXE8,G20980,RWA,-1.56,29.68,1,0.9937483
10.18730/JTXC6,G20978,RWA,-1.62,29.69,1,0.9951651
10.18730/JTX60,G20971,RWA,-1.64,29.84,1,0.9952167
10.18730/JTX71,G20972,RWA,-1.46,29.57,1,0.9912888
10.18730/JTX82,G20973,RWA,-1.49,29.6,1,0.99016094
10.18730/JTXKD,G20975,RWA,-1.75,29.53,1,0.9981084
10.18730/JTXME,G20976,RWA,-1.62,29.79,1,0.9950216
10.18730/JTXJC,G20966,RWA,-1.72,29.67,1,0.9860632
10.18730/JTX3$,G20968,RWA,-1.58,29.53,1,0.9970906
10.18730/JTX4=,G20969,RWA,-1.37,29.74,1,0.9895075
10.18730/JTWXW,G20962,RWA,-1.62,29.75,1,0.9971017
10.18730/JTWVT,G20960,RWA,-1.54,29.64,1,0.98423576
10.18730/JTWTS,G20959,RWA,-1.92,29.59,1,0.99727315
10.18730/S6DA4,G20957A,RWA,-1.69,29.7,1,0.9974412
10.18730/JTXA4,G20954,RWA,-1.7,29.32,1,0.9956235
10.18730/JTXB5,G20956,RWA,-1.62,29.37,1,0.9864742
10.18730/JTWYX,G20953,RWA,-1.42,29.72,1,0.9891237
10.18730/JTWNM,G20952,RWA,-1.46,29.83,1,0.99212575
10.18730/JTWKJ,G20950,RWA,-1.66,29.82,1,0.9949529
10.18730/JTWMK,G20951,RWA,-1.44,29.69,1,0.99438053
10.18730/JTWHG,G20948,RWA,-1.69,29.67,1,0.98925346
10.18730/JTX0Z,G20945,RWA,-1.57,29.7,1,0.9924993
10.18730/JTWGF,G20947,RWA,-1.41,29.74,1,0.99453545
10.18730/JTW87,G20939,RWA,-1.74,29.87,1,0.9972383
10.18730/JTW98,G20940,RWA,-1.96,30.03,1,0.9961379
10.18730/JTWPN,G20941,RWA,-1.94,30.16,1,0.98815316
10.18730/K3HE$,G20942,RWA,-2.01,30.27,1,0.98807913
10.18730/K3FB4,G20943,RWA,-1.97,30.25,1,0.9799749
10.18730/JTW76,G20938,RWA,-2.72,29.7,1,0.9878864
10.18730/S473E,G20936B,RWA,-2.01,30.14,1,0.7717157
10.18730/S2R3V,G20933A,RWA,-1.65,29.75,1,0.99045336
10.18730/K3FA3,G20934,RWA,-2.27,30.05,1,0.8959037
10.18730/JTWRQ,G20935,RWA,-2.27,29.7,1,0.99853635
10.18730/JTWQP,G20932,RWA,-2.1,30.06,1,0.9853855
10.18730/JTVY$,G20929,RWA,-2.3,30.08,1,0.97845733
10.18730/JTW0U,G20930,RWA,-2.16,30.12,1,0.9637809
10.18730/JTWCB,G20921,RWA,-1.76,29.9,1,0.99521554
10.18730/JTWDC,G20922,RWA,-1.97,30.34,1,0.93057984
10.18730/JTVMR,G20917,RWA,-1.95,30.2,1,0.9878428
10.18730/JTW43,G20912,RWA,-1.72,29.92,1,0.99623483
10.18730/JTW54,G20913,RWA,-1.89,30.06,1,0.99160117
10.18730/JTVHN,G20915,RWA,-1.92,30.12,1,0.9930983
10.18730/JTW10,G20908,RWA,-2.21,30.11,0,0.2050499
10.18730/JTW21,G20909,RWA,-2.02,30.33,1,0.9861194
10.18730/JTVBF,G20905,RWA,-2.05,29.45,1,0.99812895
10.18730/JTV8C,G20902,RWA,-2.17,29.31,1,0.99630594
10.18730/JTVAE,G20904,RWA,-1.82,29.31,1,0.99843556
10.18730/JTVSX,G20900,RWA,-2.17,29.25,1,0.9953745
10.18730/JTVTY,G20901,RWA,-2.11,29.29,1,0.9946384
10.18730/JTVCG,G20895,RWA,-2.08,29.57,1,0.9992131
10.18730/S6D93,G20898A,RWA,-2.01,29.57,1,0.99882394
10.18730/JTV15,G20893,RWA,-2.04,29.39,1,0.991755
10.18730/JTTZ3,G20891,RWA,-2.0,29.6,1,0.99763083
10.18730/JTTY2,G20890,RWA,-2.12,30.49,1,0.9851768
10.18730/S2R2T,G20889B,RWA,-2.22,30.5,1,0.98112744
10.18730/JTTQ*,G20883,RWA,-2.17,30.5,1,0.96882284
10.18730/JTTR~,G20884,RWA,-2.28,30.72,1,0.979246
10.18730/JTTS$,G20885,RWA,-1.9,29.97,1,0.9908613
10.18730/JTV37,G20886,RWA,-2.14,30.37,0,0.050573014
10.18730/JTVEJ,G20887,RWA,-2.22,29.78,1,0.99865603
10.18730/JTV7B,G20880,RWA,-2.27,30.47,1,0.9804314
10.18730/JTV6A,G20879,RWA,-2.02,30.47,1,0.9852624
10.18730/JTV59,G20877,RWA,-2.19,30.29,0,0.012400925
10.18730/JTTT=,G20875,RWA,-1.94,30.51,1,0.95175546
10.18730/JTTDP,G20872,RWA,-2.33,30.62,1,0.9936446
10.18730/JTTEQ,G20873,RWA,-1.91,30.51,1,0.9586665
10.18730/S472D,G20869A,RWA,-2.14,30.49,1,0.97496915
10.18730/JTTX1,G20870,RWA,-2.21,30.6,1,0.95600957
10.18730/S4XKZ,G20866A,RWA,-2.0,30.57,1,0.97742176
10.18730/JTTVU,G20867,RWA,-1.8,30.49,1,0.9532102
10.18730/JTTW0,G20868,RWA,-1.99,30.49,1,0.98407865
10.18730/JTTKW,G20861,RWA,-1.9,30.43,0,0.45319164
10.18730/PF1D1,G20863,RWA,-1.86,30.41,1,0.5616087
10.18730/S4XJY,G20864A,RWA,-2.28,30.52,1,0.9164161
10.18730/JTT8H,G20857,RWA,-2.24,30.53,1,0.9781848
10.18730/S471C,G20849B,RWA,-1.99,30.52,1,0.979795
10.18730/JTSW5,G20834,RWA,-2.47,29.73,1,0.99637055
10.18730/JTSAR,G20835,RWA,-2.09,29.73,1,0.9991026
10.18730/JTSBS,G20836,RWA,-2.12,29.98,1,0.8618366
10.18730/JTSCT,G20837,RWA,-2.22,29.97,1,0.7208895
10.18730/PF1BU,G20838,RWA,-2.27,29.8,1,0.98894835
10.18730/JTRZD,G20824,RWA,-2.22,29.86,1,0.9895649
10.18730/JTS0E,G20825,RWA,-2.2,29.79,1,0.9987212
10.18730/JTSDV,G20827,RWA,-1.94,29.85,1,0.99867475
10.18730/JTSGY,G20820,RWA,-2.16,29.83,1,0.9943961
10.18730/JTSHZ,G20821,RWA,-2.23,29.72,1,0.99841285
10.18730/JTS2G,G20817,RWA,-1.82,29.62,1,0.99597365
10.18730/JTSEW,G20818,RWA,-2.08,29.68,1,0.99857116
10.18730/JTS7N,G20811,RWA,-1.74,29.3,1,0.99107635
10.18730/JTS9Q,G20813,RWA,-1.7,29.37,1,0.99148273
10.18730/JTRN3,G20814,RWA,-1.92,29.85,1,0.99837756
10.18730/JTRP4,G20815,RWA,-1.85,29.62,1,0.99725264
10.18730/JTS4J,G20808,RWA,-1.8,29.59,1,0.9956462
10.18730/JTS6M,G20810,RWA,-1.9,29.35,1,0.9962631
10.18730/JTRYC,G20803,RWA,-1.57,29.35,1,0.9869211
10.18730/S2QZQ,G20799A,RWA,-1.97,30.17,1,0.8411319
10.18730/JTRV9,G20798,RWA,-1.87,29.32,1,0.9957278
10.18730/JTR2N,G20794,RWA,-2.09,30.09,1,0.9583905
10.18730/JTRK1,G20792,RWA,-2.26,29.53,1,0.9984883
10.18730/K3F5=,G20791,RWA,-2.47,29.66,1,0.9929668
10.18730/JTRJ0,G20790,RWA,-2.45,29.55,1,0.99855334
10.18730/JTRF$,G20787,RWA,-2.4,29.65,1,0.99593675
10.18730/JTRD*,G20785,RWA,-2.55,29.76,1,0.9954294
10.18730/JTR9W,G20782,RWA,-2.5,29.63,1,0.9981869
10.18730/JTR8V,G20781,RWA,-2.25,29.58,1,0.9960956
10.18730/JTR7T,G20780,RWA,-2.69,29.65,1,0.99587005
10.18730/S6D82,G20777A,RWA,-2.43,29.68,1,0.99546534
10.18730/JTR1M,G20772,RWA,-2.34,29.09,1,0.98110366
10.18730/K3HC*,G20773,RWA,-2.44,28.92,1,0.9964516
10.18730/JTQZJ,G20774,RWA,-2.25,29.79,1,0.9970853
10.18730/K3HD~,G20775,RWA,-2.47,28.92,1,0.99683726
10.18730/K3HAY,G20770,RWA,-2.6,28.91,1,0.9951975
10.18730/K3H6T,G20766,RWA,-2.67,28.95,1,0.82942533
10.18730/JTR0K,G20764,RWA,-2.52,29.97,1,0.57748044
10.18730/JHC9B,G20765,RWA,-2.49,28.93,1,0.99754375
10.18730/K3F4$,G20760,RWA,-2.35,29.12,1,0.9964721
10.18730/JHC68,G20761,RWA,-2.54,28.91,1,0.99582076
10.18730/JHC46,G20758,RWA,-2.72,29.0,0,0.0061582983
10.18730/JTQWF,G20748,RWA,-1.67,29.92,1,0.9929998
10.18730/JTQVE,G20746,RWA,-1.84,30.34,1,0.9439291
10.18730/JTQRB,G20742,RWA,-1.6,29.94,1,0.9952864
10.18730/JTQSC,G20743,RWA,-1.47,30.37,0,0.022037297
10.18730/JHCDF,G20744,RWA,-2.42,28.99,1,0.9953753
10.18730/JTQD0,G20740,RWA,-1.42,30.16,1,0.98745686
10.18730/JTQK6,G20735,RWA,-1.32,30.3,0,0.028271612
10.18730/K3F3~,G20736,RWA,-1.74,30.3,1,0.99425125
10.18730/JTQP9,G20739,RWA,-1.7,30.02,1,0.99620444
10.18730/JTQN8,G20738,RWA,-1.41,30.09,1,0.97292894
10.18730/JTQM7,G20737,RWA,-1.47,30.24,1,0.95751655
10.18730/JTQF2,G20731,RWA,-1.74,30.34,1,0.98372656
10.18730/JTQG3,G20732,RWA,-1.81,30.34,1,0.97661555
10.18730/K3F2*,G20728,RWA,-2.52,29.68,1,0.99732447
10.18730/JTQA$,G20725,RWA,-2.35,29.02,1,0.9953602
10.18730/JTQB=,G20726,RWA,-2.75,29.05,0,0.011280956
10.18730/JTQ6Y,G20721,RWA,-2.35,29.87,1,0.9461281
10.18730/JTQ4W,G20719,RWA,-2.57,29.69,1,0.9978053
10.18730/JTQ5X,G20720,RWA,-2.29,29.94,0,0.1875622
10.18730/JTCHP,G50732,MDG,-20.3,44.28,0,0.003888571
10.18730/JTC9E,G50538,MDG,-19.73,44.54,0,0.0056420905
10.18730/JTBS=,G50537,MDG,-17.8,48.43,0,0.39435473
10.18730/JTBFS,G50535,MDG,-18.93,48.23,1,0.7982253
10.18730/JXTNZ,G50107,MDG,-23.35,43.69,0,0.004323247
10.18730/JTBDQ,G50099,MDG,-17.57,48.53,1,0.7937298
10.18730/JTCDJ,G24469,MDG,-23.13,44.15,0,0.0026848824
10.18730/JTC49,G24463,MDG,-19.75,44.59,0,0.0052100527
10.18730/JTBV0,G24451,MDG,-20.34,44.5,0,0.005106645
10.18730/S4WP2,G24443B,MDG,-18.97,48.59,1,0.63428223
10.18730/JW3K8,G22479,MDG,-21.72,46.93,1,0.714636
10.18730/JTDHH,G50546,ZWE,-18.45,32.97,0,0.054514237
10.18730/JTDGG,G50128,ZWE,-18.45,32.8,0,0.055155512
10.18730/S17P*,G24487A,ZWE,-18.53,32.73,0,0.01941248
10.18730/JSMX6,G50534,BTN,27.35,89.62,1,0.9917497
10.18730/S173D,G50533B,BTN,27.45,89.67,1,0.98442256
10.18730/JSMQ0,G50531,BTN,27.3,91.24,1,0.98793125
10.18730/JSMS2,G50532,BTN,27.29,91.31,1,0.99524397
10.18730/JSMGY,G50088,BTN,27.67,91.17,1,0.9181621
10.18730/PFD24,G24441,BTN,27.62,91.52,1,0.9962154
10.18730/JSMT3,G24440,BTN,27.27,91.37,1,0.9773111
10.18730/JSMDV,G24436,BTN,27.57,90.74,1,0.94788706
10.18730/S2PEB,G24435A,BTN,27.28,89.52,1,0.96098787
10.18730/JSM7N,G24067,BTN,27.52,89.82,1,0.91039926
10.18730/JXA9S,G50306,BDI,-3.04,30.77,1,0.82029814
10.18730/JX9S9,G50298,BDI,-2.37,29.99,0,0.1034997
10.18730/JX90N,G50292,BDI,-3.41,29.94,0,0.1730412
10.18730/JTGXE,G24515,BDI,-3.32,29.37,1,0.69649565
10.18730/JTG8Y,G24514,BDI,-3.99,30.07,1,0.8069232
10.18730/JX91P,G24184,BDI,-3.37,29.92,0,0.085707106
10.18730/JX8RD,G24183,BDI,-3.02,30.72,1,0.8671483
10.18730/JW66H,G22572,BDI,-3.37,29.89,0,0.18322805
10.18730/JW63E,G22569,BDI,-3.34,29.91,0,0.09491187
10.18730/JW5ZA,G22565,BDI,-3.39,29.96,0,0.03577554
10.18730/JW5W7,G22560,BDI,-3.41,29.96,0,0.037770517
10.18730/JW5V6,G22559,BDI,-2.44,30.03,1,0.8984877
10.18730/JW5P1,G22549,BDI,-2.6,30.25,1,0.95342684
10.18730/PF3M=,G22543,BDI,-2.5,30.24,0,0.102988526
10.18730/JW59S,G22538,BDI,-2.52,30.1,0,0.051150154
10.18730/JW53K,G22532,BDI,-2.57,30.1,1,0.91295314
10.18730/JW4YE,G22525,BDI,-3.05,30.69,1,0.8836501
10.18730/PF3GZ,G22521,BDI,-3.59,30.42,1,0.5440998
10.18730/JW4VB,G22515,BDI,-3.82,30.29,1,0.8694359
10.18730/JW4N5,G22514,BDI,-3.77,29.43,1,0.982131
10.18730/JW4J2,G22511,BDI,-4.07,29.53,1,0.9179919
10.18730/JW4E=,G22507,BDI,-4.27,29.62,1,0.9123472
10.18730/JW49Y,G22502,BDI,-2.81,29.08,0,0.015083094
10.18730/JW4B*,G22504,BDI,-3.12,29.41,0,0.030045904
10.18730/JW44S,G22497,BDI,-3.07,30.77,1,0.60937494
10.18730/JW3YK,G22490,BDI,-2.81,29.05,0,0.005183606
10.18730/JW40N,G22492,BDI,-4.41,29.68,1,0.9432372
10.18730/JW48X,G22493,BDI,-4.25,29.62,1,0.93756115
10.18730/JW41P,G22494,BDI,-3.03,30.69,1,0.86862487
10.18730/JW3WH,G22488,BDI,-3.02,29.28,0,0.014095869
10.18730/JW3XJ,G22489,BDI,-2.98,29.2,0,0.025392119
10.18730/JVKGB,G22264,BDI,-2.59,30.1,1,0.9648847
10.18730/JWR83,G50042,MWI,-9.67,33.52,0,0.09057831
10.18730/JWZZW,G23210,MWI,-12.61,33.57,0,0.005290066
10.18730/JWZEB,G23185,MWI,-12.57,33.62,0,0.0050927876
10.18730/JWYAC,G23160,MWI,-12.65,33.52,0,0.003575962
10.18730/JWXQY,G23135,MWI,-11.87,33.39,0,0.012388859
10.18730/JWX8F,G23110,MWI,-11.94,33.46,0,0.012537705
10.18730/JWWM*,G23085,MWI,-11.98,33.62,0,0.022576911
10.18730/JWWBQ,G23061,MWI,-10.77,34.03,0,0.023279317
10.18730/JWVBW,G23036,MWI,-10.67,34.07,0,0.020563638
10.18730/JWV1J,G23010,MWI,-10.58,34.12,0,0.03184106
10.18730/JWT8Y,G22985,MWI,-9.74,33.53,0,0.019060107
10.18730/JWS2X,G22963,MWI,-9.71,33.57,0,0.060082044
10.18730/S5QKC,G22914A,MWI,-9.47,33.1,1,0.94339883
10.18730/JWQHH,G22890,MWI,-9.54,33.12,1,0.93246585
10.18730/JWPTZ,G22865,MWI,-9.61,33.06,1,0.53503215
10.18730/JW3H6,G22474,MWI,-11.45,33.92,0,0.05736444
10.18730/JW2WP,G22451,MWI,-14.19,33.81,0,0.039202217
10.18730/JW2D7,G22434,MWI,-9.73,33.28,1,0.86540616
10.18730/JFBWP,G4276,USA,35.54,-108.72,0,0.0014400518
10.18730/PQ4QB,G26,USA,44.99,-93.22,1,0.92603934
10.18730/K12AJ,G2417,USA,35.89,-106.12,0,0.0013323545
10.18730/K11R0,G2415,USA,36.16,-109.55,0,0.00067065435
10.18730/K11N$,G2412,USA,35.51,-106.72,0,0.0014094925
10.18730/JMTMV,G20001,USA,34.9,-107.58,0,0.0023829332
10.18730/JZ32X,G20,USA,39.8,-123.25,0,0.014227908
10.18730/JMTBJ,G19992,USA,36.79,-108.68,0,0.0015941035
10.18730/JMTDM,G19986,USA,33.82,-111.94,0,0.0010757139
10.18730/JMSZ6,G19976,USA,36.98,-105.53,0,0.003193471
10.18730/S39EV,G19968A,USA,35.55,-108.74,0,0.0013964556
10.18730/S67P9,G19960A,USA,36.41,-105.56,0,0.0028547132
10.18730/JMED6,G19004,USA,32.78,-108.14,0,0.0010607698
10.18730/JHB6D,G16392,USA,32.88,-109.83,0,0.000824646
10.18730/JH8J3,G16329,USA,35.08,-108.84,0,0.0013427474
10.18730/JZDAR,G411,ZAF,-25.64,28.24,0,0.008587592
10.18730/JY29G,G24134,PAN,8.78,-82.45,1,0.9780683
10.18730/JN7ZA,G22751,BIH,44.45,19.12,1,0.99609655
10.18730/K3K2C,G20329,BIH,45.0,16.59,1,0.9965274
10.18730/JNARS,G20316,BIH,43.84,17.66,1,0.9965502
10.18730/S3GFY,G22746B,PRT,32.72,-17.02,1,0.9924165
10.18730/S4ZDF,G22741A,PRT,32.72,-16.96,1,0.99318343
10.18730/PF549,G22742,PRT,32.67,-16.89,1,0.99689
10.18730/PF516,G22736,PRT,32.74,-17.21,1,0.9873986
10.18730/JXXVP,G22737,PRT,32.73,-17.16,1,0.9953112
10.18730/JXY4Z,G22733,PRT,32.76,-17.23,1,0.9890175
10.18730/S2SAX,G22729A,PRT,32.82,-17.24,1,0.9953186
10.18730/PF4X2,G22726,PRT,32.85,-17.19,1,0.99661833
10.18730/JYP1K,G22724,PRT,32.86,-17.17,1,0.9953401
10.18730/S5PTR,G22720B,PRT,32.82,-17.0,1,0.98898786
10.18730/JSY45,G22718,PRT,32.8,-17.03,1,0.9941362
10.18730/JXT5F,G22714,PRT,32.79,-16.89,1,0.996802
10.18730/PF4Q~,G22715,PRT,32.82,-16.88,1,0.99732035
10.18730/JPEHQ,G22708,PRT,32.79,-16.85,1,0.9893406
10.18730/PF4HV,G22699,PRT,32.75,-16.84,1,0.9944523
10.18730/K3RP7,G22689,PRT,32.77,-16.84,1,0.9956298
10.18730/K3RC$,G22674,PRT,32.75,-16.87,1,0.99723876
10.18730/K3R4T,G22660,PRT,32.73,-16.79,1,0.9936039
10.18730/S3G7P,G22656A,PRT,32.67,-17.05,1,0.99102414
10.18730/K3R2R,G22658,PRT,32.42,-16.49,0,0.20331895
10.18730/K3R0P,G22655,PRT,32.69,-17.09,1,0.9898912
10.18730/PF42C,G22652,PRT,32.69,-16.84,1,0.99735034
10.18730/K3QZN,G22654,PRT,32.69,-17.12,1,0.99615175
10.18730/JJJ30,G10319,PRT,41.7,-8.17,1,0.99265337
10.18730/JJKXN,G14706,PRT,40.75,-7.83,1,0.9972826
10.18730/JJNJ0,G14708,PRT,40.62,-6.87,1,0.9883569
10.18730/JVHY=,G22405,GEO,42.59,42.33,1,0.998987
10.18730/JVHV*,G22401,GEO,42.61,42.21,1,0.996819
10.18730/JVHPV,G22396,GEO,42.43,41.84,1,0.99535745
10.18730/JVHSY,G22399,GEO,42.74,42.03,1,0.9975611
10.18730/JVH9E,G22394,GEO,42.42,41.95,1,0.9976108
10.18730/JVHHP,G22391,GEO,42.48,41.71,1,0.99607533
10.18730/JVHGN,G22390,GEO,42.44,41.69,1,0.9970475
10.18730/JVHFM,G22389,GEO,42.5,41.77,1,0.99596137
10.18730/JVHAF,G22384,GEO,42.93,41.11,1,0.994689
10.18730/JVHBG,G22385,GEO,42.89,41.15,1,0.9945721
10.18730/JVH8D,G22381,GEO,41.54,41.69,1,0.9993862
10.18730/JVGTU,G22382,GEO,42.97,41.45,1,0.99954057
10.18730/JVGV0,G22374,GEO,42.18,42.97,1,0.9845823
10.18730/JVGJW,G22373,GEO,42.29,43.29,1,0.98732764
10.18730/JVH16,G22372,GEO,42.34,43.01,1,0.99932873
10.18730/S21H8,G22370A,GEO,42.8,42.72,1,0.9982157
10.18730/JVGKX,G22364,GEO,42.62,42.76,1,0.9979144
10.18730/JVGS=,G22362,GEO,42.61,42.67,1,0.9990126
10.18730/JVG7H,G22363,GEO,42.6,42.74,1,0.99676263
10.18730/JVGQ~,G22360,GEO,42.55,42.75,1,0.99880147
10.18730/JVGR$,G22361,GEO,42.63,42.64,1,0.99842274
10.18730/K3XEB,G22358,GEO,42.57,42.79,1,0.9984877
10.18730/JVFZ9,G22353,GEO,42.5,42.8,1,0.99867034
10.18730/JVGMY,G22355,GEO,42.57,42.84,1,0.99697196
10.18730/JVGDQ,G22348,GEO,42.65,42.79,1,0.9978199
10.18730/JVG3D,G22337,GEO,42.57,43.38,1,0.99763024
10.18730/JVG4E,G22338,GEO,42.56,43.33,1,0.9985428
10.18730/JVFP0,G22334,GEO,42.56,43.5,1,0.9990858
10.18730/JVG1B,G22335,GEO,42.58,43.43,1,0.9986552
10.18730/JVG2C,G22336,GEO,42.7,43.64,1,0.9985097
10.18730/JVFY8,G22332,GEO,43.05,42.73,1,0.9990578
10.18730/JN8AN,G20238,HRV,44.72,15.15,1,0.99801636
10.18730/PF0F8,G20198,HRV,46.06,16.19,1,0.99335855
10.18730/PPZM~,G1448,HRV,45.8,15.97,1,0.9974235
10.18730/JMWVR,G20077,SVN,45.32,15.69,1,0.9951851
10.18730/JMB4C,G18847,SVN,46.07,14.1,1,0.9992353
10.18730/JMB3B,G18846,SVN,46.05,14.64,1,0.999363
10.18730/JZ6HX,G189,NPL,27.81,85.32,1,0.9565077
10.18730/JTAR2,G18220,ESP,42.37,-7.3,1,0.99626225
10.18730/PER62,G18219,ESP,42.21,-8.29,1,0.9990478
10.18730/JTABT,G18210,ESP,42.6,-8.43,1,0.9989698
10.18730/JTAAS,G18209,ESP,43.12,-4.63,1,0.9552916
10.18730/JTA9R,G18208,ESP,43.13,-4.6,1,0.9744932
10.18730/JTAK$,G18204,ESP,40.05,-1.65,0,0.27808446
10.18730/S5KS1,G18203A,ESP,38.89,-2.14,0,0.012345091
10.18730/JTA2H,G18201,ESP,36.15,-5.35,0,0.005939734
10.18730/S2PTQ,G18200A,ESP,40.4,-5.77,1,0.92599654
10.18730/JTADW,G18198,ESP,39.96,-0.26,0,0.4256602
10.18730/JTACV,G18197,ESP,41.34,-5.09,1,0.75914854
10.18730/S1Z9A,G18196C,ESP,38.96,-1.46,0,0.013313455
10.18730/JT9T9,G18194,ESP,42.54,-4.74,1,0.65764153
10.18730/JTA4K,G18190,ESP,42.77,-6.61,0,0.1907485
10.18730/JTA5M,G18191,ESP,40.17,-0.03,0,0.38818112
10.18730/JT9S8,G18193,ESP,40.09,-6.36,0,0.09357722
10.18730/JTA6N,G18192,ESP,42.0,1.53,1,0.9349893
10.18730/JT9R7,G18188,ESP,38.88,-3.71,0,0.0125437975
10.18730/JT9WB,G18189,ESP,43.41,-8.18,1,0.9987657
10.18730/JRYM~,G15817,ESP,36.95,-3.35,0,0.039380033
10.18730/JRY7M,G15816,ESP,36.99,-3.19,0,0.020373939
10.18730/JRXR5,G15815,ESP,37.3,-3.81,0,0.0022707344
10.18730/JS10=,G15800,ESP,43.29,-6.54,1,0.998304
10.18730/JS0X*,G15796,ESP,43.12,-7.08,1,0.999253
10.18730/JS0VY,G15798,ESP,42.53,-7.78,1,0.9962838
10.18730/JS0AD,G15795,ESP,43.25,-8.62,1,0.99868685
10.18730/JS058,G15791,ESP,42.69,-8.5,1,0.9979419
10.18730/JS069,G15792,ESP,42.89,-8.56,1,0.9986532
10.18730/JS036,G15789,ESP,42.62,-8.44,1,0.9988248
10.18730/JRZDN,G15787,ESP,42.0,-6.43,1,0.9962824
10.18730/JRZ19,G15785,ESP,41.93,-5.94,1,0.9944021
10.18730/JS120,G15295,ESP,43.42,-6.16,1,0.99722457
10.18730/JS0Z$,G15292,ESP,43.21,-6.9,1,0.99778026
10.18730/JS0RV,G15291,ESP,43.18,-6.92,1,0.9985696
10.18730/S6AW0,G15286A,ESP,43.18,-7.91,1,0.99829
10.18730/JS0HM,G15287,ESP,43.14,-7.67,1,0.9977245
10.18730/JS0KP,G15288,ESP,43.02,-7.36,1,0.9935788
10.18730/JS0MQ,G15289,ESP,43.09,-7.17,1,0.99840933
10.18730/JS0BE,G15284,ESP,43.28,-8.2,1,0.9988919
10.18730/JRZV=,G15279,ESP,42.44,-8.07,1,0.99600536
10.18730/JRZ3B,G15275,ESP,41.95,-5.77,1,0.99061745
10.18730/JRZJT,G15277,ESP,42.12,-6.74,1,0.99738926
10.18730/JRYX5,G15272,ESP,40.38,-5.75,1,0.9882288
10.18730/JRYZ7,G15273,ESP,41.92,-5.67,1,0.95949787
10.18730/K091Q,G1475,ESP,40.47,-3.35,0,0.14644095
10.18730/JJDF0,G14691,ESP,42.55,-6.58,0,0.13184896
10.18730/JJCZN,G14690,ESP,42.67,-2.03,1,0.54480284
10.18730/JJD2R,G14689,ESP,42.36,-4.72,1,0.9491743
10.18730/JJCJ8,G14687,ESP,42.45,-2.95,0,0.3224974
10.18730/JJCA0,G14686,ESP,42.57,-0.55,1,0.95816314
10.18730/PPZJZ,G1452,ESP,42.47,-2.45,0,0.02014552
10.18730/JS0NR,G14443,ESP,43.04,-7.2,1,0.9986563
10.18730/JRZQZ,G14432,ESP,41.88,-7.5,1,0.99333125
10.18730/JRZGR,G14425,ESP,42.1,-6.67,1,0.99792033
10.18730/JRZ6E,G14418,ESP,41.94,-6.29,1,0.99173975
10.18730/JRZ4C,G14415,ESP,41.95,-6.22,1,0.979313
10.18730/JMAS1,G13043,ESP,40.04,-3.6,0,0.029385576
10.18730/JRHKQ,G10465,ESP,43.12,-4.08,1,0.99730873
10.18730/PQ1RV,G1036,ESP,42.6,5.55,0,0.0018980687
10.18730/JZYRV,G1029,ESP,38.5,-1.75,0,0.005039876
10.18730/JJDM5,G10201,ESP,42.33,-7.85,1,0.9782727
10.18730/JJDWD,G10197,ESP,42.33,-7.7,1,0.9970757
10.18730/JJE0H,G10195,ESP,42.47,-7.75,1,0.99729913
10.18730/JJDB~,G10177,ESP,42.39,-4.03,0,0.117830634
10.18730/JJCNB,G10163,ESP,42.43,-3.19,0,0.041444633
10.18730/JT80S,G18047,NLD,52.89,4.8,1,0.9978154
10.18730/JT87*,G18050,NLD,50.86,5.94,1,0.9990376
10.18730/JT85Y,G18049,NLD,52.27,4.77,1,0.9980704
10.18730/JT7XP,G18044,NLD,50.83,5.93,1,0.9988016
10.18730/JT7WN,G18043,NLD,52.23,5.5,1,0.9990019
10.18730/JS94U,G15942,NLD,51.53,5.95,1,0.9991115
10.18730/JS92$,G15940,NLD,53.1,6.91,1,0.9990238
10.18730/JS93=,G15941,NLD,52.83,6.58,1,0.9990928
10.18730/JS8EE,G15936,NLD,53.2,6.45,1,0.99832886
10.18730/JS91~,G15939,NLD,52.75,6.71,1,0.99888355
10.18730/JS8WW,G15931,NLD,51.87,5.52,1,0.99904567
10.18730/JS8VV,G15930,NLD,52.25,6.27,1,0.99906844
10.18730/JS866,G15927,NLD,52.16,4.4,1,0.99860185
10.18730/JS877,G15918,NLD,51.64,5.66,1,0.9991579
10.18730/JS822,G15917,NLD,51.52,5.46,1,0.9991768
10.18730/JS8AA,G15911,NLD,50.78,6.02,1,0.99950874
10.18730/PPZGX,G1454,NLD,51.96,5.66,1,0.99904174
10.18730/JQN51,G11886,NLD,51.71,6.01,1,0.9990495
10.18730/K3KY3,G11887,NLD,51.84,5.58,1,0.9991731
10.18730/JQN73,G11888,NLD,51.87,4.08,1,0.99887174
10.18730/JQN40,G11885,NLD,51.85,4.62,1,0.9985013
10.18730/JQMXY,G11878,NLD,52.5,6.25,1,0.99913424
10.18730/JQN0~,G11881,NLD,52.67,4.73,1,0.99857354
10.18730/JQMWX,G11877,NLD,52.78,6.12,1,0.9992366
10.18730/JQMHJ,G11866,NLD,52.0,4.71,1,0.99811196
10.18730/JQMMN,G11869,NLD,52.0,5.9,1,0.9992028
10.18730/JQMNP,G11870,NLD,51.89,5.63,1,0.9990088
10.18730/JQMPQ,G11871,NLD,51.83,5.63,1,0.9988845
10.18730/JQMCD,G11861,NLD,51.92,4.29,1,0.9984906
10.18730/JQM89,G11857,NLD,51.52,5.32,1,0.9992036
10.18730/JQKV~,G11852,NLD,51.33,6.07,1,0.9990626
10.18730/JQM56,G11853,NLD,52.15,5.57,1,0.9991761
10.18730/JQM34,G11851,NLD,52.7,6.74,1,0.99897313
10.18730/JQM23,G11850,NLD,51.99,5.74,1,0.99924123
10.18730/JP51F,G10142,NLD,51.91,4.63,1,0.9986172
10.18730/JP50E,G10141,NLD,52.1,5.19,1,0.99914575
10.18730/JP4M2,G10140,NLD,52.62,6.17,1,0.9981654
10.18730/K3E97,G10137,NLD,51.92,6.39,1,0.99873894
10.18730/JP48V,G10135,NLD,52.54,4.69,1,0.9986426
10.18730/JP4R6,G10133,NLD,52.85,6.76,1,0.9990208
10.18730/JP4P4,G10131,NLD,52.71,6.84,1,0.9988632
10.18730/JP4N3,G10130,NLD,52.21,5.92,1,0.9993042
10.18730/JP3ZJ,G10126,NLD,52.75,5.19,1,0.99844366
10.18730/JP3YH,G10125,NLD,53.25,6.56,1,0.9965417
10.18730/JP4G=,G10123,NLD,53.13,7.03,1,0.9984316
10.18730/JP4F$,G10122,NLD,53.26,6.86,1,0.9986979
10.18730/JP4E~,G10121,NLD,52.94,5.86,1,0.9987658
10.18730/JP3A$,G10105,NLD,52.05,6.13,1,0.99872714
10.18730/JP3CU,G10107,NLD,53.25,5.92,1,0.99757
10.18730/JP3XG,G10104,NLD,52.2,5.6,1,0.99921346
10.18730/JP3VE,G10102,NLD,52.18,5.77,1,0.99926823
10.18730/JP3K6,G10094,NLD,52.2,4.61,1,0.99841475
10.18730/JP31S,G10096,NLD,52.16,4.58,1,0.9981988
10.18730/JP39~,G10083,NLD,52.42,6.78,1,0.9990687
10.18730/JP36Y,G10080,NLD,52.73,5.75,1,0.99838436
10.18730/K3E64,G10079,NLD,52.87,6.53,1,0.99906176
10.18730/K3QRE,G10076,NLD,51.5,3.58,1,0.99897754
10.18730/JP2F7,G10075,NLD,53.36,6.5,1,0.9985337
10.18730/K3E53,G10072,NLD,52.74,5.02,1,0.9983955
10.18730/JP2YP,G10070,NLD,51.91,4.16,1,0.99823904
10.18730/JP24~,G10063,NLD,51.95,4.99,1,0.9985708
10.18730/JP1SP,G10053,NLD,51.87,6.5,1,0.9989556
10.18730/JP1TQ,G10054,NLD,51.98,4.26,1,0.99824595
10.18730/JP2B3,G10049,NLD,51.27,5.92,1,0.9989691
10.18730/JP1FC,G10041,NLD,51.95,5.3,1,0.9988734
10.18730/JP1A7,G10030,NLD,51.67,4.69,1,0.99854517
10.18730/JP1NJ,G10026,NLD,52.66,6.87,1,0.999047
10.18730/JSN1A,G16159,HUN,47.17,19.83,0,0.21936892
10.18730/PM0W=,G14230,HUN,47.89,21.85,1,0.8470039
10.18730/PM0T~,G14232,HUN,47.97,22.33,1,0.9176314
10.18730/K4YKU,G52337,CHL,-37.39,-72.36,0,0.0014613721
10.18730/K4Y8S,G52326,CHL,-37.97,-73.25,1,0.62130165
10.18730/K4Y1J,G52319,CHL,-37.77,-73.39,1,0.840502
10.18730/K4YCX,G52330,CHL,-37.42,-71.99,0,0.0036950272
10.18730/K4YJ=,G52336,CHL,-37.6,-72.0,0,0.0029557562
10.18730/K4Y4N,G52322,CHL,-37.99,-73.11,0,0.053282995
10.18730/K4YBW,G52329,CHL,-37.7,-72.24,0,0.003488967
10.18730/K50FP,G52399,CHL,-37.44,-73.35,0,0.034806296
10.18730/K508F,G52392,CHL,-38.0,-72.34,0,0.012935497
10.18730/K50PX,G52406,CHL,-38.02,-73.08,0,0.018732563
10.18730/K50DM,G52397,CHL,-37.05,-72.57,0,0.00079095474
10.18730/K4ZZ6,G52383,CHL,-36.95,-72.94,0,0.002662133
10.18730/K5146,G52420,CHL,-35.72,-72.54,0,0.0017554824
10.18730/K505C,G52426,CHL,-36.78,-72.44,0,0.0016011846
10.18730/PG4QN,G52359,CHL,-36.63,-72.89,0,0.003884851
10.18730/K4YW8,G52346,CHL,-35.04,-71.17,0,0.0011640836
10.18730/K4YZB,G52349,CHL,-35.67,-71.42,0,0.001679929
10.18730/K4ZAP,G52362,CHL,-36.51,-72.69,0,0.0021149958
10.18730/K4YR4,G52342,CHL,-37.17,-71.97,0,0.001954169
10.18730/K4YYA,G52348,CHL,-35.43,-71.26,0,0.0011344342
10.18730/K4Z3F,G52353,CHL,-36.63,-72.8,0,0.0022752818
10.18730/K4Z2E,G52352,CHL,-36.53,-72.97,0,0.0043903016
10.18730/K4ZDS,G52365,CHL,-36.65,-72.6,0,0.0026503808
10.18730/K4ZET,G52366,CHL,-36.75,-73.03,0,0.0014838037
10.18730/K4ZHX,G52369,CHL,-36.4,-72.84,0,0.0017000587
10.18730/K4ZRU,G52376,CHL,-36.95,-73.0,0,0.003895004
10.18730/K4ZQ=,G52375,CHL,-37.18,-73.17,0,0.009716943
10.18730/K4ZW3,G52380,CHL,-38.03,-72.39,0,0.01282017
10.18730/K51AC,G52430,CHL,-37.9,-73.29,1,0.86796236
10.18730/K51DF,G52429,CHL,-36.73,-72.98,0,0.004590509
10.18730/K4XH2,G52303,CHL,-35.92,-72.34,0,0.0029740485
10.18730/PH3WK,G52016,AZE,40.55,49.88,1,0.93621135
10.18730/PH3J9,G52026,AZE,40.02,48.48,1,0.94390005
10.18730/PH3QE,G52021,AZE,40.34,46.94,1,0.9876978
10.18730/PH3B2,G52033,AZE,40.34,49.56,0,0.2563966
10.18730/PH3NC,G52023,AZE,39.92,48.37,1,0.93951076
10.18730/PH3H8,G52027,AZE,41.0,45.58,1,0.98912597
10.18730/PH3F6,G52029,AZE,41.6,46.63,1,0.8483085
10.18730/PH3KA,G52025,AZE,38.9,48.25,1,0.9980684
10.18730/PH3RF,G52020,AZE,39.22,45.43,1,0.59702384
10.18730/PH3SG,G52019,AZE,40.64,47.41,0,0.05005169
10.18730/PH3G7,G52028,AZE,40.38,46.18,1,0.98984736
10.18730/PH3D4,G52031,AZE,38.76,48.82,1,0.9951911
10.18730/PH3E5,G52030,AZE,41.11,45.37,1,0.9767493
10.18730/PH45W,G52007,AZE,38.68,48.78,1,0.99635726
10.18730/PH4B$,G52001,AZE,41.62,46.51,0,0.07689889
10.18730/PH4ZH,G51981,AZE,41.25,48.27,1,0.9956696
10.18730/PH46X,G52006,AZE,39.22,48.67,1,0.9795083
10.18730/PH4TC,G51986,AZE,41.28,48.5,1,0.99380493
10.18730/PH4P8,G51990,AZE,40.57,45.83,1,0.9919383
10.18730/PH52M,G51978,AZE,41.37,48.42,1,0.99602485
10.18730/PH47Y,G52005,AZE,38.72,48.73,1,0.99827063
10.18730/PH4XF,G51983,AZE,40.22,47.07,1,0.98470116
10.18730/PH49*,G52003,AZE,38.91,46.04,1,0.542241
10.18730/PH40Q,G52012,AZE,41.4,48.34,1,0.9975407
10.18730/PH6K*,G51882,MMR,20.93,95.47,0,0.005797432
10.18730/PH6EV,G51887,MMR,20.79,96.65,1,0.9469744
10.18730/PH6M~,G51881,MMR,20.56,94.65,0,0.0051768436
10.18730/PH6HY,G51884,MMR,20.79,97.03,1,0.9253885
10.18730/PH6GX,G51885,MMR,20.67,96.95,1,0.528877
