DOI,ACCENUMB,CURATION,GENUS,SPECIES,GRIN_NAME,SAMPSTAT,ACQDATE,ORIGCTY,COLLSITE,DECLATITUDE,DECLONGITUDE,ELEVATION,COLLDATE,COLLSRC
10.18730/JKECH,G16570,FULL,Phaseolus,vulgaris,Phaseolus vulgaris,300,19780101,IRN,KARAJ - MARKAZI,35.81,50.93,,19780101.0,40.0
10.18730/JKEKR,G16576,FULL,Phaseolus,vulgaris,Phaseolus vulgaris,300,19780101,IRN,KERMANSHAH CHAMCHAL - KERMANSHAH - KERMANSHAHAN,34.32,47.07,,19780101.0,40.0
10.18730/JZXX0,G990,FULL,Phaseolus,vulgaris,Phaseolus vulgaris,300,19700901,IRN,AHWAZ - KHUZESTAN,31.32,48.7,,19700901.0,40.0
10.18730/JZXWU,G989,FULL,Phaseolus,vulgaris,Phaseolus vulgaris,300,19700901,IRN,KAZERUN - FARS,29.62,51.63,,19700901.0,40.0
10.18730/JZXT$,G987,FULL,Phaseolus,vulgaris,Phaseolus vulgaris,300,19700901,IRN,SHIRAZ - FARS,29.6,52.53,,19700901.0,40.0
10.18730/JZXNX,G980,FULL,Phaseolus,vulgaris,Phaseolus vulgaris,300,19700901,IRN,TABRIZ - AZERBAIJAN,38.08,46.3,,19700901.0,40.0
10.18730/JZXKV,G978,FULL,Phaseolus,vulgaris,Phaseolus vulgaris,300,19700901,IRN,REZAIYEH - AZERBAIJAN,37.55,45.07,,19700901.0,40.0
10.18730/JZXJT,G977,FULL,Phaseolus,vulgaris,Phaseolus vulgaris,300,19700901,IRN,HAMADAN - HAMADAN,34.8,48.5,,19700901.0,40.0
10.18730/JZWY6,G965,FULL,Phaseolus,vulgaris,Phaseolus vulgaris,300,19700901,IRN,TEHRAN - MARKAZI,35.67,51.43,,19700901.0,40.0
10.18730/JNE6R,G9506,FULL,Phaseolus,vulgaris,Phaseolus vulgaris,300,19700901,IRN,MESHED - KHORASAN,36.35,59.61,,19700901.0,40.0
10.18730/K33Q2,G9494,FULL,Phaseolus,vulgaris,Phaseolus vulgaris,300,19770101,IRN,GOCHAN - KHORASAN,37.14,58.5,,19770101.0,40.0
10.18730/K32P6,G9458,FULL,Phaseolus,vulgaris,Phaseolus vulgaris,300,19770101,IRN,ISFAHAN - ISFAHAN,32.68,51.64,,19770101.0,40.0
10.18730/JZ39U,G67,FULL,Phaseolus,vulgaris,Phaseolus vulgaris,300,19700901,IRN,AHWAZ - KHUZESTAN,31.32,48.77,,19700901.0,40.0
10.18730/JG93*,G6029,FULL,Phaseolus,vulgaris,Phaseolus vulgaris,300,19730301,IRN,TORBAT-E HEYDARIYEH - KHORASAN,35.27,59.2,,19730301.0,40.0
10.18730/JG92Z,G6028,FULL,Phaseolus,vulgaris,Phaseolus vulgaris,300,19730301,IRN,NISHABUR - KHORASAN,36.21,58.84,,19730301.0,40.0
10.18730/JGHPB,G5598,FULL,Phaseolus,vulgaris,Phaseolus vulgaris,300,19730301,IRN,DARREH GAZ SAF - KHORASAN,37.46,59.12,,19730301.0,40.0
10.18730/JKERX,G5594,FULL,Phaseolus,vulgaris,Phaseolus vulgaris,300,19780101,IRN,SHIRAZ - FARS,29.65,52.54,,19780101.0,40.0
10.18730/JK9TK,G5557,FULL,Phaseolus,vulgaris,Phaseolus vulgaris,300,19780101,IRN,KARAJ - MARKAZI,35.8,50.98,,19780101.0,40.0
10.18730/JK8WT,G5550,FULL,Phaseolus,vulgaris,Phaseolus vulgaris,300,19780101,IRN,CHALUS - MAZANDARAN,36.64,51.44,,19780101.0,40.0
10.18730/JK94$,G5553,FULL,Phaseolus,vulgaris,Phaseolus vulgaris,300,19780101,IRN,SABZEVAR - KHORASAN,36.22,57.71,,19780101.0,40.0
10.18730/JK9B4,G5554,FULL,Phaseolus,vulgaris,Phaseolus vulgaris,300,19780101,IRN,SHAHRUD - KHORASAN,36.42,55.02,,19780101.0,40.0
10.18730/JGJAZ,G5548,FULL,Phaseolus,vulgaris,Phaseolus vulgaris,300,19730301,IRN,HASAN KIADEH - GILAN,37.42,49.9,,19730301.0,40.0
10.18730/JK8HF,G5545,FULL,Phaseolus,vulgaris,Phaseolus vulgaris,300,19780101,IRN,ABADEH - FARS,29.14,52.87,,19780101.0,40.0
10.18730/JK8KH,G5546,FULL,Phaseolus,vulgaris,Phaseolus vulgaris,300,19780101,IRN,RASHT - GILAN,37.27,49.63,,19780101.0,40.0
10.18730/JGJ9Y,G5544,FULL,Phaseolus,vulgaris,Phaseolus vulgaris,300,19730301,IRN,KHOMEYN - MARKAZI,33.64,50.07,,19730301.0,40.0
10.18730/JK8FD,G5542,FULL,Phaseolus,vulgaris,Phaseolus vulgaris,300,19780101,IRN,ARAK - MARKAZI,34.07,49.69,,19780101.0,40.0
10.18730/JK7Y~,G5535,FULL,Phaseolus,vulgaris,Phaseolus vulgaris,300,19780101,IRN,VARAMIN - TEHRAN,35.34,51.66,,19780101.0,40.0
10.18730/JGJQ7,G5505,FULL,Phaseolus,vulgaris,Phaseolus vulgaris,300,19730301,IRN,BOJNURD - KHORASAN,37.47,57.27,,19730301.0,40.0
10.18730/JX2E~,G23227,FULL,Phaseolus,vulgaris,Phaseolus vulgaris,300,19880101,IRN,TALESH - GILAN,37.81,48.9,,19880101.0,40.0
10.18730/JX2AX,G23223,FULL,Phaseolus,vulgaris,Phaseolus vulgaris,300,19880101,IRN,MARMAR - KERMAN,29.25,55.52,,19880101.0,40.0
10.18730/JX2BY,G23224,FULL,Phaseolus,vulgaris,Phaseolus vulgaris,300,19880101,IRN,NAZ - KERMAN,26.53,57.47,,19880101.0,40.0
10.18730/JX23P,G23221,FULL,Phaseolus,vulgaris,Phaseolus vulgaris,300,19880101,IRN,GOLI - ZANJAN,36.02,48.94,,19880101.0,40.0
10.18730/K3N99,G23220,FULL,Phaseolus,vulgaris,Phaseolus vulgaris,300,19880101,IRN,DEHGHAN - MARKAZI,34.82,49.92,,19880101.0,40.0
10.18730/JKT8V,G17003,FULL,Phaseolus,vulgaris,Phaseolus vulgaris,300,19780101,IRN,JIROFT - KERMAN,28.67,57.77,,19780101.0,40.0
10.18730/JKT4Q,G17000,FULL,Phaseolus,vulgaris,Phaseolus vulgaris,300,19780101,IRN,KASHAN (OURMAK) - KASHAN - ISFAHAN,33.99,51.49,,19780101.0,40.0
10.18730/JKT5R,G17001,FULL,Phaseolus,vulgaris,Phaseolus vulgaris,300,19780101,IRN,ASTANEH - GILAN,37.25,49.94,,19780101.0,40.0
10.18730/JKSA$,G16990,FULL,Phaseolus,vulgaris,Phaseolus vulgaris,300,19780101,IRN,ABBASABAD TORBAT - AZERBAIJAN,38.92,46.83,,19780101.0,40.0
10.18730/JKS5X,G16988,FULL,Phaseolus,vulgaris,Phaseolus vulgaris,300,19780101,IRN,SHAHSAVAR - AZERBAIJAN,38.31,46.81,,19780101.0,40.0
10.18730/JKRZQ,G16984,FULL,Phaseolus,vulgaris,Phaseolus vulgaris,300,19780101,IRN,SARAB - AZERBAIJAN,37.94,47.56,,19780101.0,40.0
10.18730/JKR80,G16974,FULL,Phaseolus,vulgaris,Phaseolus vulgaris,300,19780101,IRN,ASTARA - GILAN,38.4,48.86,,19780101.0,40.0
10.18730/JNEM1,G16804,FULL,Phaseolus,vulgaris,Phaseolus vulgaris,300,19700901,IRN,HAMADAN - HAMADAN,34.81,48.48,,19700901.0,40.0
10.18730/JKJQ8,G16704,FULL,Phaseolus,vulgaris,Phaseolus vulgaris,300,19780101,IRN,GHAZVIN ROUD BAR - GHAZVIN - QAZVIN,36.25,50.01,,19780101.0,40.0
10.18730/JKJK4,G16699,FULL,Phaseolus,vulgaris,Phaseolus vulgaris,300,19780101,IRN,SHIRAZ ARDAKAN - SHIRAZ - FARS,30.25,51.99,,19780101.0,40.0
10.18730/JKJG1,G16697,FULL,Phaseolus,vulgaris,Phaseolus vulgaris,300,19780101,IRN,MANGILI - KHORASAN,36.76,57.74,,19780101.0,40.0
10.18730/JKJ5V,G16686,FULL,Phaseolus,vulgaris,Phaseolus vulgaris,300,19780101,IRN,SANANDAJ - KORDESTAN,35.34,47.0,,19780101.0,40.0
10.18730/JKHE4,G16664,FULL,Phaseolus,vulgaris,Phaseolus vulgaris,300,19780101,IRN,DASHT SAR AMOL - AMOL - MAZANDARAN,36.5,52.35,,19780101.0,40.0
10.18730/JK9MD,G16455,FULL,Phaseolus,vulgaris,Phaseolus vulgaris,300,19780101,IRN,BAM - KHORASAN,34.37,57.12,,19780101.0,40.0
10.18730/JKA3W,G16456,FULL,Phaseolus,vulgaris,Phaseolus vulgaris,300,19780101,IRN,MAHAN - KERMAN,30.05,57.28,,19780101.0,40.0
10.18730/JK9E7,G16458,FULL,Phaseolus,vulgaris,Phaseolus vulgaris,300,19780101,IRN,ZARAND - QAZVIN,36.49,49.15,,19780101.0,40.0
10.18730/JK9A3,G16454,FULL,Phaseolus,vulgaris,Phaseolus vulgaris,300,19780101,IRN,MEYAMEY - KHORASAN,36.25,60.12,,19780101.0,40.0
10.18730/JK9QG,G16449,FULL,Phaseolus,vulgaris,Phaseolus vulgaris,300,19780101,IRN,MASHAD - MARKAZI,34.03,51.02,,19780101.0,40.0
10.18730/JK8XV,G16447,FULL,Phaseolus,vulgaris,Phaseolus vulgaris,300,19780101,IRN,GONBAD-E QABUS - GOLESTAN,37.25,55.15,,19780101.0,40.0
10.18730/JK736,G14841,FULL,Phaseolus,vulgaris,Phaseolus vulgaris,300,19780101,IRN,GOODAR OJ - GODAR - MARKAZI,33.68,50.33,,19780101.0,40.0
10.18730/JNEE*,G14491,FULL,Phaseolus,vulgaris,Phaseolus vulgaris,300,19700901,IRN,GURGAN - COLESTAN,36.84,54.49,,19700901.0,40.0
10.18730/JKTE~,G14161,FULL,Phaseolus,vulgaris,Phaseolus vulgaris,300,19780101,IRN,MAZANDARAN - MAZANDARAN,36.5,53.5,,19780101.0,40.0
10.18730/JKTBY,G14160,FULL,Phaseolus,vulgaris,Phaseolus vulgaris,300,19780101,IRN,YAZD - YAZD,31.89,54.41,,19780101.0,40.0
10.18730/JKR91,G14124,FULL,Phaseolus,vulgaris,Phaseolus vulgaris,300,19780101,IRN,LORESTAN - LORESTAN,33.5,48.5,,19780101.0,40.0
10.18730/K07TN,G1409,FULL,Phaseolus,vulgaris,Phaseolus vulgaris,300,19700901,IRN,KAZERUN - FARS,29.63,51.65,,19700901.0,40.0
10.18730/JK7JN,G14078,FULL,Phaseolus,vulgaris,Phaseolus vulgaris,300,19780101,IRN,ARDAKAN - FARS,30.27,52.02,,19780101.0,40.0
10.18730/JK7RV,G14075,FULL,Phaseolus,vulgaris,Phaseolus vulgaris,300,19780101,IRN,MALAYER - HAMADAN,34.32,48.83,,19780101.0,40.0
10.18730/K086~,G1403,FULL,Phaseolus,vulgaris,Phaseolus vulgaris,300,19700901,IRN,KERMAN - KERMAN,30.28,57.08,,19700901.0,40.0
10.18730/JZXY1,G1009,FULL,Phaseolus,vulgaris,Phaseolus vulgaris,300,19700901,IRN,BABOL - MAZANDARAN,36.57,52.7,,19700901.0,40.0
10.18730/JZY8B,G1007,FULL,Phaseolus,vulgaris,Phaseolus vulgaris,300,19700901,IRN,NEAR AB'ALI - TEHRAN - MARKAZI,35.77,51.97,,19700901.0,40.0
10.18730/K4JHM,G5555,FULL,Phaseolus,vulgaris,Phaseolus vulgaris,300,19780101,IRN,RAFSANJAN - KERMAN,30.4,56.0,,19780101.0,40.0
10.18730/JRGZ3,G9996,FULL,Phaseolus,vulgaris,Phaseolus vulgaris,100,19770601,MEX,ARROYO DE MIRANDILLA - TALPA DE ALLENDE - JALISCO,20.43,-104.7,,19770601.0,40.0
10.18730/PGDJ8,G9998,FULL,Phaseolus,vulgaris,Phaseolus vulgaris,100,19770601,MEX,LAGO CHAPALA - CHAPALA - JALISCO,20.3,-103.2,,19770601.0,40.0
10.18730/JRGW0,G9991,FULL,Phaseolus,vulgaris,Phaseolus vulgaris,100,19770601,MEX,"ABOVE AYUTLA, ALONG RIVER BARRANCA, 8 KM AWAY - AYUTLA - JALISCO",20.12,-104.37,,19770601.0,40.0
10.18730/JRH37,G9993,FULL,Phaseolus,vulgaris,Phaseolus vulgaris,100,19770601,MEX,CERRO DE LAS GALLINAS - CHURINTZIO - MICHOACAN,20.13,-102.08,,19770601.0,40.0
10.18730/S2N68,G9989C,FULL,Phaseolus,vulgaris,Phaseolus vulgaris,100,19770601,MEX,"25 KM MASCOTA, TOWARD PTO. VALLARTA - MASCOTA - JALISCO",20.5,-104.82,1400.0,19770601.0,40.0
10.18730/PMPZ2,G9988,FULL,Phaseolus,vulgaris,Phaseolus vulgaris,200,19770601,MEX,RANCHO CARACOL - ARANDAS - JALISCO,20.67,-102.45,,19770601.0,40.0
10.18730/K3BAQ,G9978,FULL,Phaseolus,vulgaris,Phaseolus vulgaris,300,19770601,MEX,VILLA UNION - CONCORDIA - SINALOA,23.21,-106.24,,19770601.0,40.0
10.18730/K3B8N,G9976,FULL,Phaseolus,vulgaris,Phaseolus vulgaris,300,19770601,MEX,NUEVO NECAXA - NUEVO NECAXA - PUEBLA,20.23,-98.0,,19770601.0,40.0
10.18730/K3B7M,G9975,FULL,Phaseolus,vulgaris,Phaseolus vulgaris,300,19770601,MEX,JUAREZ - TETELA DE OCAMPO - PUEBLA,19.81,-97.79,,19770601.0,40.0
10.18730/K3A8T,G9941,FULL,Phaseolus,vulgaris,Phaseolus vulgaris,300,19770601,MEX,"JALPA, ROAD TO TLALTENANGO - JALPA - ZACATECAS",21.64,-102.97,,19770601.0,40.0
10.18730/K3A1K,G9932,FULL,Phaseolus,vulgaris,Phaseolus vulgaris,300,19770601,MEX,CALVILLO - CALVILLO - AGUASCALIENTES,21.86,-102.72,,19770601.0,40.0
10.18730/K39YG,G9928,FULL,Phaseolus,vulgaris,Phaseolus vulgaris,300,19770601,MEX,POZA RICA - POZA RICA - VERACRUZ,20.52,-97.38,60.0,19770601.0,40.0
10.18730/K39G2,G9912,FULL,Phaseolus,vulgaris,Phaseolus vulgaris,300,19770601,MEX,LA CEIBA - CAZONES - VERACRUZ,20.77,-97.28,,19770601.0,40.0
10.18730/K399*,G9905,FULL,Phaseolus,vulgaris,Phaseolus vulgaris,300,19770601,MEX,CIUDAD MENDOZA - CIUDAD MENDOZA - VERACRUZ,18.8,-97.18,1000.0,19770601.0,40.0
10.18730/K39B$,G9907,FULL,Phaseolus,vulgaris,Phaseolus vulgaris,300,19770601,MEX,GROWN IN PUEBLA - PUEBLA - PUEBLA,19.05,-98.18,,19770601.0,40.0
10.18730/K396X,G9902,FULL,Phaseolus,vulgaris,Phaseolus vulgaris,300,19770601,MEX,GROWN IN NAYARIT - TEPIC - NAYARIT,21.54,-104.9,,19770601.0,40.0
10.18730/K394V,G9900,FULL,Phaseolus,vulgaris,Phaseolus vulgaris,300,19770601,MEX,"PUERTO DEL AIRE, PUEBLA-VERACRUZ. STATE LINE - ESPERANZA - PUEBLA",18.75,-97.32,,19770601.0,40.0
10.18730/K393T,G9899,FULL,Phaseolus,vulgaris,Phaseolus vulgaris,300,19770601,MEX,AZUMBILLA - CHAPULCO - PUEBLA,18.64,-97.39,,19770601.0,40.0
10.18730/K3Q4Z,G9898,FULL,Phaseolus,vulgaris,Phaseolus vulgaris,300,19770601,MEX,ORIZABA - ORIZABA - VERACRUZ,18.84,-97.1,,19770601.0,40.0
10.18730/K38B2,G9870,FULL,Phaseolus,vulgaris,Phaseolus vulgaris,300,19770601,MEX,MEXICO D.F. - MEXICO D.F. - MEXICO,19.4,-99.15,2530.0,19770601.0,40.0
10.18730/K411F,G985A,FULL,Phaseolus,vulgaris,Phaseolus vulgaris,300,19700901,MEX,COMITÁN DE DOMÍNGUEZ - COMITAN DE DOMINGUEZ - CHIAPAS,16.27,-92.13,1660.0,19700901.0,40.0
10.18730/K3GJ6,G9830,FULL,Phaseolus,vulgaris,Phaseolus vulgaris,300,19770601,MEX,"CERRO DE VARAGAS, NEAR STATE LINE GTO.-MICH. - PENJAMO - GUANAJUATO",20.35,-101.97,,19770601.0,40.0
10.18730/JNX2K,G9828,FULL,Phaseolus,vulgaris,Phaseolus vulgaris,300,19781001,MEX,NOCHISTLAN - NOCHISTLAN - ZACATECAS,21.35,-102.81,,19781001.0,40.0
10.18730/JNX3M,G9829,FULL,Phaseolus,vulgaris,Phaseolus vulgaris,300,19781001,MEX,ZAPOTLANEJO - JUANACATLAN - JALISCO,20.46,-103.17,,19781001.0,40.0
10.18730/JNWB~,G9823,FULL,Phaseolus,vulgaris,Phaseolus vulgaris,300,19781001,MEX,MEXTICACAN - MEXTICACAN - JALISCO,21.26,-102.77,,19781001.0,40.0
10.18730/S5C3E,G9820A,FULL,Phaseolus,vulgaris,Phaseolus vulgaris,300,19770601,MEX,YAHUALICA - YAHUALICA - JALISCO,21.19,-102.9,1880.0,19770601.0,40.0
10.18730/JNVQD,G9818,FULL,Phaseolus,vulgaris,Phaseolus vulgaris,300,19781001,MEX,TEOCALTICHE - TEOCALTICHE - JALISCO,21.46,-102.59,,19781001.0,40.0
10.18730/K37B7,G9819,FULL,Phaseolus,vulgaris,Phaseolus vulgaris,300,19770601,MEX,BELEN DEL REFUGIO - TEOCALTICHE - JALISCO,21.53,-102.43,,19770601.0,40.0
10.18730/JNVVH,G9812,FULL,Phaseolus,vulgaris,Phaseolus vulgaris,300,19781001,MEX,LAGOS DE MORENO - LAGOS DE MORENO - JALISCO,21.37,-101.92,1880.0,19781001.0,40.0
10.18730/K37A6,G9810,FULL,Phaseolus,vulgaris,Phaseolus vulgaris,300,19770601,MEX,AGUASCALIENTES - AGUASCALIENTES - AGUASCALIENTES,21.89,-102.33,,19770601.0,40.0
10.18730/JNGMW,G9800,FULL,Phaseolus,vulgaris,Phaseolus vulgaris,300,19770601,MEX,ZACATECAS - ZACATECAS - ZACATECAS,22.79,-102.59,,19770601.0,40.0
10.18730/JNT83,G9784,FULL,Phaseolus,vulgaris,Phaseolus vulgaris,300,19781001,MEX,VILLANUEVA - VILLANUEVA - ZACATECAS,22.38,-102.88,,19781001.0,40.0
10.18730/K3E0=,G9785,FULL,Phaseolus,vulgaris,Phaseolus vulgaris,300,19781001,MEX,JUCHIPILA - JUCHIPILA - ZACATECAS,21.43,-103.12,,19781001.0,40.0
10.18730/K373U,G9783,FULL,Phaseolus,vulgaris,Phaseolus vulgaris,300,19770601,MEX,TALPA - ATOLINGA - ZACATECAS,21.8,-103.46,,19770601.0,40.0
10.18730/JNRV*,G9743,FULL,Phaseolus,vulgaris,Phaseolus vulgaris,300,19781001,MEX,ATOTONILCO - ATOTONILCO EL ALTO - JALISCO,20.55,-102.52,1660.0,19781001.0,40.0
10.18730/JNRQW,G9740,FULL,Phaseolus,vulgaris,Phaseolus vulgaris,300,19781001,MEX,LA PIEDAD CAVADAS - LA PIEDAD CAVADAS - MICHOACAN,20.35,-102.0,,19781001.0,40.0
10.18730/JNREK,G9735,FULL,Phaseolus,vulgaris,Phaseolus vulgaris,300,19781001,MEX,IRAPUATO - IRAPUATO - GUANAJUATO,20.69,-101.47,,19781001.0,40.0
10.18730/K3Q2X,G9720,FULL,Phaseolus,vulgaris,Phaseolus vulgaris,300,19770601,MEX,SAN JUAN DEL RIO - SAN JUAN DEL RIO - QUERETARO,20.41,-100.0,,19770601.0,40.0
10.18730/JNQQ~,G9716,FULL,Phaseolus,vulgaris,Phaseolus vulgaris,300,19781001,MEX,ACAMBAY - ACAMBAY - MEXICO,19.96,-99.86,,19781001.0,40.0
10.18730/JNQAM,G9714,FULL,Phaseolus,vulgaris,Phaseolus vulgaris,300,19781001,MEX,GROWN IN GUERRERO - TIXTLA DE GUERRERO - GUERRERO,17.65,-99.55,,19781001.0,40.0
10.18730/JNNS8,G9676,FULL,Phaseolus,vulgaris,Phaseolus vulgaris,300,19781001,MEX,"GROWN IN ALAMO, PURCHASED AT TLAPACOYAN - ALAMO - VERACRUZ",20.92,-97.68,,19781001.0,40.0
10.18730/JNNAY,G9664,FULL,Phaseolus,vulgaris,Phaseolus vulgaris,300,19781001,MEX,PUEBLO VIEJO OUT FROM MARTÍNEZ DE LA TORRE - MARTINEZ DE LA TORRE - VERACRUZ,20.07,-97.05,151.0,19781001.0,40.0
10.18730/K35MT,G9654,FULL,Phaseolus,vulgaris,Phaseolus vulgaris,300,19770601,MEX,CERRO DE LAS GALLINAS - CHURINTZIO - MICHOACAN,20.13,-102.11,,19770601.0,40.0
10.18730/K35NV,G9655,FULL,Phaseolus,vulgaris,Phaseolus vulgaris,300,19770601,MEX,SAN MIGUEL EL ALTO - SAN MIGUEL EL ALTO - JALISCO,21.02,-102.4,,19770601.0,40.0
10.18730/K35QX,G9657,FULL,Phaseolus,vulgaris,Phaseolus vulgaris,300,19770601,MEX,HUATUSCO - HUATUSCO - VERACRUZ,19.15,-96.95,,19770601.0,40.0
10.18730/K35KS,G9653,FULL,Phaseolus,vulgaris,Phaseolus vulgaris,300,19770601,MEX,YURECUARO - YURECUARO - MICHOACAN,20.34,-102.3,,19770601.0,40.0
10.18730/JH6WQ,G9612,FULL,Phaseolus,vulgaris,Phaseolus vulgaris,300,19700901,MEX,ABOUT 6.5 MI NW OF ZAMORA - ZAMORA - MICHOACAN,20.0,-102.34,1585.0,19700901.0,40.0
10.18730/JZ3RE,G95,FULL,Phaseolus,vulgaris,Phaseolus vulgaris,300,19700901,MEX,TLALNEPANTLA - TLALNEPANTLA - MEXICO,19.56,-99.28,2530.0,19700901.0,40.0
10.18730/JZWEV,G939,FULL,Phaseolus,vulgaris,Phaseolus vulgaris,300,19700901,MEX,TEZIUTLAN - TEZIUTLAN - PUEBLA,19.83,-97.36,2450.0,19700901.0,40.0
10.18730/JZW4H,G938,FULL,Phaseolus,vulgaris,Phaseolus vulgaris,300,19700901,MEX,SANTIAGO APOSTOL - ZIMATLAN - OAXACA,16.75,-96.74,1800.0,19700901.0,40.0
10.18730/JZW0D,G937,FULL,Phaseolus,vulgaris,Phaseolus vulgaris,300,19700901,MEX,ZAPOTITLAN - ZAPOTITLAN - JALISCO,19.54,-103.76,1500.0,19700901.0,40.0
10.18730/JZWBR,G936,FULL,Phaseolus,vulgaris,Phaseolus vulgaris,300,19700901,MEX,MARAVILLAS - NOPALA - HIDALGO,20.21,-99.59,,19700901.0,40.0
10.18730/JZWAQ,G935,FULL,Phaseolus,vulgaris,Phaseolus vulgaris,300,19700901,MEX,ALTAMIRANO - ALTAMIRANO - CHIAPAS,16.74,-92.03,630.0,19700901.0,40.0
10.18730/JZW9P,G934,FULL,Phaseolus,vulgaris,Phaseolus vulgaris,300,19700901,MEX,METEPEC - METEPEC - MEXICO,19.24,-99.61,,19700901.0,40.0
10.18730/JZW8N,G933,FULL,Phaseolus,vulgaris,Phaseolus vulgaris,300,19700901,MEX,TEXCOCO - TEXCOCO - MEXICO,19.53,-98.89,2353.0,19700901.0,40.0
10.18730/JZW7M,G932,FULL,Phaseolus,vulgaris,Phaseolus vulgaris,300,19700901,MEX,CHAPINGO - TEXCOCO - MEXICO,19.49,-98.89,,19700901.0,40.0
10.18730/K32FU,G9284,FULL,Phaseolus,vulgaris,Phaseolus vulgaris,300,19770201,MEX,ALTOTONGA - ALTOTONGA - VERACRUZ,19.75,-97.25,2000.0,19770201.0,40.0
10.18730/K32E=,G9283,FULL,Phaseolus,vulgaris,Phaseolus vulgaris,300,19770201,MEX,"70 MI SE OF OAXACA, SAN JOSE EL VIEJO - TLACOLULA DE MATAMOROS - OAXACA",16.67,-96.11,,19770201.0,40.0
10.18730/JZVYB,G915,FULL,Phaseolus,vulgaris,Phaseolus vulgaris,300,19700901,MEX,CIUDAD GUZMÁN - CIUDAD GUZMAN - JALISCO,19.69,-103.49,1660.0,19700901.0,40.0
10.18730/JZ46W,G91,FULL,Phaseolus,vulgaris,Phaseolus vulgaris,300,19700901,MEX,AHUACATLAN - AHUACATLAN - PUEBLA,20.01,-97.86,,19700901.0,40.0
10.18730/K30WP,G9075,FULL,Phaseolus,vulgaris,Phaseolus vulgaris,300,19770201,MEX,ACAPULCO - ACAPULCO - GUERRERO,16.84,-99.83,3.0,19770201.0,40.0
10.18730/K30JC,G8932,FULL,Phaseolus,vulgaris,Phaseolus vulgaris,300,19761201,MEX,SAN JUAN DEL RIO - SAN JUAN DEL RIO - DURANGO,24.74,-104.45,1829.0,19761201.0,40.0
10.18730/K30HB,G8931,FULL,Phaseolus,vulgaris,Phaseolus vulgaris,300,19761201,MEX,CUAUTITLAN - CUAUTITLAN - MEXICO,19.67,-99.19,,19761201.0,40.0
10.18730/K30F9,G8929,FULL,Phaseolus,vulgaris,Phaseolus vulgaris,300,19761201,MEX,ZACATECAS - ZACATECAS - ZACATECAS,22.79,-102.61,2612.0,19761201.0,40.0
10.18730/K30D7,G8927,FULL,Phaseolus,vulgaris,Phaseolus vulgaris,300,19761201,MEX,FRESNILLO - FRESNILLO - ZACATECAS,23.19,-102.91,1800.0,19761201.0,40.0
10.18730/K30A4,G8924,FULL,Phaseolus,vulgaris,Phaseolus vulgaris,300,19761201,MEX,TIZAYUCA - TIZAYUCA - HIDALGO,19.84,-98.99,2353.0,19761201.0,40.0
10.18730/K30B5,G8925,FULL,Phaseolus,vulgaris,Phaseolus vulgaris,300,19761201,MEX,REYES DE ACOZAC - ZUMPANGO - MEXICO,19.8,-98.98,2210.0,19761201.0,40.0
10.18730/K3082,G8922,FULL,Phaseolus,vulgaris,Phaseolus vulgaris,300,19761201,MEX,TOLUCA - TOLUCA - MEXICO,19.3,-99.67,2675.0,19761201.0,40.0
10.18730/K3093,G8923,FULL,Phaseolus,vulgaris,Phaseolus vulgaris,300,19761201,MEX,CHALCO - CHALCO - MEXICO,19.25,-98.89,,19761201.0,40.0
10.18730/K304=,G8918,FULL,Phaseolus,vulgaris,Phaseolus vulgaris,300,19761201,MEX,OJUELOS DE JALISCO - OJUELOS DE JALISCO - JALISCO,21.89,-101.6,2750.0,19761201.0,40.0
10.18730/K305U,G8919,FULL,Phaseolus,vulgaris,Phaseolus vulgaris,300,19761201,MEX,TOLUCA - TOLUCA - MEXICO,19.25,-99.65,2675.0,19761201.0,40.0
10.18730/K302~,G8915,FULL,Phaseolus,vulgaris,Phaseolus vulgaris,300,19761201,MEX,GUADALAJARA - GUADALAJARA - JALISCO,20.69,-103.47,1589.0,19761201.0,40.0
10.18730/K301*,G8914,FULL,Phaseolus,vulgaris,Phaseolus vulgaris,300,19761201,MEX,KM 165 GUAD-SLP - SAN JUAN DE LOS LAGOS - JALISCO,21.28,-102.34,1600.0,19761201.0,40.0
10.18730/K300Z,G8913,FULL,Phaseolus,vulgaris,Phaseolus vulgaris,300,19761201,MEX,ACAMBARO - ACAMBARO - GUANAJUATO,20.04,-100.72,1856.0,19761201.0,40.0
10.18730/K2ZXW,G8910,FULL,Phaseolus,vulgaris,Phaseolus vulgaris,300,19761201,MEX,DURANGO - DURANGO - DURANGO,24.05,-104.55,1892.0,19761201.0,40.0
10.18730/K2ZZY,G8912,FULL,Phaseolus,vulgaris,Phaseolus vulgaris,300,19761201,MEX,TEPEHUANES - TEPEHUANES - DURANGO,25.37,-105.75,1900.0,19761201.0,40.0
10.18730/K2ZYX,G8911,FULL,Phaseolus,vulgaris,Phaseolus vulgaris,300,19761201,MEX,DURANGO - DURANGO - DURANGO,24.03,-104.55,1898.0,19761201.0,40.0
10.18730/K2ZWV,G8909,FULL,Phaseolus,vulgaris,Phaseolus vulgaris,300,19761201,MEX,GUADALUPE VICTORIA - GUADALUPE VICTORIA - DURANGO,24.46,-104.11,1892.0,19761201.0,40.0
10.18730/K2ZVT,G8908,FULL,Phaseolus,vulgaris,Phaseolus vulgaris,300,19761201,MEX,CANATLAN - CANATLAN - DURANGO,24.53,-104.78,,19761201.0,40.0
10.18730/K2ZSR,G8906,FULL,Phaseolus,vulgaris,Phaseolus vulgaris,300,19761201,MEX,VICENTE GUERRERO - VICENTE GUERRERO - DURANGO,23.73,-103.99,,19761201.0,40.0
10.18730/K2ZRQ,G8905,FULL,Phaseolus,vulgaris,Phaseolus vulgaris,300,19761201,MEX,LA SAUCEDA - CANATLAN - DURANGO,24.52,-104.74,,19761201.0,40.0
10.18730/K2ZQP,G8904,FULL,Phaseolus,vulgaris,Phaseolus vulgaris,300,19761201,MEX,NOMBRE DE DIOS - NOMBRE DE DIOS - DURANGO,23.84,-104.24,2160.0,19761201.0,40.0
10.18730/K2ZPN,G8903,FULL,Phaseolus,vulgaris,Phaseolus vulgaris,300,19761201,MEX,VILLA MADERO - FRANCISCO I. MADERO - DURANGO,24.4,-104.34,1960.0,19761201.0,40.0
10.18730/K2ZKJ,G8900,FULL,Phaseolus,vulgaris,Phaseolus vulgaris,300,19761201,MEX,RINCÓN DE ROMOS - RINCON DE ROMOS - AGUASCALIENTES,22.24,-102.32,1950.0,19761201.0,40.0
10.18730/K2ZA9,G8858,FULL,Phaseolus,vulgaris,Phaseolus vulgaris,300,19730301,MEX,HUICHAPAN - HUICHAPAN - HIDALGO,20.38,-99.66,2102.0,19730301.0,40.0
10.18730/K2ZBA,G8859,FULL,Phaseolus,vulgaris,Phaseolus vulgaris,300,19730301,MEX,SAHUAYO - SAHUAYO - MICHOACAN,20.05,-102.74,1575.0,19730301.0,40.0
10.18730/JZTM6,G880,FULL,Phaseolus,vulgaris,Phaseolus vulgaris,300,19700901,MEX,PACHUCA - PACHUCA - HIDALGO,20.12,-98.73,1000.0,19700901.0,40.0
10.18730/JZTQ9,G874,FULL,Phaseolus,vulgaris,Phaseolus vulgaris,300,19700901,MEX,OAXACA - OAXACA - OAXACA,17.05,-96.72,1700.0,19700901.0,40.0
10.18730/JZTK5,G869,FULL,Phaseolus,vulgaris,Phaseolus vulgaris,300,19700901,MEX,IGUALA - IGUALA - GUERRERO,18.35,-99.53,800.0,19700901.0,40.0
10.18730/JZTE0,G864,FULL,Phaseolus,vulgaris,Phaseolus vulgaris,300,19700901,MEX,HUAMANTLA - HUAMANTLA - TLAXCALA,19.32,-97.93,2660.0,19700901.0,40.0
10.18730/JZTDU,G863,FULL,Phaseolus,vulgaris,Phaseolus vulgaris,300,19700901,MEX,ALAMOS - ALAMOS - SONORA,27.02,-108.93,600.0,19700901.0,40.0
10.18730/JZT9*,G859,FULL,Phaseolus,vulgaris,Phaseolus vulgaris,300,19700901,MEX,HUAJUAPAN DE LEON - HUAJUAPAN DE LEON - OAXACA,17.8,-97.77,1700.0,19700901.0,40.0
10.18730/JZT8Z,G858,FULL,Phaseolus,vulgaris,Phaseolus vulgaris,300,19700901,MEX,OAXACA - OAXACA - OAXACA,17.05,-96.67,1700.0,19700901.0,40.0
10.18730/JZSYN,G848,FULL,Phaseolus,vulgaris,Phaseolus vulgaris,300,19700901,MEX,PACHUCA - PACHUCA - HIDALGO,20.14,-98.75,2830.0,19700901.0,40.0
10.18730/JZSWK,G846,FULL,Phaseolus,vulgaris,Phaseolus vulgaris,300,19700901,MEX,HUAUCHINANGO - HUAUCHINANGO - PUEBLA,20.19,-98.06,1000.0,19700901.0,40.0
10.18730/JZSRF,G842,FULL,Phaseolus,vulgaris,Phaseolus vulgaris,300,19700901,MEX,TULANCINGO - TULANCINGO - HIDALGO,20.11,-98.37,3200.0,19700901.0,40.0
10.18730/JZSNC,G839,FULL,Phaseolus,vulgaris,Phaseolus vulgaris,300,19700901,MEX,APIZACO - APIZACO - TLAXCALA,19.43,-98.17,2660.0,19700901.0,40.0
10.18730/K2HNG,G8238,FULL,Phaseolus,vulgaris,Phaseolus vulgaris,300,19700901,MEX,ZIPIAJO - COENEO - MICHOACAN,19.79,-101.55,2330.0,19700901.0,40.0
10.18730/K2HJD,G8235,FULL,Phaseolus,vulgaris,Phaseolus vulgaris,300,19700901,MEX,CHOLULA - CHOLULA - PUEBLA,19.03,-98.33,,19700901.0,40.0
10.18730/JZS1X,G819,FULL,Phaseolus,vulgaris,Phaseolus vulgaris,300,19700901,MEX,AUTLAN DE NAVARRO - AUTLAN DE NAVARRO - JALISCO,19.78,-104.37,900.0,19700901.0,40.0
10.18730/JZRPJ,G817,FULL,Phaseolus,vulgaris,Phaseolus vulgaris,300,19700901,MEX,TEPIC - TEPIC - NAYARIT,22.0,-105.0,730.0,19700901.0,40.0
10.18730/JZRD9,G816,FULL,Phaseolus,vulgaris,Phaseolus vulgaris,300,19700901,MEX,URUAPAN - URUAPAN - MICHOACAN,19.42,-102.07,1660.0,19700901.0,40.0
10.18730/K2FTZ,G8146,FULL,Phaseolus,vulgaris,Phaseolus vulgaris,300,19760401,MEX,ESPERANZA - ESPERANZA - PUEBLA,18.87,-97.38,2454.0,19760401.0,40.0
10.18730/JZRHD,G802,FULL,Phaseolus,vulgaris,Phaseolus vulgaris,300,19700901,MEX,CORDOBA - CORDOBA - VERACRUZ,18.88,-96.93,1330.0,19700901.0,40.0
10.18730/K2F05,G7971,FULL,Phaseolus,vulgaris,Phaseolus vulgaris,300,19730301,MEX,PABELLÓN DE ARTEAGA - PABELLON DE ARTEAGA - AGUASCALIENTES,22.18,-102.35,2217.0,19730301.0,40.0
10.18730/K2ES=,G7960,FULL,Phaseolus,vulgaris,Phaseolus vulgaris,300,19720601,MEX,OCOTLAN DE MORELOS - OCOTLAN DE MORELOS - OAXACA,16.79,-96.47,1526.0,19720601.0,40.0
10.18730/K2EQ~,G7956,FULL,Phaseolus,vulgaris,Phaseolus vulgaris,300,19730301,MEX,"TORREON-DURANGO KM 150, VEINTE AMIGOS - CUENCAME - DURANGO",25.08,-103.75,,19730301.0,40.0
10.18730/K2ENZ,G7953,FULL,Phaseolus,vulgaris,Phaseolus vulgaris,300,19740401,MEX,MITLA - MITLA - OAXACA,16.91,-96.36,,19740401.0,40.0
10.18730/K2EMY,G7952,FULL,Phaseolus,vulgaris,Phaseolus vulgaris,300,19740401,MEX,OAXACA - OAXACA - OAXACA,17.07,-96.72,1563.0,19740401.0,40.0
10.18730/K2DY8,G7887,FULL,Phaseolus,vulgaris,Phaseolus vulgaris,300,19730301,MEX,TANAGUILLO - CHILCHOTA - MICHOACAN,19.85,-102.1,,19730301.0,40.0
10.18730/K2DV5,G7884,FULL,Phaseolus,vulgaris,Phaseolus vulgaris,300,19730301,MEX,SAN MIGUEL ALLENDE - SAN MIGUEL ALLENDE - GUANAJUATO,20.96,-100.75,1852.0,19730301.0,40.0
10.18730/K2DW6,G7885,FULL,Phaseolus,vulgaris,Phaseolus vulgaris,300,19730301,MEX,SAN ANDRES ABASOLO - SAN ANDRES ABASOLO - GUANAJUATO,20.46,-101.55,1760.0,19730301.0,40.0
10.18730/K2C4R,G7810,FULL,Phaseolus,vulgaris,Phaseolus vulgaris,300,19730301,MEX,TEPEACA - TEPEACA - PUEBLA,18.97,-97.93,2243.0,19730301.0,40.0
10.18730/K2C1N,G7807,FULL,Phaseolus,vulgaris,Phaseolus vulgaris,300,19730301,MEX,YURIRIA - YURIRIA - GUANAJUATO,20.22,-101.14,1736.0,19730301.0,40.0
10.18730/K2BYJ,G7804,FULL,Phaseolus,vulgaris,Phaseolus vulgaris,300,19730301,MEX,ACALA - ACALA - CHIAPAS,16.54,-92.82,600.0,19730301.0,40.0
10.18730/K2C3Q,G7809,FULL,Phaseolus,vulgaris,Phaseolus vulgaris,300,19730301,MEX,SANTA CRUZ - CORONEO - GUANAJUATO,20.22,-100.37,,19730301.0,40.0
10.18730/K2C0M,G7806,FULL,Phaseolus,vulgaris,Phaseolus vulgaris,300,19730301,MEX,EL CARMEN - SALAMANCA - GUANAJUATO,20.63,-101.15,1722.0,19730301.0,40.0
10.18730/K2BXH,G7803,FULL,Phaseolus,vulgaris,Phaseolus vulgaris,300,19730301,MEX,PABELLÓN DE ARTEAGA - PABELLON DE ARTEAGA - AGUASCALIENTES,22.14,-102.27,2217.0,19730301.0,40.0
10.18730/K2BWG,G7802,FULL,Phaseolus,vulgaris,Phaseolus vulgaris,300,19730301,MEX,TEHUACAN - TEHUACAN - PUEBLA,18.42,-97.44,1696.0,19730301.0,40.0
10.18730/S2E33,G7760B,FULL,Phaseolus,vulgaris,Phaseolus vulgaris,300,19740401,MEX,"ETLA, VALLE DE OAXACA - ETLA - OAXACA",17.25,-96.8,1641.0,19740401.0,40.0
10.18730/K2ASJ,G7762,FULL,Phaseolus,vulgaris,Phaseolus vulgaris,300,19740401,MEX,HUAJUAPAN DE LEON - HUAJUAPAN DE LEON - OAXACA,17.77,-97.79,1572.0,19740401.0,40.0
10.18730/K2ARH,G7761,FULL,Phaseolus,vulgaris,Phaseolus vulgaris,300,19740401,MEX,"CARBONERA, ALONG PAN AMERICAN HIGHWAY - ETLA - OAXACA",17.25,-96.89,,19740401.0,40.0
10.18730/K2AHA,G7753,FULL,Phaseolus,vulgaris,Phaseolus vulgaris,300,19740401,MEX,IXTLAN DEL RIO - IXTLAN DEL RIO - NAYARIT,21.08,-104.36,1020.0,19740401.0,40.0
10.18730/K3PYS,G7752,FULL,Phaseolus,vulgaris,Phaseolus vulgaris,300,19740401,MEX,CUERNAVACA - CUERNAVACA - MORELOS,18.93,-99.23,1529.0,19740401.0,40.0
10.18730/K2AG9,G7751,FULL,Phaseolus,vulgaris,Phaseolus vulgaris,300,19740401,MEX,"ZACATLAN DE GUERRERO, ZACATLANCILLO - TELOLOAPAN - GUERRERO",18.41,-99.99,,19740401.0,40.0
10.18730/K2AB4,G7746,FULL,Phaseolus,vulgaris,Phaseolus vulgaris,300,19740401,MEX,EJIDO EL TRAPICHE - CUAUHTEMOC - COLIMA,19.32,-103.6,970.0,19740401.0,40.0
10.18730/K2AC5,G7747,FULL,Phaseolus,vulgaris,Phaseolus vulgaris,300,19740401,MEX,EJIDO COMALA - COMALA - COLIMA,19.32,-103.76,625.0,19740401.0,40.0
10.18730/K2AD6,G7748,FULL,Phaseolus,vulgaris,Phaseolus vulgaris,300,19740401,MEX,EL RINCON DEL SAUCE - EL RINCON - GUERRERO,18.19,-99.39,,19740401.0,40.0
10.18730/K2A92,G7744,FULL,Phaseolus,vulgaris,Phaseolus vulgaris,300,19740401,MEX,HUEHUETAN - HUEHUETAN - CHIAPAS,15.02,-92.37,,19740401.0,40.0
10.18730/K2AA3,G7745,FULL,Phaseolus,vulgaris,Phaseolus vulgaris,300,19740401,MEX,CINTALAPA DE FIGUEROA - CINTALAPA DE FIGUEROA - CHIAPAS,16.71,-93.72,564.0,19740401.0,40.0
10.18730/K2A81,G7743,FULL,Phaseolus,vulgaris,Phaseolus vulgaris,300,19740401,MEX,TUXTLA GUTIERREZ - TUXTLA GUTIERREZ - CHIAPAS,16.75,-93.12,536.0,19740401.0,40.0
10.18730/K2A6U,G7741,FULL,Phaseolus,vulgaris,Phaseolus vulgaris,300,19740401,MEX,SAN CRISTOBAL DE LAS CASAS - SAN CRISTOBAL DE LAS CASAS - CHIAPAS,16.77,-92.63,2755.0,19740401.0,40.0
10.18730/K2A5=,G7740,FULL,Phaseolus,vulgaris,Phaseolus vulgaris,300,19740401,MEX,COMITÁN DE DOMÍNGUEZ - COMITAN DE DOMINGUEZ - CHIAPAS,16.25,-92.13,1530.0,19740401.0,40.0
10.18730/S2E00,G7479K,FULL,Phaseolus,vulgaris,Phaseolus vulgaris,200,19750920,MEX,"CHAPA, CARRET. IGUALA-CD. ALTAMIRANO - TELOLOAPAN - GUERRERO",18.32,-99.82,1150.0,19750920.0,40.0
10.18730/JFJ62,G7118,FULL,Phaseolus,vulgaris,Phaseolus vulgaris,300,19730301,MEX,NEALTICAN - NEALTICAN - PUEBLA,19.05,-98.42,,19730301.0,40.0
10.18730/JFK4*,G7094,FULL,Phaseolus,vulgaris,Phaseolus vulgaris,300,19730301,MEX,TORREON - TORREON - COAHUILA,25.53,-103.47,1609.0,19730301.0,40.0
10.18730/JFNW9,G6992,FULL,Phaseolus,vulgaris,Phaseolus vulgaris,300,19730301,MEX,EL PINTOR - CORTAZAR - GUANAJUATO,20.52,-100.95,,19730301.0,40.0
10.18730/JFTD6,G6795,FULL,Phaseolus,vulgaris,Phaseolus vulgaris,300,19730301,MEX,BENITO JUAREZ - BENITO JUAREZ - MICHOACAN,19.31,-100.44,1000.0,19730301.0,40.0
10.18730/JFV1T,G6794,FULL,Phaseolus,vulgaris,Phaseolus vulgaris,300,19730301,MEX,GRANJA VIRGINIA - SILAO - GUANAJUATO,20.93,-101.42,1777.0,19730301.0,40.0
10.18730/JFTZR,G6792,FULL,Phaseolus,vulgaris,Phaseolus vulgaris,300,19730301,MEX,EPA SAN ROQUE - CELAYA - GUANAJUATO,20.59,-100.84,1754.0,19730301.0,40.0
10.18730/JFTYQ,G6791,FULL,Phaseolus,vulgaris,Phaseolus vulgaris,300,19730301,MEX,SALVATIERRA - SALVATIERRA - GUANAJUATO,20.24,-100.86,1761.0,19730301.0,40.0
10.18730/JFV8~,G6782,FULL,Phaseolus,vulgaris,Phaseolus vulgaris,300,19740401,MEX,TENEXTEPANGO - AYALA - MORELOS,18.74,-98.97,,19740401.0,40.0
10.18730/S3WC4,G6777A,FULL,Phaseolus,vulgaris,Phaseolus vulgaris,300,19740401,MEX,PROGRESO - JIUTEPEC - MORELOS,18.9,-99.15,,19740401.0,40.0
10.18730/JFV4X,G6778,FULL,Phaseolus,vulgaris,Phaseolus vulgaris,300,19740401,MEX,TEPALCINGO - TEPALCINGO - MORELOS,18.59,-98.86,,19740401.0,40.0
10.18730/JFV7*,G6781,FULL,Phaseolus,vulgaris,Phaseolus vulgaris,300,19740401,MEX,VILLA DE AYALA - AYALA - MORELOS,18.76,-98.99,,19740401.0,40.0
10.18730/JFV2V,G6775,FULL,Phaseolus,vulgaris,Phaseolus vulgaris,300,19740401,MEX,JOJUTLA - JOJUTLA - MORELOS,18.62,-99.19,895.0,19740401.0,40.0
10.18730/JFVH5,G6772,FULL,Phaseolus,vulgaris,Phaseolus vulgaris,300,19740401,MEX,COLIMA - COLIMA - COLIMA,19.2,-103.72,494.0,19740401.0,40.0
10.18730/JFVE2,G6768,FULL,Phaseolus,vulgaris,Phaseolus vulgaris,300,19740401,MEX,SANTO DOMINGO TEHUANTEPEC - SANTO DOMINGO TEHUANTEPEC - OAXACA,16.33,-95.23,35.0,19740401.0,40.0
10.18730/JFVQB,G6757,FULL,Phaseolus,vulgaris,Phaseolus vulgaris,300,19740401,MEX,ACAPONETA - ACAPONETA - NAYARIT,22.51,-105.37,64.0,19740401.0,40.0
10.18730/JFW3Q,G6750,FULL,Phaseolus,vulgaris,Phaseolus vulgaris,300,19740401,MEX,LAZARO CARDENAS - CINTALAPA DE FIGUEROA - CHIAPAS,16.65,-93.8,564.0,19740401.0,40.0
10.18730/JFW2P,G6749,FULL,Phaseolus,vulgaris,Phaseolus vulgaris,300,19740401,MEX,PIJIJIAPAN - PIJIJIAPAN - CHIAPAS,15.69,-93.22,,19740401.0,40.0
10.18730/JFW0M,G6747,FULL,Phaseolus,vulgaris,Phaseolus vulgaris,300,19740401,MEX,ARRIAGA - ARRIAGA - CHIAPAS,16.22,-93.92,,19740401.0,40.0
10.18730/JFXCV,G6524,FULL,Phaseolus,vulgaris,Phaseolus vulgaris,300,19731119,MEX,RECIFE - PERNAMBUCO,-8.07,-35.01,,19731119.0,40.0
10.18730/JFYJW,G6463,FULL,Phaseolus,vulgaris,Phaseolus vulgaris,300,19740401,MEX,TAPACHULA - TAPACHULA - CHIAPAS,14.92,-92.27,137.0,19740401.0,40.0
10.18730/JFYW1,G6452,FULL,Phaseolus,vulgaris,Phaseolus vulgaris,300,19720601,MEX,ESCUINTLA - ESCUINTLA - CHIAPAS,15.32,-92.67,300.0,19720601.0,40.0
10.18730/JFZCH,G6445,FULL,Phaseolus,vulgaris,Phaseolus vulgaris,300,19720601,MEX,SAN FERNANDO - SAN FERNANDO - CHIAPAS,16.85,-93.22,,19720601.0,40.0
10.18730/JFZX$,G6422,FULL,Phaseolus,vulgaris,Phaseolus vulgaris,300,19720601,MEX,MAGDALENA - VILLA DE GUADALUPE - SAN LUIS POTOSI,23.44,-100.78,200.0,19720601.0,40.0
10.18730/JFZTZ,G6419,FULL,Phaseolus,vulgaris,Phaseolus vulgaris,300,19720601,MEX,COTAXTLA - VERACRUZ,18.83,-96.39,,19720601.0,40.0
10.18730/JG0DD,G6387,FULL,Phaseolus,vulgaris,Phaseolus vulgaris,300,19720301,MEX,OJOCALIENTE - OJOCALIENTE - ZACATECAS,22.57,-102.22,1800.0,19720301.0,40.0
10.18730/JG0CC,G6386,FULL,Phaseolus,vulgaris,Phaseolus vulgaris,100,19750129,MEX,"PROGRESO, JIUTEPEC, CARRETERA CUERNAVACA-CUAUTLA - JIUTEPEC - MORELOS",18.88,-99.15,1430.0,19750129.0,40.0
10.18730/JG67E,G6144,FULL,Phaseolus,vulgaris,Phaseolus vulgaris,300,19750101,MEX,AXOCHIO - AXOCHIO - VERACRUZ,18.38,-95.3,,19750101.0,40.0
10.18730/JG63A,G6140,FULL,Phaseolus,vulgaris,Phaseolus vulgaris,300,19750101,MEX,ESPIRITU SANTO - CIUDAD DE VALLES - SAN LUIS POTOSI,21.99,-99.03,,19750101.0,40.0
10.18730/JG6EN,G6131,FULL,Phaseolus,vulgaris,Phaseolus vulgaris,300,19750101,MEX,IXTEPEC - IXTEPEC - OAXACA,16.58,-95.11,120.0,19750101.0,40.0
10.18730/JG6AH,G6127,FULL,Phaseolus,vulgaris,Phaseolus vulgaris,300,19750101,MEX,SABINITA - HUICHAPAN - HIDALGO,20.36,-99.64,2102.0,19750101.0,40.0
10.18730/JG69G,G6126,FULL,Phaseolus,vulgaris,Phaseolus vulgaris,300,19750101,MEX,TEOLOYUCA - ORIENTAL - PUEBLA,19.43,-97.61,,19750101.0,40.0
10.18730/JG6S*,G6123,FULL,Phaseolus,vulgaris,Phaseolus vulgaris,300,19750101,MEX,RANCHO TERAN - SAN FELIPE - GUANAJUATO,21.49,-101.24,2100.0,19750101.0,40.0
10.18730/JG6T~,G6124,FULL,Phaseolus,vulgaris,Phaseolus vulgaris,300,19750101,MEX,JESUS MARIA DE HIDALGO - DOLORES HIDALGO - GUANAJUATO,21.14,-100.91,1895.0,19750101.0,40.0
10.18730/JG6RZ,G6122,FULL,Phaseolus,vulgaris,Phaseolus vulgaris,300,19750101,MEX,RANCHITO - VALLE DE SANTIAGO - GUANAJUATO,20.4,-101.23,,19750101.0,40.0
10.18730/JG6QY,G6121,FULL,Phaseolus,vulgaris,Phaseolus vulgaris,300,19750101,MEX,CELAYA - CELAYA - GUANAJUATO,20.53,-100.79,1754.0,19750101.0,40.0
10.18730/JG6MV,G6118,FULL,Phaseolus,vulgaris,Phaseolus vulgaris,300,19750101,MEX,AMATENANGO DE LA FRONTERA - AMATENANGO DE LA FRONTERA - CHIAPAS,15.42,-92.12,1500.0,19750101.0,40.0
10.18730/JG6KT,G6117,FULL,Phaseolus,vulgaris,Phaseolus vulgaris,300,19750101,MEX,BEJUCAL - BEJUCAL DE OCAMPO - CHIAPAS,15.47,-92.15,2300.0,19750101.0,40.0
10.18730/JG713,G6113,FULL,Phaseolus,vulgaris,Phaseolus vulgaris,300,19750101,MEX,COLONIA TONALA - TONALA - CHIAPAS,16.11,-93.75,200.0,19750101.0,40.0
10.18730/JG702,G6112,FULL,Phaseolus,vulgaris,Phaseolus vulgaris,300,19750101,MEX,EL RETIRO - TUZANTAN - CHIAPAS,15.2,-92.43,1400.0,19750101.0,40.0
10.18730/K3CT$,G6104,FULL,Phaseolus,vulgaris,Phaseolus vulgaris,300,19750101,MEX,MEXICALCINGO - MEXICALCINGO - MEXICO,19.21,-99.57,,19750101.0,40.0
10.18730/JG7CE,G6105,FULL,Phaseolus,vulgaris,Phaseolus vulgaris,300,19750101,MEX,VILLA FLORES - VILLA FLORES - CHIAPAS,16.24,-93.24,610.0,19750101.0,40.0
10.18730/JGC4J,G5902,FULL,Phaseolus,vulgaris,Phaseolus vulgaris,300,19730701,MEX,"NACAJUCA, REGION H. CARDENAS - NACAJUCA - TABASCO",18.13,-93.02,,19730701.0,40.0
10.18730/JGCQ0,G5889,FULL,Phaseolus,vulgaris,Phaseolus vulgaris,300,19730301,MEX,AHOME - LOS MOCHIS - SINALOA,25.92,-109.19,10.0,19730301.0,40.0
10.18730/JGFJH,G5764,FULL,Phaseolus,vulgaris,Phaseolus vulgaris,300,19750128,MEX,TOLUCA - TOLUCA - MEXICO,19.28,-99.67,2675.0,19750128.0,40.0
10.18730/JGFSR,G5759,FULL,Phaseolus,vulgaris,Phaseolus vulgaris,300,19750128,MEX,TELOLOAPAN - TELOLOAPAN - GUERRERO,18.38,-99.87,635.0,19750128.0,40.0
10.18730/JGGGA,G5691,FULL,Phaseolus,vulgaris,Phaseolus vulgaris,300,19720301,MEX,TEPEYAHUALCO - TEPEYAHUALCO - PUEBLA,19.5,-97.49,2323.0,19720301.0,40.0
10.18730/JGGE8,G5687,FULL,Phaseolus,vulgaris,Phaseolus vulgaris,300,19700901,MEX,SILAO - SILAO - GUANAJUATO,20.97,-101.44,1777.0,19700901.0,40.0
10.18730/JGHE3,G5625,FULL,Phaseolus,vulgaris,Phaseolus vulgaris,300,19730301,MEX,CUAUTLA - CUAUTLA - MORELOS,18.81,-98.97,1291.0,19730301.0,40.0
10.18730/JGJG0,G5516,FULL,Phaseolus,vulgaris,Phaseolus vulgaris,300,19730301,MEX,OCOTLAN DE MORELOS - OCOTLAN DE MORELOS - OAXACA,16.81,-96.68,1830.0,19730301.0,40.0
10.18730/JGP01,G5297,FULL,Phaseolus,vulgaris,Phaseolus vulgaris,300,19730301,MEX,LEÓN - LEON - GUANAJUATO,21.12,-101.74,1809.0,19730301.0,40.0
10.18730/JGSJ4,G5143,FULL,Phaseolus,vulgaris,Phaseolus vulgaris,300,19730301,MEX,SAN ANDRES TUXTLA - SAN ANDRES TUXTLA - VERACRUZ,18.44,-95.19,360.0,19730301.0,40.0
10.18730/JGSH3,G5142,FULL,Phaseolus,vulgaris,Phaseolus vulgaris,300,19730301,MEX,GUANAJUATO - GUANAJUATO - GUANAJUATO,21.02,-101.28,2037.0,19730301.0,40.0
10.18730/JGSG2,G5141,FULL,Phaseolus,vulgaris,Phaseolus vulgaris,300,19730301,MEX,URUAPAN - URUAPAN - MICHOACAN,19.44,-102.09,1611.0,19730301.0,40.0
10.18730/PHBQB,G51360,FULL,Phaseolus,vulgaris,Phaseolus vulgaris,120,20020201,MEX,NEPOPUALCO - TOTOLAPAN - MORELOS,18.98,-98.93,,20020201.0,40.0
10.18730/K3WY*,G51339,FULL,Phaseolus,vulgaris,Phaseolus vulgaris,300,19790314,MEX,2.5 KM S DE LOS ALAMOS - CHALCHIHUITE - ZACATECAS,23.46,-103.89,2160.0,19790314.0,20.0
10.18730/JYWC0,G51069,FULL,Phaseolus,vulgaris,Phaseolus vulgaris,100,20010701,MEX,23 KM W TELOLOAPAN-CALTIMIRAN RD. - TELOLOAPAN - GUERRERO,18.45,-100.0,1450.0,20010701.0,40.0
10.18730/JYW6Z,G51068,FULL,Phaseolus,vulgaris,Phaseolus vulgaris,100,20010701,MEX,37 KM W TELOLOAPAN-CALTIMIRAN RD. - TELOLOAPAN - GUERRERO,18.43,-100.17,1100.0,20010701.0,40.0
10.18730/JYW5Y,G51067,FULL,Phaseolus,vulgaris,Phaseolus vulgaris,100,20010701,MEX,27 KM W TELOLOAPAN-CALTIMIRAN RD. - TELOLOAPAN - GUERRERO,18.45,-100.02,1450.0,20010701.0,40.0
10.18730/JYW3W,G51066,FULL,Phaseolus,vulgaris,Phaseolus vulgaris,100,20010701,MEX,17 KM W TELOLOAPAN-CALTIMIRAN RD. - TELOLOAPAN - GUERRERO,18.45,-99.97,1450.0,20010701.0,40.0
10.18730/JY96F,G50985,FULL,Phaseolus,vulgaris,Phaseolus vulgaris,300,19930201,MEX,"OCOSINGO, TONINA - OCOSINGO - CHIAPAS",16.9,-92.0,890.0,19930201.0,20.0
10.18730/JY9DP,G50986,FULL,Phaseolus,vulgaris,Phaseolus vulgaris,300,19930201,MEX,"OCOSINGO, RANCHO LA ESPERANZA - OCOSINGO - CHIAPAS",16.9,-92.05,920.0,19930201.0,20.0
10.18730/JXC28,G50931,FULL,Phaseolus,vulgaris,Phaseolus vulgaris,300,19880501,MEX,HUERTAS DE SAN PEDRO - HUITZILAC - MORELOS,19.0,-99.27,2100.0,19880501.0,40.0
10.18730/JXBN*,G50932,FULL,Phaseolus,vulgaris,Phaseolus vulgaris,300,19880501,MEX,TLALNEPANTLA - TLALNEPANTLA - MORELOS,19.02,-99.0,1950.0,19880501.0,40.0
10.18730/S5Q81,G50912A,FULL,Phaseolus,vulgaris,Phaseolus vulgaris,200,19870701,MEX,SAN JUAN COPALA - JUXTLAHUACA - OAXACA,17.18,-97.97,1580.0,19870701.0,40.0
10.18730/JWGVS,G50913,FULL,Phaseolus,vulgaris,Phaseolus vulgaris,300,19870701,MEX,"MACUILTIANGUIS, AYUTLA, CERRÓ PELÓN - IXTLAN - OAXACA",17.54,-96.55,1950.0,19870701.0,40.0
10.18730/PFY1X,G50909,FULL,Phaseolus,vulgaris,Phaseolus vulgaris,300,19870701,MEX,LOS LAURELES - TLALNEPANTLA - MORELOS,18.98,-98.99,1720.0,19870701.0,40.0
10.18730/JWGA8,G50907,FULL,Phaseolus,vulgaris,Phaseolus vulgaris,300,19870701,MEX,SANTO DOMINGO OCOTITLAN - SANTO DOMINGO OCOTITLAN - MORELOS,19.0,-99.1,1900.0,19870701.0,40.0
10.18730/S4ZSV,G50901B,FULL,Phaseolus,vulgaris,Phaseolus vulgaris,300,19870701,MEX,"TEXCALA, EN RUTA A EL CAPULÍN - YECAPIXTLA - MORELOS",18.93,-98.8,1950.0,19870701.0,40.0
10.18730/JWGFD,G50903,FULL,Phaseolus,vulgaris,Phaseolus vulgaris,300,19870701,MEX,JUMILTEPEC - TETELA DEL VOLCAN - MORELOS,18.91,-98.77,2000.0,19870701.0,40.0
10.18730/JWG42,G50899,FULL,Phaseolus,vulgaris,Phaseolus vulgaris,100,19870701,MEX,EL SALTITO - DURANGO,23.78,-105.37,1650.0,19870701.0,40.0
10.18730/JY91A,G50893,FULL,Phaseolus,vulgaris,Phaseolus vulgaris,300,19930201,MEX,VILLA LAS ROSAS - VILLA LAS ROSAS - CHIAPAS,16.4,-92.4,1520.0,19930201.0,20.0
10.18730/JVVXN,G50565,FULL,Phaseolus,vulgaris,Phaseolus vulgaris,300,19850925,MEX,TAPONA MORENA - MIER Y NORIEGA - NUEVO LEON,23.36,-100.32,1760.0,19850925.0,20.0
10.18730/JVX2N,G50437,FULL,Phaseolus,vulgaris,Phaseolus vulgaris,300,19850925,MEX,SAN PEDRO DE RUEDAS - DOCTOR ARROYO - NUEVO LEON,23.79,-100.17,1790.0,19850925.0,20.0
10.18730/JVVYP,G50436,FULL,Phaseolus,vulgaris,Phaseolus vulgaris,300,19850925,MEX,LA ENCANTADA - GENERAL ZARAGOZA - NUEVO LEON,23.94,-99.79,2560.0,19850925.0,20.0
10.18730/JVTKG,G50433,FULL,Phaseolus,vulgaris,Phaseolus vulgaris,300,19850925,MEX,LA CABALLADA Y OTROS - ARAMBERRI - NUEVO LEON,24.34,-99.79,1250.0,19850925.0,20.0
10.18730/JVV2Z,G50434,FULL,Phaseolus,vulgaris,Phaseolus vulgaris,300,19850925,MEX,LAGUNITA DE TABERNA - MIER Y NORIEGA - NUEVO LEON,23.49,-100.08,1940.0,19850925.0,20.0
10.18730/S2CKX,G50414B,FULL,Phaseolus,vulgaris,Phaseolus vulgaris,100,19950201,MEX,CHIQUILISTLAN - CHIQUILISTLAN - JALISCO,20.2,-103.82,1630.0,19950201.0,40.0
10.18730/PHKR9,G50415,FULL,Phaseolus,vulgaris,Phaseolus vulgaris,200,19951201,MEX,LOLOTLA - LOLOTLA - HIDALGO,20.85,-98.72,,19951201.0,40.0
10.18730/JYHV~,G50381,FULL,Phaseolus,vulgaris,Phaseolus vulgaris,100,19940101,MEX,SURROUNDING THE CHURCH OF SANTO DOMINGO DE ALBARRADAS - TLACOLULA DE MATAMOROS - OAXACA,17.07,-96.27,1480.0,19940101.0,40.0
10.18730/JYHQX,G50374,FULL,Phaseolus,vulgaris,Phaseolus vulgaris,300,19940101,MEX,SURROUNDING THE CHURCH OF SANTO DOMINGO DE ALBARRADAS - TLACOLULA DE MATAMOROS - OAXACA,17.07,-96.19,1480.0,19940101.0,40.0
10.18730/PHNAP,G50075,FULL,Phaseolus,vulgaris,Phaseolus vulgaris,200,19930201,MEX,"VENUSTIANO CARRANZA, COLONIA MARIANO MATAMOROS - VENUSTIANO CARRANZA - CHIAPAS",16.5,-92.58,1030.0,19930201.0,60.0
10.18730/S5V9K,G50073B,FULL,Phaseolus,vulgaris,Phaseolus vulgaris,300,19890201,MEX,SANTA CATARINA LACHATAO - SANTA CATARINA LACHATAO - OAXACA,17.26,-96.47,2050.0,19890201.0,40.0
10.18730/JGZE7,G4892,FULL,Phaseolus,vulgaris,Phaseolus vulgaris,300,19730301,MEX,OCOZOCOAUTLA DE ESPINOSA - OCOZOCOAUTLA DE ESPINOSA - CHIAPAS,16.77,-93.39,1500.0,19730301.0,40.0
10.18730/JGZD6,G4891,FULL,Phaseolus,vulgaris,Phaseolus vulgaris,300,19730301,MEX,"PROFESOR RAFAEL RAMÍREZ, LAS VIGAS DE RAMÍREZ - ACAJETE - VERACRUZ",19.64,-97.09,2241.0,19730301.0,40.0
10.18730/JGZA3,G4888,FULL,Phaseolus,vulgaris,Phaseolus vulgaris,300,19730301,MEX,SANTA CRUZ JUVENTINO ROSAS - SANTA CRUZ JUVENTINO ROSAS - GUANAJUATO,20.66,-101.0,,19730301.0,40.0
10.18730/JGZXP,G4887,FULL,Phaseolus,vulgaris,Phaseolus vulgaris,300,19730301,MEX,NUEVO IDEAL CANATLAN - CANATLAN - DURANGO,24.87,-105.09,1950.0,19730301.0,40.0
10.18730/JH23J,G4776,FULL,Phaseolus,vulgaris,Phaseolus vulgaris,300,19730301,MEX,SOCONUSCO - SOCONUSCO - VERACRUZ,17.97,-94.88,,19730301.0,40.0
10.18730/JH1ZE,G4772,FULL,Phaseolus,vulgaris,Phaseolus vulgaris,300,19730301,MEX,MAZATLAN - MAZATLAN - SINALOA,23.21,-106.35,3.0,19730301.0,40.0
10.18730/JH21G,G4774,FULL,Phaseolus,vulgaris,Phaseolus vulgaris,300,19730301,MEX,MEDELLÍN DE BRAVO - MEDELLIN DE BRAVO - VERACRUZ,19.06,-96.15,,19730301.0,40.0
10.18730/JH22H,G4775,FULL,Phaseolus,vulgaris,Phaseolus vulgaris,300,19730301,MEX,ACAYUCAN - ACAYUCAN - VERACRUZ,17.96,-94.93,100.0,19730301.0,40.0
10.18730/JH1XC,G4770,FULL,Phaseolus,vulgaris,Phaseolus vulgaris,300,19730301,MEX,TELONTEPEC - OAXACA,17.26,-96.03,,19730301.0,40.0
10.18730/JH1YD,G4771,FULL,Phaseolus,vulgaris,Phaseolus vulgaris,300,19730301,MEX,TLATLAUQUITEPEC - TLATLAUQUITEPEC - PUEBLA,19.85,-97.49,1500.0,19730301.0,40.0
10.18730/JH1WB,G4769,FULL,Phaseolus,vulgaris,Phaseolus vulgaris,300,19730301,MEX,HUEJUCAR - HUEJUCAR - JALISCO,22.35,-103.22,1932.0,19730301.0,40.0
10.18730/S6SPY,G4768A,FULL,Phaseolus,vulgaris,Phaseolus vulgaris,300,19730301,MEX,CUAUTLA - CUAUTLA - JALISCO,20.22,-104.49,1700.0,19730301.0,40.0
10.18730/JH26N,G4762,FULL,Phaseolus,vulgaris,Phaseolus vulgaris,300,19730301,MEX,LA INDEPENDENCIA - LA INDEPENDENCIA - CHIAPAS,16.47,-91.82,,19730301.0,40.0
10.18730/JF7AR,G4492,FULL,Phaseolus,vulgaris,Phaseolus vulgaris,300,19720301,MEX,PATZCUARO - PATZCUARO - MICHOACAN,19.5,-101.61,2138.0,19720301.0,40.0
10.18730/JF7N=,G4446,FULL,Phaseolus,vulgaris,Phaseolus vulgaris,300,19720301,MEX,TEPATLAXCO - TEPATLAXCO - PUEBLA,19.09,-98.0,1500.0,19720301.0,40.0
10.18730/JF89J,G4397,FULL,Phaseolus,vulgaris,Phaseolus vulgaris,300,19720301,MEX,EL CARMEN AZTMA - TEOLOCHOLCO - TLAXCALA,19.24,-98.22,2300.0,19720301.0,40.0
10.18730/JF8BM,G4399,FULL,Phaseolus,vulgaris,Phaseolus vulgaris,300,19720301,MEX,CIUDAD VICTORIA - CIUDAD VICTORIA - TAMAULIPAS,23.74,-99.18,321.0,19720301.0,40.0
10.18730/JF88H,G4396,FULL,Phaseolus,vulgaris,Phaseolus vulgaris,300,19720301,MEX,SAN JORGE - PANOTLA - TLAXCALA,19.32,-98.32,2100.0,19720301.0,40.0
10.18730/JF86F,G4394,FULL,Phaseolus,vulgaris,Phaseolus vulgaris,300,19720301,MEX,SAN FRANCISCO MITEPEC - ESPANITA - TLAXCALA,19.45,-98.45,2300.0,19720301.0,40.0
10.18730/PE8KN,G4393,FULL,Phaseolus,vulgaris,Phaseolus vulgaris,300,19720301,MEX,SAN COSME XALOSTOC - XALOSTOC - TLAXCALA,19.4,-98.05,2400.0,19720301.0,40.0
10.18730/JF8KW,G4388,FULL,Phaseolus,vulgaris,Phaseolus vulgaris,300,19720301,MEX,XOCOYUCAN - MARIANO MATAMOROS - TLAXCALA,19.3,-98.37,2230.0,19720301.0,40.0
10.18730/JF8HT,G4386,FULL,Phaseolus,vulgaris,Phaseolus vulgaris,300,19720301,MEX,PAPANTLA - PAPANTLA - VERACRUZ,20.46,-97.32,298.0,19720301.0,40.0
10.18730/JF8FR,G4384,FULL,Phaseolus,vulgaris,Phaseolus vulgaris,300,19720301,MEX,JESUS CARRANZA - JESUS CARRANZA - VERACRUZ,17.43,-95.05,26.0,19720301.0,40.0
10.18730/JF8GS,G4385,FULL,Phaseolus,vulgaris,Phaseolus vulgaris,300,19720301,MEX,SANTIAGO TUXTLA - SANTIAGO TUXTLA - VERACRUZ,18.45,-95.3,285.0,19720301.0,40.0
10.18730/JF8Y2,G4380,FULL,Phaseolus,vulgaris,Phaseolus vulgaris,300,19720301,MEX,SAN JUAN DE LA PUNTA (CUITLAHUAC) - CUITLAHUAC - VERACRUZ,18.82,-96.71,360.0,19720301.0,40.0
10.18730/K3GWG,G4375,FULL,Phaseolus,vulgaris,Phaseolus vulgaris,300,19720301,MEX,SOYATITAN - VENUSTIANO CARRANZA - CHIAPAS,16.3,-92.42,600.0,19720301.0,40.0
10.18730/JF8W0,G4378,FULL,Phaseolus,vulgaris,Phaseolus vulgaris,300,19720301,MEX,FORTIN - FORTIN - VERACRUZ,18.89,-97.0,1130.0,19720301.0,40.0
10.18730/JF8X1,G4379,FULL,Phaseolus,vulgaris,Phaseolus vulgaris,300,19720301,MEX,CORDOBA - CORDOBA - VERACRUZ,18.93,-96.94,50.0,19720301.0,40.0
10.18730/JF96A,G4369,FULL,Phaseolus,vulgaris,Phaseolus vulgaris,300,19720301,MEX,HUISOCHIC - CUSIHUIRIACHIC - CHIHUAHUA,28.16,-106.84,2275.0,19720301.0,40.0
10.18730/JF9AE,G4363,FULL,Phaseolus,vulgaris,Phaseolus vulgaris,300,19720301,MEX,CABORACHI - GUACHOCHI - CHIHUAHUA,26.83,-106.95,2275.0,19720301.0,40.0
10.18730/JF926,G4364,FULL,Phaseolus,vulgaris,Phaseolus vulgaris,300,19720301,MEX,MORIS - MORIS - CHIHUAHUA,28.17,-108.5,900.0,19720301.0,40.0
10.18730/JF937,G4366,FULL,Phaseolus,vulgaris,Phaseolus vulgaris,300,19720301,MEX,GUADALUPE Y CALVO - GUADALUPE Y CALVO - CHIHUAHUA,26.1,-106.99,2316.0,19720301.0,40.0
10.18730/JF948,G4367,FULL,Phaseolus,vulgaris,Phaseolus vulgaris,300,19720301,MEX,NAVOGAME - GUADALUPE Y CALVO - CHIHUAHUA,26.25,-106.97,1900.0,19720301.0,40.0
10.18730/JF9JP,G4361,FULL,Phaseolus,vulgaris,Phaseolus vulgaris,300,19720301,MEX,GUACHOCHI - GUACHOCHI - CHIHUAHUA,26.85,-107.09,2275.0,19720301.0,40.0
10.18730/JF9HN,G4360,FULL,Phaseolus,vulgaris,Phaseolus vulgaris,300,19720301,MEX,EJIDO PEÑA BLANCA - ROSALES - CHIHUAHUA,28.21,-105.57,,19720301.0,40.0
10.18730/JF9GM,G4359,FULL,Phaseolus,vulgaris,Phaseolus vulgaris,300,19720301,MEX,CD GUERRERO - CD GUERRERO - CHIHUAHUA,28.54,-107.51,,19720301.0,40.0
10.18730/JF9EJ,G4357,FULL,Phaseolus,vulgaris,Phaseolus vulgaris,300,19720301,MEX,"TEOLOYUCAN, SANTO TOMAS - COYOTEPEC - MEXICO",19.77,-99.19,2250.0,19720301.0,40.0
10.18730/JF9FK,G4358,FULL,Phaseolus,vulgaris,Phaseolus vulgaris,300,19720301,MEX,LOS BERROS - VILLA DE ALLENDE - MEXICO,19.42,-100.11,,19720301.0,40.0
10.18730/JF9CG,G4355,FULL,Phaseolus,vulgaris,Phaseolus vulgaris,300,19720301,MEX,COATEPEC HARINAS - COATEPEC HARINAS - MEXICO,19.94,-96.79,,19720301.0,40.0
10.18730/JF9SX,G4347,FULL,Phaseolus,vulgaris,Phaseolus vulgaris,300,19720301,MEX,LOS REYES DE SALGADO - LOS REYES DE SALGADO - MICHOACAN,19.6,-102.49,1456.0,19720301.0,40.0
10.18730/JF9NS,G4342,FULL,Phaseolus,vulgaris,Phaseolus vulgaris,300,19720301,MEX,JIQUILPAN - JIQUILPAN - MICHOACAN,19.99,-102.7,,19720301.0,40.0
10.18730/JF9RW,G4346,FULL,Phaseolus,vulgaris,Phaseolus vulgaris,300,19720301,MEX,ZAMORA - ZAMORA - MICHOACAN,19.99,-102.3,1567.0,19720301.0,40.0
10.18730/JF9PT,G4343,FULL,Phaseolus,vulgaris,Phaseolus vulgaris,300,19720301,MEX,BRISENAS - BRISENAS - MICHOACAN,20.26,-102.57,1517.0,19720301.0,40.0
10.18730/JFA10,G4335,FULL,Phaseolus,vulgaris,Phaseolus vulgaris,300,19720301,MEX,ARIO DE ROSALES - ARIO DE ROSALES - MICHOACAN,19.22,-101.72,2042.0,19720301.0,40.0
10.18730/JFA21,G4336,FULL,Phaseolus,vulgaris,Phaseolus vulgaris,300,19720301,MEX,MORELIA - MORELIA - MICHOACAN,19.74,-101.19,1941.0,19720301.0,40.0
10.18730/JFAFE,G4329,FULL,Phaseolus,vulgaris,Phaseolus vulgaris,300,19720301,MEX,SANTA CRUZ LAS FLORES - SAN MARTIN HIDALGO - JALISCO,20.41,-103.94,,19720301.0,40.0
10.18730/JFA76,G4330,FULL,Phaseolus,vulgaris,Phaseolus vulgaris,300,19720301,MEX,LAS FLORES - TEOCALTICHE - JALISCO,21.6,-102.41,1850.0,19720301.0,40.0
10.18730/JF9Z=,G4333,FULL,Phaseolus,vulgaris,Phaseolus vulgaris,300,19720301,MEX,ALTOS DE JALISCO - TEPATITLAN DE MORELOS - JALISCO,20.83,-102.74,,19720301.0,40.0
10.18730/JFABA,G4325,FULL,Phaseolus,vulgaris,Phaseolus vulgaris,300,19720301,MEX,GENERAL ENRIQUE ESTRADA - GENERAL ENRIQUE ESTRADA - ZACATECAS,23.0,-102.73,2100.0,19720301.0,40.0
10.18730/JFA87,G4321,FULL,Phaseolus,vulgaris,Phaseolus vulgaris,300,19720301,MEX,VALPARAISO - VALPARAISO - ZACATECAS,22.79,-103.57,1950.0,19720301.0,40.0
10.18730/JFA98,G4322,FULL,Phaseolus,vulgaris,Phaseolus vulgaris,300,19720301,MEX,MORELOS - MORELOS - ZACATECAS,22.85,-102.61,,19720301.0,40.0
10.18730/JFAGF,G4320,FULL,Phaseolus,vulgaris,Phaseolus vulgaris,300,19720301,MEX,GARCÍA DE LA CADENA - GARCIA DE LA CADENA - ZACATECAS,21.16,-103.47,,19720301.0,40.0
10.18730/JFAJH,G4312,FULL,Phaseolus,vulgaris,Phaseolus vulgaris,300,19720301,MEX,SAN ANTONIO TLACAMILCO - PUEBLA - PUEBLA,19.06,-97.93,2000.0,19720301.0,40.0
10.18730/JFAHG,G4311,FULL,Phaseolus,vulgaris,Phaseolus vulgaris,300,19720301,MEX,SAN JERONIMO OCOTITLAN - TEPETLAXCO - PUEBLA,19.03,-97.96,2000.0,19720301.0,40.0
10.18730/JFARQ,G4310,FULL,Phaseolus,vulgaris,Phaseolus vulgaris,300,19720301,MEX,TLALTENANGO - TLALTENANGO - PUEBLA,19.16,-98.33,2000.0,19720301.0,40.0
10.18730/JFB0Z,G4309,FULL,Phaseolus,vulgaris,Phaseolus vulgaris,300,19720301,MEX,SAN JOSE ACATENO - SAN JOSE ACATENO - PUEBLA,20.14,-97.21,,19720301.0,40.0
10.18730/JFAZY,G4308,FULL,Phaseolus,vulgaris,Phaseolus vulgaris,300,19720301,MEX,CACALOACAPAN - TEPANCO - PUEBLA,18.58,-97.57,1800.0,19720301.0,40.0
10.18730/JFAXW,G4306,FULL,Phaseolus,vulgaris,Phaseolus vulgaris,300,19720301,MEX,TECAMACHALCO - TECAMACHALCO - PUEBLA,18.89,-97.71,2013.0,19720301.0,40.0
10.18730/JFBB5,G4292,FULL,Phaseolus,vulgaris,Phaseolus vulgaris,300,19700901,MEX,LOS CERRILLOS DE HIDALGO - DOLORES HIDALGO - GUANAJUATO,21.16,-100.95,1895.0,19700901.0,40.0
10.18730/JFB4=,G4291,FULL,Phaseolus,vulgaris,Phaseolus vulgaris,300,19700901,MEX,PENJAMO - PENJAMO - GUANAJUATO,20.44,-101.74,1760.0,19700901.0,40.0
10.18730/JFB1*,G4288,FULL,Phaseolus,vulgaris,Phaseolus vulgaris,300,19700901,MEX,ZAPALUTA - LA TRINITARIA - CHIAPAS,16.12,-92.05,1604.0,19700901.0,40.0
10.18730/JFBE8,G4287,FULL,Phaseolus,vulgaris,Phaseolus vulgaris,300,19700901,MEX,TOTOLAPA - TOTOLAPA - CHIAPAS,16.54,-92.68,600.0,19700901.0,40.0
10.18730/JFBHB,G4279,FULL,Phaseolus,vulgaris,Phaseolus vulgaris,300,19700901,MEX,SAN LUIS POTOSI - SAN LUIS POTOSI - SAN LUIS POTOSI,22.2,-100.97,1877.0,19700901.0,40.0
10.18730/JFBJC,G4280,FULL,Phaseolus,vulgaris,Phaseolus vulgaris,300,19700901,MEX,SAN SALVADOR EL SECO - SAN SALVADOR EL SECO - PUEBLA,19.13,-97.63,,19700901.0,40.0
10.18730/JFBVN,G4274,FULL,Phaseolus,vulgaris,Phaseolus vulgaris,300,19700901,MEX,VILLA FLORES - TUXTLA GUTIERREZ - CHIAPAS,16.75,-93.1,536.0,19700901.0,40.0
10.18730/JFBYR,G4272,FULL,Phaseolus,vulgaris,Phaseolus vulgaris,300,19700901,MEX,TEOPISCA - TEOPISCA - CHIAPAS,16.53,-92.48,1530.0,19700901.0,40.0
10.18730/JFC1V,G4268,FULL,Phaseolus,vulgaris,Phaseolus vulgaris,300,19700901,MEX,AJALPAN - AJALPAN - PUEBLA,18.37,-97.25,1660.0,19700901.0,40.0
10.18730/K27DN,G4133,FULL,Phaseolus,vulgaris,Phaseolus vulgaris,300,19720601,MEX,OAXACA - OAXACA - OAXACA,17.07,-96.67,1563.0,19720601.0,40.0
10.18730/JRCJA,G4027,FULL,Phaseolus,vulgaris,Phaseolus vulgaris,300,19720601,MEX,ZUMPANGO - ZUMPANGO - MEXICO,19.81,-99.11,2215.0,19720601.0,40.0
10.18730/JV0AT,G3948,FULL,Phaseolus,vulgaris,Phaseolus vulgaris,300,19720601,MEX,VILLAHERMOSA - VILLAHERMOSA - TABASCO,17.98,-92.92,60.0,19720601.0,40.0
10.18730/K222=,G3587,FULL,Phaseolus,vulgaris,Phaseolus vulgaris,300,19720301,MEX,CAMPECHE - CAMPECHE - CAMPECHE,19.8,-90.56,50.0,19720301.0,40.0
10.18730/K21PQ,G3585,FULL,Phaseolus,vulgaris,Phaseolus vulgaris,300,19720301,MEX,SANTA ROSA - QUERETARO - QUERETARO,20.75,-100.43,2000.0,19720301.0,40.0
10.18730/K21CD,G3583,FULL,Phaseolus,vulgaris,Phaseolus vulgaris,300,19720301,MEX,TEZONTEPEC - TEZONTEPEC - HIDALGO,19.89,-98.83,2326.0,19720301.0,40.0
10.18730/K21Z*,G3582,FULL,Phaseolus,vulgaris,Phaseolus vulgaris,300,19720301,MEX,PACHUCA - PACHUCA - HIDALGO,20.16,-98.72,2435.0,19720301.0,40.0
10.18730/K21YZ,G3581,FULL,Phaseolus,vulgaris,Phaseolus vulgaris,300,19720301,MEX,IXMIQUILPAN - IXMIQUILPAN - HIDALGO,20.51,-99.22,2435.0,19720301.0,40.0
10.18730/K21RS,G3575,FULL,Phaseolus,vulgaris,Phaseolus vulgaris,300,19720301,MEX,EJIDO DE LA ESTANZUELA - ZIMAPAN - HIDALGO,20.71,-99.44,,19720301.0,40.0
10.18730/K21MN,G3571,FULL,Phaseolus,vulgaris,Phaseolus vulgaris,300,19720301,MEX,EL CEREAL - IXTLAN DE JUAREZ - OAXACA,17.34,-96.49,,19720301.0,40.0
10.18730/K21JK,G3569,FULL,Phaseolus,vulgaris,Phaseolus vulgaris,300,19720301,MEX,CHILATECA - OCOTLAN - OAXACA,16.83,-96.66,,19720301.0,40.0
10.18730/K21EF,G3565,FULL,Phaseolus,vulgaris,Phaseolus vulgaris,300,19720301,MEX,SANTA MARIA TECOMAVACA - TEOTITLAN - OAXACA,17.97,-97.02,,19720301.0,40.0
10.18730/K2145,G3553,FULL,Phaseolus,vulgaris,Phaseolus vulgaris,300,19720301,MEX,CIUDAD MANTE - CIUDAD MANTE - TAMAULIPAS,22.76,-98.99,90.0,19720301.0,40.0
10.18730/K20Z0,G3547,FULL,Phaseolus,vulgaris,Phaseolus vulgaris,300,19720301,MEX,FRANCISCO I. MADERO - PANUCO DE CORONADO - DURANGO,24.41,-104.31,1950.0,19720301.0,40.0
10.18730/K20X=,G3545,FULL,Phaseolus,vulgaris,Phaseolus vulgaris,300,19720301,MEX,ATOJAC DE ALVAREZ - ATOYAC DE ALVAREZ - GUERRERO,17.21,-100.42,100.0,19720301.0,40.0
10.18730/K20V~,G3543,FULL,Phaseolus,vulgaris,Phaseolus vulgaris,300,19720301,MEX,LA UNION - LA UNION - GUERRERO,17.97,-101.81,38.0,19720301.0,40.0
10.18730/K20GP,G3542,FULL,Phaseolus,vulgaris,Phaseolus vulgaris,300,19720301,MEX,BUENA VISTA DEL AIRE - SANTA ROSA - GUERRERO,19.68,-100.03,2660.0,19720301.0,40.0
10.18730/K20QX,G3539,FULL,Phaseolus,vulgaris,Phaseolus vulgaris,300,19720301,MEX,"KM 186 DE MEXICO A SAN FRANCISCO JALAPA, CUEXCONTZI - CUAPIAXTLA - TLAXCALA",19.32,-97.72,2340.0,19720301.0,40.0
10.18730/K20KS,G3535,FULL,Phaseolus,vulgaris,Phaseolus vulgaris,300,19720301,MEX,TOTOLAC - TOTOLAC - TLAXCALA,19.33,-98.27,2150.0,19720301.0,40.0
10.18730/K1ZX3,G3531,FULL,Phaseolus,vulgaris,Phaseolus vulgaris,300,19720301,MEX,COETZALA - COETZALA - VERACRUZ,18.78,-96.92,,19720301.0,40.0
10.18730/K20FN,G3530,FULL,Phaseolus,vulgaris,Phaseolus vulgaris,300,19720301,MEX,ESTACIÓN ESTANZUELA - TIERRA BLANCA - VERACRUZ,18.5,-96.27,,19720301.0,40.0
10.18730/K20EM,G3529,FULL,Phaseolus,vulgaris,Phaseolus vulgaris,300,19720301,MEX,GUTIERREZ ZAMORA - GUTIERREZ ZAMORA - VERACRUZ,20.49,-97.11,3.0,19720301.0,40.0
10.18730/K20DK,G3528,FULL,Phaseolus,vulgaris,Phaseolus vulgaris,300,19720301,MEX,NAUTLA - NAUTLA - VERACRUZ,20.2,-96.77,8.0,19720301.0,40.0
10.18730/K1ZKY,G3521,FULL,Phaseolus,vulgaris,Phaseolus vulgaris,300,19720301,MEX,AMATLAN - AMATLAN - VERACRUZ,21.34,-97.76,120.0,19720301.0,40.0
10.18730/K205B,G3511,FULL,Phaseolus,vulgaris,Phaseolus vulgaris,300,19720301,MEX,LAS CASAS - CHIAPILLA - CHIAPAS,16.52,-92.74,550.0,19720301.0,40.0
10.18730/K1ZCQ,G3493,FULL,Phaseolus,vulgaris,Phaseolus vulgaris,300,19720301,MEX,SANTA ANA - EL GRAN MORELOS - CHIHUAHUA,26.76,-107.62,2100.0,19720301.0,40.0
10.18730/K1YN0,G3488,FULL,Phaseolus,vulgaris,Phaseolus vulgaris,300,19720301,MEX,SAN JOSÉ - VILLA DE ALLENDE - MEXICO,19.39,-100.15,,19720301.0,40.0
10.18730/K1Z5G,G3484,FULL,Phaseolus,vulgaris,Phaseolus vulgaris,300,19720301,MEX,SANTA ANITA - TLAQUEPAQUE - JALISCO,20.54,-103.44,1567.0,19720301.0,40.0
10.18730/K1YR3,G3470,FULL,Phaseolus,vulgaris,Phaseolus vulgaris,300,19720301,MEX,ZITACUARO - ZITACUARO - MICHOACAN,19.44,-100.39,1993.0,19720301.0,40.0
10.18730/K1YQ2,G3469,FULL,Phaseolus,vulgaris,Phaseolus vulgaris,300,19720301,MEX,TACAMBARO - TACAMBARO - MICHOACAN,19.24,-101.47,1500.0,19720301.0,40.0
10.18730/K1YK=,G3456,FULL,Phaseolus,vulgaris,Phaseolus vulgaris,300,19720301,MEX,TEQUILA - TEQUILA - JALISCO,20.87,-103.86,1215.0,19720301.0,40.0
10.18730/K1XQ7,G3454,FULL,Phaseolus,vulgaris,Phaseolus vulgaris,300,19720301,MEX,OCOTLAN - OCOTLAN - JALISCO,20.32,-102.76,,19720301.0,40.0
10.18730/K1Y2J,G3446,FULL,Phaseolus,vulgaris,Phaseolus vulgaris,300,19720301,MEX,POTRERO DE CAPULIN - SALVATIERRA - GUANAJUATO,20.26,-100.94,,19720301.0,40.0
10.18730/K1XTA,G3437,FULL,Phaseolus,vulgaris,Phaseolus vulgaris,300,19720301,MEX,NUEVA ROSITA - RIO GRANDE - ZACATECAS,23.67,-102.98,2050.0,19720301.0,40.0
10.18730/K1XS9,G3436,FULL,Phaseolus,vulgaris,Phaseolus vulgaris,300,19720301,MEX,POTRERO DE GALLEGOS - VALPARAISO - ZACATECAS,22.65,-103.7,2050.0,19720301.0,40.0
10.18730/K1XN5,G3431,FULL,Phaseolus,vulgaris,Phaseolus vulgaris,300,19720301,MEX,RIO GRANDE - RIO GRANDE - ZACATECAS,23.85,-103.03,1870.0,19720301.0,40.0
10.18730/K1XH1,G3427,FULL,Phaseolus,vulgaris,Phaseolus vulgaris,300,19720301,MEX,SOMBRERETE - SOMBRERETE - ZACATECAS,23.64,-103.62,2250.0,19720301.0,40.0
10.18730/K1XK3,G3429,FULL,Phaseolus,vulgaris,Phaseolus vulgaris,300,19720301,MEX,CALERA VICTOR ROSALES - CALERA VICTOR ROSALES - ZACATECAS,22.96,-102.73,,19720301.0,40.0
10.18730/K1XFU,G3425,FULL,Phaseolus,vulgaris,Phaseolus vulgaris,300,19720301,MEX,ESTANCIA DE ANIMAS - VILLA GONZALEZ ORTEGA - ZACATECAS,22.49,-101.97,1800.0,19720301.0,40.0
10.18730/S2D9E,G3418A,FULL,Phaseolus,vulgaris,Phaseolus vulgaris,300,19720301,MEX,ZOQUIAPAN - ZOQUIAPAN - PUEBLA,20.0,-97.59,2000.0,19720301.0,40.0
10.18730/K1XAZ,G3420,FULL,Phaseolus,vulgaris,Phaseolus vulgaris,300,19720301,MEX,EJIDO SAN ALBERTO - EL FUERTE - ZACATECAS,23.85,-103.11,,19720301.0,40.0
10.18730/K1X9Y,G3417,FULL,Phaseolus,vulgaris,Phaseolus vulgaris,300,19720301,MEX,NENETZINTLA - ACAJETE - PUEBLA,19.05,-97.97,2000.0,19720301.0,40.0
10.18730/K1WM9,G3414,FULL,Phaseolus,vulgaris,Phaseolus vulgaris,300,19720301,MEX,TLACOTEPEC - TLACOTEPEC - PUEBLA,18.66,-97.64,2000.0,19720301.0,40.0
10.18730/K1XC~,G3415,FULL,Phaseolus,vulgaris,Phaseolus vulgaris,300,19720301,MEX,TIANGUISMANALCO - TIANGUISMANALCO - PUEBLA,18.99,-98.44,2000.0,19720301.0,40.0
10.18730/K1X8X,G3416,FULL,Phaseolus,vulgaris,Phaseolus vulgaris,300,19720301,MEX,TECUANIPAN - TECUANIPAN - PUEBLA,19.02,-98.4,2000.0,19720301.0,40.0
10.18730/K1X5T,G3412,FULL,Phaseolus,vulgaris,Phaseolus vulgaris,300,19720301,MEX,MATAMOROS - SANTA RITA TLAHUAPAN - PUEBLA,19.37,-98.56,2000.0,19720301.0,40.0
10.18730/K1X3R,G3410,FULL,Phaseolus,vulgaris,Phaseolus vulgaris,300,19720301,MEX,SAN SALVADOR EL VERDE - SAN SALVADOR EL VERDE - PUEBLA,19.28,-98.52,2000.0,19720301.0,40.0
10.18730/K1X2Q,G3409,FULL,Phaseolus,vulgaris,Phaseolus vulgaris,300,19720301,MEX,SAN RAFAEL TEPALE - COXCATLAN - PUEBLA,18.18,-97.17,2000.0,19720301.0,40.0
10.18730/K1WZM,G3406,FULL,Phaseolus,vulgaris,Phaseolus vulgaris,300,19720301,MEX,SANTA MARIA CORONANGO - CORONANGO - PUEBLA,19.11,-98.32,2000.0,19720301.0,40.0
10.18730/K1WVG,G3402,FULL,Phaseolus,vulgaris,Phaseolus vulgaris,300,19720301,MEX,SAN RAFAEL TLANALAPAN - SANTA RITA TLAHUAPAN - PUEBLA,19.29,-98.48,2000.0,19720301.0,40.0
10.18730/K1WSE,G3400,FULL,Phaseolus,vulgaris,Phaseolus vulgaris,300,19720301,MEX,TEOTLALZINGO - TEOTLALZINGO - PUEBLA,19.24,-98.51,2000.0,19720301.0,40.0
10.18730/S4K7*,G3399A,FULL,Phaseolus,vulgaris,Phaseolus vulgaris,300,19720301,MEX,DOMINGO ARENAS - DOMINGO ARENAS - PUEBLA,19.13,-98.46,2000.0,19720301.0,40.0
10.18730/K1WQC,G3397,FULL,Phaseolus,vulgaris,Phaseolus vulgaris,300,19720301,MEX,TEPETZALA - ACAJETE - PUEBLA,19.12,-97.94,2000.0,19720301.0,40.0
10.18730/K1WPB,G3396,FULL,Phaseolus,vulgaris,Phaseolus vulgaris,300,19720301,MEX,SANTA MARIA ACUEXCOMAC - CHOLULA - PUEBLA,19.04,-98.39,2200.0,19720301.0,40.0
10.18730/K1WNA,G3395,FULL,Phaseolus,vulgaris,Phaseolus vulgaris,300,19720301,MEX,SANTA ISABEL CHOLULA - SANTA ISABEL CHOLULA - PUEBLA,19.0,-98.37,2000.0,19720301.0,40.0
10.18730/K3GF3,G3394,FULL,Phaseolus,vulgaris,Phaseolus vulgaris,300,19720301,MEX,SAN GREGORIO ATZOMPA - ATZOMPA - PUEBLA,19.02,-98.36,2000.0,19720301.0,40.0
10.18730/K1WH6,G3392,FULL,Phaseolus,vulgaris,Phaseolus vulgaris,300,19720301,MEX,SAN LORENZO CHIAUTZINGO - CHIAUTZINGO - PUEBLA,19.2,-98.47,2000.0,19720301.0,40.0
10.18730/K1WG5,G3391,FULL,Phaseolus,vulgaris,Phaseolus vulgaris,300,19720301,MEX,SAN SEBASTIAN TEPALCATEPEC - PUEBLA - PUEBLA,19.09,-98.33,2000.0,19720301.0,40.0
10.18730/K1WF4,G3390,FULL,Phaseolus,vulgaris,Phaseolus vulgaris,300,19720301,MEX,SAN JUAN CUAUTLALCINGO - CIUDAD SERDAN - PUEBLA,18.99,-97.46,2000.0,19720301.0,40.0
10.18730/K1W8$,G3382,FULL,Phaseolus,vulgaris,Phaseolus vulgaris,300,19720301,MEX,ACZOAC - LOS REYES DE JUAREZ - PUEBLA,18.97,-97.84,2120.0,19720301.0,40.0
10.18730/K1WAU,G3383,FULL,Phaseolus,vulgaris,Phaseolus vulgaris,300,19720301,MEX,ATLIXCO - ATLIXCO - PUEBLA,18.9,-98.42,,19720301.0,40.0
10.18730/K1WK8,G3384,FULL,Phaseolus,vulgaris,Phaseolus vulgaris,300,19720301,MEX,SAN ANDRES CALPAN - SAN ANDRES CALPAN - PUEBLA,19.12,-98.49,2000.0,19720301.0,40.0
10.18730/PE879,G3377,FULL,Phaseolus,vulgaris,Phaseolus vulgaris,300,19720301,MEX,PINO SUAREZ - TEPANCO - PUEBLA,18.52,-97.49,1600.0,19720301.0,40.0
10.18730/K1W5Z,G3379,FULL,Phaseolus,vulgaris,Phaseolus vulgaris,300,19720301,MEX,ZACAPOAXTLA - ZACAPOAXTLA - PUEBLA,19.87,-97.58,1700.0,19720301.0,40.0
10.18730/K1W9=,G3375,FULL,Phaseolus,vulgaris,Phaseolus vulgaris,300,19720301,MEX,CUATRO RAYAS - SAN JUAN IXCAQUIXTLA - PUEBLA,18.52,-97.87,1800.0,19720301.0,40.0
10.18730/K1VZS,G3370,FULL,Phaseolus,vulgaris,Phaseolus vulgaris,300,19720301,MEX,TETELES - TETELES - PUEBLA,19.87,-97.45,1800.0,19720301.0,40.0
10.18730/K1W0T,G3371,FULL,Phaseolus,vulgaris,Phaseolus vulgaris,300,19720301,MEX,ACATZINGO AREA IN XOLACO - ACATZINGO - PUEBLA,18.99,-97.77,1950.0,19720301.0,40.0
10.18730/K1W1V,G3372,FULL,Phaseolus,vulgaris,Phaseolus vulgaris,300,19720301,MEX,SAN BARTOLO TEONTEPEC - TEPANCO - PUEBLA,18.5,-97.52,1700.0,19720301.0,40.0
10.18730/K1W3X,G3373,FULL,Phaseolus,vulgaris,Phaseolus vulgaris,300,19720301,MEX,SAN JUAN ATENCO - SAN JUAN ATENCO - PUEBLA,19.1,-97.56,2400.0,19720301.0,40.0
10.18730/K1VVN,G3366,FULL,Phaseolus,vulgaris,Phaseolus vulgaris,300,19720301,MEX,HUEYAPAN - HUEYAPAN - PUEBLA,19.91,-97.41,1600.0,19720301.0,40.0
10.18730/K1VPG,G3361,FULL,Phaseolus,vulgaris,Phaseolus vulgaris,300,19720301,MEX,TLACHICHUCA - TLACHICHUCA - PUEBLA,19.1,-97.42,1800.0,19720301.0,40.0
10.18730/K1W2W,G3364,FULL,Phaseolus,vulgaris,Phaseolus vulgaris,300,19720301,MEX,SAN JUAN XIUTETELCO - SAN JUAN XIUTETELCO - PUEBLA,19.79,-97.32,1880.0,19720301.0,40.0
10.18730/K1VQH,G3362,FULL,Phaseolus,vulgaris,Phaseolus vulgaris,300,19720301,MEX,SANTA ANA DE XALMIMILULCO - CHOLULA - PUEBLA,19.22,-98.39,2300.0,19720301.0,40.0
10.18730/K1VKD,G3357,FULL,Phaseolus,vulgaris,Phaseolus vulgaris,300,19720301,MEX,"ESTACION EL LIMÓN, PUEBLA-VERACRUZ. STATE LINE - TEPEYAHUALCO - PUEBLA",19.5,-97.34,2200.0,19720301.0,40.0
10.18730/K1VME,G3359,FULL,Phaseolus,vulgaris,Phaseolus vulgaris,300,19720301,MEX,VILLA JUAREZ - XICOTEPEC DE JUAREZ - PUEBLA,20.29,-97.99,1000.0,19720301.0,40.0
10.18730/K1VE8,G3350,FULL,Phaseolus,vulgaris,Phaseolus vulgaris,300,19720301,MEX,PALMAR DE BRAVO - PALMAR DE BRAVO - PUEBLA,18.84,-97.57,2180.0,19720301.0,40.0
10.18730/K1VGA,G3344,FULL,Phaseolus,vulgaris,Phaseolus vulgaris,300,19720301,MEX,CUYOACO - CUYOACO - PUEBLA,19.62,-97.62,2360.0,19720301.0,40.0
10.18730/K1VA4,G3346,FULL,Phaseolus,vulgaris,Phaseolus vulgaris,300,19720301,MEX,CHIGNAUTLA - CHIGNAUTLA - PUEBLA,19.84,-97.39,1880.0,19720301.0,40.0
10.18730/K1V71,G3343,FULL,Phaseolus,vulgaris,Phaseolus vulgaris,300,19720301,MEX,IXTACAMAXTITLAN - IXTACAMAXTITLAN - PUEBLA,19.62,-97.82,2300.0,19720301.0,40.0
10.18730/K1V4=,G3341,FULL,Phaseolus,vulgaris,Phaseolus vulgaris,300,19720301,MEX,TOCHIMILCO - TOCHIMILCO - PUEBLA,18.9,-98.57,1060.0,19720301.0,40.0
10.18730/K1V0Z,G3337,FULL,Phaseolus,vulgaris,Phaseolus vulgaris,300,19720301,MEX,CARRETERA ALCHICHICA (PUEBLA)-PEROTE (VERACRUZ) - TEPEYAHUALCO - PUEBLA,19.48,-97.38,1800.0,19720301.0,40.0
10.18730/K1TZY,G3336,FULL,Phaseolus,vulgaris,Phaseolus vulgaris,300,19720301,MEX,SAN MARTIN TEXMELUCAN - SAN MARTIN TEXMELUCAN - PUEBLA,19.3,-98.43,2278.0,19720301.0,40.0
10.18730/K1VHB,G3335,FULL,Phaseolus,vulgaris,Phaseolus vulgaris,300,19720301,MEX,ZACAPALA - ZACAPALA - PUEBLA,18.58,-98.06,1800.0,19720301.0,40.0
10.18730/K1TSR,G3330,FULL,Phaseolus,vulgaris,Phaseolus vulgaris,300,19720301,MEX,ORIENTAL - ORIENTAL - PUEBLA,19.37,-97.61,2345.0,19720301.0,40.0
10.18730/K1GBQ,G2927,FULL,Phaseolus,vulgaris,Phaseolus vulgaris,300,19700901,MEX,TUXTLA GUTIERREZ - TUXTLA GUTIERREZ - CHIAPAS,16.75,-93.04,,19700901.0,40.0
10.18730/K1FZB,G2914,FULL,Phaseolus,vulgaris,Phaseolus vulgaris,300,19700901,MEX,JACONA - JACONA - MICHOACAN,19.95,-102.3,2000.0,19700901.0,40.0
10.18730/K1G9N,G2911,FULL,Phaseolus,vulgaris,Phaseolus vulgaris,300,19700901,MEX,HUETAMO - HUETAMO - MICHOACAN,18.58,-100.88,213.0,19700901.0,40.0
10.18730/K1FR4,G2905,FULL,Phaseolus,vulgaris,Phaseolus vulgaris,300,19700901,MEX,COSCOMATEPEC - COSCOMATEPEC - VERACRUZ,19.07,-97.03,1554.0,19700901.0,40.0
10.18730/K1FS5,G2906,FULL,Phaseolus,vulgaris,Phaseolus vulgaris,300,19700901,MEX,SIERRA DE COXCATLAN - COXCATLAN - PUEBLA,18.25,-97.13,2134.0,19700901.0,40.0
10.18730/K1FT6,G2907,FULL,Phaseolus,vulgaris,Phaseolus vulgaris,300,19700901,MEX,"E OF MITLA, RANCHO SACATAL ALONG ROAD TO AYUTLA - MITLA - OAXACA",16.92,-96.34,1829.0,19700901.0,40.0
10.18730/K1G3F,G2903,FULL,Phaseolus,vulgaris,Phaseolus vulgaris,300,19700901,MEX,VALLE DE TEHUACAN - AJALPAN - PUEBLA,18.37,-97.27,1524.0,19700901.0,40.0
10.18730/K1G4G,G2904,FULL,Phaseolus,vulgaris,Phaseolus vulgaris,300,19700901,MEX,SAN JOSE CHILTEPEC - TUXTEPEC - OAXACA,17.96,-96.19,1660.0,19700901.0,40.0
10.18730/K1F1J,G2879,FULL,Phaseolus,vulgaris,Phaseolus vulgaris,300,19700901,MEX,TONICHI - ONAVAS - SONORA,28.58,-109.57,500.0,19700901.0,40.0
10.18730/K1FCX,G2876,FULL,Phaseolus,vulgaris,Phaseolus vulgaris,300,19700901,MEX,ATENGUILLO - ATENGUILLO - JALISCO,20.42,-104.52,914.0,19700901.0,40.0
10.18730/K1FBW,G2875,FULL,Phaseolus,vulgaris,Phaseolus vulgaris,300,19700901,MEX,SAN LUIS DE LA PAZ - SAN LUIS DE LA PAZ - GUANAJUATO,21.3,-100.52,2330.0,19700901.0,40.0
10.18730/K1F9T,G2873,FULL,Phaseolus,vulgaris,Phaseolus vulgaris,300,19700901,MEX,MORELIA - MORELIA - MICHOACAN,19.7,-101.12,2060.0,19700901.0,40.0
10.18730/K1ER9,G2870,FULL,Phaseolus,vulgaris,Phaseolus vulgaris,300,19700901,MEX,PATZCUARO - PATZCUARO - MICHOACAN,19.52,-101.6,2330.0,19700901.0,40.0
10.18730/K1ESA,G2871,FULL,Phaseolus,vulgaris,Phaseolus vulgaris,300,19700901,MEX,AJUN - PATZCUARO - MICHOACAN,19.47,-101.73,2330.0,19700901.0,40.0
10.18730/K1EQ8,G2869,FULL,Phaseolus,vulgaris,Phaseolus vulgaris,300,19700901,MEX,SAN PEDRO LAGUNILLAS - SAN PEDRO LAGUNILLAS - NAYARIT,21.22,-104.77,1000.0,19700901.0,40.0
10.18730/K1F5P,G2867,FULL,Phaseolus,vulgaris,Phaseolus vulgaris,300,19700901,MEX,TEPIC - TEPIC - NAYARIT,21.53,-104.88,914.0,19700901.0,40.0
10.18730/K1F6Q,G2868,FULL,Phaseolus,vulgaris,Phaseolus vulgaris,300,19700901,MEX,SANTIAGO IXCUINTLA - SANTIAGO IXCUINTLA - NAYARIT,22.82,-105.12,330.0,19700901.0,40.0
10.18730/JZA5$,G284,FULL,Phaseolus,vulgaris,Phaseolus vulgaris,300,19700901,MEX,AZOYU - AZOYU - GUERRERO,16.73,-98.61,,19700901.0,40.0
10.18730/K1E0P,G2832,FULL,Phaseolus,vulgaris,Phaseolus vulgaris,300,19700901,MEX,ZAMORA - ZAMORA - MICHOACAN,19.98,-102.27,1500.0,19700901.0,40.0
10.18730/K1E7X,G2833,FULL,Phaseolus,vulgaris,Phaseolus vulgaris,300,19700901,MEX,ZAMORA - ZAMORA - MICHOACAN,20.0,-102.17,1830.0,19700901.0,40.0
10.18730/S4K4X,G2831C,FULL,Phaseolus,vulgaris,Phaseolus vulgaris,300,19700901,MEX,GUADALAJARA - GUADALAJARA - JALISCO,20.67,-103.33,1730.0,19700901.0,40.0
10.18730/K1E2R,G2830,FULL,Phaseolus,vulgaris,Phaseolus vulgaris,300,19700901,MEX,"LOS REYES DE SALGADO, TRAIDO DE NAYARIT - LOS REYES DE SALGADO - MICHOACAN",19.58,-102.48,1463.0,19700901.0,40.0
10.18730/K1DPC,G2820,FULL,Phaseolus,vulgaris,Phaseolus vulgaris,300,19700901,MEX,AGUASCALIENTES - AGUASCALIENTES - AGUASCALIENTES,21.88,-102.3,1829.0,19700901.0,40.0
10.18730/JZ9GD,G282,FULL,Phaseolus,vulgaris,Phaseolus vulgaris,300,19700901,MEX,PENOLES - NOCHIXTLAN - OAXACA,17.08,-97.0,,19700901.0,40.0
10.18730/JZ9EB,G280,FULL,Phaseolus,vulgaris,Phaseolus vulgaris,300,19700901,MEX,CUILAPAN - ZIMATLAN - OAXACA,16.99,-96.79,2000.0,19700901.0,40.0
10.18730/K1D0V,G2788,FULL,Phaseolus,vulgaris,Phaseolus vulgaris,300,19700901,MEX,SOMBRERETE - SOMBRERETE - ZACATECAS,23.64,-103.66,2286.0,19700901.0,40.0
10.18730/K1CFA,G2785,FULL,Phaseolus,vulgaris,Phaseolus vulgaris,300,19700901,MEX,PARRAL - PARRAL - CHIHUAHUA,26.93,-105.67,1981.0,19700901.0,40.0
10.18730/K1CGB,G2786,FULL,Phaseolus,vulgaris,Phaseolus vulgaris,300,19700901,MEX,NOMBRE DE DIOS - NOMBRE DE DIOS - DURANGO,23.86,-104.24,1768.0,19700901.0,40.0
10.18730/JZ9C9,G278,FULL,Phaseolus,vulgaris,Phaseolus vulgaris,300,19700901,MEX,JAYACATLAN - ETLA - OAXACA,17.42,-96.82,,19700901.0,40.0
10.18730/K1CHC,G2778,FULL,Phaseolus,vulgaris,Phaseolus vulgaris,300,19700901,MEX,"20 MI N OF GUACHOCHI, TONACHI - GUACHOCHI - CHIHUAHUA",26.94,-107.17,1981.0,19700901.0,40.0
10.18730/K1C94,G2777,FULL,Phaseolus,vulgaris,Phaseolus vulgaris,300,19700901,MEX,19 MI W OF GUACHOCHI - GUACHOCHI - CHIHUAHUA,26.85,-107.45,2286.0,19700901.0,40.0
10.18730/K1C61,G2774,FULL,Phaseolus,vulgaris,Phaseolus vulgaris,300,19700901,MEX,HUEJOTITLAN - EL TULE - CHIHUAHUA,27.07,-106.17,1585.0,19700901.0,40.0
10.18730/K1CJD,G2772,FULL,Phaseolus,vulgaris,Phaseolus vulgaris,300,19700901,MEX,SAN JUAN DEL RIO - SAN JUAN DEL RIO - DURANGO,24.79,-104.45,1830.0,19700901.0,40.0
10.18730/K1C50,G2773,FULL,Phaseolus,vulgaris,Phaseolus vulgaris,300,19700901,MEX,SAN JUAN DEL RIO - SAN JUAN DEL RIO - DURANGO,24.74,-104.34,1676.0,19700901.0,40.0
10.18730/S5B2J,G2771A,FULL,Phaseolus,vulgaris,Phaseolus vulgaris,100,19700901,MEX,11 MI.NW IXTLAN DEL RIO - JOMULCO - NAYARIT,21.09,-104.42,1050.0,19700901.0,40.0
10.18730/K1C1~,G2770,FULL,Phaseolus,vulgaris,Phaseolus vulgaris,300,19700901,MEX,LA GARITA - MAZAMITLA - JALISCO,19.77,-103.12,1219.0,19700901.0,40.0
10.18730/K19AM,G2670,FULL,Phaseolus,vulgaris,Phaseolus vulgaris,300,19700901,MEX,HUAMANTLA - HUAMANTLA - TLAXCALA,19.32,-97.95,2553.0,19700901.0,40.0
10.18730/K192C,G2662,FULL,Phaseolus,vulgaris,Phaseolus vulgaris,300,19700901,MEX,SAN ANTONIO DE ABAJO - TEHUACAN - PUEBLA,18.37,-97.5,,19700901.0,40.0
10.18730/K196G,G2648,FULL,Phaseolus,vulgaris,Phaseolus vulgaris,300,19700901,MEX,SAN MIGUEL OCURIO - NUEVA ITALIA DE RUIZ - MICHOACAN,19.0,-102.17,,19700901.0,40.0
10.18730/K18V5,G2646,FULL,Phaseolus,vulgaris,Phaseolus vulgaris,300,19700901,MEX,CUITZEO - CUITZEO - MICHOACAN,19.97,-101.13,1831.0,19700901.0,40.0
10.18730/K18FY,G2643,FULL,Phaseolus,vulgaris,Phaseolus vulgaris,300,19700901,MEX,TANHUATO - TANHUATO - MICHOACAN,20.28,-102.34,1540.0,19700901.0,40.0
10.18730/S2D49,G2636A,FULL,Phaseolus,vulgaris,Phaseolus vulgaris,300,19700901,MEX,TIZAPAN EL ALTO - TIZAPAN EL ALTO - JALISCO,20.14,-103.06,1600.0,19700901.0,40.0
10.18730/K18J~,G2637,FULL,Phaseolus,vulgaris,Phaseolus vulgaris,300,19700901,MEX,JALOSTOTITLAN - JALOSTOTITLAN - JALISCO,21.18,-102.47,1700.0,19700901.0,40.0
10.18730/K185M,G2632,FULL,Phaseolus,vulgaris,Phaseolus vulgaris,300,19700901,MEX,TUXPAN - TUXPAN - JALISCO,19.54,-103.4,,19700901.0,40.0
10.18730/K184K,G2631,FULL,Phaseolus,vulgaris,Phaseolus vulgaris,300,19700901,MEX,ZAPOTILTIC - ZAPOTILTIC - JALISCO,19.64,-103.42,,19700901.0,40.0
10.18730/K17VA,G2622,FULL,Phaseolus,vulgaris,Phaseolus vulgaris,300,19700901,MEX,TIERRAS NEGRAS - PENJAMO - GUANAJUATO,20.49,-101.73,1760.0,19700901.0,40.0
10.18730/K17N4,G2616,FULL,Phaseolus,vulgaris,Phaseolus vulgaris,300,19700901,MEX,SAN PEDRO DEL MONTE - LEON - GUANAJUATO,21.05,-101.72,,19700901.0,40.0
10.18730/K17K2,G2614,FULL,Phaseolus,vulgaris,Phaseolus vulgaris,300,19700901,MEX,LA JOYA - LEON - GUANAJUATO,21.14,-101.74,,19700901.0,40.0
10.18730/K17R7,G2610,FULL,Phaseolus,vulgaris,Phaseolus vulgaris,300,19700901,MEX,SANTIAGO GUELATAO - LAS MARGARITAS - CHIAPAS,16.46,-91.78,,19700901.0,40.0
10.18730/K17BZ,G2606,FULL,Phaseolus,vulgaris,Phaseolus vulgaris,300,19700901,MEX,LAS MARGARITAS - LAS MARGARITAS - CHIAPAS,16.33,-91.99,1020.0,19700901.0,40.0
10.18730/K14GE,G2503,FULL,Phaseolus,vulgaris,Phaseolus vulgaris,300,19700901,MEX,SAIN ALTO - SAIN ALTO - ZACATECAS,23.59,-103.25,2291.0,19700901.0,40.0
10.18730/K14FD,G2502,FULL,Phaseolus,vulgaris,Phaseolus vulgaris,300,19700901,MEX,RANCHO LA FELICIDAD - MIAHUANTLA - VERACRUZ,19.71,-96.86,100.0,19700901.0,40.0
10.18730/K14CA,G2499,FULL,Phaseolus,vulgaris,Phaseolus vulgaris,300,19700901,MEX,VICENTE GUERRERO - VICENTE GUERRERO - TLAXCALA,19.14,-98.17,2230.0,19700901.0,40.0
10.18730/K1486,G2494,FULL,Phaseolus,vulgaris,Phaseolus vulgaris,300,19700901,MEX,"EL PUNTO, CHICOMEZUCHIL - IXTLAN DE JUAREZ - OAXACA",17.29,-96.5,,19700901.0,40.0
10.18730/K1475,G2493,FULL,Phaseolus,vulgaris,Phaseolus vulgaris,300,19700901,MEX,IXTLAN DE JUAREZ - IXTLAN DE JUAREZ - OAXACA,17.32,-96.47,1886.0,19700901.0,40.0
10.18730/K1464,G2492,FULL,Phaseolus,vulgaris,Phaseolus vulgaris,300,19700901,MEX,EJUTLA - EJUTLA - OAXACA,16.57,-96.74,1440.0,19700901.0,40.0
10.18730/K13X*,G2483,FULL,Phaseolus,vulgaris,Phaseolus vulgaris,300,19700901,MEX,EL GRULLO - EL GRULLO - JALISCO,19.81,-104.21,952.0,19700901.0,40.0
10.18730/K13TX,G2480,FULL,Phaseolus,vulgaris,Phaseolus vulgaris,300,19700901,MEX,ZACOALCO - ZACOALCO DE TORRES - JALISCO,20.25,-103.56,,19700901.0,40.0
10.18730/K13QT,G2477,FULL,Phaseolus,vulgaris,Phaseolus vulgaris,300,19700901,MEX,TECALITLAN - TECALITLAN - JALISCO,19.47,-103.32,,19700901.0,40.0
10.18730/K1420,G2470,FULL,Phaseolus,vulgaris,Phaseolus vulgaris,300,19700901,MEX,TLAPEHUALA - TLAPEHUALA - GUERRERO,18.22,-100.52,,19700901.0,40.0
10.18730/K13EH,G2468,FULL,Phaseolus,vulgaris,Phaseolus vulgaris,300,19700901,MEX,SAN JOSE - VALLE DE SANTIAGO - GUANAJUATO,20.38,-101.16,1780.0,19700901.0,40.0
10.18730/K138B,G2462,FULL,Phaseolus,vulgaris,Phaseolus vulgaris,300,19700901,MEX,POTRERO NUEVO - EL SALTO - DURANGO,23.38,-105.38,,19700901.0,40.0
10.18730/K13SW,G2461,FULL,Phaseolus,vulgaris,Phaseolus vulgaris,300,19700901,MEX,EJIDO DE CANATLAN - CANATLAN - DURANGO,24.54,-104.75,,19700901.0,40.0
10.18730/JYASX,G24604,FULL,Phaseolus,vulgaris,Phaseolus vulgaris,100,19930201,MEX,"MONTE ALBAN, RUINAS DE MONTE ALBAN - ZIMATLAN - OAXACA",17.03,-96.77,1800.0,19930201.0,10.0
10.18730/JYAEJ,G24605,FULL,Phaseolus,vulgaris,Phaseolus vulgaris,100,19930201,MEX,"9 KM W DE ARANDAS, EL TULE - ARANDAS - JALISCO",20.7,-102.42,1960.0,19930201.0,10.0
10.18730/S4EX5,G24603A,FULL,Phaseolus,vulgaris,Phaseolus vulgaris,300,19930201,MEX,45 KM S DE TEOPISCA - TEOPISCA - CHIAPAS,16.5,-92.49,1630.0,19930201.0,20.0
10.18730/JYABF,G24602,FULL,Phaseolus,vulgaris,Phaseolus vulgaris,300,19930201,MEX,"SAN CRISTOBAL DE LAS CASAS, COLONIA MULTAJO - IXTAPA - CHIAPAS",16.71,-92.86,1660.0,19930201.0,20.0
10.18730/S6MXS,G24600A,FULL,Phaseolus,vulgaris,Phaseolus vulgaris,300,19930201,MEX,"AMATENANGO DEL VALLE, COLONIA BENITO JUÁREZ - AMATENANGO DEL VALLE - CHIAPAS",16.47,-92.44,1780.0,19930201.0,20.0
10.18730/PHQDF,G24599,FULL,Phaseolus,vulgaris,Phaseolus vulgaris,200,19930201,MEX,"TEOPISCA, EJIDO TEOPISCA, RÍO BLANQUITO, LADO O CERRO - TEOPISCA - CHIAPAS",16.48,-92.52,1100.0,19930201.0,60.0
10.18730/JYA26,G24595,FULL,Phaseolus,vulgaris,Phaseolus vulgaris,100,19930201,MEX,"TEOPISCA, COLONIA NUEVO LEÓN - TEOPISCA - CHIAPAS",16.48,-92.57,1015.0,19930201.0,10.0
10.18730/JYA15,G24594,FULL,Phaseolus,vulgaris,Phaseolus vulgaris,100,19930201,MEX,"IXTAPA, KM 37.1 CARRETERA TUXTLA-SAN CRISTOBAL - IXTAPA - CHIAPAS",16.75,-92.9,1400.0,19930201.0,10.0
10.18730/JY9KW,G24591,FULL,Phaseolus,vulgaris,Phaseolus vulgaris,100,19930201,MEX,"VENUSTIANO CARRANZA, RANCHO EL REFUGIO - VENUSTIANO CARRANZA - CHIAPAS",16.33,-92.43,890.0,19930201.0,10.0
10.18730/JY9GS,G24589,FULL,Phaseolus,vulgaris,Phaseolus vulgaris,100,19930201,MEX,"LA TRINITARIA, RUINAS CHINKULTIC - LA TRINITARIA - CHIAPAS",16.25,-91.83,1525.0,19930201.0,10.0
10.18730/JY9NY,G24587,FULL,Phaseolus,vulgaris,Phaseolus vulgaris,300,19930201,MEX,"LIBRE NICOLAS RUIZ , PREDIO STA. LUCIA - NICOLAS RUIZ - CHIAPAS",16.44,-92.59,850.0,19930201.0,20.0
10.18730/JY9Y2,G24588,FULL,Phaseolus,vulgaris,Phaseolus vulgaris,100,19930201,MEX,VILLA LAS ROSAS - VILLA LAS ROSAS - CHIAPAS,16.33,-92.38,1280.0,19930201.0,10.0
10.18730/PG9V0,G24582,FULL,Phaseolus,vulgaris,Phaseolus vulgaris,100,19930201,MEX,"VENUSTIANO CARRANZA, CHITAMA - VENUSTIANO CARRANZA - CHIAPAS",16.33,-92.45,775.0,19930201.0,10.0
10.18730/S6MTP,G24581C,FULL,Phaseolus,vulgaris,Phaseolus vulgaris,300,19930201,MEX,"TEOPISCA, EJIDO TEOPISCA, PREDIO FRANCISCO SÁNCHEZ - TEOPISCA - CHIAPAS",16.47,-92.54,1190.0,19930201.0,20.0
10.18730/JY97G,G24580,FULL,Phaseolus,vulgaris,Phaseolus vulgaris,300,19930201,MEX,"TEOPISCA, M. MATAMOROS - TEOPISCA - CHIAPAS",16.47,-92.59,905.0,19930201.0,20.0
10.18730/S1GSV,G24577A,FULL,Phaseolus,vulgaris,Phaseolus vulgaris,300,19930201,MEX,"OCOSINGO, ABASOLO - OCOSINGO - CHIAPAS",16.82,-92.24,1480.0,19930201.0,20.0
10.18730/S4EW4,G24575A,FULL,Phaseolus,vulgaris,Phaseolus vulgaris,100,19930201,MEX,8 KM N DE PORTILLO - PORTILLO - OAXACA,16.63,-96.58,1900.0,19930201.0,10.0
10.18730/JY8N=,G24576,FULL,Phaseolus,vulgaris,Phaseolus vulgaris,100,19930201,MEX,5 KM N DE CHICHICAPAN - CHICHICAPAN - OAXACA,16.8,-96.52,1800.0,19930201.0,10.0
10.18730/S6MRM,G24574A,FULL,Phaseolus,vulgaris,Phaseolus vulgaris,100,19930201,MEX,6 KM S DE SAN ANTONIO XAGUIA - SAN ANTONIO XAGUIA - OAXACA,16.47,-96.53,1450.0,19930201.0,10.0
10.18730/JY8FX,G24573,FULL,Phaseolus,vulgaris,Phaseolus vulgaris,100,19930201,MEX,3 KM N DE SAN MIGUEL COATLAN - SAN MIGUEL COATLAN - OAXACA,16.22,-96.7,1350.0,19930201.0,10.0
10.18730/S56CG,G24572A,FULL,Phaseolus,vulgaris,Phaseolus vulgaris,100,19930201,MEX,38 KM SAN JOSE DEL PACIFICO - SAN JOSE - OAXACA,15.98,-96.52,1780.0,19930201.0,10.0
10.18730/JY8EW,G24570,FULL,Phaseolus,vulgaris,Phaseolus vulgaris,100,19930201,MEX,SAN JUAN TEITA - SAN JUAN TEITA - OAXACA,17.08,-97.42,1630.0,19930201.0,10.0
10.18730/K12V=,G2451,FULL,Phaseolus,vulgaris,Phaseolus vulgaris,300,19700901,MEX,BOCHIL - BOCHIL - CHIAPAS,16.99,-92.94,1100.0,19700901.0,40.0
10.18730/K137A,G2445,FULL,Phaseolus,vulgaris,Phaseolus vulgaris,300,19700901,MEX,SAN CARLOS - OCOCINGO - CHIAPAS,16.77,-92.07,1020.0,19700901.0,40.0
10.18730/JRANQ,G24432,FULL,Phaseolus,vulgaris,Phaseolus vulgaris,300,19800501,MEX,ELOTEPEC - HUATUSCO - VERACRUZ,19.19,-97.02,1840.0,19800501.0,40.0
10.18730/JRA46,G24430,FULL,Phaseolus,vulgaris,Phaseolus vulgaris,300,19800501,MEX,"ACTIMAXAL, AL S CUETZALAN - CUETZALAN - PUEBLA",20.04,-97.52,1300.0,19800501.0,40.0
10.18730/JRAJM,G24429,FULL,Phaseolus,vulgaris,Phaseolus vulgaris,300,19800501,MEX,CUAHUTAPEHUAL - NAUZONTLA - PUEBLA,19.94,-97.59,1710.0,19800501.0,40.0
10.18730/JY78V,G24393,FULL,Phaseolus,vulgaris,Phaseolus vulgaris,100,19920301,MEX,KM 10 TUXCUECA-MAZAMITLA - TUXCUECA - JALISCO,20.12,-103.18,1920.0,19920301.0,40.0
10.18730/JY75R,G24390,FULL,Phaseolus,vulgaris,Phaseolus vulgaris,100,19920301,MEX,2 KM W COFRADIA - SANTA MARIA DEL ORO - NAYARIT,21.35,-104.53,640.0,19920301.0,40.0
10.18730/JY76S,G24391,FULL,Phaseolus,vulgaris,Phaseolus vulgaris,100,19920301,MEX,KM 18 AHUACATLAN-AMATLAN DE CAÑAS - AMATLAN DE CAÑAS - NAYARIT,20.97,-104.48,1240.0,19920301.0,40.0
10.18730/JY77T,G24392,FULL,Phaseolus,vulgaris,Phaseolus vulgaris,100,19920301,MEX,SAN IGNACIO CERRO GORDO - ARANDAS - JALISCO,20.73,-102.53,2020.0,19920301.0,40.0
10.18730/JY73P,G24388,FULL,Phaseolus,vulgaris,Phaseolus vulgaris,100,19920301,MEX,"KM 33.5 TEPA-YAHUALICA, RIO VERDE - TEPATITLAN - JALISCO",21.0,-103.82,1480.0,19920301.0,40.0
10.18730/JY74Q,G24389,FULL,Phaseolus,vulgaris,Phaseolus vulgaris,100,19920301,MEX,KM 24 GUADALAJARA-MOYAHUA - IXTLAHUACAN DEL RIO - JALISCO,20.83,-103.33,1050.0,19920301.0,40.0
10.18730/JY6TD,G24387,FULL,Phaseolus,vulgaris,Phaseolus vulgaris,100,19920301,MEX,KM 4 CAJITITLAN-TLAJOMULCO - TLAJOMULCO - JALISCO,20.44,-103.32,1550.0,19920301.0,40.0
10.18730/K3FSJ,G24385,FULL,Phaseolus,vulgaris,Phaseolus vulgaris,100,19920301,MEX,ACATLAN DE JUAREZ - ACATLAN DE JUAREZ - JALISCO,20.4,-103.58,1520.0,19920301.0,40.0
10.18730/JY6N8,G24386,FULL,Phaseolus,vulgaris,Phaseolus vulgaris,100,19920301,MEX,KM 29 GUADALAJARA-COLOTLAN - SAN CRISTOBAL BARRANCA - JALISCO,21.0,-103.42,1000.0,19920301.0,40.0
10.18730/JY70K,G24384,FULL,Phaseolus,vulgaris,Phaseolus vulgaris,100,19920301,MEX,VILLA CORONA (EL TULAR) - VILLA CORONA - JALISCO,20.41,-103.67,1350.0,19920301.0,40.0
10.18730/JY6VE,G24379,FULL,Phaseolus,vulgaris,Phaseolus vulgaris,100,19920301,MEX,SANTA ROSA-EL SALVADOR - TEQUILA - JALISCO,20.97,-103.72,1680.0,19920301.0,40.0
10.18730/JY6XG,G24381,FULL,Phaseolus,vulgaris,Phaseolus vulgaris,100,19920301,MEX,BARRANCA HUENTITLAN - IXTLAHUACAN DEL RIO - JALISCO,20.72,-103.28,1350.0,19920301.0,40.0
10.18730/S566A,G24377A,FULL,Phaseolus,vulgaris,Phaseolus vulgaris,100,19920301,MEX,RANCHO BUENOS AIRES (COJUMATLAN) - COJUMATLAN - MICHOACAN,20.1,-102.92,1700.0,19920301.0,40.0
10.18730/JY71M,G24378,FULL,Phaseolus,vulgaris,Phaseolus vulgaris,100,19920301,MEX,LOS SABINOS - SOLA DE VEGA - OAXACA,16.4,-97.08,1250.0,19920301.0,40.0
10.18730/PG9KX,G24374,FULL,Phaseolus,vulgaris,Phaseolus vulgaris,100,19920301,MEX,COLORINES - NUEVO SANTO TOMAS DE LOS PLATANOS - MEXICO,19.17,-100.2,1620.0,19920301.0,40.0
10.18730/PG9MY,G24375,FULL,Phaseolus,vulgaris,Phaseolus vulgaris,100,19920301,MEX,KM 3 ZULUAPAN-TINGAMBATO - OTZOLOAPAN - MEXICO,19.09,-100.33,1400.0,19920301.0,40.0
10.18730/JY6RB,G24376,FULL,Phaseolus,vulgaris,Phaseolus vulgaris,100,19920301,MEX,KM 4 ZULUAPAN-VALLE DE BRAVO - OTZOLOAPAN - MEXICO,19.17,-100.32,1320.0,19920301.0,40.0
10.18730/JY6SC,G24371,FULL,Phaseolus,vulgaris,Phaseolus vulgaris,100,19920301,MEX,TERRERO - TECALITLAN - JALISCO,19.4,-103.37,1200.0,19920301.0,40.0
10.18730/JY6P9,G24372,FULL,Phaseolus,vulgaris,Phaseolus vulgaris,100,19920301,MEX,LAS JUNTAS - ZACAZONAPAN - MEXICO,18.88,-100.25,1200.0,19920301.0,40.0
10.18730/JY6QA,G24373,FULL,Phaseolus,vulgaris,Phaseolus vulgaris,100,19920301,MEX,5 KM S PALMAR CHICO - AMATEPEC - MEXICO,18.65,-100.4,1180.0,19920301.0,40.0
10.18730/PG9JW,G24370,FULL,Phaseolus,vulgaris,Phaseolus vulgaris,100,19920301,MEX,SAN JERONIMO (CERRO GRANDE) - ATOTONILCO EL ALTO - JALISCO,20.4,-102.33,1550.0,19920301.0,40.0
10.18730/S6MMG,G24366A,FULL,Phaseolus,vulgaris,Phaseolus vulgaris,200,19920301,MEX,EL ZAPOTE - ACATLAN DE JUAREZ - JALISCO,20.48,-103.4,1550.0,19920301.0,40.0
10.18730/JY6J5,G24367,FULL,Phaseolus,vulgaris,Phaseolus vulgaris,100,19920301,MEX,KM 33.5 ZAMORA-LA BARCA - IXTLAN - MICHOACAN,20.2,-102.45,1700.0,19920301.0,40.0
10.18730/JY6H4,G24365,FULL,Phaseolus,vulgaris,Phaseolus vulgaris,100,19920301,MEX,2 KM NW QUESERIA - TONILA - COLIMA,19.4,-103.53,1400.0,19920301.0,40.0
10.18730/JY6F2,G24363,FULL,Phaseolus,vulgaris,Phaseolus vulgaris,100,19920301,MEX,KM 2 LAS ANIMAS-EL SAUCITO - TECALITLAN - JALISCO,19.28,-103.17,1700.0,19920301.0,40.0
10.18730/JY6G3,G24364,FULL,Phaseolus,vulgaris,Phaseolus vulgaris,100,19920301,MEX,KM 4 LLANITOS-PLAN DE LEGOS - TECALITLAN - JALISCO,19.4,-103.33,1520.0,19920301.0,40.0
10.18730/JY6CU,G24359,FULL,Phaseolus,vulgaris,Phaseolus vulgaris,100,19920301,MEX,PUENTE F. ESPINOZA - ZAPOTLANEJO - JALISCO,20.62,-103.15,1400.0,19920301.0,40.0
10.18730/JY6D0,G24360,FULL,Phaseolus,vulgaris,Phaseolus vulgaris,100,19920301,MEX,NEXTIPAC - ZAPOPAN - JALISCO,20.77,-103.53,1650.0,19920301.0,40.0
10.18730/JY61S,G24361,FULL,Phaseolus,vulgaris,Phaseolus vulgaris,100,19920301,MEX,KM 6 PLAN DE LEGOS-EL SOYATAL - JILOTLAN DE LOS DOLORES - JALISCO,19.28,-103.25,1600.0,19920301.0,40.0
10.18730/K3GVF,G24362,FULL,Phaseolus,vulgaris,Phaseolus vulgaris,100,19920301,MEX,EL SAUCITO - JILOTLAN DE LOS DOLORES - JALISCO,19.3,-103.08,1460.0,19920301.0,40.0
10.18730/JY6B=,G24358,FULL,Phaseolus,vulgaris,Phaseolus vulgaris,100,19920301,MEX,BENITO JUAREZ - BENITO JUAREZ - MICHOACAN,19.3,-100.42,1300.0,19920301.0,40.0
10.18730/PG9HV,G24356,FULL,Phaseolus,vulgaris,Phaseolus vulgaris,100,19920301,MEX,ALCHALOA - ATOYAC DE ALVAREZ - GUERRERO,17.17,-100.4,1550.0,19920301.0,40.0
10.18730/JY6A$,G24357,FULL,Phaseolus,vulgaris,Phaseolus vulgaris,100,19920301,MEX,KM 40 TELOLOAPAN-ARCELIA - ARCELIA - GUERRERO,18.38,-100.07,1700.0,19920301.0,40.0
10.18730/JY68*,G24354,FULL,Phaseolus,vulgaris,Phaseolus vulgaris,100,19920301,MEX,2 KM W ACAHUIZOTLA - CHILPANCINGO DE BRAVOS - GUERRERO,17.35,-99.48,1090.0,19920301.0,40.0
10.18730/JY66Y,G24351,FULL,Phaseolus,vulgaris,Phaseolus vulgaris,100,19920301,MEX,15 KM S EL CHANTE-LAS JOYAS - CUAUTITLAN - JALISCO,19.57,-104.22,1530.0,19920301.0,40.0
10.18730/JY5SH,G24352,FULL,Phaseolus,vulgaris,Phaseolus vulgaris,100,19920301,MEX,4 KM SE COJUMATLAN - SAHUAYO - MICHOACAN,20.1,-102.87,1650.0,19920301.0,40.0
10.18730/JY6E1,G24353,FULL,Phaseolus,vulgaris,Phaseolus vulgaris,100,19920301,MEX,1.5 KM ENE FCO. VILLA - DURANGO - DURANGO,24.18,-104.4,1900.0,19920301.0,40.0
10.18730/JY64W,G24348,FULL,Phaseolus,vulgaris,Phaseolus vulgaris,100,19920301,MEX,KM 3 NEVADO DE COLIMA - ZAPOTILTIC - JALISCO,19.6,-103.55,2030.0,19920301.0,40.0
10.18730/JY65X,G24349,FULL,Phaseolus,vulgaris,Phaseolus vulgaris,100,19920301,MEX,"1 KM S, EL CHANTE-MANANTLAN - EL GRULLO - JALISCO",19.7,-104.2,1030.0,19920301.0,40.0
10.18730/K3GTE,G24350,FULL,Phaseolus,vulgaris,Phaseolus vulgaris,100,19920301,MEX,MANANTLAN - EL GRULLO - JALISCO,19.62,-104.2,1410.0,19920301.0,40.0
10.18730/S6MKF,G24345A,FULL,Phaseolus,vulgaris,Phaseolus vulgaris,100,19920301,MEX,KM 7 AHUACATLAN-AMATLAN DE CAÑAS - AHUACATLAN - NAYARIT,21.03,-104.48,1330.0,19920301.0,40.0
10.18730/JY62T,G24346,FULL,Phaseolus,vulgaris,Phaseolus vulgaris,100,19920301,MEX,ACATLAN DE JUAREZ - ACATLAN DE JUAREZ - JALISCO,20.42,-103.58,1390.0,19920301.0,40.0
10.18730/JY63V,G24347,FULL,Phaseolus,vulgaris,Phaseolus vulgaris,100,19920301,MEX,KM 0.5 NEVADO DE COLIMA - ZAPOTILTIC - JALISCO,19.6,-103.53,1820.0,19920301.0,40.0
10.18730/K3FRH,G24343,FULL,Phaseolus,vulgaris,Phaseolus vulgaris,100,19920301,MEX,14 KM CHIQUILISTLAN-TECOLOTLAN - CHIQUILISTLAN - JALISCO,20.17,-103.92,1350.0,19920301.0,40.0
10.18730/JY67Z,G24344,FULL,Phaseolus,vulgaris,Phaseolus vulgaris,100,19920301,MEX,LAS PINTAS - TLAQUEPAQUE - JALISCO,20.58,-103.33,1540.0,19920301.0,40.0
10.18730/JY5XN,G24339,FULL,Phaseolus,vulgaris,Phaseolus vulgaris,100,19920301,MEX,4 KM CHIQUILISTLAN-TECOLOTLAN - CHIQUILISTLAN - JALISCO,20.13,-103.88,1600.0,19920301.0,40.0
10.18730/JY5YP,G24340,FULL,Phaseolus,vulgaris,Phaseolus vulgaris,100,19920301,MEX,8 KM CHIQUILISTLAN-TECOLOTLAN - CHIQUILISTLAN - JALISCO,20.13,-103.9,1420.0,19920301.0,40.0
10.18730/JY5ZQ,G24341,FULL,Phaseolus,vulgaris,Phaseolus vulgaris,100,19920301,MEX,11 KM CHIQUILISTLAN-TECOLOTLAN - CHIQUILISTLAN - JALISCO,20.18,-103.9,1330.0,19920301.0,40.0
10.18730/JY5VK,G24337,FULL,Phaseolus,vulgaris,Phaseolus vulgaris,100,19920301,MEX,2 KM N CHIQUILISTLAN - CHIQUILISTLAN - JALISCO,20.12,-103.85,1670.0,19920301.0,40.0
10.18730/S3PYF,G24334B,FULL,Phaseolus,vulgaris,Phaseolus vulgaris,100,19920301,MEX,KM 23 TAPALPA-CHIQUILISTLAN - CHIQUILISTLAN - JALISCO,20.08,-103.85,1650.0,19920301.0,40.0
10.18730/JY5QF,G24330,FULL,Phaseolus,vulgaris,Phaseolus vulgaris,100,19920301,MEX,VOLCAN DE COLIMA - TUXPAN - JALISCO,19.6,-103.37,1700.0,19920301.0,40.0
10.18730/PG9CP,G24332,FULL,Phaseolus,vulgaris,Phaseolus vulgaris,100,19920301,MEX,KM 2 TAPALPA-CHIQUILISTLAN - TAPALPA - JALISCO,19.95,-103.78,2010.0,19920301.0,40.0
10.18730/K128G,G2433,FULL,Phaseolus,vulgaris,Phaseolus vulgaris,300,19700901,MEX,MONTERO - AGUASCALIENTES - AGUASCALIENTES,21.79,-102.36,1979.0,19700901.0,40.0
10.18730/S6MHD,G24329A,FULL,Phaseolus,vulgaris,Phaseolus vulgaris,100,19920301,MEX,LA CALAVERNA - CONCEPCION BUENOS AIRES - JALISCO,19.92,-103.35,1950.0,19920301.0,40.0
10.18730/JY5PE,G24328,FULL,Phaseolus,vulgaris,Phaseolus vulgaris,100,19920301,MEX,EL LIMONCITO - CUAUTITLAN - JALISCO,19.45,-104.37,1600.0,19920301.0,40.0
10.18730/JY5ND,G24327,FULL,Phaseolus,vulgaris,Phaseolus vulgaris,100,19920301,MEX,EL MOLINO - EL GRULLO - JALISCO,19.57,-104.38,1000.0,19920301.0,40.0
10.18730/JY5MC,G24326,FULL,Phaseolus,vulgaris,Phaseolus vulgaris,100,19920301,MEX,AGUA ESCONDIDA - SAN MARCOS - JALISCO,20.78,-104.2,1680.0,19920301.0,40.0
10.18730/JY5KB,G24325,FULL,Phaseolus,vulgaris,Phaseolus vulgaris,100,19920301,MEX,CHORROS DE TALA - TALA - JALISCO,20.65,-103.7,1680.0,19920301.0,40.0
10.18730/S3PXE,G24324A,FULL,Phaseolus,vulgaris,Phaseolus vulgaris,100,19920301,MEX,PUENTE GRANDE - ZAPOTLANEJO - JALISCO,20.57,-103.15,1360.0,19920301.0,40.0
10.18730/JY5C4,G24323,FULL,Phaseolus,vulgaris,Phaseolus vulgaris,100,19920201,MEX,4 KM E BOCHIL - BOCHIL - CHIAPAS,17.08,-93.08,1280.0,19920201.0,10.0
10.18730/S1GJM,G24276D,FULL,Phaseolus,vulgaris,Phaseolus vulgaris,100,19911001,MEX,"POLANCO, NEAR BATOPILAS - BATOPILAS - CHIHUAHUA",27.0,-107.72,,19911001.0,40.0
10.18730/PGCTN,G24277,FULL,Phaseolus,vulgaris,Phaseolus vulgaris,100,19911001,MEX,"ROCHEACHI, ARROYO ARRIBA AREA - BATOPILAS - CHIHUAHUA",27.17,-107.25,,19911001.0,40.0
10.18730/K123B,G2408,FULL,Phaseolus,vulgaris,Phaseolus vulgaris,300,19700901,MEX,"SAN BERNARDO, RIO MAYO COASTAL LOWLANDS - ALAMOS - SONORA",27.4,-108.85,,19700901.0,40.0
10.18730/S489F,G24009B,FULL,Phaseolus,vulgaris,Phaseolus vulgaris,300,19850925,MEX,LA POZA - GALEANA - NUEVO LEON,24.71,-100.02,1620.0,19850925.0,20.0
10.18730/JVYCT,G23850,FULL,Phaseolus,vulgaris,Phaseolus vulgaris,300,19850925,MEX,DIECIOCHO DE MARZO - GALEANA - NUEVO LEON,24.87,-100.14,1880.0,19850925.0,20.0
10.18730/JXWHH,G23677,FULL,Phaseolus,vulgaris,Phaseolus vulgaris,100,19891101,MEX,"RIO SANCHEZ AT SAN JOSE DEL REFUGIO, 9 KM ARANDAS - ARANDAS - JALISCO",20.67,-102.38,1829.0,19891101.0,40.0
10.18730/JXWJJ,G23678,FULL,Phaseolus,vulgaris,Phaseolus vulgaris,100,19891101,MEX,"CERRO DEL AGUILA, BARRANCA DEL MUERTO - SANTA MARIA DEL VALLE - JALISCO",20.9,-102.37,2100.0,19891101.0,40.0
10.18730/PGCQJ,G23650,FULL,Phaseolus,vulgaris,Phaseolus vulgaris,100,19891101,MEX,7 KM FROM CIUDAD HIDALGO - CIUDAD HIDALGO - MICHOACAN,19.7,-100.55,,19891101.0,40.0
10.18730/JXVGN,G23651,FULL,Phaseolus,vulgaris,Phaseolus vulgaris,100,19891101,MEX,"5 KM EAST TUXPAN, P.F. - TUXPAN - MICHOACAN",19.7,-100.47,,19891101.0,40.0
10.18730/JXVFM,G23649,FULL,Phaseolus,vulgaris,Phaseolus vulgaris,100,19891101,MEX,"5 KM EAST TUXPAN, P.F. - TUXPAN - MICHOACAN",19.57,-100.47,,19891101.0,40.0
10.18730/K105Q,G2362,FULL,Phaseolus,vulgaris,Phaseolus vulgaris,300,19700901,MEX,ARRIAGA - ARRIAGA - CHIAPAS,16.23,-93.95,330.0,19700901.0,40.0
10.18730/PG75S,G23590,FULL,Phaseolus,vulgaris,Phaseolus vulgaris,200,19890201,MEX,COMALTEPEC - COMALTEPEC - OAXACA,17.57,-96.55,1900.0,19890201.0,40.0
10.18730/PG76T,G23591,FULL,Phaseolus,vulgaris,Phaseolus vulgaris,200,19890201,MEX,SANTA MARIA ECATEPEC - SANTA MARIA ECATEPEC - OAXACA,16.28,-95.88,1800.0,19890201.0,40.0
10.18730/K10H=,G2359,FULL,Phaseolus,vulgaris,Phaseolus vulgaris,300,19700901,MEX,SAN MIGUEL TENANGO - SANTO DOMINGO TEHUANTEPEC - OAXACA,16.27,-95.6,1160.0,19700901.0,40.0
10.18730/PGCNG,G23555,FULL,Phaseolus,vulgaris,Phaseolus vulgaris,100,19890501,MEX,CANON S. BAYACORA - DURANGO - DURANGO,23.92,-104.57,1950.0,19890501.0,40.0
10.18730/JXMSW,G23556,FULL,Phaseolus,vulgaris,Phaseolus vulgaris,100,19890501,MEX,"RIO EL TUNAL,P.P.R.THOMPSON - DURANGO - DURANGO",24.0,-104.73,1860.0,19890501.0,40.0
10.18730/S4D8T,G23554F,FULL,Phaseolus,vulgaris,Phaseolus vulgaris,200,19890501,MEX,LA CAMPANA - GUADALUPE VICTORIA - DURANGO,24.2,-104.1,1950.0,19890501.0,40.0
10.18730/JXMBE,G23550,FULL,Phaseolus,vulgaris,Phaseolus vulgaris,100,19890501,MEX,"CARRETERA ZACATECAS-GUADALAJARA,1.2 KM PASANDO SANTA ROSA - MOYAHUA DE ESTRADA - ZACATECAS",21.25,-103.17,1700.0,19890501.0,40.0
10.18730/JXMCF,G23551,FULL,Phaseolus,vulgaris,Phaseolus vulgaris,100,19890501,MEX,EL COCO - CONCORDIA - SINALOA,23.33,-105.88,710.0,19890501.0,40.0
10.18730/JXMDG,G23552,FULL,Phaseolus,vulgaris,Phaseolus vulgaris,100,19890501,MEX,EJIDO PAURA - EL MEZQUITAL - DURANGO,23.6,-104.33,1460.0,19890501.0,40.0
10.18730/JXM9C,G23548,FULL,Phaseolus,vulgaris,Phaseolus vulgaris,100,19890501,MEX,KM 247 CARRETERA DURANGO-MAZATLAN - CONCORDIA - SINALOA,23.48,-105.93,710.0,19890501.0,40.0
10.18730/K0ZYG,G2355,FULL,Phaseolus,vulgaris,Phaseolus vulgaris,300,19700901,MEX,"SAN PEDRO HUAMELULA, EL COYOL - SANTO DOMINGO TEHUANTEPEC - OAXACA",16.0,-95.75,914.0,19700901.0,40.0
10.18730/S548P,G23547A,FULL,Phaseolus,vulgaris,Phaseolus vulgaris,100,19890501,MEX,LA PUNTA - NOMBRE DE DIOS - DURANGO,24.03,-104.0,1850.0,19890501.0,40.0
10.18730/PGCKE,G23545,FULL,Phaseolus,vulgaris,Phaseolus vulgaris,100,19890501,MEX,AGUA BLANCA - PANUCO DE CORONADO - DURANGO,24.33,-104.28,1990.0,19890501.0,40.0
10.18730/S5SYD,G23542A,FULL,Phaseolus,vulgaris,Phaseolus vulgaris,100,19880501,MEX,AMATLAN - TEPOZTLAN - MORELOS,18.97,-99.03,1700.0,19880501.0,40.0
10.18730/PG72P,G23543,FULL,Phaseolus,vulgaris,Phaseolus vulgaris,200,19880501,MEX,SAN ANDRES DE LA CAL - TEPOZTLAN - MORELOS,18.96,-99.11,1400.0,19880501.0,40.0
10.18730/JXC8E,G23544,FULL,Phaseolus,vulgaris,Phaseolus vulgaris,100,19880501,MEX,TEPOZTLAN-YAUTEPEC ROAD - TEPOZTLAN - MORELOS,19.0,-99.07,1600.0,19880501.0,40.0
10.18730/JXCW$,G23541,FULL,Phaseolus,vulgaris,Phaseolus vulgaris,100,19880501,MEX,"AHUEHUETZINGO, CHALMA ROAD - MAZATEPEC - MORELOS",18.67,-99.32,1950.0,19880501.0,40.0
10.18730/K0ZXF,G2354,FULL,Phaseolus,vulgaris,Phaseolus vulgaris,300,19700901,MEX,SAN CRISTOBAL DE LAS CASAS - SAN CRISTOBAL DE LAS CASAS - CHIAPAS,16.73,-92.62,2755.0,19700901.0,40.0
10.18730/PG71N,G23540,FULL,Phaseolus,vulgaris,Phaseolus vulgaris,200,19880501,MEX,MEXICO CUOTA ROAD - TEPOZTLAN - MORELOS,19.0,-99.13,1900.0,19880501.0,40.0
10.18730/JXC7D,G23536,FULL,Phaseolus,vulgaris,Phaseolus vulgaris,100,19880501,MEX,TLACOTEPEC - ZACUALPAN DE AMILPAS - MORELOS,18.82,-98.75,1800.0,19880501.0,40.0
10.18730/K3NCC,G23535,FULL,Phaseolus,vulgaris,Phaseolus vulgaris,100,19880501,MEX,TEPOZTLAN-YAUTEPEC ROAD - TEPOZTLAN - MORELOS,18.95,-99.08,1450.0,19880501.0,40.0
10.18730/JXCGP,G23533,FULL,Phaseolus,vulgaris,Phaseolus vulgaris,100,19880501,MEX,PALO GRANDE - MIACATLAN - MORELOS,18.83,-99.4,1550.0,19880501.0,40.0
10.18730/JXC4A,G23534,FULL,Phaseolus,vulgaris,Phaseolus vulgaris,100,19880501,MEX,TEPOZTLAN-YAUTEPEC ROAD - TEPOZTLAN - MORELOS,18.97,-99.08,1600.0,19880501.0,40.0
10.18730/JXCMT,G23530,FULL,Phaseolus,vulgaris,Phaseolus vulgaris,100,19880501,MEX,MALINALCO - MALINALCO - MEXICO,18.95,-99.5,1850.0,19880501.0,40.0
10.18730/JXCDK,G23531,FULL,Phaseolus,vulgaris,Phaseolus vulgaris,100,19880501,MEX,OAXTEPEC - PANTITLAN - MORELOS,18.9,-99.97,1350.0,19880501.0,40.0
10.18730/PGCFA,G23526,FULL,Phaseolus,vulgaris,Phaseolus vulgaris,100,19880501,MEX,TLALNEPANTLA - TLALNEPANTLA - MORELOS,19.0,-99.0,1950.0,19880501.0,40.0
10.18730/JXBQ$,G23522,FULL,Phaseolus,vulgaris,Phaseolus vulgaris,100,19880501,MEX,XOCHITLAN - YECAPIXTLA - MORELOS,18.87,-98.82,1750.0,19880501.0,40.0
10.18730/S6HJX,G23511A,FULL,Phaseolus,vulgaris,Phaseolus vulgaris,100,19880501,MEX,"9-10 KM FROM EL CHANTE, S CARRETERA NEAR MANANTLAN, ASSO. WITH Z.DIPLOPERN. - EL GRULLO - JALISCO",19.72,-104.2,1300.0,19880501.0,40.0
10.18730/JXBJX,G23512,FULL,Phaseolus,vulgaris,Phaseolus vulgaris,100,19880501,MEX,"KM 56 TECOLATLAN-GUADALAJARA, LOS CUARTOS - TECOLOTLAN - JALISCO",20.26,-103.94,1420.0,19880501.0,40.0
10.18730/JXBX3,G23510,FULL,Phaseolus,vulgaris,Phaseolus vulgaris,100,19880501,MEX,"8 KM BEYOND EL CHANTE, E OF AUTLAN - EL GRULLO - JALISCO",19.73,-104.22,1300.0,19880501.0,40.0
10.18730/JXCFN,G23507,FULL,Phaseolus,vulgaris,Phaseolus vulgaris,100,19880501,MEX,"ROAD TO NEVADO DE COLIMA, 10 KM FROM EMPALME, JAL. - ATENQUIQUE - JALISCO",19.53,-103.58,1920.0,19880501.0,40.0
10.18730/JXBZ5,G23505,FULL,Phaseolus,vulgaris,Phaseolus vulgaris,100,19880501,MEX,TEPOZTLAN - TEPOZTLAN - MORELOS,18.98,-99.1,1900.0,19880501.0,40.0
10.18730/PGCB6,G23506,FULL,Phaseolus,vulgaris,Phaseolus vulgaris,100,19880501,MEX,"24 KM NE OF CIUDAD GUZMAN, LA CALAVERNA - CONCEPCION BUENOS AIRES - JALISCO",19.92,-103.33,2000.0,19880501.0,40.0
10.18730/PHX09,G23482,FULL,Phaseolus,vulgaris,Phaseolus vulgaris,200,19880901,MEX,"JALPA, ROAD TO TLALTENANGO - JALPA - ZACATECAS",21.68,-103.05,,19880901.0,40.0
10.18730/JXGH3,G23480,FULL,Phaseolus,vulgaris,Phaseolus vulgaris,100,19880901,MEX,"NEAR GUANAJUATO-JALISCO BORDER, OUT FROM LAGUNILLAS - LEON - GUANAJUATO",21.22,-101.8,,19880901.0,40.0
10.18730/JXBSU,G23470,FULL,Phaseolus,vulgaris,Phaseolus vulgaris,100,19880501,MEX,YALALAG - VILLA ALTA ROAD - BETAZA - OAXACA,17.32,-96.03,950.0,19880501.0,40.0
10.18730/S34PQ,G2346B,FULL,Phaseolus,vulgaris,Phaseolus vulgaris,300,19700901,MEX,SAN CRISTOBAL DE LAS CASAS - SAN CRISTOBAL DE LAS CASAS - CHIAPAS,16.75,-92.63,2755.0,19700901.0,40.0
10.18730/JXCRY,G23468,FULL,Phaseolus,vulgaris,Phaseolus vulgaris,100,19880501,MEX,OACALCO - YAUTEPEC - MORELOS,18.9,-99.03,1200.0,19880501.0,40.0
10.18730/JXD01,G23466,FULL,Phaseolus,vulgaris,Phaseolus vulgaris,100,19880501,MEX,PANTITLAN - TLAYACAPAN - MORELOS,18.9,-99.0,1350.0,19880501.0,40.0
10.18730/JXCQX,G23467,FULL,Phaseolus,vulgaris,Phaseolus vulgaris,100,19880501,MEX,IGNACIO BASTIDA - YAUTEPEC - MORELOS,18.94,-99.02,,19880501.0,40.0
10.18730/JXCT*,G23465,FULL,Phaseolus,vulgaris,Phaseolus vulgaris,100,19880501,MEX,TLALNEPANTLA - TLALNEPANTLA - MORELOS,19.0,-99.02,1950.0,19880501.0,40.0
10.18730/JXD9A,G23463,FULL,Phaseolus,vulgaris,Phaseolus vulgaris,100,19880101,MEX,"PT. PIMA, LAS GALLINAS - YEPACHIC - CHIHUAHUA",28.33,-108.5,1530.0,19880101.0,40.0
10.18730/JX3Y7,G23433,FULL,Phaseolus,vulgaris,Phaseolus vulgaris,100,19871128,MEX,0.5 KM W DE VOLCAN BATEA - VALLE DE SANTIAGO - GUANAJUATO,20.32,-101.2,1850.0,19871128.0,10.0
10.18730/JX3BS,G23431,FULL,Phaseolus,vulgaris,Phaseolus vulgaris,100,19871128,MEX,1 KM SW DE TEMASCALTEPEC - TEMASCALTEPEC - MEXICO,19.03,-100.05,1630.0,19871128.0,10.0
10.18730/JX3K~,G23432,FULL,Phaseolus,vulgaris,Phaseolus vulgaris,100,19871128,MEX,4 KM NE DE CHALMA - OCUILAN - MEXICO,18.95,-99.43,1890.0,19871128.0,10.0
10.18730/JX39Q,G23430,FULL,Phaseolus,vulgaris,Phaseolus vulgaris,100,19871128,MEX,9 KM E DE CHILPANCINGO - TIXTLA - GUERRERO,17.57,-99.41,1620.0,19871128.0,10.0
10.18730/S1NT3,G2342A,FULL,Phaseolus,vulgaris,Phaseolus vulgaris,300,19700901,MEX,TEOPISCA - TEOPISCA - CHIAPAS,16.55,-92.47,1950.0,19700901.0,40.0
10.18730/JX2T8,G23429,FULL,Phaseolus,vulgaris,Phaseolus vulgaris,100,19871128,MEX,"4 KM NE DE ATLIXCO, BCO PTE LOS MOLINOS - SANTA ISABEL CHOLULA - PUEBLA",18.97,-98.38,1430.0,19871128.0,10.0
10.18730/S4BC3,G23415G,FULL,Phaseolus,vulgaris,Phaseolus vulgaris,200,19871128,MEX,3 KM S DE ESCANELILLA - PINAL DE AMOLES - QUERETARO,21.13,-99.62,1190.0,19871128.0,60.0
10.18730/K0ZH3,G2340,FULL,Phaseolus,vulgaris,Phaseolus vulgaris,300,19700901,MEX,COMITÁN DE DOMÍNGUEZ - COMITAN DE DOMINGUEZ - CHIAPAS,16.13,-91.92,1530.0,19700901.0,40.0
10.18730/K0YH8,G2295,FULL,Phaseolus,vulgaris,Phaseolus vulgaris,300,19700901,MEX,ORIZABA - ORIZABA - VERACRUZ,18.87,-97.1,1000.0,19700901.0,40.0
10.18730/S2SM2,G22840A,FULL,Phaseolus,vulgaris,Phaseolus vulgaris,300,19870701,MEX,"TLAXIACO, RANCHERIA PALO LETRA - TLAXIACO - OAXACA",17.28,-97.69,2450.0,19870701.0,40.0
10.18730/JWGSQ,G22839,FULL,Phaseolus,vulgaris,Phaseolus vulgaris,300,19870701,MEX,HUITZILAC - HUITZILAC - MORELOS,19.04,-99.27,2100.0,19870701.0,40.0
10.18730/JRB2U,G22836,FULL,Phaseolus,vulgaris,Phaseolus vulgaris,300,19800501,MEX,PLAN DE GUADALUPE - TETELES - PUEBLA,19.87,-97.43,,19800501.0,40.0
10.18730/JWG0=,G22837,FULL,Phaseolus,vulgaris,Phaseolus vulgaris,100,19870601,MEX,SAN PABLO BALLEZA - SAN PABLO BALLEZA - CHIHUAHUA,26.93,-106.42,1750.0,19870601.0,40.0
10.18730/JRAVX,G22833,FULL,Phaseolus,vulgaris,Phaseolus vulgaris,300,19800501,MEX,COYAME - CATEMACO - VERACRUZ,18.44,-95.02,340.0,19800501.0,40.0
10.18730/K3ENK,G22830,FULL,Phaseolus,vulgaris,Phaseolus vulgaris,300,19800501,MEX,RANCHO MORELOS - VILLA DE GUADALUPE - SAN LUIS POTOSI,23.37,-100.75,,19800501.0,40.0
10.18730/JRA8A,G22829,FULL,Phaseolus,vulgaris,Phaseolus vulgaris,300,19800501,MEX,MATEHUALA - MATEHUALA - SAN LUIS POTOSI,23.66,-100.72,,19800501.0,40.0
10.18730/JR9DM,G22828,FULL,Phaseolus,vulgaris,Phaseolus vulgaris,300,19800501,MEX,"39 KM SE DE SAN LUIS POTOSI, OJO CALIENTE - SANTA MARIA DEL RIO - SAN LUIS POTOSI",21.85,-100.74,,19800501.0,40.0
10.18730/JR8RU,G22825,FULL,Phaseolus,vulgaris,Phaseolus vulgaris,300,19800501,MEX,COIXTLAHUACA - COIXTLAHUACA - OAXACA,17.72,-97.32,2100.0,19800501.0,40.0
10.18730/JR97E,G22826,FULL,Phaseolus,vulgaris,Phaseolus vulgaris,300,19800501,MEX,"44 KM NE DE SAN LUIS, RANCHO LA PURISIMA - VILLA HIDALGO - SAN LUIS POTOSI",22.46,-100.71,,19800501.0,40.0
10.18730/JR8Y5,G22827,FULL,Phaseolus,vulgaris,Phaseolus vulgaris,300,19800501,MEX,"48 KM SE DE SAN LUIS POTOSI, SANTA MARIA DEL RIO - SANTA MARIA DEL RIO - SAN LUIS POTOSI",21.8,-100.7,1740.0,19800501.0,40.0
10.18730/JR929,G22824,FULL,Phaseolus,vulgaris,Phaseolus vulgaris,300,19800501,MEX,"17 KM NE DE TEJUPAN, SAN CRISTOBAL SUCHIXTLAHUACA - COIXTLAHUACA - OAXACA",17.73,-97.37,2080.0,19800501.0,40.0
10.18730/JR907,G22822,FULL,Phaseolus,vulgaris,Phaseolus vulgaris,300,19800501,MEX,"13 KM N DE YANHUITLAN, YANHUITLAN - NOCHISTLAN - OAXACA",17.57,-97.35,2375.0,19800501.0,40.0
10.18730/S4TVH,G22821A,FULL,Phaseolus,vulgaris,Phaseolus vulgaris,300,19800501,MEX,"10 KM N DE NOCHIXTLAN, SAN MATEO - NOCHIXTLAN - OAXACA",17.52,-97.32,2090.0,19800501.0,40.0
10.18730/K0Y0W,G2282,FULL,Phaseolus,vulgaris,Phaseolus vulgaris,300,19700901,MEX,CORDOBA - CORDOBA - VERACRUZ,18.88,-96.95,1000.0,19700901.0,40.0
10.18730/S4TTG,G22817A,FULL,Phaseolus,vulgaris,Phaseolus vulgaris,300,19800501,MEX,ZIMATLAN - ZIMATLAN - OAXACA,16.87,-96.78,1510.0,19800501.0,40.0
10.18730/JR8V2,G22818,FULL,Phaseolus,vulgaris,Phaseolus vulgaris,300,19800501,MEX,CUILAPAN - ZIMATLAN - OAXACA,16.98,-96.77,1510.0,19800501.0,40.0
10.18730/JR8T1,G22816,FULL,Phaseolus,vulgaris,Phaseolus vulgaris,300,19800501,MEX,OCOTLAN DE MORELOS - OCOTLAN DE MORELOS - OAXACA,16.78,-96.67,1510.0,19800501.0,40.0
10.18730/JR85H,G22811,FULL,Phaseolus,vulgaris,Phaseolus vulgaris,300,19800501,MEX,MARAVATIO - MARAVATIO - MICHOACAN,19.9,-100.45,,19800501.0,40.0
10.18730/JR89N,G22815,FULL,Phaseolus,vulgaris,Phaseolus vulgaris,300,19800501,MEX,SAN PABLO ETLA - ETLA - OAXACA,17.15,-96.75,1640.0,19800501.0,40.0
10.18730/JR87K,G22806,FULL,Phaseolus,vulgaris,Phaseolus vulgaris,300,19800501,MEX,SAN MIGUEL SUCHIXTEPEC - MIAHUATLAN - OAXACA,16.09,-96.46,2600.0,19800501.0,40.0
10.18730/JR7S5,G22803,FULL,Phaseolus,vulgaris,Phaseolus vulgaris,300,19800501,MEX,MIAHUATLAN - MIAHUATLAN - OAXACA,16.32,-96.61,,19800501.0,40.0
10.18730/JR7YA,G22804,FULL,Phaseolus,vulgaris,Phaseolus vulgaris,300,19800501,MEX,"SUCHIXTEPEC, TRES CRUCES - MIAHUATLAN - OAXACA",16.05,-96.43,,19800501.0,40.0
10.18730/JR8ET,G22809,FULL,Phaseolus,vulgaris,Phaseolus vulgaris,300,19800501,MEX,"25 KM W TELOLOAPAN, CARR. A ARCELIA - TELOLOAPAN - GUERRERO",18.36,-99.86,,19800501.0,40.0
10.18730/JR7X9,G22808,FULL,Phaseolus,vulgaris,Phaseolus vulgaris,300,19800501,MEX,CHICHTONTIK - TENEJAPA - CHIAPAS,16.82,-92.52,,19800501.0,40.0
10.18730/S2N13,G22801A,FULL,Phaseolus,vulgaris,Phaseolus vulgaris,300,19800501,MEX,SAN MIGUEL DEL PUERTO - POCHUTLA - OAXACA,15.92,-96.17,1625.0,19800501.0,40.0
10.18730/JR83F,G22802,FULL,Phaseolus,vulgaris,Phaseolus vulgaris,300,19800501,MEX,SANTA CATARINA LOXICHA - POCHUTLA - OAXACA,16.07,-96.77,,19800501.0,40.0
10.18730/JR82E,G22800,FULL,Phaseolus,vulgaris,Phaseolus vulgaris,300,19800501,MEX,SAN PEDRO EL CHICO - POCHUTLA - OAXACA,15.75,-96.45,,19800501.0,40.0
10.18730/K0XPJ,G2280,FULL,Phaseolus,vulgaris,Phaseolus vulgaris,300,19700901,MEX,TEHUACAN - TEHUACAN - PUEBLA,18.45,-97.38,1660.0,19700901.0,40.0
10.18730/JR80C,G22798,FULL,Phaseolus,vulgaris,Phaseolus vulgaris,300,19800501,MEX,YANHUITLAN - NOCHISTLAN - OAXACA,17.54,-97.35,,19800501.0,40.0
10.18730/JR7G~,G22790,FULL,Phaseolus,vulgaris,Phaseolus vulgaris,300,19800501,MEX,SAN MIGUEL TOTOLAPAN - SAN MIGUEL TOTOLAPAN - GUERRERO,18.14,-100.39,,19800501.0,40.0
10.18730/JR6YF,G22786,FULL,Phaseolus,vulgaris,Phaseolus vulgaris,300,19800501,MEX,IXTENCO - IXTENCO - TLAXCALA,19.24,-97.89,,19800501.0,40.0
10.18730/K0X1$,G2249,FULL,Phaseolus,vulgaris,Phaseolus vulgaris,300,19700901,MEX,"CABORA, EL PLOMO - QUIRIEGO - SONORA",27.44,-109.57,660.0,19700901.0,40.0
10.18730/JW1YX,G22309,FULL,Phaseolus,vulgaris,Phaseolus vulgaris,100,19870301,MEX,"MI BOHIO, TEPOZTLAN-YAUTEPEC ROAD - TEPOZTLAN - MORELOS",18.93,-99.08,1350.0,19870301.0,40.0
10.18730/JVRKT,G22143,FULL,Phaseolus,vulgaris,Phaseolus vulgaris,300,19860101,MEX,TANQUE NUEVO - SAN DIEGO DE LA UNION - GUANAJUATO,21.46,-100.89,1981.0,19860101.0,20.0
10.18730/JVQ7K,G22091,FULL,Phaseolus,vulgaris,Phaseolus vulgaris,300,19830901,MEX,CUAPIAXTLA - TLAXCALA,19.31,-97.76,,19830901.0,20.0
10.18730/JVQBQ,G22070,FULL,Phaseolus,vulgaris,Phaseolus vulgaris,300,19830901,MEX,CHIHUAHUA - CHIHUAHUA - CHIHUAHUA,28.62,-106.07,1430.0,19830901.0,20.0
10.18730/JVPZB,G22047,FULL,Phaseolus,vulgaris,Phaseolus vulgaris,300,19830901,MEX,EL POBLANO - CORTAZAR - GUANAJUATO,20.47,-100.99,,19830901.0,20.0
10.18730/JVPH$,G22026,FULL,Phaseolus,vulgaris,Phaseolus vulgaris,300,19830901,MEX,SATEVO - SATEVO - CHIHUAHUA,27.96,-106.12,1368.0,19830901.0,20.0
10.18730/JVPJ=,G22027,FULL,Phaseolus,vulgaris,Phaseolus vulgaris,300,19830901,MEX,EL VELDUQUE - ZARAGOZA - CHIHUAHUA,27.63,-105.95,1490.0,19830901.0,20.0
10.18730/JVPG~,G22025,FULL,Phaseolus,vulgaris,Phaseolus vulgaris,300,19830901,MEX,EL LOBITO - GUACHOCHI - CHIHUAHUA,26.81,-107.1,2440.0,19830901.0,20.0
10.18730/JVPF*,G22024,FULL,Phaseolus,vulgaris,Phaseolus vulgaris,300,19830901,MEX,OXCHUC - OXCHUC - CHIAPAS,16.78,-92.34,1800.0,19830901.0,20.0
10.18730/K0VKS,G2193,FULL,Phaseolus,vulgaris,Phaseolus vulgaris,300,19700901,MEX,SALTILLO - SALTILLO - COAHUILA,25.42,-101.0,,19700901.0,40.0
10.18730/JVYDV,G21192,FULL,Phaseolus,vulgaris,Phaseolus vulgaris,300,19850925,MEX,SANTA ROSA - ITURBIDE - NUEVO LEON,24.71,-100.14,1460.0,19850925.0,20.0
10.18730/JVY6M,G21193,FULL,Phaseolus,vulgaris,Phaseolus vulgaris,300,19850925,MEX,CAMARONES - ITURBIDE - NUEVO LEON,24.53,-99.79,1030.0,19850925.0,20.0
10.18730/JVY2G,G21191,FULL,Phaseolus,vulgaris,Phaseolus vulgaris,300,19850925,MEX,LA UNION - DOCTOR ARROYO - NUEVO LEON,23.79,-100.14,1570.0,19850925.0,20.0
10.18730/JVW6Y,G21161,FULL,Phaseolus,vulgaris,Phaseolus vulgaris,300,19850925,MEX,SANDIA GRANDE - ARAMBERRI - NUEVO LEON,24.21,-100.1,1490.0,19850925.0,20.0
10.18730/JVWH4,G21156,FULL,Phaseolus,vulgaris,Phaseolus vulgaris,300,19850925,MEX,LAMPACITOS - ARAMBERRI - NUEVO LEON,24.24,-99.69,990.0,19850925.0,20.0
10.18730/JVW0R,G21152,FULL,Phaseolus,vulgaris,Phaseolus vulgaris,300,19850925,MEX,SAN PEDRO DE RUEDAS Y LA CABALLADA - ARAMBERRI - NUEVO LEON,24.32,-99.79,1790.0,19850925.0,20.0
10.18730/JVVMC,G21142,FULL,Phaseolus,vulgaris,Phaseolus vulgaris,300,19850925,MEX,REFUGIO DE LOS CERROS BLANCOS Y OTROS - MIER Y NORIEGA - NUEVO LEON,23.45,-100.19,1450.0,19850925.0,20.0
10.18730/JVVB3,G21139,FULL,Phaseolus,vulgaris,Phaseolus vulgaris,300,19850925,MEX,LA CARDONA - MIER Y NORIEGA - NUEVO LEON,23.4,-99.99,1820.0,19850925.0,20.0
10.18730/JVTPK,G21126,FULL,Phaseolus,vulgaris,Phaseolus vulgaris,300,19850925,MEX,EL RUCIO Y OTROS - ARAMBERRI - NUEVO LEON,24.41,-99.8,1460.0,19850925.0,20.0
10.18730/JVWCU,G19936,FULL,Phaseolus,vulgaris,Phaseolus vulgaris,300,19850925,MEX,EL SALTO - GENERAL ZARAGOZA - NUEVO LEON,23.96,-99.77,1410.0,19850925.0,20.0
10.18730/K0KNY,G1939,FULL,Phaseolus,vulgaris,Phaseolus vulgaris,300,19700901,MEX,TAPACHULA - TAPACHULA - CHIAPAS,14.9,-92.28,160.0,19700901.0,40.0
10.18730/JMKFM,G19207,FULL,Phaseolus,vulgaris,Phaseolus vulgaris,300,19781001,MEX,CHILA - APATZINGAN - MICHOACAN,18.92,-102.63,,19781001.0,40.0
10.18730/JMJTU,G19167,FULL,Phaseolus,vulgaris,Phaseolus vulgaris,300,19781001,MEX,SAN FRANSISCO TELIXTLAHUACA - ETLA - OAXACA,17.3,-96.92,1676.0,19781001.0,40.0
10.18730/JMJW1,G19169,FULL,Phaseolus,vulgaris,Phaseolus vulgaris,300,19781001,MEX,"SIERRA TARAHUMARA, CUMBRES DEL GATO - GUACHOCHI - CHIHUAHUA",26.87,-107.08,330.0,19781001.0,40.0
10.18730/PEW0D,G19161,FULL,Phaseolus,vulgaris,Phaseolus vulgaris,300,19781001,MEX,COSCOMATEPEC - COSCOMATEPEC - VERACRUZ,19.03,-97.03,1554.0,19781001.0,40.0
10.18730/JMJMY,G19163,FULL,Phaseolus,vulgaris,Phaseolus vulgaris,300,19781001,MEX,ARROYO ABOVE SAN FRANCISCO TELIXTLAHUACA - ETLA - OAXACA,17.33,-96.9,1676.0,19781001.0,40.0
10.18730/S41AE,G19158C,FULL,Phaseolus,vulgaris,Phaseolus vulgaris,300,19781001,MEX,SAN ANDRES AREA - SAN ANDRES CALPAN - PUEBLA,19.11,-98.47,160.0,19781001.0,40.0
10.18730/JMJJW,G19155,FULL,Phaseolus,vulgaris,Phaseolus vulgaris,300,19781001,MEX,20 MI N OF TELIXTLAHUACA - SANTIAGO NACALTEPEC - OAXACA,17.52,-96.91,1951.0,19781001.0,40.0
10.18730/PEVXA,G19153,FULL,Phaseolus,vulgaris,Phaseolus vulgaris,300,19781001,MEX,CHILTEPEC - GUADALUPE - PUEBLA,18.02,-98.18,2000.0,19781001.0,40.0
10.18730/JMJ0A,G19122,FULL,Phaseolus,vulgaris,Phaseolus vulgaris,300,19781001,MEX,OCOTLAN DE MORELOS - OCOTLAN DE MORELOS - MORELOS,16.8,-96.66,1730.0,19781001.0,40.0
10.18730/JMHEX,G19116,FULL,Phaseolus,vulgaris,Phaseolus vulgaris,300,19781001,MEX,CIUDAD HIDALGO - CIUDAD HIDALGO - MICHOACAN,19.71,-100.57,2000.0,19781001.0,40.0
10.18730/JMHGZ,G19118,FULL,Phaseolus,vulgaris,Phaseolus vulgaris,300,19781001,MEX,EJIDO TAVERA - TURICATO - MICHOACAN,19.06,-101.55,1650.0,19781001.0,40.0
10.18730/JMHNU,G19111,FULL,Phaseolus,vulgaris,Phaseolus vulgaris,300,19781001,MEX,SAHUAYO - SAHUAYO - MICHOACAN,20.07,-102.73,1700.0,19781001.0,40.0
10.18730/JMHQ1,G19113,FULL,Phaseolus,vulgaris,Phaseolus vulgaris,300,19781001,MEX,LA GOLETA - CHARO - MICHOACAN,19.73,-101.08,,19781001.0,40.0
10.18730/JMHK$,G19107,FULL,Phaseolus,vulgaris,Phaseolus vulgaris,300,19781001,MEX,TENANCINGO - TENANCINGO - MEXICO,18.97,-99.61,1842.0,19781001.0,40.0
10.18730/JMHH*,G19104,FULL,Phaseolus,vulgaris,Phaseolus vulgaris,300,19781001,MEX,SAN M. TOTOLCINGO - ACOLMAN - MEXICO,19.63,-98.96,2165.0,19781001.0,40.0
10.18730/JMH4K,G19102,FULL,Phaseolus,vulgaris,Phaseolus vulgaris,300,19781001,MEX,AMECAMECA - AMECAMECA - MEXICO,19.12,-98.78,2395.0,19781001.0,40.0
10.18730/JMH3J,G19101,FULL,Phaseolus,vulgaris,Phaseolus vulgaris,300,19781001,MEX,KM 36 CARRETERA MEXICO A PUEBLA - IXTAPALUCA - MEXICO,19.34,-98.74,1165.0,19781001.0,40.0
10.18730/JMHDW,G19099,FULL,Phaseolus,vulgaris,Phaseolus vulgaris,300,19781001,MEX,SANTACRUZ - TEXCOCO - MEXICO,19.51,-98.91,,19781001.0,40.0
10.18730/JMGWB,G19095,FULL,Phaseolus,vulgaris,Phaseolus vulgaris,300,19781001,MEX,CHALCO - CHALCO - MEXICO,19.27,-98.9,2660.0,19781001.0,40.0
10.18730/JMH1G,G19085,FULL,Phaseolus,vulgaris,Phaseolus vulgaris,300,19781001,MEX,QUILILLA - TECOLOTLAN - JALISCO,20.3,-103.89,2130.0,19781001.0,40.0
10.18730/K3DPS,G19076,FULL,Phaseolus,vulgaris,Phaseolus vulgaris,300,19781001,MEX,TEPATITLAN - TEPATITLAN DE MORELOS - JALISCO,20.84,-102.78,2000.0,19781001.0,40.0
10.18730/JMGGU,G19078,FULL,Phaseolus,vulgaris,Phaseolus vulgaris,300,19781001,MEX,JALOSTOTITLAN - SAN SALVADOR EL SECO - JALISCO,21.18,-102.49,1660.0,19781001.0,40.0
10.18730/JMGN4,G19069,FULL,Phaseolus,vulgaris,Phaseolus vulgaris,300,19781001,MEX,TIZAPAN EL ALTO - TIZAPAN EL ALTO - JALISCO,20.17,-103.07,1600.0,19781001.0,40.0
10.18730/PEVAW,G19057,FULL,Phaseolus,vulgaris,Phaseolus vulgaris,300,19781001,MEX,COAHUAYUTLA - COAHUAYUTLA - GUERRERO,18.32,-101.49,290.0,19781001.0,40.0
10.18730/JMGBZ,G19058,FULL,Phaseolus,vulgaris,Phaseolus vulgaris,300,19781001,MEX,TECPAN DE GALEANA - TECPAN - GUERRERO,17.25,-100.67,130.0,19781001.0,40.0
10.18730/JMG5S,G19053,FULL,Phaseolus,vulgaris,Phaseolus vulgaris,300,19781001,MEX,ATOTONILCO - SAN MIGUEL ALLENDE - GUANAJUATO,21.02,-100.79,2330.0,19781001.0,40.0
10.18730/JMG7V,G19054,FULL,Phaseolus,vulgaris,Phaseolus vulgaris,300,19781001,MEX,SALAMANCA - SALAMANCA - GUANAJUATO,20.58,-101.2,1722.0,19781001.0,40.0
10.18730/JMFK7,G19042,FULL,Phaseolus,vulgaris,Phaseolus vulgaris,300,19781001,MEX,ROAD DURANGO-ZACATECAS KM 220 - CIUDAD LERDO - DURANGO,25.52,-103.54,1900.0,19781001.0,40.0
10.18730/PEV5Q,G19035,FULL,Phaseolus,vulgaris,Phaseolus vulgaris,300,19781001,MEX,CANDELARIA - JIQUIPILAS - CHIAPAS,16.72,-93.64,1000.0,19781001.0,40.0
10.18730/S2HP7,G19027A,FULL,Phaseolus,vulgaris,Phaseolus vulgaris,300,19781001,MEX,IXTAPA - IXTAPA - CHIAPAS,16.82,-92.92,1117.0,19781001.0,40.0
10.18730/JMFG4,G19028,FULL,Phaseolus,vulgaris,Phaseolus vulgaris,300,19781001,MEX,LA TRINITARIA - LA TRINITARIA - CHIAPAS,16.05,-92.12,1860.0,19781001.0,40.0
10.18730/JMFC0,G19030,FULL,Phaseolus,vulgaris,Phaseolus vulgaris,300,19781001,MEX,SAN GREGORIO - FRONTERA COMALAPA - CHIAPAS,15.86,-91.97,1860.0,19781001.0,40.0
10.18730/PEV0J,G19020,FULL,Phaseolus,vulgaris,Phaseolus vulgaris,300,19781001,MEX,CHIAPILLA - CHIAPILLA - CHIAPAS,16.57,-92.71,530.0,19781001.0,40.0
10.18730/JMEYQ,G19018,FULL,Phaseolus,vulgaris,Phaseolus vulgaris,300,19781001,MEX,MIRAFLORES - SANTIAGO - BAJA CALIFORNIA SUR,23.37,-109.76,260.0,19781001.0,40.0
10.18730/JMFBU,G19017,FULL,Phaseolus,vulgaris,Phaseolus vulgaris,300,19781001,MEX,RANCHO NUEVO - AGUASCALIENTES - AGUASCALIENTES,22.08,-102.17,2160.0,19781001.0,40.0
10.18730/JMD53,G18963,FULL,Phaseolus,vulgaris,Phaseolus vulgaris,300,19781001,MEX,SIERRA DE LA VENTANA - FRONTERAS - SONORA,30.91,-109.47,1230.0,19781001.0,40.0
10.18730/S11FJ,G18962A,FULL,Phaseolus,vulgaris,Phaseolus vulgaris,300,19781001,MEX,JECOPACO - URUACHIC - CHIHUAHUA,27.73,-108.75,,19781001.0,40.0
10.18730/JMBKV,G18851,FULL,Phaseolus,vulgaris,Phaseolus vulgaris,300,19781001,MEX,"46 MI W OF PARRAL, ROADSIDE - PARRAL - CHIHUAHUA",27.0,-105.47,,19781001.0,40.0
10.18730/PESRF,G18797,FULL,Phaseolus,vulgaris,Phaseolus vulgaris,300,19781001,MEX,TAPACHULA - TAPACHULA - CHIAPAS,14.91,-92.3,660.0,19781001.0,40.0
10.18730/JM9G$,G18761,FULL,Phaseolus,vulgaris,Phaseolus vulgaris,300,19781001,MEX,APIZACO - XOCHITLAN - PUEBLA,18.75,-97.84,,19781001.0,40.0
10.18730/S1TB0,G18758A,FULL,Phaseolus,vulgaris,Phaseolus vulgaris,300,19781001,MEX,APIZACO - APIZACO - TLAXCALA,19.44,-98.15,1160.0,19781001.0,40.0
10.18730/JM8E0,G18721,FULL,Phaseolus,vulgaris,Phaseolus vulgaris,300,19781001,MEX,XOCHISTLAHUACA - XOCHISTLAHUACA - GUERRERO,16.79,-98.25,,19781001.0,40.0
10.18730/PERTP,G18715,FULL,Phaseolus,vulgaris,Phaseolus vulgaris,300,19781001,MEX,TENAMAXTLAN - TENAMAXTLAN - JALISCO,20.22,-104.17,,19781001.0,40.0
10.18730/JTJN~,G18443,FULL,Phaseolus,vulgaris,Phaseolus vulgaris,300,19830401,MEX,SAN JOSÉ DEL RIO - SAN JOSE DEL RIO - MEXICO,19.62,-99.8,,19830401.0,40.0
10.18730/K0G1S,G1824,FULL,Phaseolus,vulgaris,Phaseolus vulgaris,300,19700901,MEX,SIERRA GUIGORICHIC - GUIGORICHIC - CHIHUAHUA,27.73,-108.65,,19700901.0,40.0
10.18730/K0GG3,G1823,FULL,Phaseolus,vulgaris,Phaseolus vulgaris,300,19700901,MEX,SANTIAGO IXCUINTLA - SANTIAGO IXCUINTLA - NAYARIT,21.82,-105.22,44.0,19700901.0,40.0
10.18730/K3P50,G1821,FULL,Phaseolus,vulgaris,Phaseolus vulgaris,300,19700901,MEX,SAN PEDRO LAGUNILLAS - SAN PEDRO LAGUNILLAS - NAYARIT,21.21,-104.75,,19700901.0,40.0
10.18730/JT8N9,G18092,FULL,Phaseolus,vulgaris,Phaseolus vulgaris,300,19830101,MEX,ARCELIA - ARCELIA - GUERRERO,18.29,-100.27,,19830101.0,40.0
10.18730/JT8PA,G18093,FULL,Phaseolus,vulgaris,Phaseolus vulgaris,300,19830101,MEX,AMATITAN - AMATITAN - JALISCO,20.84,-103.72,1280.0,19830101.0,40.0
10.18730/JT8ZK,G18090,FULL,Phaseolus,vulgaris,Phaseolus vulgaris,300,19830101,MEX,BARRANCA DE HUERTA - LA BARRANCA - GUANAJUATO,20.37,-100.47,,19830101.0,40.0
10.18730/K0G0R,G1805,FULL,Phaseolus,vulgaris,Phaseolus vulgaris,300,19700901,MEX,LA BARCA - LA BARCA - JALISCO,20.28,-102.57,,19700901.0,40.0
10.18730/K0FYP,G1803,FULL,Phaseolus,vulgaris,Phaseolus vulgaris,300,19700901,MEX,OCOTLAN - OCOTLAN - JALISCO,20.35,-102.77,,19700901.0,40.0
10.18730/S1NR1,G1795A,FULL,Phaseolus,vulgaris,Phaseolus vulgaris,300,19700901,MEX,VILLAMAR - VILLAMAR - MICHOACAN,20.02,-102.6,,19700901.0,40.0
10.18730/K0FH9,G1789,FULL,Phaseolus,vulgaris,Phaseolus vulgaris,300,19700901,MEX,TARIMBARO - TARIMBARO - MICHOACAN,19.8,-101.17,,19700901.0,40.0
10.18730/JNH58,G17746,FULL,Phaseolus,vulgaris,Phaseolus vulgaris,300,19770601,MEX,XALATLA - CHICONTEPEC - VERACRUZ,20.93,-98.1,,19770601.0,40.0
10.18730/K0F1Y,G1769,FULL,Phaseolus,vulgaris,Phaseolus vulgaris,300,19700901,MEX,TOLUCA - TOLUCA - MEXICO,19.28,-99.82,2675.0,19700901.0,40.0
10.18730/JZ63F,G171,FULL,Phaseolus,vulgaris,Phaseolus vulgaris,300,19700901,MEX,SAN PEDRO AMUSGOS - PUTLA DE GUERRERO - OAXACA,16.66,-98.11,660.0,19700901.0,40.0
10.18730/JQBW0,G17057,FULL,Phaseolus,vulgaris,Phaseolus vulgaris,300,19791001,MEX,GUADALAJARA - GUADALAJARA - JALISCO,20.67,-103.47,1730.0,19791001.0,40.0
10.18730/JQAW5,G17050,FULL,Phaseolus,vulgaris,Phaseolus vulgaris,300,19791001,MEX,JALAPA - JALAPA - VERACRUZ,19.53,-96.96,,19791001.0,40.0
10.18730/JZ61D,G169,FULL,Phaseolus,vulgaris,Phaseolus vulgaris,300,19700901,MEX,OMETEPEC - OMETEPEC - GUERRERO,16.71,-98.4,330.0,19700901.0,40.0
10.18730/JHBS*,G16799,FULL,Phaseolus,vulgaris,Phaseolus vulgaris,100,19700901,MEX,12 MI W OF TELOLOAPAN - ACAPETLAHUAYA - GUERRERO,18.43,-100.07,1560.0,19700901.0,40.0
10.18730/JHBBJ,G16410,FULL,Phaseolus,vulgaris,Phaseolus vulgaris,300,19700901,MEX,TLATLAUQUITEPEC - TLATLAUQUITEPEC - PUEBLA,19.83,-97.48,1829.0,19700901.0,40.0
10.18730/PENES,G16407,FULL,Phaseolus,vulgaris,Phaseolus vulgaris,300,19700901,MEX,ALTOTONGA - ALTOTONGA - VERACRUZ,19.77,-97.23,1829.0,19700901.0,40.0
10.18730/S63W=,G16403A,FULL,Phaseolus,vulgaris,Phaseolus vulgaris,300,19700901,MEX,"ROAD ACATZINGO, FROM PEROTE AREA - PEROTE - VERACRUZ",19.57,-97.27,2660.0,19700901.0,40.0
10.18730/JHB3A,G16395,FULL,Phaseolus,vulgaris,Phaseolus vulgaris,300,19700901,MEX,ZINACANTEPEC - ZINACANTEPEC - PUEBLA,18.33,-97.25,1829.0,19700901.0,40.0
10.18730/JHB8F,G16397,FULL,Phaseolus,vulgaris,Phaseolus vulgaris,300,19700901,MEX,GROWN ON MOUNTAIN W OF CHILA - SAN GABRIEL CHILAC - PUEBLA,18.33,-97.5,2660.0,19700901.0,40.0
10.18730/JHB18,G16384,FULL,Phaseolus,vulgaris,Phaseolus vulgaris,300,19700901,MEX,COFRADIA DE SUCHITAN - COMALA - COLIMA,19.37,-103.72,1330.0,19700901.0,40.0
10.18730/JSHE6,G16100,FULL,Phaseolus,vulgaris,Phaseolus vulgaris,300,19820201,MEX,EJIDO SAN RAFAEL - GALEANA - NUEVO LEON,25.02,-100.61,,19820201.0,20.0
10.18730/JSHD5,G16099,FULL,Phaseolus,vulgaris,Phaseolus vulgaris,300,19820201,MEX,EJIDO EL JARRO - DOCTOR ARROYO - NUEVO LEON,23.71,-100.31,,19820201.0,20.0
10.18730/JSGSP,G16089,FULL,Phaseolus,vulgaris,Phaseolus vulgaris,300,19820201,MEX,EJIDO EL PORVENIR - ARAMBERRI - NUEVO LEON,24.16,-99.79,,19820201.0,20.0
10.18730/S1YT*,G16079A,FULL,Phaseolus,vulgaris,Phaseolus vulgaris,300,19820201,MEX,GOMEZ FARIAS - GOMEZ FARIAS - TAMAULIPAS,23.04,-99.17,,19820201.0,20.0
10.18730/JSGKG,G16078,FULL,Phaseolus,vulgaris,Phaseolus vulgaris,300,19820201,MEX,GALLOS GRANDES - TULA - TAMAULIPAS,22.75,-99.61,,19820201.0,20.0
10.18730/JSGA7,G16076,FULL,Phaseolus,vulgaris,Phaseolus vulgaris,300,19820201,MEX,ROSARIO DE TESOPACO - ROSARIO DE TESOPACO - SONORA,27.84,-109.39,380.0,19820201.0,20.0
10.18730/JSGQM,G16074,FULL,Phaseolus,vulgaris,Phaseolus vulgaris,300,19820201,MEX,SOYOPA - SOYOPA - SONORA,28.77,-109.64,250.0,19820201.0,20.0
10.18730/JSGMH,G16070,FULL,Phaseolus,vulgaris,Phaseolus vulgaris,300,19820201,MEX,LABOR DE BAVIACORA - BAVIACORA - SONORA,29.62,-110.13,420.0,19820201.0,20.0
10.18730/K3M9E,G16073,FULL,Phaseolus,vulgaris,Phaseolus vulgaris,300,19820201,MEX,REBEICO - SOYOPA - SONORA,28.89,-109.75,330.0,19820201.0,20.0
10.18730/JSG2U,G16068,FULL,Phaseolus,vulgaris,Phaseolus vulgaris,300,19820201,MEX,SAN RAFAEL - URES - SONORA,29.44,-110.4,280.0,19820201.0,20.0
10.18730/JSG1=,G16067,FULL,Phaseolus,vulgaris,Phaseolus vulgaris,300,19820201,MEX,EJIDO GRAL. BENJAMIN HILL - BENJAMIN HILL - SONORA,30.18,-111.12,590.0,19820201.0,20.0
10.18730/JSGFC,G16063,FULL,Phaseolus,vulgaris,Phaseolus vulgaris,300,19820201,MEX,EJIDO LA SANGRE - TUBUTAMA - SONORA,30.64,-111.42,520.0,19820201.0,20.0
10.18730/JSGHE,G16065,FULL,Phaseolus,vulgaris,Phaseolus vulgaris,300,19820201,MEX,EJIDO ASUCA - TUBUTAMA - SONORA,30.6,-111.47,500.0,19820201.0,20.0
10.18730/JSGEB,G16062,FULL,Phaseolus,vulgaris,Phaseolus vulgaris,300,19820201,MEX,SAN JOSÉ - TUBUTAMA - SONORA,30.71,-111.42,520.0,19820201.0,20.0
10.18730/JSGDA,G16061,FULL,Phaseolus,vulgaris,Phaseolus vulgaris,300,19820201,MEX,"EJIDO GRACIANO SANCHEZ, RANCHO HERMANOS PAREDES - SAN QUINTIN - BAJA CALIFORNIA NORTE",30.49,-115.97,20.0,19820201.0,20.0
10.18730/JSG30,G16060,FULL,Phaseolus,vulgaris,Phaseolus vulgaris,300,19820201,MEX,EJIDO DÍAZ ORDAZ - VIZCAINO - BAJA CALIFORNIA SUR,27.6,-113.54,50.0,19820201.0,20.0
10.18730/JSFSV,G16059,FULL,Phaseolus,vulgaris,Phaseolus vulgaris,300,19820201,MEX,SANTO DOMINGO - SANTO DOMINGO - BAJA CALIFORNIA SUR,25.53,-112.05,20.0,19820201.0,20.0
10.18730/JSFQS,G16057,FULL,Phaseolus,vulgaris,Phaseolus vulgaris,300,19820201,MEX,COLONIA NAVOJOA LOTE NO. 12 - CIUDAD CONSTITUCION - BAJA CALIFORNIA SUR,24.99,-111.72,50.0,19820201.0,20.0
10.18730/JSG63,G16054,FULL,Phaseolus,vulgaris,Phaseolus vulgaris,300,19820201,MEX,SANTIAGO PAPASQUIARO - SANTIAGO PAPASQUIARO - DURANGO,25.04,-105.4,,19820201.0,20.0
10.18730/JSG74,G16055,FULL,Phaseolus,vulgaris,Phaseolus vulgaris,300,19820201,MEX,POANAS - POANAS - DURANGO,23.96,-104.13,,19820201.0,20.0
10.18730/JSFTW,G16051,FULL,Phaseolus,vulgaris,Phaseolus vulgaris,300,19820201,MEX,RAMON CORONA - CUENCAME - DURANGO,24.18,-103.63,,19820201.0,20.0
10.18730/JSG41,G16052,FULL,Phaseolus,vulgaris,Phaseolus vulgaris,300,19820201,MEX,PENON BLANCO - PENON BLANCO - DURANGO,24.77,-104.02,,19820201.0,20.0
10.18730/JSFGJ,G16050,FULL,Phaseolus,vulgaris,Phaseolus vulgaris,300,19820201,MEX,CHAPULTEPEC - CUENCAME - DURANGO,24.4,-103.86,,19820201.0,20.0
10.18730/JSFEG,G16048,FULL,Phaseolus,vulgaris,Phaseolus vulgaris,300,19820201,MEX,VILLA UNION - POANAS - DURANGO,23.99,-104.05,,19820201.0,20.0
10.18730/JSFFH,G16049,FULL,Phaseolus,vulgaris,Phaseolus vulgaris,300,19820201,MEX,CUAUHTEMOC - CUENCAME - DURANGO,24.28,-103.81,,19820201.0,20.0
10.18730/JSFY*,G16046,FULL,Phaseolus,vulgaris,Phaseolus vulgaris,300,19820201,MEX,CUENCAME - CUENCAME - DURANGO,24.84,-103.7,,19820201.0,20.0
10.18730/JSF9B,G16041,FULL,Phaseolus,vulgaris,Phaseolus vulgaris,300,19820201,MEX,ZARAGOZA - PANUCO DE CORONADO - DURANGO,24.49,-104.36,,19820201.0,20.0
10.18730/JSFHK,G16042,FULL,Phaseolus,vulgaris,Phaseolus vulgaris,300,19820201,MEX,GUADALUPE VICTORIA - GUADALUPE VICTORIA - DURANGO,24.44,-104.14,,19820201.0,20.0
10.18730/JSFKN,G16035,FULL,Phaseolus,vulgaris,Phaseolus vulgaris,300,19820201,MEX,PANUCO DE CORONADO - PANUCO DE CORONADO - DURANGO,24.57,-104.34,,19820201.0,20.0
10.18730/JSFAC,G16033,FULL,Phaseolus,vulgaris,Phaseolus vulgaris,300,19820201,MEX,P. SUAREZ - DURANGO - DURANGO,23.87,-104.52,,19820201.0,20.0
10.18730/JSF57,G16021,FULL,Phaseolus,vulgaris,Phaseolus vulgaris,300,19820201,MEX,CALIXTO CONTRERAS - GUADALUPE VICTORIA - DURANGO,24.42,-104.04,,19820201.0,20.0
10.18730/JSF68,G16022,FULL,Phaseolus,vulgaris,Phaseolus vulgaris,300,19820201,MEX,MORELOS NUEVO IDEAL - SANTIAGO PAPASQUIARO - DURANGO,25.0,-105.2,,19820201.0,20.0
10.18730/JSEFP,G16016,FULL,Phaseolus,vulgaris,Phaseolus vulgaris,300,19820201,MEX,18 DE AGOSTO - POANAS - DURANGO,24.03,-104.17,,19820201.0,20.0
10.18730/JSF24,G16018,FULL,Phaseolus,vulgaris,Phaseolus vulgaris,300,19820201,MEX,PURISIMA - CUENCAME - DURANGO,24.24,-103.79,,19820201.0,20.0
10.18730/JSE5C,G16006,FULL,Phaseolus,vulgaris,Phaseolus vulgaris,300,19820201,MEX,EJIDO EMILIANO ZAPATA - CUENCA - DURANGO,24.43,-103.88,,19820201.0,20.0
10.18730/JSE6D,G16007,FULL,Phaseolus,vulgaris,Phaseolus vulgaris,300,19820201,MEX,SAN JOSE - CUENCAME - DURANGO,24.83,-103.68,,19820201.0,20.0
10.18730/JSET~,G16009,FULL,Phaseolus,vulgaris,Phaseolus vulgaris,300,19820201,MEX,RAMIREZ VICTORIA - NOMBRE DE DIOS - DURANGO,24.52,-104.12,,19820201.0,20.0
10.18730/JSEV$,G16010,FULL,Phaseolus,vulgaris,Phaseolus vulgaris,300,19820201,MEX,EJIDO LA JOYA - NOMBRE DE DIOS - DURANGO,23.84,-104.01,,19820201.0,20.0
10.18730/JSEJS,G16001,FULL,Phaseolus,vulgaris,Phaseolus vulgaris,300,19820201,MEX,TESVINO - SAN JUAN DEL RIO - DURANGO,24.57,-104.5,,19820201.0,20.0
10.18730/JSE7E,G15999,FULL,Phaseolus,vulgaris,Phaseolus vulgaris,300,19820201,MEX,SAN ANGEL - CUENCAME - DURANGO,24.35,-103.84,,19820201.0,20.0
10.18730/JSEBJ,G15994,FULL,Phaseolus,vulgaris,Phaseolus vulgaris,300,19820201,MEX,EJIDO ANCON - VICENTE GUERRERO - DURANGO,23.75,-104.0,,19820201.0,20.0
10.18730/JSDN~,G15987,FULL,Phaseolus,vulgaris,Phaseolus vulgaris,300,19820201,MEX,SANTA LUCIA - CANATLAN - DURANGO,24.47,-104.69,,19820201.0,20.0
10.18730/JSDKZ,G15980,FULL,Phaseolus,vulgaris,Phaseolus vulgaris,300,19820201,MEX,CARRILLO PUERTO - GUADALUPE VICTORIA - DURANGO,24.32,-104.03,,19820201.0,20.0
10.18730/JSHTJ,G15822,FULL,Phaseolus,vulgaris,Phaseolus vulgaris,300,19820201,MEX,LA ESTANCIA - ACONCHI - SONORA,29.79,-110.22,,19820201.0,20.0
10.18730/JNQNZ,G15640,FULL,Phaseolus,vulgaris,Phaseolus vulgaris,300,19781001,MEX,IXTLAHUACA - IXTLAHUACA - MEXICO,19.57,-99.77,,19781001.0,40.0
10.18730/JKW7G,G15499,FULL,Phaseolus,vulgaris,Phaseolus vulgaris,300,19770601,MEX,TEPANCO - TEPANCO - PUEBLA,18.54,-97.59,,19770601.0,40.0
10.18730/JKW4D,G15496,FULL,Phaseolus,vulgaris,Phaseolus vulgaris,300,19770601,MEX,SAN JOSE PURRUA - JUNGAPEO - MICHOACAN,19.5,-100.49,,19770601.0,40.0
10.18730/S0YE*,G15421A,FULL,Phaseolus,vulgaris,Phaseolus vulgaris,100,19700901,MEX,"ALONG ROAD, 23 MI W TELOLOAPAN - ARCELIA - GUERRERO",18.35,-100.22,1290.0,19700901.0,40.0
10.18730/JKVZ8,G15422,FULL,Phaseolus,vulgaris,Phaseolus vulgaris,100,19770601,MEX,ETLA - ETLA - OAXACA,17.22,-96.83,1900.0,19770601.0,40.0
10.18730/JPZA5,G14962,FULL,Phaseolus,vulgaris,Phaseolus vulgaris,300,19790601,MEX,RÍO COFRADIA - TUXCUECA - JALISCO,20.03,-103.55,,19790601.0,40.0
10.18730/JNMK7,G14859,FULL,Phaseolus,vulgaris,Phaseolus vulgaris,300,19781001,MEX,GROWN NEAR MARTÍNEZ DE LA TORRE - MARTINEZ DE LA TORRE - VERACRUZ,20.03,-97.1,,19781001.0,40.0
10.18730/JNQMY,G14875,FULL,Phaseolus,vulgaris,Phaseolus vulgaris,300,19781001,MEX,GROWN AT IXTAPAN - IXTAPAN DE LA SAL - MEXICO,18.83,-99.68,,19781001.0,40.0
10.18730/JNMTE,G14861,FULL,Phaseolus,vulgaris,Phaseolus vulgaris,300,19781001,MEX,JALACINGO - JALACINGO - VERACRUZ,19.8,-97.29,,19781001.0,40.0
10.18730/JH62$,G14504,FULL,Phaseolus,vulgaris,Phaseolus vulgaris,300,19700901,MEX,COTIJA - COTIJA - MICHOACAN,19.8,-102.7,1751.0,19700901.0,40.0
10.18730/K08RE,G1449,FULL,Phaseolus,vulgaris,Phaseolus vulgaris,300,19700901,MEX,BACANORA - BACANORA - SONORA,28.98,-109.4,300.0,19700901.0,40.0
10.18730/K08MA,G1440,FULL,Phaseolus,vulgaris,Phaseolus vulgaris,300,19700901,MEX,"SAN FERNANDO, 13 MI NW OF TUXTLA GUTIERREZ - TUXTLA GUTIERREZ - CHIAPAS",16.87,-93.22,610.0,19700901.0,40.0
10.18730/JRDA$,G14381,FULL,Phaseolus,vulgaris,Phaseolus vulgaris,300,19800501,MEX,JEREZ DE GARCÍA SALINAS - JEREZ DE GARCIA SALINAS - ZACATECAS,22.65,-103.0,,19800501.0,40.0
10.18730/JRA02,G14378,FULL,Phaseolus,vulgaris,Phaseolus vulgaris,300,19800501,MEX,SAN ISIDRO - CEDRAL - SAN LUIS POTOSI,23.87,-100.77,,19800501.0,40.0
10.18730/JMHR2,G14185,FULL,Phaseolus,vulgaris,Phaseolus vulgaris,300,19781001,MEX,CUITZEO - CUITZEO - MICHOACAN,19.97,-101.15,1831.0,19781001.0,40.0
10.18730/JMG6T,G14182,FULL,Phaseolus,vulgaris,Phaseolus vulgaris,300,19781001,MEX,VISTA HERMOSA - DOLORES HIDALGO - GUANAJUATO,21.3,-100.97,1750.0,19781001.0,40.0
10.18730/JNHZ$,G13875,FULL,Phaseolus,vulgaris,Phaseolus vulgaris,300,19770601,MEX,SAN MARTIN HIDALGO - SAN MARTIN HIDALGO - JALISCO,20.43,-103.93,,19770601.0,40.0
10.18730/S15AY,G13866A,FULL,Phaseolus,vulgaris,Phaseolus vulgaris,300,19800501,MEX,HUEJOTZINGO - HUEJOTZINGO - PUEBLA,19.15,-98.4,1200.0,19800501.0,40.0
10.18730/JR73M,G13867,FULL,Phaseolus,vulgaris,Phaseolus vulgaris,300,19800501,MEX,SAN MARTIN TLAPALA - ATLIXCO - PUEBLA,18.97,-98.43,,19800501.0,40.0
10.18730/JR9HR,G13868,FULL,Phaseolus,vulgaris,Phaseolus vulgaris,300,19800501,MEX,SALINAS - SALINAS - SAN LUIS POTOSI,22.62,-101.69,,19800501.0,40.0
10.18730/JRDH4,G13746,FULL,Phaseolus,vulgaris,Phaseolus vulgaris,300,19800501,MEX,19 KM DE FRESNILLO Y 2 KM DE RIO FLORIDA - FRESNILLO - ZACATECAS,23.33,-102.97,,19800501.0,40.0
10.18730/JRD5X,G13736,FULL,Phaseolus,vulgaris,Phaseolus vulgaris,300,19800501,MEX,"SILTEPEC, EL RODEO - BELLAVISTA - CHIAPAS",15.56,-92.26,,19800501.0,40.0
10.18730/JRCXN,G13730,FULL,Phaseolus,vulgaris,Phaseolus vulgaris,300,19800501,MEX,"SAN CRISTOBAL DE LAS CASAS, BUENAVISTA - SAN CRISTOBAL DE LAS CASAS - CHIAPAS",16.67,-92.64,,19800501.0,40.0
10.18730/JRCSH,G13727,FULL,Phaseolus,vulgaris,Phaseolus vulgaris,300,19800501,MEX,ZINAPECUARO - ZINAPECUARO - MICHOACAN,19.87,-100.82,,19800501.0,40.0
10.18730/JRC3*,G13717,FULL,Phaseolus,vulgaris,Phaseolus vulgaris,300,19800501,MEX,ACATLAN DE OSORIO - ACATLAN DE OSORIO - PUEBLA,18.17,-98.06,,19800501.0,40.0
10.18730/JRBQM,G13712,FULL,Phaseolus,vulgaris,Phaseolus vulgaris,300,19800501,MEX,ZARAGOZA - ZARAGOZA - PUEBLA,19.78,-97.55,2000.0,19800501.0,40.0
10.18730/JRBFC,G13692,FULL,Phaseolus,vulgaris,Phaseolus vulgaris,300,19800501,MEX,MORELIA - MORELIA - MICHOACAN,19.72,-101.18,1941.0,19800501.0,40.0
10.18730/JRB74,G13684,FULL,Phaseolus,vulgaris,Phaseolus vulgaris,300,19800501,MEX,HUAHUAXTLA - XOCHITLAN - PUEBLA,19.98,-97.6,,19800501.0,40.0
10.18730/JRAZ~,G13685,FULL,Phaseolus,vulgaris,Phaseolus vulgaris,300,19800501,MEX,HUAHUAXTLA - XOCHITLAN - PUEBLA,19.92,-97.63,,19800501.0,40.0
10.18730/JRBA7,G13686,FULL,Phaseolus,vulgaris,Phaseolus vulgaris,300,19800501,MEX,XOCHIAPULCO - ZACAPOAXTLA - PUEBLA,19.82,-97.65,,19800501.0,40.0
10.18730/JRBB8,G13687,FULL,Phaseolus,vulgaris,Phaseolus vulgaris,300,19800501,MEX,LA MANZANILLA - ZACAPOAXTLA - PUEBLA,19.84,-97.64,,19800501.0,40.0
10.18730/JRB52,G13682,FULL,Phaseolus,vulgaris,Phaseolus vulgaris,300,19800501,MEX,PLAN DE GUADALUPE - TLATLAUQUITEPEC - PUEBLA,19.8,-97.55,,19800501.0,40.0
10.18730/JRACE,G13677,FULL,Phaseolus,vulgaris,Phaseolus vulgaris,300,19800501,MEX,"TEPATLAN, SAN LUIS DEL PISO - AJALPAN - PUEBLA",18.39,-97.27,,19800501.0,40.0
10.18730/JRAKN,G13678,FULL,Phaseolus,vulgaris,Phaseolus vulgaris,300,19800501,MEX,CUATOTOLAPAN - HUEYAPAN DE OCAMPO - VERACRUZ,18.13,-95.3,,19800501.0,40.0
10.18730/JRB0$,G13681,FULL,Phaseolus,vulgaris,Phaseolus vulgaris,300,19800501,MEX,TLATLAUQUITEPEC - TLATLAUQUITEPEC - PUEBLA,19.87,-97.48,,19800501.0,40.0
10.18730/JRAHK,G13675,FULL,Phaseolus,vulgaris,Phaseolus vulgaris,300,19800501,MEX,"34 KM AL NE DE SAN LUIS, AHUALULCO - AHUALULCO - SAN LUIS POTOSI",22.4,-101.15,1890.0,19800501.0,40.0
10.18730/JRADF,G13671,FULL,Phaseolus,vulgaris,Phaseolus vulgaris,300,19800501,MEX,LEONCITO - VILLA DE GUADALUPE - SAN LUIS POTOSI,23.36,-100.78,,19800501.0,40.0
10.18730/JRABD,G13670,FULL,Phaseolus,vulgaris,Phaseolus vulgaris,300,19800501,MEX,RANCHO ZARAGOZA DE SOLIS - VILLA DE GUADALUPE - SAN LUIS POTOSI,23.24,-100.82,,19800501.0,40.0
10.18730/JRAAC,G13669,FULL,Phaseolus,vulgaris,Phaseolus vulgaris,300,19800501,MEX,BISNAGA - VILLA DE GUADALUPE - SAN LUIS POTOSI,23.47,-100.71,,19800501.0,40.0
10.18730/JR9XU,G13665,FULL,Phaseolus,vulgaris,Phaseolus vulgaris,300,19800501,MEX,"33 KM AL NO DE MATEHUALA, LAGUNILLAS - CEDRAL - SAN LUIS POTOSI",23.78,-100.57,1780.0,19800501.0,40.0
10.18730/JRA57,G13666,FULL,Phaseolus,vulgaris,Phaseolus vulgaris,300,19800501,MEX,AHUALULCO - AHUALULCO - SAN LUIS POTOSI,22.4,-101.17,,19800501.0,40.0
10.18730/JRA9B,G13668,FULL,Phaseolus,vulgaris,Phaseolus vulgaris,300,19800501,MEX,EJIDO LAS PALMAS - MATEHUALA - SAN LUIS POTOSI,23.47,-100.63,,19800501.0,40.0
10.18730/JR9Z1,G13660,FULL,Phaseolus,vulgaris,Phaseolus vulgaris,300,19800501,MEX,PRESA VERDE PRESITAS - CEDRAL - SAN LUIS POTOSI,23.97,-100.7,,19800501.0,40.0
10.18730/JR9W=,G13656,FULL,Phaseolus,vulgaris,Phaseolus vulgaris,300,19800501,MEX,R CERRO DE FLORES - CEDRAL - SAN LUIS POTOSI,23.87,-100.69,,19800501.0,40.0
10.18730/JR9NW,G13649,FULL,Phaseolus,vulgaris,Phaseolus vulgaris,300,19800501,MEX,EJIDO SANTA TERESA - AHUALULCO - SAN LUIS POTOSI,22.39,-101.3,,19800501.0,40.0
10.18730/JR9RZ,G13652,FULL,Phaseolus,vulgaris,Phaseolus vulgaris,300,19800501,MEX,EL SALERO - VENADO - SAN LUIS POTOSI,23.01,-101.1,,19800501.0,40.0
10.18730/JR9BJ,G13642,FULL,Phaseolus,vulgaris,Phaseolus vulgaris,300,19800501,MEX,"85 KM N DE SAN LUIS POTOSI RUMBO A CHARCO, MOCTEZUMA - MOCTEZUMA - SAN LUIS POTOSI",22.76,-101.07,2020.0,19800501.0,40.0
10.18730/JR8S0,G13635,FULL,Phaseolus,vulgaris,Phaseolus vulgaris,300,19800501,MEX,"30 KM SE DE OAXACA, SAN MIGUEL DEL VALLE - TLACOLULA DE MATAMOROS - OAXACA",16.98,-96.27,1610.0,19800501.0,40.0
10.18730/JR8DS,G13625,FULL,Phaseolus,vulgaris,Phaseolus vulgaris,300,19800501,MEX,CARR. IGUALA-CHILPANCINGO - CALTITLAN - GUERRERO,17.55,-98.59,,19800501.0,40.0
10.18730/JR7T6,G13620,FULL,Phaseolus,vulgaris,Phaseolus vulgaris,300,19800501,MEX,SAN SEBASTIAN PROGRESO - HUAJUAPAN DE LEON - OAXACA,17.81,-97.69,1620.0,19800501.0,40.0
10.18730/S2N02,G13618A,FULL,Phaseolus,vulgaris,Phaseolus vulgaris,300,19800501,MEX,TLAIXPAN - TECAMACHALCO - PUEBLA,18.91,-97.75,2100.0,19800501.0,40.0
10.18730/JR7H$,G13619,FULL,Phaseolus,vulgaris,Phaseolus vulgaris,300,19800501,MEX,SANTO DOMINGO YODOHINO - HUAJUAPAN DE LEON - OAXACA,17.67,-97.7,1620.0,19800501.0,40.0
10.18730/JR7KU,G13613,FULL,Phaseolus,vulgaris,Phaseolus vulgaris,300,19800501,MEX,MOROLEON - MOROLEON - GUANAJUATO,20.13,-101.2,,19800501.0,40.0
10.18730/JR72K,G13610,FULL,Phaseolus,vulgaris,Phaseolus vulgaris,300,19800501,MEX,TAMAZULAPAN - TAMAZULAPAN - OAXACA,17.67,-97.55,,19800501.0,40.0
10.18730/JR79T,G13609,FULL,Phaseolus,vulgaris,Phaseolus vulgaris,300,19800501,MEX,IZUCAR DE MATAMOROS - IZUCAR DE MATAMOROS - PUEBLA,18.6,-98.48,,19800501.0,40.0
10.18730/JR6TB,G13607,FULL,Phaseolus,vulgaris,Phaseolus vulgaris,300,19800501,MEX,SAN JUAN ATISMANA - TIANGUISMANALCO - PUEBLA,18.95,-98.43,,19800501.0,40.0
10.18730/JNE2M,G13566,FULL,Phaseolus,vulgaris,Phaseolus vulgaris,300,19781001,MEX,ACROSS HIGHWAY FROM EL SALTO - EL SALTO - JALISCO,20.54,-103.19,1660.0,19781001.0,40.0
10.18730/K06FF,G1355,FULL,Phaseolus,vulgaris,Phaseolus vulgaris,300,19700901,MEX,CINTALAPA DE FIGUEROA - CINTALAPA DE FIGUEROA - CHIAPAS,16.74,-93.72,230.0,19700901.0,40.0
10.18730/JNMXH,G13517,FULL,Phaseolus,vulgaris,Phaseolus vulgaris,300,19781001,MEX,MASCOTA - MASCOTA - JALISCO,20.54,-104.78,,19781001.0,40.0
10.18730/K06DD,G1333,FULL,Phaseolus,vulgaris,Phaseolus vulgaris,300,19700901,MEX,QUERETARO - QUERETARO - QUERETARO,20.67,-100.39,,19700901.0,40.0
10.18730/JS3YJ,G13181,FULL,Phaseolus,vulgaris,Phaseolus vulgaris,300,19790314,MEX,"10 KM SW DE JIMÉNEZ DE TEUL, A REFUGIO - JIMENEZ DE TEUL - ZACATECAS",23.03,-104.1,2370.0,19790314.0,20.0
10.18730/JS3TE,G13177,FULL,Phaseolus,vulgaris,Phaseolus vulgaris,300,19790314,MEX,7 KM PUERTA DE CABRERA A ENCINO DE PAZ - VILLA OCAMPO - DURANGO,26.25,-105.5,1900.0,19790314.0,20.0
10.18730/JS3VF,G13178,FULL,Phaseolus,vulgaris,Phaseolus vulgaris,300,19790314,MEX,"RACHO 3 KM W DE EL ALAMO, PLENITUD - FRESNILLO - ZACATECAS",23.22,-103.1,2050.0,19790314.0,20.0
10.18730/JS3QB,G13179,FULL,Phaseolus,vulgaris,Phaseolus vulgaris,300,19790314,MEX,"COLONIA MONTEMARIANA, EL AGUILA, AYO LAS MULAS - FRESNILLO - ZACATECAS",23.34,-103.14,2140.0,19790314.0,20.0
10.18730/JM2V6,G13030,FULL,Phaseolus,vulgaris,Phaseolus vulgaris,100,19780601,MEX,"6 MI S OF TECALITLAN, ALONG ROAD TO COLIMA - TECALITLAN - JALISCO",19.47,-103.35,1219.0,19780601.0,40.0
10.18730/JM2T5,G13029,FULL,Phaseolus,vulgaris,Phaseolus vulgaris,100,19780601,MEX,2 MI NE OF LA GARITA-CA. 10 MI E OF TAMAZULA - LA GARITA - JALISCO,19.73,-103.12,1280.0,19780601.0,40.0
10.18730/JM2W7,G13026,FULL,Phaseolus,vulgaris,Phaseolus vulgaris,100,19780601,MEX,"3 MI S OF CIUDAD GUZMAN, ALONG ROAD TO COLIMA - CIUDAD GUZMAN - JALISCO",19.7,-103.47,1524.0,19780601.0,40.0
10.18730/JM2X8,G13027,FULL,Phaseolus,vulgaris,Phaseolus vulgaris,100,19780601,MEX,"2-3 MI SE OF EST. TETITLAN, ON EDGE OF LAVA FIELD - AHUACATLAN - NAYARIT",21.1,-104.6,823.0,19780601.0,40.0
10.18730/JKVQ0,G13016,FULL,Phaseolus,vulgaris,Phaseolus vulgaris,100,19770601,MEX,PACHIVIA - IXCATEOPAN - GUERRERO,18.4,-99.77,1380.0,19770601.0,40.0
10.18730/JNH7A,G12988,FULL,Phaseolus,vulgaris,Phaseolus vulgaris,100,19770601,MEX,1 KM S.W. AYUTLA - AYUTLA - JALISCO,20.08,-104.37,,19770601.0,40.0
10.18730/JNGZ2,G12986,FULL,Phaseolus,vulgaris,Phaseolus vulgaris,100,19770601,MEX,"30 KM DE JALPA, FIRST RANCHO ROAD TO TLALTENANGO - JALPA - ZACATECAS",21.68,-103.1,,19770601.0,40.0
10.18730/K3DVY,G12964,FULL,Phaseolus,vulgaris,Phaseolus vulgaris,100,19781001,MEX,"CERRO ESPINA DEL DIABLO, BETWEEN SAN MIGUEL EL ALTO & SAN JULIAN - SAN MIGUEL EL ALTO - JALISCO",21.02,-102.25,,19781001.0,40.0
10.18730/PMDG*,G12945,FULL,Phaseolus,vulgaris,Phaseolus vulgaris,200,19781001,MEX,ABOVE BRIDGE & ACROSS FROM PRIVATE HOUSE IN EL TULE - ARANDAS - JALISCO,20.7,-102.35,1800.0,19781001.0,40.0
10.18730/JNE0J,G12913,FULL,Phaseolus,vulgaris,Phaseolus vulgaris,100,19781001,MEX,"CERRO DE TORO, CUARERAMO - PENJAMO - GUANAJUATO",20.62,-101.72,1829.0,19781001.0,40.0
10.18730/JNDQ9,G12891,FULL,Phaseolus,vulgaris,Phaseolus vulgaris,100,19781001,MEX,EL TULE - ARANDAS - JALISCO,20.7,-102.32,1829.0,19781001.0,40.0
10.18730/JNDH3,G12888,FULL,Phaseolus,vulgaris,Phaseolus vulgaris,100,19781001,MEX,"30 KM FROM LA PIEDAD, 7 KM FROM YURECUARO, FLORENCIA - LA PIEDAD CAVADAS - MICHOACAN",20.33,-102.22,1800.0,19781001.0,40.0
10.18730/JHBV$,G12884,FULL,Phaseolus,vulgaris,Phaseolus vulgaris,100,19700901,MEX,MASCOTA - MASCOTA - JALISCO,20.53,-104.82,1524.0,19700901.0,40.0
10.18730/PGEG1,G12881,FULL,Phaseolus,vulgaris,Phaseolus vulgaris,100,19781001,MEX,17 MI W TELOLOAPAN - IXCAPUZALCO - GUERRERO,18.51,-99.89,1463.0,19781001.0,40.0
10.18730/PGEH2,G12882,FULL,Phaseolus,vulgaris,Phaseolus vulgaris,100,19781001,MEX,8 MI E ARCELIA - ARCELIA - GUERRERO,18.28,-100.15,853.0,19781001.0,40.0
10.18730/JMK16,G12883,FULL,Phaseolus,vulgaris,Phaseolus vulgaris,100,19781001,MEX,8 MI S TZITZIO - TZITZIO - MICHOACAN,19.47,-100.9,1350.0,19781001.0,40.0
10.18730/S2J3M,G12879C,FULL,Phaseolus,vulgaris,Phaseolus vulgaris,200,19781001,MEX,8.5 MI W TELOLOAPAN - TELOLOAPAN - GUERRERO,18.35,-99.98,1585.0,19781001.0,40.0
10.18730/JMJZ4,G12878,FULL,Phaseolus,vulgaris,Phaseolus vulgaris,100,19781001,MEX,5.5 MI E TELOLOAPAN - TELOLOAPAN - GUERRERO,18.35,-99.77,1402.0,19781001.0,40.0
10.18730/PG5QG,G12876,FULL,Phaseolus,vulgaris,Phaseolus vulgaris,200,19781001,MEX,3.5 MI ABOVE HIGHWAY JCT ALONG ROAD TO IXTLAN DE JUAREZ - TLALIXTAC - OAXACA,17.67,-96.65,1620.0,19781001.0,40.0
10.18730/S677Z,G12873C,FULL,Phaseolus,vulgaris,Phaseolus vulgaris,100,19781001,MEX,64 KM ALONG TOLL ROAD ABOVE CUERNAVACA - HUITZILAC - MORELOS,19.0,-99.25,1981.0,19781001.0,40.0
10.18730/JHBRZ,G12871,FULL,Phaseolus,vulgaris,Phaseolus vulgaris,100,19700901,MEX,4 MI NE HIGH. JCT ON ROAD TO IXTLAN DE JUAREZ - TLALIXTAC - OAXACA,17.83,-96.63,1650.0,19700901.0,40.0
10.18730/PGEB~,G12870,FULL,Phaseolus,vulgaris,Phaseolus vulgaris,100,19700901,MEX,3.5 MI E COPALA- CARRETERA A DURANGO - COPALA - SINALOA,23.38,-105.93,975.0,19700901.0,40.0
10.18730/PGEA*,G12869,FULL,Phaseolus,vulgaris,Phaseolus vulgaris,100,19700901,MEX,CIRIMICUARO-10 M.E URUAPAN - CIRIMICUARO - MICHOACAN,19.42,-102.58,1310.0,19700901.0,40.0
10.18730/PGE9Z,G12867,FULL,Phaseolus,vulgaris,Phaseolus vulgaris,100,19700901,MEX,"2-3 MI SE OF EST. TETITLAN, ON EDGE OF LAVA FIELD - AHUACATLAN - NAYARIT",21.08,-104.5,823.0,19700901.0,40.0
10.18730/JHADS,G12868,FULL,Phaseolus,vulgaris,Phaseolus vulgaris,100,19700901,MEX,LAGUNILLA-9 KM. E SANTA MARIA DEL ORO - SANTA MARIA DEL ORO - NAYARIT,21.33,-104.58,762.0,19700901.0,40.0
10.18730/JHA6J,G12865,FULL,Phaseolus,vulgaris,Phaseolus vulgaris,100,19700901,MEX,"6 MI S OF TECALITLAN, ALONG ROAD TO COLIMA - TECALITLAN - JALISCO",19.33,-103.25,1219.0,19700901.0,40.0
10.18730/JHA9N,G12864,FULL,Phaseolus,vulgaris,Phaseolus vulgaris,100,19700901,MEX,S W VOLCAN COLIMA-2 MI N COFRADIA SUCHISTLAN - COFRADIA DE SUCHISTLAN - COLIMA,19.47,-103.58,1350.0,19700901.0,40.0
10.18730/S0YCY,G12863A,FULL,Phaseolus,vulgaris,Phaseolus vulgaris,100,19700901,MEX,3 MI W SAN MARCOS-VOLCAN DE COLIMA - SAN MARCOS - JALISCO,20.78,-104.18,1420.0,19700901.0,40.0
10.18730/PGD1W,G12862,FULL,Phaseolus,vulgaris,Phaseolus vulgaris,100,19700901,MEX,2 MI NE LA GARITA-CA. 10 MI E OF TAMAZULA - LA GARITA - JALISCO,19.95,-103.0,1280.0,19700901.0,40.0
10.18730/JHA1D,G12860,FULL,Phaseolus,vulgaris,Phaseolus vulgaris,100,19700901,MEX,21 MI AL SE DURANGO POR LA RUTA 45 - DURANGO - DURANGO,23.88,-104.27,1800.0,19700901.0,40.0
10.18730/JQB1A,G12741,FULL,Phaseolus,vulgaris,Phaseolus vulgaris,300,19791001,MEX,EL TULE - ARANDAS - JALISCO,20.72,-102.4,,19791001.0,40.0
10.18730/K04MY,G1268,FULL,Phaseolus,vulgaris,Phaseolus vulgaris,300,19700901,MEX,LA PAZ - LA PAZ - BAJA CALIFORNIA SUR,24.17,-110.33,160.0,19700901.0,40.0
10.18730/K02VA,G1224,FULL,Phaseolus,vulgaris,Phaseolus vulgaris,300,19700901,MEX,SAN ANDRES TUXTLA - SAN ANDRES TUXTLA - VERACRUZ,18.45,-95.22,460.0,19700901.0,40.0
10.18730/S2K5H,G12202A,FULL,Phaseolus,vulgaris,Phaseolus vulgaris,300,19770601,MEX,AYAHUALULCO - AYAHUALULCO - VERACRUZ,19.36,-97.15,,19770601.0,40.0
10.18730/JQ1C$,G11445,FULL,Phaseolus,vulgaris,Phaseolus vulgaris,300,19790601,MEX,GONZALES ORTEGA - LA FRAGUA - PUEBLA,19.34,-97.27,,19790601.0,40.0
10.18730/JQ0A0,G11411,FULL,Phaseolus,vulgaris,Phaseolus vulgaris,300,19790601,MEX,SAN AGUSTIN - JAMAY - JALISCO,20.29,-102.64,,19790601.0,40.0
10.18730/JQ01W,G11402,FULL,Phaseolus,vulgaris,Phaseolus vulgaris,300,19790601,MEX,SAN PABLO - JACONA - MICHOACAN,19.96,-102.32,,19790601.0,40.0
10.18730/JZ4A*,G114,FULL,Phaseolus,vulgaris,Phaseolus vulgaris,300,19700901,MEX,TIRINDARO - ZACAPU - MICHOACAN,19.77,-101.75,2230.0,19700901.0,40.0
10.18730/JPZE9,G11380,FULL,Phaseolus,vulgaris,Phaseolus vulgaris,300,19790601,MEX,VILLA CORONA - VILLA CORONA - JALISCO,20.43,-103.68,,19790601.0,40.0
10.18730/JPS6Z,G11295,FULL,Phaseolus,vulgaris,Phaseolus vulgaris,300,19790601,MEX,EL MIRADOR - SILAO - GUANAJUATO,20.9,-101.42,1777.0,19790601.0,40.0
10.18730/JPCH~,G11122,FULL,Phaseolus,vulgaris,Phaseolus vulgaris,300,19790314,MEX,EN CHUNKANAN - HECELCHAKAN - CAMPECHE,20.19,-90.27,20.0,19790314.0,20.0
10.18730/JQ5CE,G11125,FULL,Phaseolus,vulgaris,Phaseolus vulgaris,100,19790314,MEX,"VENUSTIANO CARRANZA, CRO SOMBRERETILLO - CANATLAN - DURANGO",24.47,-104.6,2130.0,19790314.0,10.0
10.18730/JPE5B,G11124,FULL,Phaseolus,vulgaris,Phaseolus vulgaris,300,19790314,MEX,6 KM DE CHUNHUAS - HECELCHAKAN - CAMPECHE,20.22,-90.25,15.0,19790314.0,20.0
10.18730/JPDGV,G11123,FULL,Phaseolus,vulgaris,Phaseolus vulgaris,300,19790314,MEX,EN DZOTZIL - HECELCHAKAN - CAMPECHE,20.17,-90.24,15.0,19790314.0,20.0
10.18730/JQ5DF,G11115,FULL,Phaseolus,vulgaris,Phaseolus vulgaris,100,19790314,MEX,7 KM S DE SN JOSE DE TULE - PIHUAMO - JALISCO,19.4,-103.4,1140.0,19790314.0,10.0
10.18730/JPC0G,G11118,FULL,Phaseolus,vulgaris,Phaseolus vulgaris,300,19790314,MEX,EN CUMPICH - HECELCHAKAN - CAMPECHE,20.24,-89.94,50.0,19790314.0,20.0
10.18730/JPBK3,G11106,FULL,Phaseolus,vulgaris,Phaseolus vulgaris,300,19790314,MEX,EN KANKABCHEN - HOPELCHEN - CAMPECHE,19.35,-89.79,100.0,19790314.0,20.0
10.18730/JPBVB,G11109,FULL,Phaseolus,vulgaris,Phaseolus vulgaris,300,19790314,MEX,EN TINUM - TENABO - CAMPECHE,19.96,-90.25,35.0,19790314.0,20.0
10.18730/JPAWH,G11100,FULL,Phaseolus,vulgaris,Phaseolus vulgaris,300,19790314,MEX,1 KM NW DE CHUNCHINTOK - HOPELCHEN - CAMPECHE,19.41,-89.69,120.0,19790314.0,20.0
10.18730/JPAPB,G11094,FULL,Phaseolus,vulgaris,Phaseolus vulgaris,300,19790314,MEX,RINCON DE MIRANDILLAS - TALPA DE ALLENDE - JALISCO,20.3,-104.7,1500.0,19790314.0,20.0
10.18730/JPAG5,G11086,FULL,Phaseolus,vulgaris,Phaseolus vulgaris,300,19790314,MEX,EN GALOPE - MASCOTA - JALISCO,20.58,-104.75,1560.0,19790314.0,20.0
10.18730/JPA6*,G11069,FULL,Phaseolus,vulgaris,Phaseolus vulgaris,300,19790314,MEX,EN VOLCANES - ATENGUILLO - JALISCO,20.32,-104.56,1390.0,19790314.0,20.0
10.18730/JPA3X,G11062,FULL,Phaseolus,vulgaris,Phaseolus vulgaris,300,19790314,MEX,EN CUAUTLA - CUAUTLA - JALISCO,20.22,-104.47,1730.0,19790314.0,20.0
10.18730/JPAAU,G11059,FULL,Phaseolus,vulgaris,Phaseolus vulgaris,300,19790314,MEX,"4 KM E DE TEPANTLA, RCHO LA MESA - AYUTLA - JALISCO",20.17,-104.29,1400.0,19790314.0,20.0
10.18730/S2KFV,G11056A,FULL,Phaseolus,vulgaris,Phaseolus vulgaris,100,19790314,MEX,"5 KM SWS DE GALOPE, ARROYO SN LUIS - MASCOTA - JALISCO",20.57,-104.77,1380.0,19790314.0,10.0
10.18730/JP9WP,G11053,FULL,Phaseolus,vulgaris,Phaseolus vulgaris,100,19790314,MEX,4 KM SW DE IXTLAHUACAN DEL RIO - IXTLAHUACAN DEL RIO - JALISCO,20.85,-103.27,1680.0,19790314.0,10.0
10.18730/JPA0T,G11052,FULL,Phaseolus,vulgaris,Phaseolus vulgaris,100,19790314,MEX,"3 KM NW DE SAN ISIDRO, PARQUE ATL - ZAPOPAN - JALISCO",20.8,-103.4,1390.0,19790314.0,10.0
10.18730/JP9XQ,G11051,FULL,Phaseolus,vulgaris,Phaseolus vulgaris,100,19790314,MEX,"4 KM NE DE SAN ISIDRO, LA COLORADA - ZAPOPAN - JALISCO",20.77,-103.4,1650.0,19790314.0,10.0
10.18730/S13F8,G11050A,FULL,Phaseolus,vulgaris,Phaseolus vulgaris,100,19790314,MEX,"0.8 KM E DE ENTRADA A JUANAQUIL, PITO REAL - MORELIA - MICHOACAN",19.68,-101.27,2040.0,19790314.0,10.0
10.18730/JP9KD,G11048,FULL,Phaseolus,vulgaris,Phaseolus vulgaris,300,19790314,MEX,3 KM W DE CHILCHOTA - CHILCHOTA - MICHOACAN,19.86,-102.14,1750.0,19790314.0,20.0
10.18730/JP9C6,G11042,FULL,Phaseolus,vulgaris,Phaseolus vulgaris,300,19790314,MEX,EN LAS PALMAS - COMPOSTELA - NAYARIT,21.2,-105.14,80.0,19790314.0,20.0
10.18730/JP90Z,G11033,FULL,Phaseolus,vulgaris,Phaseolus vulgaris,100,19790314,MEX,"15 KM S DE TUITAN, EL SALTITO - NOMBRE DE DIOS - DURANGO",23.95,-104.28,1820.0,19790314.0,10.0
10.18730/JP8XW,G11034,FULL,Phaseolus,vulgaris,Phaseolus vulgaris,100,19790314,MEX,"KM 156 A MAZATLAN, REVOLCADEROS - EL SALTO - DURANGO",23.62,-105.83,1960.0,19790314.0,10.0
10.18730/JP95U,G11035,FULL,Phaseolus,vulgaris,Phaseolus vulgaris,300,19790314,MEX,"1.5 KM N DE TAMAZULA, SANALONA - CULIACAN - SINALOA",24.79,-107.14,290.0,19790314.0,20.0
10.18730/S42ED,G11030A,FULL,Phaseolus,vulgaris,Phaseolus vulgaris,200,19790314,MEX,"IGNACIO ZARAGOZA, MALPAIS LOS CAMPOS - FRANCISCO I. MADERO - DURANGO",24.48,-104.32,2050.0,19790314.0,60.0
10.18730/JP8CB,G11031,FULL,Phaseolus,vulgaris,Phaseolus vulgaris,100,19790314,MEX,6 KM DE PANUCO CRO LAS MANZANILLAS - FRANCISCO I. MADERO - DURANGO,24.5,-104.27,2270.0,19790314.0,10.0
10.18730/PGDZN,G11032,FULL,Phaseolus,vulgaris,Phaseolus vulgaris,100,19790314,MEX,"JERONIMO HERNANDEZ, CHARCO DEL INDIO - FRANCISCO I. MADERO - DURANGO",24.45,-104.23,2030.0,19790314.0,10.0
10.18730/S2KET,G11027E,FULL,Phaseolus,vulgaris,Phaseolus vulgaris,100,19790314,MEX,"12 KM N DE CASTILLO NAJERA, LA BRENA - DURANGO - DURANGO",24.37,-104.47,1970.0,19790314.0,10.0
10.18730/JP854,G11028,FULL,Phaseolus,vulgaris,Phaseolus vulgaris,100,19790314,MEX,FLORES MAGON CERRO CERCA DE EL FRAILE - DURANGO - DURANGO,24.47,-104.58,2020.0,19790314.0,10.0
10.18730/PMPS~,G11029,FULL,Phaseolus,vulgaris,Phaseolus vulgaris,200,19790314,MEX,"2 KM E DE MEDINA, EN EL ARROYO - CANATLAN - DURANGO",24.57,-104.6,2000.0,19790314.0,60.0
10.18730/JP898,G11026,FULL,Phaseolus,vulgaris,Phaseolus vulgaris,100,19790314,MEX,"MALPAIS LA BRENA, 10 KM N CASTILLO NAJERA - DURANGO - DURANGO",24.33,-104.47,1930.0,19790314.0,10.0
10.18730/JP7W*,G11024,FULL,Phaseolus,vulgaris,Phaseolus vulgaris,100,19790314,MEX,5 KM N DE CARLOS REAL - DURANGO - DURANGO,24.32,-104.45,1970.0,19790314.0,10.0
10.18730/JP843,G11023,FULL,Phaseolus,vulgaris,Phaseolus vulgaris,300,19790314,MEX,3 KM S DE TRONCON - MEZQUITAL - DURANGO,23.52,-104.44,1400.0,19790314.0,20.0
10.18730/JP7DH,G11010,FULL,Phaseolus,vulgaris,Phaseolus vulgaris,300,19790314,MEX,4 KM N DE EL SALITRE - MEZQUITAL - DURANGO,23.46,-104.42,1370.0,19790314.0,20.0
10.18730/JP76A,G11003,FULL,Phaseolus,vulgaris,Phaseolus vulgaris,300,19790314,MEX,TRONCON - MEZQUITAL - DURANGO,23.5,-104.42,1390.0,19790314.0,20.0
10.18730/JP79D,G10996,FULL,Phaseolus,vulgaris,Phaseolus vulgaris,300,19790314,MEX,REFUGIO DE LOS POZOS - JIMENEZ DE TEUL - ZACATECAS,23.15,-103.74,2370.0,19790314.0,20.0
10.18730/PMPT$,G10999,FULL,Phaseolus,vulgaris,Phaseolus vulgaris,200,19790314,MEX,"CERRO ANCHO, CERCA MICROONDAS CAMPANA - FRANCISCO I. MADERO - DURANGO",24.43,-104.17,1950.0,19790314.0,60.0
10.18730/JP759,G10991,FULL,Phaseolus,vulgaris,Phaseolus vulgaris,300,19790314,MEX,"0.5 KM W DE PIEDRAS AZULES, A SOLEDAD - CHALCHIHUITE - ZACATECAS",23.42,-103.95,2120.0,19790314.0,20.0
10.18730/JP6T=,G10987,FULL,Phaseolus,vulgaris,Phaseolus vulgaris,300,19790314,MEX,4 KM SWS DE JIMENEZ DE TEUL - CHALCHIHUITE - ZACATECAS,23.21,-103.81,2180.0,19790314.0,20.0
10.18730/JP6BM,G10980,FULL,Phaseolus,vulgaris,Phaseolus vulgaris,300,19790314,MEX,2 KM NW DE CORRALES - SOMBRERETE - ZACATECAS,23.25,-103.65,2200.0,19790314.0,20.0
10.18730/JP6Q*,G10979,FULL,Phaseolus,vulgaris,Phaseolus vulgaris,300,19790314,MEX,EL CARIZALILLO - FRESNILLO - ZACATECAS,23.2,-103.39,2180.0,19790314.0,20.0
10.18730/JP6NY,G10977,FULL,Phaseolus,vulgaris,Phaseolus vulgaris,300,19790314,MEX,3.5KM ESE DE REFUGIO DE ABREGO - FRESNILLO - ZACATECAS,23.17,-103.27,2140.0,19790314.0,20.0
10.18730/JP6HT,G10972,FULL,Phaseolus,vulgaris,Phaseolus vulgaris,300,19790314,MEX,"VICENTE GUERRERO, POTRERO LA UNIÓN - FRESNILLO - ZACATECAS",23.27,-103.36,2170.0,19790314.0,20.0
10.18730/JP5T3,G10961,FULL,Phaseolus,vulgaris,Phaseolus vulgaris,300,19790314,MEX,0.5 KM W DE FELIPE ANGELES - FRESNILLO - ZACATECAS,23.29,-103.3,2080.0,19790314.0,20.0
10.18730/JP68H,G10963,FULL,Phaseolus,vulgaris,Phaseolus vulgaris,300,19790314,MEX,1.5 KM NE DE SAN JOSE DEL RIO - FRESNILLO - ZACATECAS,23.22,-103.27,2080.0,19790314.0,20.0
10.18730/JP63C,G10958,FULL,Phaseolus,vulgaris,Phaseolus vulgaris,300,19790314,MEX,2.2 KM W DE LA QUEMADA EN CAMINO A URITE - FRESNILLO - ZACATECAS,23.31,-103.28,2110.0,19790314.0,20.0
10.18730/JP5N=,G10953,FULL,Phaseolus,vulgaris,Phaseolus vulgaris,300,19790314,MEX,EL PORVENIR DEL CENTRO - FRESNILLO - ZACATECAS,23.39,-103.21,2230.0,19790314.0,20.0
10.18730/JP5V4,G10956,FULL,Phaseolus,vulgaris,Phaseolus vulgaris,300,19790314,MEX,EL CENTRO - FRESNILLO - ZACATECAS,23.39,-103.3,2100.0,19790314.0,20.0
10.18730/JP5PU,G10948,FULL,Phaseolus,vulgaris,Phaseolus vulgaris,300,19790314,MEX,1 KM SW DE SALTO DE SANTA CRUZ - FRESNILLO - ZACATECAS,23.19,-103.09,2050.0,19790314.0,20.0
10.18730/S1W1H,G10944A,FULL,Phaseolus,vulgaris,Phaseolus vulgaris,300,19790314,MEX,1.5 KM SE DE MEXICO NUEVO - FRESNILLO - ZACATECAS,23.17,-103.05,2080.0,19790314.0,20.0
10.18730/JZYY~,G1042,FULL,Phaseolus,vulgaris,Phaseolus vulgaris,300,19700901,MEX,SIERRA SUROTATO - LA CAMPANA - SINALOA,25.0,-107.58,1829.0,19700901.0,40.0
10.18730/JHPPB,G10023,FULL,Phaseolus,vulgaris,Phaseolus vulgaris,100,19761201,MEX,25 MI S DURANGO-CARRETERA A MEZQUITAL - MEZQUITAL - DURANGO,23.7,-104.43,2027.0,19761201.0,40.0
10.18730/JRH59,G10022,FULL,Phaseolus,vulgaris,Phaseolus vulgaris,100,19761201,MEX,20 MI NE DURANGO POR LA RUTA 45 - DURANGO - DURANGO,24.17,-104.68,1829.0,19761201.0,40.0
10.18730/PGDVH,G10019,FULL,Phaseolus,vulgaris,Phaseolus vulgaris,100,19770601,MEX,SAN JOSE PURUA - JUNGAPEO - MICHOACAN,19.47,-100.48,1250.0,19770601.0,40.0
10.18730/S10EP,G10018A,FULL,Phaseolus,vulgaris,Phaseolus vulgaris,100,19770601,MEX,"EL TEMAZCAL, CARRETERA ZITACUARO-HUETAMO (KM 50) - CHARO - MICHOACAN",19.68,-100.92,888.0,19770601.0,40.0
10.18730/PGDK9,G10001,FULL,Phaseolus,vulgaris,Phaseolus vulgaris,100,19770601,MEX,EL AGUACATE - IXCAPUZALCO - GUERRERO,18.37,-100.02,1300.0,19770601.0,40.0
10.18730/K54N8,G52589,FULL,Phaseolus,vulgaris,Phaseolus vulgaris,300,19821101,MEX,OAXACA - OAXACA,17.03,-96.67,,19821101.0,40.0
10.18730/K54M7,G52588,FULL,Phaseolus,vulgaris,Phaseolus vulgaris,300,19821101,MEX,SAN CRISTOBAL DE LAS CASAS - CHIAPAS,16.74,-92.67,,19821101.0,40.0
10.18730/K4JEH,G2726,FULL,Phaseolus,vulgaris,Phaseolus vulgaris,300,19700901,MEX,TEMACALAYUCA - TEPANCO - PUEBLA,18.6,-97.55,1830.0,19700901.0,40.0
10.18730/K4VFA,G52254,FULL,Phaseolus,vulgaris,Phaseolus vulgaris,100,20010701,MEX,10 KM N VALLE DE BRAVO - VALLE DE BRAVO - MEXICO,19.42,-100.28,2240.0,20010701.0,40.0
10.18730/K4A06,G51766,FULL,Phaseolus,vulgaris,Phaseolus vulgaris,300,19781001,MEX,XALATLA - CHICONTEPEC - VERACRUZ,20.97,-98.16,,19781001.0,40.0
10.18730/PE3YM,G51798,FULL,Phaseolus,vulgaris,Phaseolus vulgaris,300,19770601,MEX,HUATUSCO - VERACRUZ,19.25,-96.95,830.0,19770601.0,40.0
10.18730/K38E5,G9873,FULL,Phaseolus,vulgaris,Phaseolus vulgaris,300,19770601,ECU,GUAYAQUIL - GUAYAQUIL - GUAYAS,-2.17,-79.97,,19770601.0,40.0
10.18730/K37XS,G9854,FULL,Phaseolus,vulgaris,Phaseolus vulgaris,300,19770601,ECU,QUITO - QUITO - PICHINCHA,-0.22,-78.5,2800.0,19770601.0,40.0
10.18730/K37VQ,G9852,FULL,Phaseolus,vulgaris,Phaseolus vulgaris,300,19770601,ECU,IBARRA - IBARRA - IMBABURA,0.35,-78.1,2200.0,19770601.0,40.0
10.18730/JZWQU,G948,FULL,Phaseolus,vulgaris,Phaseolus vulgaris,300,19700901,ECU,CANAR - CANAR - CAÑAR,-2.54,-78.94,3000.0,19700901.0,40.0
10.18730/JZWDT,G947,FULL,Phaseolus,vulgaris,Phaseolus vulgaris,300,19700901,ECU,"PASAJE, PERANA - PASAJE - EL ORO",-3.32,-79.81,50.0,19700901.0,40.0
10.18730/JZWM~,G945,FULL,Phaseolus,vulgaris,Phaseolus vulgaris,300,19700901,ECU,TORATA - SANTA ROSA - EL ORO,-3.6,-79.89,80.0,19700901.0,40.0
10.18730/JZWHY,G942,FULL,Phaseolus,vulgaris,Phaseolus vulgaris,300,19700901,ECU,YANUNCAY. FINCA SANTA CLEMENCIA - CUENCA - AZUAY,-2.93,-78.02,58.0,19700901.0,40.0
10.18730/K31TF,G9175,FULL,Phaseolus,vulgaris,Phaseolus vulgaris,300,19770201,ECU,FINCA CORRALITOS - MACHALA - EL ORO,-3.27,-79.98,50.0,19770201.0,40.0
10.18730/K2EFS,G7912,FULL,Phaseolus,vulgaris,Phaseolus vulgaris,300,19730301,ECU,CATAMAYO (LA TOMA) - CATAMAYO - LOJA,-3.99,-79.37,1270.0,19730301.0,40.0
10.18730/K2D0F,G7854,FULL,Phaseolus,vulgaris,Phaseolus vulgaris,300,19730301,ECU,"BAÑOS, EL TOPO - AMBATO - TUNGURAHUA",-1.42,-78.17,1800.0,19730301.0,40.0
10.18730/K2D1G,G7855,FULL,Phaseolus,vulgaris,Phaseolus vulgaris,300,19730301,ECU,MALACATOS - LOJA - LOJA,-4.22,-79.25,1500.0,19730301.0,40.0
10.18730/K2CBZ,G7817,FULL,Phaseolus,vulgaris,Phaseolus vulgaris,300,19730301,ECU,OTAVALO - IMBABURA,0.24,-78.27,2554.0,19730301.0,40.0
10.18730/K2B3W,G7774,FULL,Phaseolus,vulgaris,Phaseolus vulgaris,300,19730301,ECU,SAN VICENTE DE PUSIR - BOLIVAR - CARCHI,0.47,-77.99,2800.0,19730301.0,40.0
10.18730/K2B4X,G7775,FULL,Phaseolus,vulgaris,Phaseolus vulgaris,300,19730301,ECU,"ATUNTAQUI, SAN JOSÉ DE CHALTURA - ANTONIO ANTE - IMBABURA",0.35,-78.22,2320.0,19730301.0,40.0
10.18730/JH9CX,G7776,FULL,Phaseolus,vulgaris,Phaseolus vulgaris,300,19700901,ECU,"PUYO, COLONIA MARIO TIERRA - PUYO - PASTAZA",-1.48,-77.98,1000.0,19700901.0,40.0
10.18730/K3ECA,G7773,FULL,Phaseolus,vulgaris,Phaseolus vulgaris,300,19790601,ECU,GONZANAMÁ - GONZANAMA - LOJA,-4.25,-79.45,2000.0,19790601.0,40.0
10.18730/K2B0S,G7770,FULL,Phaseolus,vulgaris,Phaseolus vulgaris,300,19730301,ECU,LA PAMPA - QUITO - PICHINCHA,-0.03,-78.45,2380.0,19730301.0,40.0
10.18730/JFKC3,G7084,FULL,Phaseolus,vulgaris,Phaseolus vulgaris,300,19730301,ECU,"PINDAL, EL CEIBO - CELICA - LOJA",-4.07,-80.18,800.0,19730301.0,40.0
10.18730/JFKD4,G7085,FULL,Phaseolus,vulgaris,Phaseolus vulgaris,300,19730301,ECU,EL ROSARIO - GUALAQUIZA - MORONA SANTIAGO,-3.37,-78.62,,19730301.0,40.0
10.18730/K3CKV,G7086,FULL,Phaseolus,vulgaris,Phaseolus vulgaris,300,19730301,ECU,SANTA ISABEL - SANTA ISABEL - AZUAY,-3.27,-79.32,,19730301.0,40.0
10.18730/JFP2F,G6977,FULL,Phaseolus,vulgaris,Phaseolus vulgaris,300,19730301,ECU,FINCA ALARIGUINE - ZARUMA - EL ORO,-3.69,-79.62,1500.0,19730301.0,40.0
10.18730/JFYTU,G6450,FULL,Phaseolus,vulgaris,Phaseolus vulgaris,300,19720601,ECU,CONAQUI - IBARRA - IMBABURA,0.39,-78.2,2300.0,19720601.0,40.0
10.18730/JFZW~,G6421,FULL,Phaseolus,vulgaris,Phaseolus vulgaris,300,19720601,ECU,POMASQUI - QUITO - PICHINCHA,-0.05,-78.46,2480.0,19720601.0,40.0
10.18730/JG022,G6407,FULL,Phaseolus,vulgaris,Phaseolus vulgaris,300,19751001,ECU,"MANU, LLUZHAPA - SARAGURO - LOJA",-3.49,-79.34,2400.0,19751001.0,40.0
10.18730/JG011,G6406,FULL,Phaseolus,vulgaris,Phaseolus vulgaris,300,19751001,ECU,25 KM S CAÑI - PALLATANGA - CHIMBORAZO,-1.99,-78.96,1518.0,19751001.0,40.0
10.18730/JFZY=,G6403,FULL,Phaseolus,vulgaris,Phaseolus vulgaris,300,19751001,ECU,"ATUNTAQUI, IMBAYA - ANTONIO ANTE - IMBABURA",0.37,-78.15,2081.0,19751001.0,40.0
10.18730/JG000,G6405,FULL,Phaseolus,vulgaris,Phaseolus vulgaris,300,19751001,ECU,"SAN PABLO DE TENTA, ALAJAS - SARAGURO - LOJA",-3.6,-79.3,2250.0,19751001.0,40.0
10.18730/JGGD7,G5686,FULL,Phaseolus,vulgaris,Phaseolus vulgaris,300,19700901,ECU,ZAMORA - ZAMORA - ZAMORA CHINCHIPE,-4.07,-78.97,,19700901.0,40.0
10.18730/JPX05,G5241,FULL,Phaseolus,vulgaris,Phaseolus vulgaris,300,19790601,ECU,IMANTAG - COTACACHI - IMBABURA,0.37,-78.25,2430.0,19790601.0,40.0
10.18730/S1NFX,G51383A,FULL,Phaseolus,vulgaris,Phaseolus vulgaris,100,19930620,ECU,2.2 KM N PALLATANGA - PALLATANGA - CHIMBORAZO,-1.97,-78.93,1690.0,19930620.0,40.0
10.18730/K16D1,G2571,FULL,Phaseolus,vulgaris,Phaseolus vulgaris,300,19700901,ECU,FINCA EL LOCAL - GUALAQUIZA - MORONA SANTIAGO,-3.41,-78.56,,19700901.0,40.0
10.18730/K16C0,G2570,FULL,Phaseolus,vulgaris,Phaseolus vulgaris,300,19700901,ECU,"VALLE, FINCA SAN MIGUEL - LOJA - LOJA",-3.97,-79.24,2000.0,19700901.0,40.0
10.18730/K169$,G2567,FULL,Phaseolus,vulgaris,Phaseolus vulgaris,300,19700901,ECU,LA PAPAYA - SARAGURO - LOJA,-3.6,-79.22,2000.0,19700901.0,40.0
10.18730/K16PA,G2564,FULL,Phaseolus,vulgaris,Phaseolus vulgaris,300,19700901,ECU,"ZUMBA, FINCA SESAMA - CHINCHIPE - ZAMORA CHINCHIPE",-4.87,-79.15,,19700901.0,40.0
10.18730/K16E2,G2563,FULL,Phaseolus,vulgaris,Phaseolus vulgaris,300,19700901,ECU,"VILCABAMBA, FINCA YOCAL - LOJA - LOJA",-4.26,-79.23,,19700901.0,40.0
10.18730/S6SDN,G2557A,FULL,Phaseolus,vulgaris,Phaseolus vulgaris,300,19700901,ECU,FINCA LOS TANQUES - AZOGUES - CAÑAR,-2.74,-78.83,2450.0,19700901.0,40.0
10.18730/S3MSM,G23580C,FULL,Phaseolus,vulgaris,Phaseolus vulgaris,100,19890630,ECU,"4 KM SW DE GIRÓN, EN LEOCAPAC GRANDE - GIRON - AZUAY",-3.2,-79.18,1930.0,19890630.0,10.0
10.18730/JVK61,G22249,FULL,Phaseolus,vulgaris,Phaseolus vulgaris,300,19860901,ECU,QUEVEDO - QUEVEDO - LOS RIOS,-1.02,-79.47,53.0,19860901.0,30.0
10.18730/PJ2G0,G22156,FULL,Phaseolus,vulgaris,Phaseolus vulgaris,300,19830901,ECU,TACAMOROS - MACARA - LOJA,-4.42,-79.74,,19830901.0,20.0
10.18730/S66F7,G18793B,FULL,Phaseolus,vulgaris,Phaseolus vulgaris,300,19781001,ECU,CHAQUIMILLANA - BIBLIAN - CAÑAR,-2.73,-78.89,2500.0,19781001.0,40.0
10.18730/JPMAQ,G17241,FULL,Phaseolus,vulgaris,Phaseolus vulgaris,300,19790530,ECU,"SABANILLA, EL HUERTO - CELICA - LOJA",-4.19,-80.11,1050.0,19790530.0,20.0
10.18730/JPMBR,G17233,FULL,Phaseolus,vulgaris,Phaseolus vulgaris,300,19790530,ECU,"SAN PEDRO DE LA BENDITA, SAN PEDRO DE VILCABAMBA - LOJA - LOJA",-4.24,-79.22,1285.0,19790530.0,20.0
10.18730/JPM3G,G17230,FULL,Phaseolus,vulgaris,Phaseolus vulgaris,300,19790530,ECU,CATACOCHA - PALTAS - LOJA,-4.05,-79.65,1871.0,19790530.0,20.0
10.18730/JPM2F,G17229,FULL,Phaseolus,vulgaris,Phaseolus vulgaris,300,19790530,ECU,YANGANA - LOJA - LOJA,-4.36,-79.18,1720.0,19790530.0,20.0
10.18730/JPMCS,G17228,FULL,Phaseolus,vulgaris,Phaseolus vulgaris,300,19790530,ECU,"JINBURA, COFRADIA - ESPINDOLA - LOJA",-4.6,-79.48,2100.0,19790530.0,20.0
10.18730/S1WJ$,G17227A,FULL,Phaseolus,vulgaris,Phaseolus vulgaris,300,19790530,ECU,"GONZANAMÁ, LANZACA - GONZANAMA - LOJA",-4.25,-79.49,1980.0,19790530.0,20.0
10.18730/JPKT7,G17217,FULL,Phaseolus,vulgaris,Phaseolus vulgaris,300,19790530,ECU,EL CISNE - LOJA - LOJA,-3.85,-79.42,2280.0,19790530.0,20.0
10.18730/S431*,G17213D,FULL,Phaseolus,vulgaris,Phaseolus vulgaris,300,19790530,ECU,"CARIAMANGA, COLAISACA, PIEDRA BLANCA - CALVAS - LOJA",-4.32,-79.56,1850.0,19790530.0,20.0
10.18730/JPKR5,G17212,FULL,Phaseolus,vulgaris,Phaseolus vulgaris,300,19790530,ECU,"CANGONAMA, COCHAPAMBA - PALTAS - LOJA",-3.97,-79.69,1930.0,19790530.0,20.0
10.18730/JPKN2,G17210,FULL,Phaseolus,vulgaris,Phaseolus vulgaris,300,19790530,ECU,BARRIO NASACA - LOJA - LOJA,-4.0,-79.2,2350.0,19790530.0,20.0
10.18730/S5H4V,G17203A,FULL,Phaseolus,vulgaris,Phaseolus vulgaris,300,19790530,ECU,"NAMBACOLA, TINGO - GONZANAMA - LOJA",-4.14,-79.44,1900.0,19790530.0,20.0
10.18730/JPKM1,G17197,FULL,Phaseolus,vulgaris,Phaseolus vulgaris,300,19790530,ECU,"AMALUZA, AMALUZA - ESPINDOLA - LOJA",-4.59,-79.42,1650.0,19790530.0,20.0
10.18730/JPKK0,G17196,FULL,Phaseolus,vulgaris,Phaseolus vulgaris,300,19790530,ECU,ESPINDOLA - ESPINDOLA - LOJA,-4.56,-79.47,,19790530.0,20.0
10.18730/JPKJU,G17195,FULL,Phaseolus,vulgaris,Phaseolus vulgaris,300,19790530,ECU,"CATACOCHA, LOURDES, CARMONA - PALTAS - LOJA",-4.15,-79.61,1025.0,19790530.0,20.0
10.18730/S1WFZ,G17191C,FULL,Phaseolus,vulgaris,Phaseolus vulgaris,300,19790530,ECU,"MACARA, TAMARINDO - MACARA - LOJA",-4.39,-79.94,430.0,19790530.0,20.0
10.18730/PEPQX,G17187,FULL,Phaseolus,vulgaris,Phaseolus vulgaris,300,19790530,ECU,EL PINDO - CELICA - LOJA,-4.14,-80.21,660.0,19790530.0,20.0
10.18730/JPKAW,G17188,FULL,Phaseolus,vulgaris,Phaseolus vulgaris,300,19790530,ECU,"MACARA, LA GUATARA - MACARA - LOJA",-4.35,-79.99,500.0,19790530.0,20.0
10.18730/S4SHC,G17183A,FULL,Phaseolus,vulgaris,Phaseolus vulgaris,300,19790530,ECU,"PINDAL, PALMALES - CELICA - LOJA",-4.09,-80.06,1090.0,19790530.0,20.0
10.18730/JPK3N,G17173,FULL,Phaseolus,vulgaris,Phaseolus vulgaris,300,19790530,ECU,"CHANGAIMINA, JIMBULLO - GONZANAMA - LOJA",-4.22,-79.52,1900.0,19790530.0,20.0
10.18730/JPK5Q,G17175,FULL,Phaseolus,vulgaris,Phaseolus vulgaris,300,19790530,ECU,"CATACOCHA, LOURDES, MACANDAMINE - PALTAS - LOJA",-4.07,-79.67,1150.0,19790530.0,20.0
10.18730/JPJZH,G17156,FULL,Phaseolus,vulgaris,Phaseolus vulgaris,300,19790530,ECU,SAN LUCAS - LOJA - LOJA,-3.75,-79.27,2064.0,19790530.0,20.0
10.18730/S2KRU,G17147A,FULL,Phaseolus,vulgaris,Phaseolus vulgaris,300,19790530,ECU,"CRUZPAMBA, EL HIGUERÓN - CELICA - LOJA",-4.15,-80.0,1900.0,19790530.0,20.0
10.18730/JQD76,G17070,FULL,Phaseolus,vulgaris,Phaseolus vulgaris,300,19791001,ECU,TULCÁN - TULCAN - CARCHI,0.8,-77.71,2134.0,19791001.0,40.0
10.18730/JH9M0,G16346,FULL,Phaseolus,vulgaris,Phaseolus vulgaris,300,19700901,ECU,"LA LOMA, ESTACIÓN CARCHI - EL ANGEL - CARCHI",0.64,-77.94,1200.0,19700901.0,40.0
10.18730/JSM2G,G15833,FULL,Phaseolus,vulgaris,Phaseolus vulgaris,300,19820301,ECU,JIMBURA - ESPINDOLA - LOJA,-4.64,-79.47,2160.0,19820301.0,40.0
10.18730/JJPR1,G14719,FULL,Phaseolus,vulgaris,Phaseolus vulgaris,300,19780101,ECU,HUIGRA - ALAUSI - CHIMBORAZO,-2.29,-78.99,1280.0,19780101.0,20.0
10.18730/JHQQ7,G14659,FULL,Phaseolus,vulgaris,Phaseolus vulgaris,300,19770801,ECU,SAN PEDRO DE LA BENDITA - CATAMAYO - LOJA,-3.94,-79.43,,19770801.0,40.0
10.18730/JPJF1,G14252,FULL,Phaseolus,vulgaris,Phaseolus vulgaris,300,19790530,ECU,GUACHANAMA - PALTAS - LOJA,-4.05,-79.89,2880.0,19790530.0,20.0
10.18730/JPHD4,G14251,FULL,Phaseolus,vulgaris,Phaseolus vulgaris,300,19790530,ECU,"SAN GABRIEL, FUNDO CALAVERAS - SAN GABRIEL - CARCHI",0.64,-77.84,,19790530.0,20.0
10.18730/JPH8U,G14246,FULL,Phaseolus,vulgaris,Phaseolus vulgaris,300,19790530,ECU,VALLE DEL PATATE - PATATE - TUNGURAHUA,-1.31,-78.51,2100.0,19790530.0,20.0
10.18730/JPHB2,G14248,FULL,Phaseolus,vulgaris,Phaseolus vulgaris,300,19790530,ECU,FINCA DE LA UNIVERSIDAD TECNOLÓGICA DEL CHIMBORAZO - RIOBAMBA - CHIMBORAZO,-1.67,-78.62,2700.0,19790530.0,20.0
10.18730/K06KK,G1341,FULL,Phaseolus,vulgaris,Phaseolus vulgaris,300,19700901,ECU,CHACRAS - ARENILLAS - EL ORO,-3.56,-80.22,200.0,19700901.0,40.0
10.18730/JM85W,G12502,FULL,Phaseolus,vulgaris,Phaseolus vulgaris,300,19781001,ECU,UNIVERSIDAD NACIONAL DE LOJA - LOJA - LOJA,-4.04,-79.2,2064.0,19781001.0,40.0
10.18730/JM7XM,G12476,FULL,Phaseolus,vulgaris,Phaseolus vulgaris,300,19781001,ECU,"CELICA, CASHCARRUMI - CELICA - LOJA",-4.11,-79.95,2500.0,19781001.0,40.0
10.18730/JRG7G,G12469,FULL,Phaseolus,vulgaris,Phaseolus vulgaris,300,19791101,ECU,"QUILINGA, QUILINGA - GONZANAMA - LOJA",-4.31,-79.4,1930.0,19791101.0,40.0
10.18730/JRG4D,G12465,FULL,Phaseolus,vulgaris,Phaseolus vulgaris,300,19791101,ECU,"SABANILLA, GUINEO - CELICA - LOJA",-4.2,-80.03,1050.0,19791101.0,40.0
10.18730/JRFQ0,G12462,FULL,Phaseolus,vulgaris,Phaseolus vulgaris,300,19791101,ECU,LOJA - LOJA,-4.04,-79.22,,19791101.0,40.0
10.18730/JM7PD,G12444,FULL,Phaseolus,vulgaris,Phaseolus vulgaris,300,19781001,ECU,MOTUPE - LOJA - LOJA,-3.94,-79.24,2350.0,19781001.0,40.0
10.18730/JRFN=,G12440,FULL,Phaseolus,vulgaris,Phaseolus vulgaris,300,19791101,ECU,"AMBUQUI, HACIENDA CARPUELA - IBARRA - IMBABURA",0.45,-78.02,1780.0,19791101.0,40.0
10.18730/JM73Z,G12438,FULL,Phaseolus,vulgaris,Phaseolus vulgaris,300,19781001,ECU,BOLICHE - GUAYAQUIL - GUAYAS,-2.34,-79.64,,19781001.0,40.0
10.18730/K3JH*,G12412,FULL,Phaseolus,vulgaris,Phaseolus vulgaris,300,19781001,ECU,"TAMBO, COYOCTOR - CANAR - CAÑAR",-2.53,-78.92,3000.0,19781001.0,40.0
10.18730/JREN3,G12408,FULL,Phaseolus,vulgaris,Phaseolus vulgaris,300,19791101,ECU,SAN JOSÉ DE YAGUARCOCHA - IBARRA - IMBABURA,0.37,-78.1,,19791101.0,40.0
10.18730/JM76$,G12399,FULL,Phaseolus,vulgaris,Phaseolus vulgaris,300,19781001,ECU,EL ROSARIO - URCUQUI - IMBABURA,0.41,-78.26,,19781001.0,40.0
10.18730/JHQR8,G12396,FULL,Phaseolus,vulgaris,Phaseolus vulgaris,300,19770801,ECU,EL TAMBO - CATAMAYO - LOJA,-4.07,-79.3,2100.0,19770801.0,40.0
10.18730/JM5RS,G12321,FULL,Phaseolus,vulgaris,Phaseolus vulgaris,300,19781001,ECU,SAN JOSÉ DE MINAS - QUITO - PICHINCHA,0.17,-78.41,,19781001.0,40.0
10.18730/S404D,G12283A,FULL,Phaseolus,vulgaris,Phaseolus vulgaris,300,19781001,ECU,COOPERATIVA HUERTOS FAMILIARES - ATUNTAQUI - IMBABURA,0.32,-78.2,2387.0,19781001.0,40.0
10.18730/JM4EM,G12263,FULL,Phaseolus,vulgaris,Phaseolus vulgaris,300,19781001,ECU,EL MILAGRO - IBARRA - IMBABURA,0.35,-78.15,,19781001.0,40.0
10.18730/JM3SU,G12236,FULL,Phaseolus,vulgaris,Phaseolus vulgaris,300,19781001,ECU,"GUAYLLABAMBA, HACIENDA PURUANTA - QUITO - PICHINCHA",-0.05,-78.34,2139.0,19781001.0,40.0
10.18730/JM3FT,G12233,FULL,Phaseolus,vulgaris,Phaseolus vulgaris,300,19781001,ECU,"PUEMBO, HACIENDA NAPOLES - QUITO - PICHINCHA",-0.17,-78.36,2478.0,19781001.0,40.0
10.18730/JRE6S,G12234,FULL,Phaseolus,vulgaris,Phaseolus vulgaris,300,19791101,ECU,PIMAMPIRO - PIMAMPIRO - IMBABURA,0.4,-77.94,2156.0,19791101.0,40.0
10.18730/JPXDJ,G11568,FULL,Phaseolus,vulgaris,Phaseolus vulgaris,300,19790601,ECU,SUCUA - SUCUA - MORONA SANTIAGO,-2.46,-78.17,1200.0,19790601.0,40.0
10.18730/JPXBG,G11565,FULL,Phaseolus,vulgaris,Phaseolus vulgaris,300,19790601,ECU,"MIRA, FINCA UYAMA - MIRA - CARCHI",0.55,-78.05,2390.0,19790601.0,40.0
10.18730/JPX5A,G11558,FULL,Phaseolus,vulgaris,Phaseolus vulgaris,300,19790601,ECU,MACAS - MORONA - MORONA SANTIAGO,-2.32,-78.12,1000.0,19790601.0,40.0
10.18730/JPX49,G11556,FULL,Phaseolus,vulgaris,Phaseolus vulgaris,300,19790601,ECU,"ZUMBA, PALANDA - CHINCHIPE - ZAMORA CHINCHIPE",-4.66,-79.14,1100.0,19790601.0,40.0
10.18730/JPXAF,G11557,FULL,Phaseolus,vulgaris,Phaseolus vulgaris,300,19790601,ECU,PAUTE - PAUTE - AZUAY,-2.79,-78.76,2300.0,19790601.0,40.0
10.18730/JPX16,G11553,FULL,Phaseolus,vulgaris,Phaseolus vulgaris,300,19790601,ECU,INDANZA - LIMON INDANZA - MORONA SANTIAGO,-3.07,-78.49,1500.0,19790601.0,40.0
10.18730/JPWP*,G11543,FULL,Phaseolus,vulgaris,Phaseolus vulgaris,300,19790601,ECU,PIEDRAS - PIÑAS - EL ORO,-3.68,-79.67,800.0,19790601.0,40.0
10.18730/JPWS=,G11546,FULL,Phaseolus,vulgaris,Phaseolus vulgaris,300,19790601,ECU,"ALAUSI, SECTOR HOSPITAL - ALAUSI - CHIMBORAZO",-2.21,-78.85,1600.0,19790601.0,40.0
10.18730/JPWNZ,G11542,FULL,Phaseolus,vulgaris,Phaseolus vulgaris,300,19790601,ECU,SANTA ROSA DE CUSUBAMBA - CAYAMBE - PICHINCHA,-0.05,-78.27,2600.0,19790601.0,40.0
10.18730/JPRQG,G11514,FULL,Phaseolus,vulgaris,Phaseolus vulgaris,300,19790601,ECU,FINCA PUENTE NEGRO - ZARUMA - EL ORO,-3.7,-79.59,1400.0,19790601.0,40.0
10.18730/K37GC,G9837,FULL,Phaseolus,vulgaris,Phaseolus vulgaris,300,19770601,BOL,TOTORA - MIZQUE - COCHABAMBA,-17.7,-65.15,,19770601.0,40.0
10.18730/K30VN,G9071,FULL,Phaseolus,vulgaris,Phaseolus vulgaris,300,19770201,BOL,COCHABAMBA - COCHABAMBA - COCHABAMBA,-17.38,-66.18,2558.0,19770201.0,40.0
10.18730/S2WTY,G50933D,FULL,Phaseolus,vulgaris,Phaseolus vulgaris,300,19880601,BOL,"20 KM NE DE TARIJA, EN SELLA CERCADO - CERCADO - TARIJA",-21.4,-64.7,1980.0,19880601.0,20.0
10.18730/JXEXS,G50606,FULL,Phaseolus,vulgaris,Phaseolus vulgaris,300,19880601,BOL,"CAMARGO, EN SANTO DOMINGO - NORCINTI - CHUQUISACA",-20.66,-65.2,2340.0,19880601.0,20.0
10.18730/JXEYT,G50471,FULL,Phaseolus,vulgaris,Phaseolus vulgaris,300,19880601,BOL,"CAMARGO, EN LA TORRE - NORCINTI - CHUQUISACA",-20.64,-65.2,2340.0,19880601.0,20.0
10.18730/JXE2=,G50462,FULL,Phaseolus,vulgaris,Phaseolus vulgaris,300,19880601,BOL,"23 KM S DE CAMARGO, EN LA PRIMAVERA - NORCINTI - CHUQUISACA",-20.71,-65.22,2240.0,19880601.0,20.0
10.18730/PG0H=,G50460,FULL,Phaseolus,vulgaris,Phaseolus vulgaris,300,19880601,BOL,EN MIZQUE - MIZQUE - COCHABAMBA,-17.87,-65.37,1990.0,19880601.0,20.0
10.18730/JH0ZK,G4838,FULL,Phaseolus,vulgaris,Phaseolus vulgaris,300,19730301,BOL,FINCA CRUSATA - LARECAJA - LA PAZ,-15.51,-68.35,,19730301.0,40.0
10.18730/K25T7,G3805,FULL,Phaseolus,vulgaris,Phaseolus vulgaris,300,19720501,BOL,PORVENIR - PORVENIR - PANDO,-11.25,-68.69,200.0,19720501.0,40.0
10.18730/JXE84,G24534,FULL,Phaseolus,vulgaris,Phaseolus vulgaris,300,19880601,BOL,"9 KM W DE TOMATITAS, RINCÓN DE VICTORIA - MENDEZ - TARIJA",-21.54,-64.83,2090.0,19880601.0,20.0
10.18730/S6HZ5,G23869I,FULL,Phaseolus,vulgaris,Phaseolus vulgaris,200,19880601,BOL,"20 KM NE DE TARIJA, EN SELLA CERCADO - CERCADO - TARIJA",-21.47,-64.67,1980.0,19880601.0,60.0
10.18730/JXDWX,G23853,FULL,Phaseolus,vulgaris,Phaseolus vulgaris,300,19880601,BOL,"13 KM N DE AIQUILE, EN RUMICANCHA - CAMPERO - COCHABAMBA",-18.12,-65.15,2270.0,19880601.0,20.0
10.18730/JXDTV,G23854,FULL,Phaseolus,vulgaris,Phaseolus vulgaris,300,19880601,BOL,EN CONCHUPATA - TOMINA - CHUQUISACA,-19.29,-64.34,2200.0,19880601.0,20.0
10.18730/PHTN8,G23733,FULL,Phaseolus,vulgaris,Phaseolus vulgaris,300,19880601,BOL,EN QUIROGA - CAMPERO - COCHABAMBA,-18.4,-65.17,1900.0,19880601.0,20.0
10.18730/PHTQA,G23731,FULL,Phaseolus,vulgaris,Phaseolus vulgaris,300,19861101,BOL,RAQAYPAMPA - MIZQUE - COCHABAMBA,-18.13,-65.5,3050.0,19861101.0,40.0
10.18730/PF7A5,G23622,FULL,Phaseolus,vulgaris,Phaseolus vulgaris,300,19861101,BOL,POJO - CARRASCO - COCHABAMBA,-17.76,-65.85,2000.0,19861101.0,40.0
10.18730/PHVYC,G23621,FULL,Phaseolus,vulgaris,Phaseolus vulgaris,300,19861101,BOL,P'HURU COMA - MIZQUE - COCHABAMBA,-17.94,-65.35,2960.0,19861101.0,40.0
10.18730/PHW1F,G23618,FULL,Phaseolus,vulgaris,Phaseolus vulgaris,300,19861101,BOL,JUNI - INQUISIVI - LA PAZ,-16.73,-67.06,2870.0,19861101.0,40.0
10.18730/PHVZD,G23620,FULL,Phaseolus,vulgaris,Phaseolus vulgaris,300,19861101,BOL,AIQUILE - CAMPERO - COCHABAMBA,-18.21,-65.18,2170.0,19861101.0,40.0
10.18730/JXDRS,G23607,FULL,Phaseolus,vulgaris,Phaseolus vulgaris,300,19880601,BOL,EN MOJOTORO - OROPEZA - CHUQUISACA,-18.92,-65.12,1970.0,19880601.0,20.0
10.18730/S1DG~,G23447C,FULL,Phaseolus,vulgaris,Phaseolus vulgaris,120,19880601,BOL,"8 KM W DE TOMATITAS, RINCÓN LA VICTORIA - MENDEZ - TARIJA",-21.55,-64.87,2100.0,19880601.0,10.0
10.18730/S1DF*,G23445C,FULL,Phaseolus,vulgaris,Phaseolus vulgaris,200,19880601,BOL,"9 KM WWS DE TOMATITAS, RINCÓN LA VICTORIA - MENDEZ - TARIJA",-21.53,-64.87,2100.0,19880601.0,60.0
10.18730/JXDKM,G23443,FULL,Phaseolus,vulgaris,Phaseolus vulgaris,100,19880601,BOL,"1 KM SSW DE PATA TEJAS, EN CALNIUCCHU - ZUDAÑEZ - CHUQUISACA",-19.2,-64.6,2380.0,19880601.0,10.0
10.18730/JXDDE,G23444,FULL,Phaseolus,vulgaris,Phaseolus vulgaris,100,19880601,BOL,9 KM WWN DE PADILLA - TOMINA - CHUQUISACA,-19.3,-64.32,2040.0,19880601.0,10.0
10.18730/S6HKY,G23442A,FULL,Phaseolus,vulgaris,Phaseolus vulgaris,100,19880601,BOL,28 KM S DE TOTORA QUEBRADA NEE CORRAL VIEJO - MIZQUE - COCHABAMBA,-17.78,-65.17,2270.0,19880601.0,10.0
10.18730/JT8XH,G18082,FULL,Phaseolus,vulgaris,Phaseolus vulgaris,300,19830101,BOL,MOYABAYA-TINTILAYA - LARECAJA - LA PAZ,-15.69,-68.75,,19830101.0,40.0
10.18730/JRXJU,G12734,FULL,Phaseolus,vulgaris,Phaseolus vulgaris,300,19790401,BOL,VALLE DE MAIRANA - MAIRANA - SANTA CRUZ,-18.13,-63.94,,19790401.0,40.0
10.18730/JZ4M5,G108,FULL,Phaseolus,vulgaris,Phaseolus vulgaris,300,19700901,BOL,UNIVERSIDAD AUTÓNOMA SAN SIMÓNCOCHABAMBA,-17.4,-66.15,2800.0,19700901.0,40.0
10.18730/K4KHF,G51971,FULL,Phaseolus,vulgaris,Phaseolus vulgaris,300,20120130,BOL,"2 KM NORTHWEST SAN DIEGO, NARVÁEZ, NEAR TOWN OF O'CONNOR - O'CONNOR - TARIJA",-21.42,-64.27,1700.0,20120130.0,20.0
10.18730/K4SX$,G52216,FULL,Phaseolus,vulgaris,Phaseolus vulgaris,300,19861101,BOL,PULCHIRI - INQUISIVI - LA PAZ,-16.84,-67.21,2560.0,19861101.0,40.0
10.18730/K4SV*,G52214,FULL,Phaseolus,vulgaris,Phaseolus vulgaris,300,19861101,BOL,SAN PEDRO DE LA LOMA - NOR YUNGAS - LA PAZ,-16.18,-67.73,1680.0,19861101.0,40.0
10.18730/PH58T,G51967,FULL,Phaseolus,vulgaris,Phaseolus vulgaris,200,20120130,BOL,"15 KM WEST TARIJA A SAN JACINTO, CALLEJONES/TABLADITA - CERCADO - TARIJA",-21.53,-64.75,1890.0,20120130.0,60.0
10.18730/K4KB9,G51964,FULL,Phaseolus,vulgaris,Phaseolus vulgaris,100,20120130,BOL,"11 KM SSE DE TARABUQUILLO, PAIRIMAYU - TOMINA - CHUQUISACA",-19.38,-64.45,2180.0,20120130.0,10.0
10.18730/K4KDB,G51966,FULL,Phaseolus,vulgaris,Phaseolus vulgaris,100,20120130,BOL,"2.5 KM N DE ENTRE RIOS, CUESTA COLORADA - O'CONNOR - TARIJA",-21.5,-64.15,1270.0,20120130.0,10.0
10.18730/K4KCA,G51965,FULL,Phaseolus,vulgaris,Phaseolus vulgaris,100,20120130,BOL,"8 KM S DE SOPACHUY, VALLE RÍO MILANIS - TOMINA - CHUQUISACA",-19.53,-64.45,1960.0,20120130.0,10.0
10.18730/PQ253,G973,FULL,Phaseolus,vulgaris,Phaseolus vulgaris,300,19700901,PAK,PESHAWAR,34.02,71.55,,19700901.0,40.0
10.18730/S5F51,G18857A,FULL,Phaseolus,vulgaris,Phaseolus vulgaris,300,19781001,PAK,"45 KM N OF MURREE, KOHALA - KOHALA",34.09,73.5,,19781001.0,40.0
10.18730/PPZ9P,G1462,FULL,Phaseolus,vulgaris,Phaseolus vulgaris,300,19700901,PAK,GILGIT GARDEN,35.93,74.34,,19700901.0,40.0
10.18730/PQ05D,G1390,FULL,Phaseolus,vulgaris,Phaseolus vulgaris,300,19700901,PAK,RAWALPINDI,33.6,73.07,,19700901.0,40.0
10.18730/JZZ1U,G1048,FULL,Phaseolus,vulgaris,Phaseolus vulgaris,300,19700901,PAK,MASTUJ GARDEN,36.29,72.52,,19700901.0,40.0
10.18730/PQ1NR,G1046,FULL,Phaseolus,vulgaris,Phaseolus vulgaris,300,19700901,PAK,THAL,33.37,70.55,,19700901.0,40.0
10.18730/PQ1PS,G1045,FULL,Phaseolus,vulgaris,Phaseolus vulgaris,300,19700901,PAK,HANGU,33.53,71.07,,19700901.0,40.0
10.18730/JZWN$,G964,FULL,Phaseolus,vulgaris,Phaseolus vulgaris,300,19700901,KEN,"DEPARTMENT OF AGRICULTURE, NAIROBI - NAIROBI - NAIROBI AREA",-1.28,36.82,,19700901.0,40.0
10.18730/S398N,G19252B,FULL,Phaseolus,vulgaris,Phaseolus vulgaris,300,19781001,KEN,WEST OF NAIROBI DAM LAKE - NAIROBI - NAIROBI AREA,-1.32,36.8,,19781001.0,40.0
10.18730/JHFM7,G9623,FULL,Phaseolus,vulgaris,Phaseolus vulgaris,300,19750920,COD,"35 KM NW BUKAVU, MULUNGU - BUKAVU - KIVU DEL SUR",-2.92,27.93,1700.0,19750920.0,40.0
10.18730/JXT9K,G50338,FULL,Phaseolus,vulgaris,Phaseolus vulgaris,300,19890101,COD,"18.6 KM SE MASISI, NORD-KIVU, BIGIRI/BUHILI - OSSO - KIVU DEL NORTE",-1.46,28.89,2050.0,19890101.0,40.0
10.18730/JXHDZ,G50339,FULL,Phaseolus,vulgaris,Phaseolus vulgaris,300,19890101,COD,"41.8 KM NW LUBERO, NORD-KIVU, MAGERI - BASWAGA - KIVU DEL NORTE",-0.05,29.4,2200.0,19890101.0,40.0
10.18730/JX9YE,G50308,FULL,Phaseolus,vulgaris,Phaseolus vulgaris,300,19880201,COD,"41 KM N BUTEMBO, NORD-KIVU, MBAWU/MALENGAI - BATANGITUHA - KIVU DEL NORTE",0.43,29.38,1350.0,19880201.0,40.0
10.18730/JXABV,G50307,FULL,Phaseolus,vulgaris,Phaseolus vulgaris,300,19880201,COD,"23 KM S LUBERO, NORD-KIVU, MUTUNDU/KALUNGU - BATANGI - KIVU DEL NORTE",-0.22,29.15,2150.0,19880201.0,40.0
10.18730/JH14R,G4843,FULL,Phaseolus,vulgaris,Phaseolus vulgaris,300,19730301,COD,YANGAMBI - YANGAMBI - TSHOPO,0.79,24.4,,19730301.0,40.0
10.18730/JXAAT,G24266,FULL,Phaseolus,vulgaris,Phaseolus vulgaris,300,19880201,COD,"8 KM N KAYNA, NORD-KIVU, MUSINDI/KURUMBA - BATANGI - KIVU DEL NORTE",-0.55,29.15,1730.0,19880201.0,40.0
10.18730/JW8AB,G22650,FULL,Phaseolus,vulgaris,Phaseolus vulgaris,300,19870301,COD,"NORD-KIVU, BUTEMBO - BUTEMBO - KIVU DEL NORTE",0.37,29.3,1800.0,19870301.0,40.0
10.18730/JW89A,G22649,FULL,Phaseolus,vulgaris,Phaseolus vulgaris,300,19870301,COD,"25 KM NW LUBERO, NORD-KIVU, BUKENI/MASERAKA - BASWAGA - KIVU DEL NORTE",-0.12,29.38,2480.0,19870301.0,40.0
10.18730/JW867,G22645,FULL,Phaseolus,vulgaris,Phaseolus vulgaris,300,19870301,COD,"18 KM NE LUBERO, NORD-KIVU, BASWAGA/LUVEVE 1 - BASWAGA - KIVU DEL NORTE",-0.13,29.27,2300.0,19870301.0,40.0
10.18730/JW856,G22644,FULL,Phaseolus,vulgaris,Phaseolus vulgaris,300,19870301,COD,"12 KM NE LUBERO, NORD-KIVU, LUWONGO/KIGALI - BASWAGA - KIVU DEL NORTE",-0.1,29.27,2120.0,19870301.0,40.0
10.18730/JW7X=,G22634,FULL,Phaseolus,vulgaris,Phaseolus vulgaris,300,19870301,COD,"59 KM NW KAYNA, NORD-KIVU, KANYAMAWA - BATANGI - KIVU DEL NORTE",-0.4,29.1,2110.0,19870301.0,40.0
10.18730/JW7W$,G22633,FULL,Phaseolus,vulgaris,Phaseolus vulgaris,300,19870301,COD,"21 KM SW KAYNA, NORD-KIVU, ITALA/MITERO II - BATANGI - KIVU DEL NORTE",-0.74,29.09,1550.0,19870301.0,40.0
10.18730/JW7SZ,G22630,FULL,Phaseolus,vulgaris,Phaseolus vulgaris,300,19870301,COD,"6 KM S KAYNA, NORD-KIVU, BULOTO - BATANGI - KIVU DEL NORTE",-0.67,29.16,1880.0,19870301.0,40.0
10.18730/JW7KS,G22624,FULL,Phaseolus,vulgaris,Phaseolus vulgaris,300,19870301,COD,"17 KM SE RUTSHURU, NORD-KIVU, DJOMBA/RUGAMBA - BWISHA - KIVU DEL NORTE",-1.25,29.5,1650.0,19870301.0,40.0
10.18730/JW7FN,G22620,FULL,Phaseolus,vulgaris,Phaseolus vulgaris,300,19870301,COD,"62 KM NE RUTSHURU, NORD-KIVU, BINZA - BWISHA - KIVU DEL NORTE",-1.05,28.99,1090.0,19870301.0,40.0
10.18730/JW7BH,G22616,FULL,Phaseolus,vulgaris,Phaseolus vulgaris,300,19870301,COD,"41 KM NE GOMA, NORD-KIVU, KISIGARI - BWISHA - KIVU DEL NORTE",-1.4,29.27,1570.0,19870301.0,40.0
10.18730/JW7AG,G22615,FULL,Phaseolus,vulgaris,Phaseolus vulgaris,300,19870301,COD,"38 KM S MIHANGA, NORD-KIVU, MIHANGA - BASHALI - KIVU DEL NORTE",-1.41,29.02,1950.0,19870301.0,40.0
10.18730/JW7EM,G22611,FULL,Phaseolus,vulgaris,Phaseolus vulgaris,300,19870301,COD,"23 KM E MASISI, NORD-KIVU, KISHALI/MUHETO - BASHALI - KIVU DEL NORTE",-1.37,28.95,1570.0,19870301.0,40.0
10.18730/S227Y,G22608A,FULL,Phaseolus,vulgaris,Phaseolus vulgaris,300,19870301,COD,"12 KM SE MASISI, NORD-KIVU, BIGIRI/KATALE - OSSO - KIVU DEL NORTE",-1.48,28.91,2100.0,19870301.0,40.0
10.18730/JW739,G22605,FULL,Phaseolus,vulgaris,Phaseolus vulgaris,300,19870301,COD,"6 KM SE MASISI, NORD-KIVU, BIGIRI/LUSHEBERE - OSSO - KIVU DEL NORTE",-1.41,28.87,1850.0,19870301.0,40.0
10.18730/JW717,G22602,FULL,Phaseolus,vulgaris,Phaseolus vulgaris,300,19870301,COD,"NORD-KIVU, MASISI - OSSO - KIVU DEL NORTE",-1.43,28.9,1660.0,19870301.0,40.0
10.18730/JW706,G22601,FULL,Phaseolus,vulgaris,Phaseolus vulgaris,300,19870301,COD,"43 KM NW GOMA, NORD-KIVU, MATANDA - MATANDA - KIVU DEL NORTE",-1.53,28.93,1950.0,19870301.0,40.0
10.18730/JW6V1,G22595,FULL,Phaseolus,vulgaris,Phaseolus vulgaris,300,19870301,COD,"51 KM NW LUBERO, NORD-KIVU, BUYORA/NGUMWE - BASWAGA - KIVU DEL NORTE",-0.02,29.4,2200.0,19870301.0,40.0
10.18730/JW6X3,G22597,FULL,Phaseolus,vulgaris,Phaseolus vulgaris,300,19870301,COD,"28 KM N BUTEMBO, NORD-KIVU, MUTWANGA/KALUNGITA - BATANGITUHA - KIVU DEL NORTE",0.33,29.74,1370.0,19870301.0,40.0
10.18730/PF3T4,G22592,FULL,Phaseolus,vulgaris,Phaseolus vulgaris,300,19870301,COD,"65 KM NW KAYNA, NORD-KIVU, KAMBOWU - BATANGI - KIVU DEL NORTE",-0.42,29.09,2030.0,19870301.0,40.0
10.18730/JW6MZ,G22587,FULL,Phaseolus,vulgaris,Phaseolus vulgaris,300,19870301,COD,"17 KM SW KAYNA, NORD-KIVU, BUNAMA - BATANGI - KIVU DEL NORTE",-0.68,29.09,1600.0,19870301.0,40.0
10.18730/JW6ES,G22580,FULL,Phaseolus,vulgaris,Phaseolus vulgaris,300,19870301,COD,"9 KM N RUTSHURU, NORD-KIVU, BUKOMA/KATORO - BWISHA - KIVU DEL NORTE",-1.19,29.44,1100.0,19870301.0,40.0
10.18730/JW6JX,G22578,FULL,Phaseolus,vulgaris,Phaseolus vulgaris,300,19870301,COD,"65 KM NE GOMA, NORD-KIVU, KISIGARI/RUKORO-NYAHANGA - BWISHA - KIVU DEL NORTE",-1.23,29.43,1220.0,19870301.0,40.0
10.18730/JW6BP,G22577,FULL,Phaseolus,vulgaris,Phaseolus vulgaris,300,19870301,COD,"NORD-KIVU, MASISI, KISUMA - OSSO - KIVU DEL NORTE",-1.47,28.87,1800.0,19870301.0,40.0
10.18730/JW68K,G22574,FULL,Phaseolus,vulgaris,Phaseolus vulgaris,300,19870301,COD,"15 KM NE GOMA, NORD-KIVU, KIBATI - BUKUMU - KIVU DEL NORTE",-1.54,29.27,2000.0,19870301.0,40.0
10.18730/JZYPS,G1026,FULL,Phaseolus,vulgaris,Phaseolus vulgaris,300,19700901,COD,15 KM N OF GOMA - GOMA - KIVU DEL NORTE,-1.47,29.24,,19700901.0,40.0
10.18730/JHK04,G9609,FULL,Phaseolus,vulgaris,Phaseolus vulgaris,300,19761001,GTM,CUILAPA - SANTA ROSA,14.29,-90.31,,19761001.0,40.0
10.18730/K32TA,G9462,FULL,Phaseolus,vulgaris,Phaseolus vulgaris,300,19761001,GTM,SANARATE - EL PROGRESO,14.8,-90.19,,19761001.0,40.0
10.18730/JZT4V,G854,FULL,Phaseolus,vulgaris,Phaseolus vulgaris,300,19700901,GTM,HUEHUETENANGO - HUEHUETENANGO - HUEHUETENANGO,15.31,-91.45,1868.0,19700901.0,40.0
10.18730/JZSF6,G833,FULL,Phaseolus,vulgaris,Phaseolus vulgaris,300,19700901,GTM,PUEBLO NUEVO - PUEBLO NUEVO - SUCHITEPEQUEZ,14.64,-91.53,1219.0,19700901.0,40.0
10.18730/JZSE5,G832,FULL,Phaseolus,vulgaris,Phaseolus vulgaris,300,19700901,GTM,JALAPA - JALAPA - JALAPA,14.62,-89.99,1362.0,19700901.0,40.0
10.18730/JZSC3,G830,FULL,Phaseolus,vulgaris,Phaseolus vulgaris,300,19700901,GTM,JUTIAPA - JUTIAPA - JUTIAPA,14.28,-89.89,886.0,19700901.0,40.0
10.18730/K2HZT,G8249,FULL,Phaseolus,vulgaris,Phaseolus vulgaris,300,19720601,GTM,CHINIQUE - CHINIQUE - QUICHE,15.05,-91.03,,19720601.0,40.0
10.18730/JZQJK,G770,FULL,Phaseolus,vulgaris,Phaseolus vulgaris,300,19700901,GTM,BELOW JACALTENANGO - JACALTENANGO - HUEHUETENANGO,15.66,-91.7,1152.0,19700901.0,40.0
10.18730/K3G1T,G750,FULL,Phaseolus,vulgaris,Phaseolus vulgaris,300,19700901,GTM,"SAN PEDRO, JEMA - SOLOMA - HUEHUETENANGO",15.66,-91.47,1152.0,19700901.0,40.0
10.18730/JZPW$,G740,FULL,Phaseolus,vulgaris,Phaseolus vulgaris,300,19700901,GTM,EL PROGRESO - EL PROGRESO - EL PROGRESO,14.86,-90.02,914.0,19700901.0,40.0
10.18730/JZPPW,G739,FULL,Phaseolus,vulgaris,Phaseolus vulgaris,300,19700901,GTM,ANTIGUA GUATEMALA - ANTIGUA GUATEMALA - SACATEPEQUEZ,14.57,-90.75,1493.0,19700901.0,40.0
10.18730/JZPNV,G738,FULL,Phaseolus,vulgaris,Phaseolus vulgaris,300,19700901,GTM,TECPÁN GUATEMALA - TECPAN GUATEMALA - CHIMALTENANGO,14.77,-91.0,2286.0,19700901.0,40.0
10.18730/JZPGP,G733,FULL,Phaseolus,vulgaris,Phaseolus vulgaris,300,19700901,GTM,MARTIN XUTUMUL - RABINAL - BAJA VERAPAZ,15.08,-90.47,917.0,19700901.0,40.0
10.18730/JZNP~,G698,FULL,Phaseolus,vulgaris,Phaseolus vulgaris,300,19700901,GTM,SAN PEDRO CARCHÁ - COBAN - ALTA VERAPAZ,15.5,-90.26,1469.0,19700901.0,40.0
10.18730/JGC5K,G5908,FULL,Phaseolus,vulgaris,Phaseolus vulgaris,300,19720601,GTM,CAHABON - CAHABON - ALTA VERAPAZ,15.61,-89.81,,19720601.0,40.0
10.18730/JGG4=,G5711,FULL,Phaseolus,vulgaris,Phaseolus vulgaris,300,19750825,GTM,CHIMALTENANGO - CHIMALTENANGO,14.67,-90.83,,19750825.0,40.0
10.18730/JGQPJ,G5218,FULL,Phaseolus,vulgaris,Phaseolus vulgaris,300,19730301,GTM,TOTONICAPAN - TOTONICAPAN - TOTONICAPAN,14.91,-91.37,,19730301.0,40.0
10.18730/S61N1,G50721C,FULL,Phaseolus,vulgaris,Phaseolus vulgaris,100,19960201,GTM,"3 KM ADELANTE FINCA LA BELLA, FINCA LAS ILUSIONES - SAN AGUSTIN ACASAGUASTLAN - EL PROGRESO",15.03,-89.9,1685.0,19960201.0,40.0
10.18730/S2CMY,G50720B,FULL,Phaseolus,vulgaris,Phaseolus vulgaris,100,19960201,GTM,"48.5KM DESPUÉS DE EL RANCHO, KM 129 CARRETERA EL RANCHO-SALAMA - SAN JERONIMO - BAJA VERAPAZ",15.0,-90.23,1275.0,19960201.0,40.0
10.18730/JYT20,G50718,FULL,Phaseolus,vulgaris,Phaseolus vulgaris,100,19960201,GTM,"2 KM DE LA ALDEA SUASITE VÍA A GRANADOS, SUASITE - SAN JUAN SACATEPEQUEZ - GUATEMALA",14.83,-90.62,1305.0,19960201.0,40.0
10.18730/PG8FY,G50719,FULL,Phaseolus,vulgaris,Phaseolus vulgaris,100,19960201,GTM,"KM 123.5 DE RABINAL-SALAMA,10.7 KM DE SAN MIGUEL CHICAJ - RABINAL - BAJA VERAPAZ",15.1,-90.43,1340.0,19960201.0,40.0
10.18730/JYT75,G50715,FULL,Phaseolus,vulgaris,Phaseolus vulgaris,100,19960201,GTM,"50 MTS ANTES DE LLEGAR A LA ERMITA, ESQUIPULAS - ESQUIPULAS - CHIQUIMULA",14.57,-89.37,1100.0,19960201.0,40.0
10.18730/JYT0=,G50716,FULL,Phaseolus,vulgaris,Phaseolus vulgaris,100,19960201,GTM,"27 KM DE GUATEMALA A SAN RAIMUNDO, SAN ANTONIO PACHALI - SAN JUAN SACATEPEQUEZ - GUATEMALA",14.76,-90.62,1420.0,19960201.0,40.0
10.18730/JYQN$,G50506,FULL,Phaseolus,vulgaris,Phaseolus vulgaris,100,19950201,GTM,"5 KM SSE SAN LUCAS, SAN LUCAS TOLIMÁN - SAN LUCAS TOLIMAN - SOLOLA",14.6,-91.12,1330.0,19950201.0,10.0
10.18730/PG8EX,G50507,FULL,Phaseolus,vulgaris,Phaseolus vulgaris,100,19950201,GTM,"4 KM SE ALMOLONGA, ALMOLONGA - ALMOLONGA - QUEZALTENANGO",14.78,-91.48,2050.0,19950201.0,10.0
10.18730/PG8DW,G50505,FULL,Phaseolus,vulgaris,Phaseolus vulgaris,100,19950201,GTM,"SAN MARTÍN JILOTEPEQUE, PTE. EL AMATE, RÍO PIXCAYA - SAN MARTIN JILOTEPEQUE - CHIMALTENANGO",14.72,-90.78,1350.0,19950201.0,10.0
10.18730/JYQ8N,G50503,FULL,Phaseolus,vulgaris,Phaseolus vulgaris,100,19950201,GTM,"1 KM S CRUCE CARRETERA GUATEMALA-MIXCO, CIUDAD SAN CRISTÓBAL - MIXCO - GUATEMALA",14.62,-90.57,1550.0,19950201.0,10.0
10.18730/JYQFW,G50504,FULL,Phaseolus,vulgaris,Phaseolus vulgaris,100,19950201,GTM,"12 KM N CHIMALTENANGO, CHIMALTENANGO, LA PLANTA - CHIMALTENANGO - CHIMALTENANGO",14.7,-90.78,1330.0,19950201.0,10.0
10.18730/JVZY2,G50438,FULL,Phaseolus,vulgaris,Phaseolus vulgaris,300,19851221,GTM,VALLE DE BUENA VISTA EL ROSARIO - TEJUTLA - SAN MARCOS,15.09,-91.82,2670.0,19851221.0,20.0
10.18730/S6QS6,G50388B,FULL,Phaseolus,vulgaris,Phaseolus vulgaris,100,19950201,GTM,"1.5 KM NE ESTANCIA DE LA CRUZ, AGUAS AMARGAS, ZUNIL - ZUNIL - QUEZALTENANGO",14.75,-91.52,1760.0,19950201.0,10.0
10.18730/JYQM~,G50384,FULL,Phaseolus,vulgaris,Phaseolus vulgaris,100,19950201,GTM,"7 KM SE BUJXUP, JACALTENANGO - JACALTENANGO - HUEHUETENANGO",15.67,-91.72,1180.0,19950201.0,10.0
10.18730/JW176,G50008,FULL,Phaseolus,vulgaris,Phaseolus vulgaris,300,19851221,GTM,VALLE DE SIBILA - CHIANTLA - HUEHUETENANGO,15.47,-91.49,2450.0,19851221.0,20.0
10.18730/JW21*,G50011,FULL,Phaseolus,vulgaris,Phaseolus vulgaris,100,19851221,GTM,4 KM S DE ALOTENANGO - ALOTENANGO - SACATEPEQUEZ,14.45,-90.82,1280.0,19851221.0,10.0
10.18730/JW132,G50007,FULL,Phaseolus,vulgaris,Phaseolus vulgaris,300,19851221,GTM,VALLE DE QUIK'A - SIPACAPA - SAN MARCOS,15.22,-91.69,2550.0,19851221.0,20.0
10.18730/K3QQD,G4300,FULL,Phaseolus,vulgaris,Phaseolus vulgaris,300,19720601,GTM,PUERTO BARRIOS - PUERTO BARRIOS - IZABAL,15.68,-88.57,,19720601.0,40.0
10.18730/JF6N3,G4066,FULL,Phaseolus,vulgaris,Phaseolus vulgaris,300,19720601,GTM,SANTA BARBARA - SANTA BARBARA - HUEHUETENANGO,15.32,-91.63,,19720601.0,40.0
10.18730/JV05N,G3955,FULL,Phaseolus,vulgaris,Phaseolus vulgaris,300,19720601,GTM,CHICHICASTENANGO - CHICHICASTENANGO - QUICHE,14.94,-91.12,,19720601.0,40.0
10.18730/K1SAE,G3252,FULL,Phaseolus,vulgaris,Phaseolus vulgaris,300,19720601,GTM,ENCINITOS - GUALAN - ZACAPA,15.19,-89.29,,19720601.0,40.0
10.18730/K1RGS,G3245,FULL,Phaseolus,vulgaris,Phaseolus vulgaris,300,19720601,GTM,GUALAN - GUALAN - ZACAPA,15.14,-89.37,,19720601.0,40.0
10.18730/K1RHT,G3246,FULL,Phaseolus,vulgaris,Phaseolus vulgaris,300,19720601,GTM,EL ZAPOTAL - GUALAN - ZACAPA,14.99,-89.36,,19720601.0,40.0
10.18730/K1RKW,G3248,FULL,Phaseolus,vulgaris,Phaseolus vulgaris,300,19720601,GTM,LA IGUANA - GUALAN - ZACAPA,14.97,-89.53,,19720601.0,40.0
10.18730/K1RDP,G3242,FULL,Phaseolus,vulgaris,Phaseolus vulgaris,300,19720601,GTM,CAMPO DOS - LOS AMATES - IZABAL,15.4,-89.05,,19720601.0,40.0
10.18730/K3QNB,G3237,FULL,Phaseolus,vulgaris,Phaseolus vulgaris,300,19720601,GTM,ALREDEDOR DE TENEDORES - TENEDORES - IZABAL,15.56,-88.63,,19720601.0,40.0
10.18730/K1R9J,G3233,FULL,Phaseolus,vulgaris,Phaseolus vulgaris,300,19720601,GTM,LOS AMATES - LOS AMATES - IZABAL,15.26,-89.09,,19720601.0,40.0
10.18730/K3QJ8,G3234,FULL,Phaseolus,vulgaris,Phaseolus vulgaris,300,19720601,GTM,GRAN CAÑON - GRAN CAÑON - IZABAL,15.46,-88.95,,19720601.0,40.0
10.18730/K1R7G,G3231,FULL,Phaseolus,vulgaris,Phaseolus vulgaris,300,19720601,GTM,IPALA - IPALA - CHIQUIMULA,14.62,-89.63,,19720601.0,40.0
10.18730/K3GD1,G3227,FULL,Phaseolus,vulgaris,Phaseolus vulgaris,300,19720601,GTM,SAN JUAN CHAMELCO - SAN JUAN CHAMELCO - ALTA VERAPAZ,15.42,-90.31,,19720601.0,40.0
10.18730/K1R5E,G3228,FULL,Phaseolus,vulgaris,Phaseolus vulgaris,300,19720601,GTM,SAN JERÓNIMO - SAN JERONIMO - BAJA VERAPAZ,15.06,-90.2,,19720601.0,40.0
10.18730/K1QX6,G3220,FULL,Phaseolus,vulgaris,Phaseolus vulgaris,300,19720601,GTM,LANQUIN - LANQUIN - ALTA VERAPAZ,15.57,-89.98,,19720601.0,40.0
10.18730/K1QK~,G3210,FULL,Phaseolus,vulgaris,Phaseolus vulgaris,300,19720601,GTM,FINCA AGUA B. - SAN CRISTOBAL VERAPAZ - ALTA VERAPAZ,15.37,-90.49,,19720601.0,40.0
10.18730/K1QN=,G3212,FULL,Phaseolus,vulgaris,Phaseolus vulgaris,300,19720601,GTM,FINCA EL HUAPINOL - COBAN - ALTA VERAPAZ,15.49,-90.34,,19720601.0,40.0
10.18730/K1QJ*,G3207,FULL,Phaseolus,vulgaris,Phaseolus vulgaris,300,19720601,GTM,LA TINTA - TAMAHU - ALTA VERAPAZ,15.31,-89.89,,19720601.0,40.0
10.18730/K1QBS,G3201,FULL,Phaseolus,vulgaris,Phaseolus vulgaris,300,19720601,GTM,SAN PEDRO PINULA - SAN PEDRO PINULA - JALAPA,14.66,-89.85,,19720601.0,40.0
10.18730/K1QDV,G3203,FULL,Phaseolus,vulgaris,Phaseolus vulgaris,300,19720601,GTM,LOS ESCLAVOS - LOS ESCLAVOS - SANTA ROSA,14.25,-90.29,,19720601.0,40.0
10.18730/K1QEW,G3204,FULL,Phaseolus,vulgaris,Phaseolus vulgaris,300,19720601,GTM,TAMAHU - TAMAHU - ALTA VERAPAZ,15.34,-90.17,1500.0,19720601.0,40.0
10.18730/K1QFX,G3205,FULL,Phaseolus,vulgaris,Phaseolus vulgaris,300,19720601,GTM,PANCAJCHE - TAMAHU - ALTA VERAPAZ,15.32,-89.98,,19720601.0,40.0
10.18730/K1QGY,G3197,FULL,Phaseolus,vulgaris,Phaseolus vulgaris,300,19720601,GTM,CHIQUIMULA - CHIQUIMULA - CHIQUIMULA,14.82,-89.56,424.0,19720601.0,40.0
10.18730/K1QW5,G3198,FULL,Phaseolus,vulgaris,Phaseolus vulgaris,300,19720601,GTM,AGUA BLANCA - AGUA BLANCA - JUTIAPA,14.51,-89.65,,19720601.0,40.0
10.18730/K1Q9Q,G3199,FULL,Phaseolus,vulgaris,Phaseolus vulgaris,300,19720601,GTM,SAN LUIS JILOTEPEQUE - SAN LUIS JILOTEPEQUE - JALAPA,14.67,-89.67,750.0,19720601.0,40.0
10.18730/K1Q7N,G3196,FULL,Phaseolus,vulgaris,Phaseolus vulgaris,300,19720601,GTM,EL ROSARIO - EL ROSARIO - CHIQUIMULA,14.61,-89.57,,19720601.0,40.0
10.18730/K1Q1F,G3191,FULL,Phaseolus,vulgaris,Phaseolus vulgaris,300,19720601,GTM,QUEZALTEPEQUE - QUEZALTEPEQUE - CHIQUIMULA,14.64,-89.45,,19720601.0,40.0
10.18730/K1Q4J,G3194,FULL,Phaseolus,vulgaris,Phaseolus vulgaris,300,19720601,GTM,EL SAUCE - EL SAUCE - CHIQUIMULA,14.55,-89.67,,19720601.0,40.0
10.18730/K1Q5K,G3186,FULL,Phaseolus,vulgaris,Phaseolus vulgaris,300,19720601,GTM,EL CALVARIO - EL CALVARIO - JUTIAPA,14.18,-89.79,,19720601.0,40.0
10.18730/K1PD*,G3172,FULL,Phaseolus,vulgaris,Phaseolus vulgaris,300,19720601,GTM,JALPATAGUA - JALPATAGUA - JUTIAPA,14.14,-90.02,,19720601.0,40.0
10.18730/K1PCZ,G3171,FULL,Phaseolus,vulgaris,Phaseolus vulgaris,300,19720601,GTM,SAPUYUCA - SAPUYUCA - JUTIAPA,14.14,-89.99,,19720601.0,40.0
10.18730/K1P9W,G3168,FULL,Phaseolus,vulgaris,Phaseolus vulgaris,300,19720601,GTM,FINCA EL SOYATE - MOYUTA - JUTIAPA,14.08,-90.1,,19720601.0,40.0
10.18730/K3PPH,G3166,FULL,Phaseolus,vulgaris,Phaseolus vulgaris,300,19720601,GTM,EL COLORADO - VALLE NUEVO - JUTIAPA,13.97,-89.98,,19720601.0,40.0
10.18730/K1NZJ,G3158,FULL,Phaseolus,vulgaris,Phaseolus vulgaris,300,19720601,GTM,SANTA ROSA DE LIMA - SANTA ROSA DE LIMA - SANTA ROSA,14.4,-90.31,,19720601.0,40.0
10.18730/K1PK1,G3156,FULL,Phaseolus,vulgaris,Phaseolus vulgaris,300,19720601,GTM,CASILLAS - CASILLAS - SANTA ROSA,14.42,-90.24,,19720601.0,40.0
10.18730/K1NCU,G3138,FULL,Phaseolus,vulgaris,Phaseolus vulgaris,300,19720601,GTM,SANARATE - SANARATE - EL PROGRESO,14.79,-90.21,,19720601.0,40.0
10.18730/K3QG6,G3128,FULL,Phaseolus,vulgaris,Phaseolus vulgaris,300,19720601,GTM,BANANERA - BANANERA - IZABAL,15.46,-88.83,,19720601.0,40.0
10.18730/K1N6Y,G3131,FULL,Phaseolus,vulgaris,Phaseolus vulgaris,300,19720601,GTM,EL RANCHO - EL RANCHO - EL PROGRESO,14.91,-90.0,,19720601.0,40.0
10.18730/K1N7Z,G3111,FULL,Phaseolus,vulgaris,Phaseolus vulgaris,300,19720601,GTM,ACASAGUASTLÁN - SAN CRISTOBAL ACASAGUASTLAN - EL PROGRESO,14.93,-89.89,,19720601.0,40.0
10.18730/K1N8*,G3112,FULL,Phaseolus,vulgaris,Phaseolus vulgaris,300,19720601,GTM,TECULATAN - TECULUTAN - ZACAPA,14.98,-89.72,,19720601.0,40.0
10.18730/K1MTJ,G3113,FULL,Phaseolus,vulgaris,Phaseolus vulgaris,300,19720601,GTM,DONA MARIA - DONA MARIA - ZACAPA,15.24,-89.24,,19720601.0,40.0
10.18730/K1MPE,G3107,FULL,Phaseolus,vulgaris,Phaseolus vulgaris,300,19720601,GTM,SALAMA - SALAMA - BAJA VERAPAZ,15.11,-90.27,,19720601.0,40.0
10.18730/K1MG8,G3098,FULL,Phaseolus,vulgaris,Phaseolus vulgaris,300,19720601,GTM,GUATEMALA - GUATEMALA - GUATEMALA,14.69,-90.52,1500.0,19720601.0,40.0
10.18730/K1ME6,G3096,FULL,Phaseolus,vulgaris,Phaseolus vulgaris,300,19720601,GTM,ATESCATEMPA - ATESCATEMPA - JUTIAPA,14.19,-89.74,,19720601.0,40.0
10.18730/K1M5$,G3082,FULL,Phaseolus,vulgaris,Phaseolus vulgaris,300,19720601,GTM,SANTA CRUZ DEL QUICHE - SANTA CRUZ DEL QUICHE - QUICHE,15.03,-91.12,2021.0,19720601.0,40.0
10.18730/K1M4~,G3080,FULL,Phaseolus,vulgaris,Phaseolus vulgaris,300,19720601,GTM,SAN PEDRO SACATEPÉQUEZ - SAN PEDRO SACATEPEQUEZ - SACATEPEQUEZ,14.97,-91.77,,19720601.0,40.0
10.18730/K1KXT,G3072,FULL,Phaseolus,vulgaris,Phaseolus vulgaris,300,19720601,GTM,CHIANTLA - CHIANTLA - HUEHUETENANGO,15.37,-91.45,,19720601.0,40.0
10.18730/K1KNJ,G3061,FULL,Phaseolus,vulgaris,Phaseolus vulgaris,300,19720601,GTM,CAMOJA GRANDE - CAMOJA GRANDE - HUEHUETENANGO,15.58,-91.9,,19720601.0,40.0
10.18730/K1KMH,G3060,FULL,Phaseolus,vulgaris,Phaseolus vulgaris,300,19720601,GTM,LA MESILLA - LA MESILLA - HUEHUETENANGO,15.63,-91.99,,19720601.0,40.0
10.18730/K1KRN,G3057,FULL,Phaseolus,vulgaris,Phaseolus vulgaris,300,19720601,GTM,SAN PEDRO CARCHA - SAN PEDRO CARCHA - ALTA VERAPAZ,15.47,-90.32,1000.0,19720601.0,40.0
10.18730/K1M2Z,G3058,FULL,Phaseolus,vulgaris,Phaseolus vulgaris,300,19720601,GTM,IXIMCHE - TECPAN GUATEMALA - CHIMALTENANGO,14.74,-90.99,,19720601.0,40.0
10.18730/K1KC9,G3050,FULL,Phaseolus,vulgaris,Phaseolus vulgaris,300,19720601,GTM,SAN CRISTÓBAL VERAPAZ - SAN CRISTOBAL VERAPAZ - ALTA VERAPAZ,15.39,-90.4,1000.0,19720601.0,40.0
10.18730/K1KVR,G3049,FULL,Phaseolus,vulgaris,Phaseolus vulgaris,300,19720601,GTM,TACTIC - TACTIC - ALTA VERAPAZ,15.34,-90.31,1000.0,19720601.0,40.0
10.18730/K1KJF,G3038,FULL,Phaseolus,vulgaris,Phaseolus vulgaris,300,19720601,GTM,MORAZAN - MORAZAN - EL PROGRESO,14.94,-90.15,1000.0,19720601.0,40.0
10.18730/K1JTW,G3030,FULL,Phaseolus,vulgaris,Phaseolus vulgaris,300,19720601,GTM,SAN JOSÉ LA ARADA - SAN JOSE LA ARADA - CHIQUIMULA,14.72,-89.59,,19720601.0,40.0
10.18730/K3GBU,G3016,FULL,Phaseolus,vulgaris,Phaseolus vulgaris,300,19720601,GTM,JOCOTAN - JOCOTAN - CHIQUIMULA,14.83,-89.39,,19720601.0,40.0
10.18730/K1K2U,G3017,FULL,Phaseolus,vulgaris,Phaseolus vulgaris,300,19720601,GTM,CONCEPCIÓN LAS MINAS - CONCEPCION LAS MINAS - CHIQUIMULA,14.52,-89.45,,19720601.0,40.0
10.18730/K1J9B,G3012,FULL,Phaseolus,vulgaris,Phaseolus vulgaris,300,19720601,GTM,CAMOTÁN - CAMOTAN - CHIQUIMULA,14.82,-89.37,,19720601.0,40.0
10.18730/K1JBD,G3005,FULL,Phaseolus,vulgaris,Phaseolus vulgaris,300,19720601,GTM,EL PROGRESO - EL PROGRESO - JUTIAPA,14.35,-89.84,,19720601.0,40.0
10.18730/K1JEG,G2995,FULL,Phaseolus,vulgaris,Phaseolus vulgaris,300,19720601,GTM,ASUNCIÓN MITA - ASUNCION MITA - JUTIAPA,14.34,-89.72,,19720601.0,40.0
10.18730/K1HRZ,G2993,FULL,Phaseolus,vulgaris,Phaseolus vulgaris,300,19720601,GTM,SAN CRISTÓBAL FRONTERA - ASUNCION MITA - JUTIAPA,14.19,-89.68,,19720601.0,40.0
10.18730/K1J35,G2985,FULL,Phaseolus,vulgaris,Phaseolus vulgaris,300,19720601,GTM,LAS MARIAS - LAS MARIAS - SANTA ROSA,14.2,-90.1,,19720601.0,40.0
10.18730/K1HDM,G2982,FULL,Phaseolus,vulgaris,Phaseolus vulgaris,300,19720601,GTM,EL COCO - JALPATAGUA - JUTIAPA,14.05,-89.95,,19720601.0,40.0
10.18730/K1HBJ,G2980,FULL,Phaseolus,vulgaris,Phaseolus vulgaris,300,19720601,GTM,TIERRA BLANCA - JALPATAGUA - JUTIAPA,14.17,-90.05,,19720601.0,40.0
10.18730/K1H4B,G2971,FULL,Phaseolus,vulgaris,Phaseolus vulgaris,300,19720601,GTM,CONGUACO - CONGUACO - SANTA ROSA,14.06,-90.04,,19720601.0,40.0
10.18730/K1H07,G2968,FULL,Phaseolus,vulgaris,Phaseolus vulgaris,300,19720601,GTM,MOYUTA - MOYUTA - JUTIAPA,14.03,-90.08,,19720601.0,40.0
10.18730/K1H6D,G2951,FULL,Phaseolus,vulgaris,Phaseolus vulgaris,300,19720601,GTM,PUEBLO NUEVO VINAS - PUEBLO NUEVO VINAS - SANTA ROSA,14.24,-90.49,,19720601.0,40.0
10.18730/JXJT2,G23593,FULL,Phaseolus,vulgaris,Phaseolus vulgaris,100,19890101,GTM,KM 24-25 DE JALAPA A SAN PEDRO PINULA - JALAPA - JALAPA,14.65,-89.95,,19890101.0,40.0
10.18730/JX4Z3,G23440,FULL,Phaseolus,vulgaris,Phaseolus vulgaris,100,19871222,GTM,1 KM NE DE CALDERAS - AMATITLAN - GUATEMALA,14.42,-90.58,1740.0,19871222.0,10.0
10.18730/JX515,G23441,FULL,Phaseolus,vulgaris,Phaseolus vulgaris,100,19871222,GTM,"1 KM E DE SANTA HELENA BARRILLAS, CERRO LAS TORRES - AMATITLAN - GUATEMALA",14.43,-90.52,1740.0,19871222.0,10.0
10.18730/PGC2$,G23439,FULL,Phaseolus,vulgaris,Phaseolus vulgaris,100,19871222,GTM,ORILLA N DE LA LAGUNA DE AYARZA - SAN RAFAEL LAS FLORES - SANTA ROSA,14.44,-90.13,1430.0,19871222.0,10.0
10.18730/JX4FR,G23438,FULL,Phaseolus,vulgaris,Phaseolus vulgaris,100,19871222,GTM,11 KM E DE SAN PEDRO PINULA - SAN PEDRO PINULA - JALAPA,14.68,-89.8,1510.0,19871222.0,10.0
10.18730/S4BF6,G23436A,FULL,Phaseolus,vulgaris,Phaseolus vulgaris,100,19871222,GTM,"9 KM NW DE SAN LUIS JILOTEPEQUE, LIMITE - SAN LUIS JILOTEPEQUE - JALAPA",14.67,-89.78,1280.0,19871222.0,10.0
10.18730/PGC0*,G23435,FULL,Phaseolus,vulgaris,Phaseolus vulgaris,100,19871222,GTM,ORILLA SW DE LA LAGUNA DE IPALA - IPALA - CHIQUIMULA,14.55,-89.63,1390.0,19871222.0,10.0
10.18730/S25AJ,G23434C,FULL,Phaseolus,vulgaris,Phaseolus vulgaris,100,19871222,GTM,0.2 KM NE DE ALBORES HACIA LAS TORRES - SAN AGUSTIN ACASAGUASTLAN - EL PROGRESO,15.07,-89.93,1250.0,19871222.0,10.0
10.18730/K0WYZ,G2237,FULL,Phaseolus,vulgaris,Phaseolus vulgaris,300,19700901,GTM,SANTA MARÍA DE JESÚS - SANTA MARIA DE JESUS - SACATEPEQUEZ,14.51,-91.72,1829.0,19700901.0,40.0
10.18730/K0WEF,G2221,FULL,Phaseolus,vulgaris,Phaseolus vulgaris,300,19700901,GTM,NEAR USPANTAN - USPANTAN - QUICHE,15.35,-90.86,1330.0,19700901.0,40.0
10.18730/K0WDE,G2220,FULL,Phaseolus,vulgaris,Phaseolus vulgaris,300,19700901,GTM,SANTA ELENA - SANTA ELENA - ALTA VERAPAZ,15.37,-90.63,914.0,19700901.0,40.0
10.18730/K0W34,G2209,FULL,Phaseolus,vulgaris,Phaseolus vulgaris,300,19700901,GTM,SANTA CRUZ - SANTA CRUZ - ALTA VERAPAZ,15.37,-90.42,1280.0,19700901.0,40.0
10.18730/K0T7J,G2157,FULL,Phaseolus,vulgaris,Phaseolus vulgaris,300,19700901,GTM,SANTA MARÍA CAUQUÉ - SANTA MARIA CAUQUE - SACATEPEQUEZ,14.64,-90.71,1829.0,19700901.0,40.0
10.18730/K0P1*,G2010,FULL,Phaseolus,vulgaris,Phaseolus vulgaris,300,19700901,GTM,SCHIEBER FARM AT PARRAMOS - PARRAMOS - CHIMALTENANGO,14.62,-90.81,1829.0,19700901.0,40.0
10.18730/K0NNM,G2006,FULL,Phaseolus,vulgaris,Phaseolus vulgaris,300,19700901,GTM,CHICAMAN - CHICAMAN - ALTA VERAPAZ,15.35,-90.79,1219.0,19700901.0,40.0
10.18730/K0NJH,G1994,FULL,Phaseolus,vulgaris,Phaseolus vulgaris,300,19700901,GTM,BETWEEN SANTA CRUZ Y COBÁN - COBAN - ALTA VERAPAZ,15.42,-90.41,1372.0,19700901.0,40.0
10.18730/JVYX6,G19908,FULL,Phaseolus,vulgaris,Phaseolus vulgaris,100,19851221,GTM,1.5 KM W DE SAN MIGUEL DUEÑAS - SAN MIGUEL DUEÑAS - SACATEPEQUEZ,14.53,-90.83,1550.0,19851221.0,10.0
10.18730/JVZ3C,G19909,FULL,Phaseolus,vulgaris,Phaseolus vulgaris,100,19851221,GTM,5 KM W DE SAN MIGUEL DUEÑAS - SAN MIGUEL DUEÑAS - SACATEPEQUEZ,14.55,-90.83,1820.0,19851221.0,10.0
10.18730/S221R,G19906A,FULL,Phaseolus,vulgaris,Phaseolus vulgaris,100,19851221,GTM,9 KM S DE SANTA MARÍA DE JESÚS - SANTA MARIA DE JESUS - SACATEPEQUEZ,14.45,-90.7,1550.0,19851221.0,10.0
10.18730/K0MDH,G1971,FULL,Phaseolus,vulgaris,Phaseolus vulgaris,300,19700901,GTM,VALLE DE MONJAS - MONJAS - JALAPA,14.51,-89.86,1067.0,19700901.0,40.0
10.18730/K0M37,G1944,FULL,Phaseolus,vulgaris,Phaseolus vulgaris,300,19700901,GTM,PANAJACHEL - PANAJACHEL - SOLOLA,14.74,-91.25,1524.0,19700901.0,40.0
10.18730/JMEHA,G18994,FULL,Phaseolus,vulgaris,Phaseolus vulgaris,300,19781001,GTM,EL TEJAR - CHIMALTENANGO - CHIMALTENANGO,14.65,-90.77,2000.0,19781001.0,40.0
10.18730/JTHT6,G18240,FULL,Phaseolus,vulgaris,Phaseolus vulgaris,300,19840601,GTM,CHICHICASTE - SANARATE - EL PROGRESO,14.89,-90.22,,19840601.0,20.0
10.18730/JTHKU,G18223,FULL,Phaseolus,vulgaris,Phaseolus vulgaris,300,19840601,GTM,PATZICIA - PATZICIA - CHIMALTENANGO,14.64,-90.94,,19840601.0,40.0
10.18730/JTAV5,G17651,FULL,Phaseolus,vulgaris,Phaseolus vulgaris,300,19821001,GTM,PACOC - PACOC - CHIMALTENANGO,14.65,-91.0,,19821001.0,40.0
10.18730/JHJJV,G16865,FULL,Phaseolus,vulgaris,Phaseolus vulgaris,300,19761001,GTM,TAMAHU - ALTA VERAPAZ,15.31,-90.23,,19761001.0,40.0
10.18730/JS7SY,G13935,FULL,Phaseolus,vulgaris,Phaseolus vulgaris,300,19810501,GTM,KM 147 MALACATANCITO - MALACATANCITO - HUEHUETENANGO,15.22,-91.52,,19810501.0,20.0
10.18730/JS7NT,G13931,FULL,Phaseolus,vulgaris,Phaseolus vulgaris,300,19810501,GTM,QUEZALTENANGO - QUEZALTENANGO - QUEZALTENANGO,14.84,-91.55,,19810501.0,20.0
10.18730/JS7RX,G13934,FULL,Phaseolus,vulgaris,Phaseolus vulgaris,300,19810501,GTM,10 KM DE AGUACATÁN - AGUACATAN - HUEHUETENANGO,15.31,-91.25,,19810501.0,20.0
10.18730/JS7QW,G13933,FULL,Phaseolus,vulgaris,Phaseolus vulgaris,300,19810501,GTM,7 KM DE AGUACATÁN - AGUACATAN - HUEHUETENANGO,15.32,-91.27,,19810501.0,20.0
10.18730/JS7PV,G13932,FULL,Phaseolus,vulgaris,Phaseolus vulgaris,300,19810501,GTM,LABOR OVALLE - LABOR OVALLE - QUEZALTENANGO,14.9,-91.52,,19810501.0,20.0
10.18730/S1TAU,G12855A,FULL,Phaseolus,vulgaris,Phaseolus vulgaris,100,19781001,GTM,QUESADA - QUESADA - JUTIAPA,14.27,-90.04,873.0,19781001.0,40.0
10.18730/JZ4Q8,G128,FULL,Phaseolus,vulgaris,Phaseolus vulgaris,300,19700901,GTM,SAN PEDRO SACATEPÉQUEZ - SAN PEDRO SACATEPEQUEZ - GUATEMALA,14.69,-90.65,,19700901.0,40.0
10.18730/K024R,G1200,FULL,Phaseolus,vulgaris,Phaseolus vulgaris,300,19700901,GTM,RETALHULEU - RETALHULEU - RETALHULEU,14.54,-91.7,210.0,19700901.0,40.0
10.18730/JQ2ZB,G11616,FULL,Phaseolus,vulgaris,Phaseolus vulgaris,300,19790601,GTM,SACAPULAS - SACAPULAS - QUICHE,15.33,-91.07,,19790601.0,40.0
10.18730/JQ36J,G11613,FULL,Phaseolus,vulgaris,Phaseolus vulgaris,300,19790601,GTM,SAN CRISTÓBAL TOTONICAPAN - SAN CRISTOBAL TOTONICAPAN - TOTONICAPAN,14.93,-91.44,,19790601.0,40.0
10.18730/JQ37K,G11614,FULL,Phaseolus,vulgaris,Phaseolus vulgaris,300,19790601,GTM,CHICAMAN - CHICAMAN - QUICHE,15.41,-90.77,,19790601.0,40.0
10.18730/JQ2KU,G11593,FULL,Phaseolus,vulgaris,Phaseolus vulgaris,300,19790601,GTM,GARAY - MONJAS - JALAPA,14.5,-89.89,,19790601.0,40.0
10.18730/JQ2N1,G11595,FULL,Phaseolus,vulgaris,Phaseolus vulgaris,300,19790601,GTM,BARBERENA - BARBERENA - SANTA ROSA,14.3,-90.35,,19790601.0,40.0
10.18730/K5230,G52475,FULL,Phaseolus,vulgaris,Phaseolus vulgaris,300,19821101,GTM,SAN SEBASTIAN - RETALHULEU,14.57,-91.65,,19821101.0,40.0
10.18730/K51Z~,G52467,FULL,Phaseolus,vulgaris,Phaseolus vulgaris,300,19821101,GTM,PALIN - ESCUINTLA,14.42,-90.69,,19821101.0,40.0
10.18730/K51SV,G52583,FULL,Phaseolus,vulgaris,Phaseolus vulgaris,300,19821101,GTM,EL CONTI DE SALAMABAJA VERAPAZ,15.1,-90.3,,19821101.0,40.0
10.18730/K54E1,G52580,FULL,Phaseolus,vulgaris,Phaseolus vulgaris,300,19821101,GTM,SANTIAGO SACATEPÉQUEZ - SANTIAGO SACATEPEQUEZ - SACATEPEQUEZ,14.64,-90.68,,19821101.0,40.0
10.18730/K54TD,G52595,FULL,Phaseolus,vulgaris,Phaseolus vulgaris,300,19821101,GTM,ALDEA PATZITE - PATZITE - QUICHE,14.96,-91.21,,19821101.0,40.0
10.18730/K55E~,G52622,FULL,Phaseolus,vulgaris,Phaseolus vulgaris,300,19821101,GTM,SAN JUAN - EL PROGRESO,14.74,-90.17,,19821101.0,40.0
10.18730/K559W,G52616,FULL,Phaseolus,vulgaris,Phaseolus vulgaris,300,19821101,GTM,SALFATE - QUEZALTEPEQUE - CHIQUIMULA,14.6,-89.45,700.0,19821101.0,40.0
10.18730/K55D*,G52621,FULL,Phaseolus,vulgaris,Phaseolus vulgaris,300,19821101,GTM,GUALAN - ZACAPA,15.12,-89.36,,19821101.0,40.0
10.18730/K55Q5,G52632,FULL,Phaseolus,vulgaris,Phaseolus vulgaris,300,19821101,GTM,COLPETEN - PETEN,16.63,-89.58,,19821101.0,40.0
10.18730/K55M2,G52629,FULL,Phaseolus,vulgaris,Phaseolus vulgaris,300,19821101,GTM,SANTA ANA - PETEN,16.8,-89.82,,19821101.0,40.0
10.18730/K55XB,G52640,FULL,Phaseolus,vulgaris,Phaseolus vulgaris,300,19821101,GTM,SAN MARTÍN DE JILOTEPEQUE - SAN MARTIN JILOTEPEQUE - CHIMALTENANGO,14.78,-90.78,1700.0,19821101.0,40.0
10.18730/K55P4,G52631,FULL,Phaseolus,vulgaris,Phaseolus vulgaris,300,19821101,GTM,SANTA ANA VIEJA - PETEN,16.68,-89.72,,19821101.0,40.0
10.18730/K35EM,G9603,FULL,Phaseolus,vulgaris,Phaseolus vulgaris,300,19771001,BRA,PATOS DE MINAS - MINAS GERAIS,-18.55,-46.52,,19771001.0,40.0
10.18730/JP0TW,G9602,FULL,Phaseolus,vulgaris,Phaseolus vulgaris,300,19781201,BRA,LAVRAS - MINAS GERAIS,-21.27,-45.0,,19781201.0,40.0
10.18730/K2ER$,G7958,FULL,Phaseolus,vulgaris,Phaseolus vulgaris,300,19731119,BRA,RECIFE - PERNAMBUCO,-8.07,-35.01,,19731119.0,40.0
10.18730/PNHS9,G7957,FULL,Phaseolus,vulgaris,Phaseolus vulgaris,300,19730301,BRA,MACEIO - ALAGOAS,-9.6,-35.7,,19730301.0,40.0
10.18730/JFPM~,G6976,FULL,Phaseolus,vulgaris,Phaseolus vulgaris,300,19730301,BRA,TOCANTINS - MINAS GERAIS,-21.17,-43.01,,19730301.0,40.0
10.18730/JFPHY,G6971,FULL,Phaseolus,vulgaris,Phaseolus vulgaris,300,19730301,BRA,ESPLANADA - BAHIA,-11.8,-37.94,,19730301.0,40.0
10.18730/PP04R,G6941,FULL,Phaseolus,vulgaris,Phaseolus vulgaris,300,19730301,BRA,LEOPOLDINA - MINAS GERAIS,-21.54,-42.64,,19730301.0,40.0
10.18730/JFPW4,G6943,FULL,Phaseolus,vulgaris,Phaseolus vulgaris,300,19730301,BRA,SÃO JOSÉ DO RIO PARDO - SAO PAULO,-21.61,-46.88,,19730301.0,40.0
10.18730/PP02P,G6944,FULL,Phaseolus,vulgaris,Phaseolus vulgaris,300,19730301,BRA,UBA - MINAS GERAIS,-21.11,-42.94,,19730301.0,40.0
10.18730/JFQQZ,G6901,FULL,Phaseolus,vulgaris,Phaseolus vulgaris,300,19731119,BRA,CAMPINAS - SAO PAULO,-22.88,-47.1,,19731119.0,40.0
10.18730/K3BW4,G6534,FULL,Phaseolus,vulgaris,Phaseolus vulgaris,300,19731119,BRA,NEAR GUARAMIRANGA - GUARAMIRANGA - CEARA,-4.31,-38.92,850.0,19731119.0,40.0
10.18730/JFXJ~,G6509,FULL,Phaseolus,vulgaris,Phaseolus vulgaris,300,19731119,BRA,SHOP IN BELEM DO SAO FRANCISCO - BELEM DO SAO FRANCISCO - PERNAMBUCO,-8.75,-38.94,300.0,19731119.0,40.0
10.18730/JFY2C,G6484,FULL,Phaseolus,vulgaris,Phaseolus vulgaris,300,19731119,BRA,4 KM S DE CAETES - GARANHUNS - PERNAMBUCO,-8.85,-36.51,700.0,19731119.0,40.0
10.18730/K3C19,G6475,FULL,Phaseolus,vulgaris,Phaseolus vulgaris,300,19731119,BRA,IPEANE STATION AT SURUBIM - SURUBIM - PERNAMBUCO,-7.85,-35.75,380.0,19731119.0,40.0
10.18730/JFY7H,G6469,FULL,Phaseolus,vulgaris,Phaseolus vulgaris,300,19731119,BRA,10 KM SW OF BREJAO - BREJAO - PERNAMBUCO,-9.17,-36.52,800.0,19731119.0,40.0
10.18730/JGNFN,G5319,FULL,Phaseolus,vulgaris,Phaseolus vulgaris,300,19730301,BRA,FLORESTAL - MINAS GERAIS,-19.88,-44.43,,19730301.0,40.0
10.18730/JGPWX,G5253,FULL,Phaseolus,vulgaris,Phaseolus vulgaris,300,19730301,BRA,ESTACION BOM JARDIM IN RIO DE JANEIRO - RIO DE JANEIRO - RIO DE JANEIRO,-22.93,-43.22,,19730301.0,40.0
10.18730/JGRXM,G5177,FULL,Phaseolus,vulgaris,Phaseolus vulgaris,300,19730301,BRA,SANTA TERESA - ESPIRITO SANTO,-19.93,-40.59,,19730301.0,40.0
10.18730/JGRE5,G5179,FULL,Phaseolus,vulgaris,Phaseolus vulgaris,300,19730301,BRA,TRÊS CORAÇOES - MINAS GERAIS,-21.67,-45.25,,19730301.0,40.0
10.18730/JGS3T,G5164,FULL,Phaseolus,vulgaris,Phaseolus vulgaris,300,19730301,BRA,SÃO LOURENÇO - ALEGRE - ESPIRITO SANTO,-20.75,-41.53,,19730301.0,40.0
10.18730/JGS2S,G5162,FULL,Phaseolus,vulgaris,Phaseolus vulgaris,300,19730301,BRA,IRECE - BAHIA,-11.29,-41.86,,19730301.0,40.0
10.18730/JH5RR,G5160,FULL,Phaseolus,vulgaris,Phaseolus vulgaris,300,19700901,BRA,UBERABA - MINAS GERAIS,-19.75,-47.93,,19700901.0,40.0
10.18730/PPGCT,G5066,FULL,Phaseolus,vulgaris,Phaseolus vulgaris,300,19730301,BRA,CARATINGA - MINAS GERAIS,-19.8,-42.13,,19730301.0,40.0
10.18730/PPGS2,G5045,FULL,Phaseolus,vulgaris,Phaseolus vulgaris,300,19730301,BRA,CURITIBA - PARANA,-25.42,-49.38,,19730301.0,40.0
10.18730/JGVHY,G5036,FULL,Phaseolus,vulgaris,Phaseolus vulgaris,300,19730301,BRA,GUIRICEMA - MINAS GERAIS,-21.0,-42.71,,19730301.0,40.0
10.18730/JGVEV,G5031,FULL,Phaseolus,vulgaris,Phaseolus vulgaris,300,19730301,BRA,ERVALIA - MINAS GERAIS,-20.83,-42.66,,19730301.0,40.0
10.18730/JSBJ3,G50270,FULL,Phaseolus,vulgaris,Phaseolus vulgaris,300,19810801,BRA,MANGUEIRINHO - PARANA,-25.93,-52.18,,19810801.0,40.0
10.18730/JSBF0,G50267,FULL,Phaseolus,vulgaris,Phaseolus vulgaris,300,19810801,BRA,CHOPINZINHO - PARANA,-25.85,-52.54,,19810801.0,40.0
10.18730/JSB6W,G50264,FULL,Phaseolus,vulgaris,Phaseolus vulgaris,300,19810801,BRA,PEROLA DO OESTE - PARANA,-25.82,-53.75,,19810801.0,40.0
10.18730/JSBEU,G50263,FULL,Phaseolus,vulgaris,Phaseolus vulgaris,300,19810801,BRA,SÃO JORGE DO OESTE - PARANA,-25.7,-52.91,,19810801.0,40.0
10.18730/JGVV3,G5025,FULL,Phaseolus,vulgaris,Phaseolus vulgaris,300,19730301,BRA,VIÇOSA - MINAS GERAIS,-20.75,-42.86,,19730301.0,40.0
10.18730/JGVR0,G5022,FULL,Phaseolus,vulgaris,Phaseolus vulgaris,300,19730301,BRA,CURVELO - MINAS GERAIS,-18.74,-44.45,,19730301.0,40.0
10.18730/JGVP=,G5020,FULL,Phaseolus,vulgaris,Phaseolus vulgaris,300,19730301,BRA,MUNIZ FREIRE - ESPIRITO SANTO,-20.47,-41.41,,19730301.0,40.0
10.18730/JGVN$,G5019,FULL,Phaseolus,vulgaris,Phaseolus vulgaris,300,19730301,BRA,ITAPETINGA - BAHIA,-15.26,-40.25,,19730301.0,40.0
10.18730/JP163,G4823,FULL,Phaseolus,vulgaris,Phaseolus vulgaris,300,19781201,BRA,LONDRINA - PARANA,-23.3,-51.1,,19781201.0,40.0
10.18730/JVNWD,G21999,FULL,Phaseolus,vulgaris,Phaseolus vulgaris,300,19850801,BRA,SÃO BENTO DO UNA - PERNAMBUCO,-8.52,-36.43,,19850801.0,40.0
10.18730/JVNVC,G21998,FULL,Phaseolus,vulgaris,Phaseolus vulgaris,300,19850801,BRA,CRUZ DAS ALMAS - BAHIA,-12.68,-39.11,,19850801.0,40.0
10.18730/JVNC$,G21992,FULL,Phaseolus,vulgaris,Phaseolus vulgaris,300,19850801,BRA,SANTA ANA DE IPANEMA - ALAGOAS,-9.36,-37.24,,19850801.0,40.0
10.18730/JVNR9,G21991,FULL,Phaseolus,vulgaris,Phaseolus vulgaris,300,19850801,BRA,IPIRA - BAHIA,-12.16,-39.73,,19850801.0,40.0
10.18730/JVN7X,G21981,FULL,Phaseolus,vulgaris,Phaseolus vulgaris,300,19850801,BRA,TUCANO - BAHIA,-10.96,-38.78,,19850801.0,40.0
10.18730/JVNH2,G21977,FULL,Phaseolus,vulgaris,Phaseolus vulgaris,300,19850801,BRA,RIBEIRA DO POMBAL - BAHIA,-10.83,-38.56,,19850801.0,40.0
10.18730/JVN8Y,G21973,FULL,Phaseolus,vulgaris,Phaseolus vulgaris,300,19850801,BRA,"POVOADO FARMÁCIA, NA ESTRADA QUE LIGA CÍCERO DANTAS A HELIÓPOLIS - RIBEIRA DO AMPARO - BAHIA",-10.64,-38.35,180.0,19850801.0,40.0
10.18730/JVN9Z,G21966,FULL,Phaseolus,vulgaris,Phaseolus vulgaris,300,19840801,BRA,MAJOR VIEIRA - SANTA CATARINA,-26.36,-50.34,,19840801.0,40.0
10.18730/JVN4T,G21949,FULL,Phaseolus,vulgaris,Phaseolus vulgaris,300,19840801,BRA,CACADOR - SANTA CATARINA,-26.76,-51.01,,19840801.0,40.0
10.18730/JVMTG,G21946,FULL,Phaseolus,vulgaris,Phaseolus vulgaris,300,19840801,BRA,JAGUARUNA - SANTA CATARINA,-28.65,-49.02,,19840801.0,40.0
10.18730/PJ4CQ,G21942,FULL,Phaseolus,vulgaris,Phaseolus vulgaris,300,19840801,BRA,MAFRA - SANTA CATARINA,-26.11,-49.82,,19840801.0,40.0
10.18730/JVMSF,G21945,FULL,Phaseolus,vulgaris,Phaseolus vulgaris,300,19840801,BRA,ITAIOPOLIS - SANTA CATARINA,-26.35,-49.89,,19840801.0,40.0
10.18730/PJ4ES,G21940,FULL,Phaseolus,vulgaris,Phaseolus vulgaris,300,19840801,BRA,CAXAMBU DO SUL - SANTA CATARINA,-27.16,-52.89,,19840801.0,40.0
10.18730/PJ4DR,G21941,FULL,Phaseolus,vulgaris,Phaseolus vulgaris,300,19840801,BRA,SOBRADINHO - RIO GRANDE DO SUL,-29.42,-53.02,,19840801.0,40.0
10.18730/JVMF5,G21935,FULL,Phaseolus,vulgaris,Phaseolus vulgaris,300,19840801,BRA,RIO NEGRINHO - SANTA CATARINA,-26.25,-49.55,,19840801.0,40.0
10.18730/JVMG6,G21936,FULL,Phaseolus,vulgaris,Phaseolus vulgaris,300,19840801,BRA,RIO NEGRINHO - SANTA CATARINA,-26.27,-49.54,,19840801.0,40.0
10.18730/JVKZT,G21763,FULL,Phaseolus,vulgaris,Phaseolus vulgaris,300,19850301,BRA,"A 24 KM DE QUIJINGUE, POSTO DA EMBURANA, NA ESTRADA QUE LIGA TUCANO A QUIJINGUE - QUIJINGUE - BAHIA",-10.68,-39.04,352.0,19850301.0,40.0
10.18730/PJA7S,G21709,FULL,Phaseolus,vulgaris,Phaseolus vulgaris,300,19781201,BRA,SÃO PAULO - SAO PAULO,-23.44,-46.63,,19781201.0,40.0
10.18730/JP10$,G21708,FULL,Phaseolus,vulgaris,Phaseolus vulgaris,300,19781201,BRA,MORRINHOS - GOIAS,-17.75,-49.13,,19781201.0,40.0
10.18730/PJA8T,G21706,FULL,Phaseolus,vulgaris,Phaseolus vulgaris,300,19781201,BRA,SETE LAGOAS - MINAS GERAIS,-19.41,-44.21,,19781201.0,40.0
10.18730/JS7DJ,G20418,FULL,Phaseolus,vulgaris,Phaseolus vulgaris,300,19810401,BRA,PRESIDENTE SOARES - MINAS GERAIS,-20.42,-41.96,,19810401.0,40.0
10.18730/PETM6,G18935,FULL,Phaseolus,vulgaris,Phaseolus vulgaris,300,19781001,BRA,"CAJURI, NEAR VIÇOSA - VIÇOSA - MINAS GERAIS",-20.76,-42.9,,19781001.0,40.0
10.18730/JSVCW,G18702,FULL,Phaseolus,vulgaris,Phaseolus vulgaris,300,19820901,BRA,"GINÁSIO ANCHIETA, ESTRADA QUE LIGA ANÁPOLIS - SILVÂNIA - SILVÂNIA - GOIAS",-16.42,-48.39,898.0,19820901.0,40.0
10.18730/S3E0S,G18701B,FULL,Phaseolus,vulgaris,Phaseolus vulgaris,300,19820901,BRA,"GINÁSIO ANCHIETA, ESTRADA QUE LIGA ANÁPOLIS - SILVÂNIA - SILVÂNIA - GOIAS",-16.61,-48.44,898.0,19820901.0,40.0
10.18730/S3DZR,G18699C,FULL,Phaseolus,vulgaris,Phaseolus vulgaris,300,19820901,BRA,"GINÁSIO ANCHIETA, ESTRADA QUE LIGA ANÁPOLIS - SILVÂNIA - SILVÂNIA - GOIAS",-16.68,-48.8,898.0,19820901.0,40.0
10.18730/JSV6P,G18700,FULL,Phaseolus,vulgaris,Phaseolus vulgaris,300,19820901,BRA,"GINÁSIO ANCHIETA, ESTRADA QUE LIGA ANÁPOLIS - SILVÂNIA - SILVÂNIA - GOIAS",-16.55,-48.4,898.0,19820901.0,40.0
10.18730/JSVAT,G18698,FULL,Phaseolus,vulgaris,Phaseolus vulgaris,300,19820901,BRA,"GINÁSIO ANCHIETA, ESTRADA QUE LIGA ANÁPOLIS - SILVÂNIA - SILVÂNIA - GOIAS",-16.47,-48.83,898.0,19820901.0,40.0
10.18730/JSV9S,G18697,FULL,Phaseolus,vulgaris,Phaseolus vulgaris,300,19820901,BRA,"GINÁSIO ANCHIETA, ESTRADA QUE LIGA ANÁPOLIS - SILVÂNIA - SILVÂNIA - GOIAS",-16.53,-48.77,898.0,19820901.0,40.0
10.18730/JSV0G,G18683,FULL,Phaseolus,vulgaris,Phaseolus vulgaris,300,19820901,BRA,"Á 45 KM ITABERAÍ, ESTRADA LIGA RODOVIA ITABERAÍ - ITAPURANGA - ITABERAI - GOIAS",-15.62,-49.85,701.0,19820901.0,40.0
10.18730/JSTYE,G18681,FULL,Phaseolus,vulgaris,Phaseolus vulgaris,300,19820901,BRA,"KM 83, CÓRREGO ACURÍ, RODOVIA BELÉM - BRASÍLIA - JARAGUÁ - GOIAS",-15.8,-49.42,666.0,19820901.0,40.0
10.18730/JSTZF,G18682,FULL,Phaseolus,vulgaris,Phaseolus vulgaris,300,19820901,BRA,"CÓRREGO RIGO, RODOVIA ITAPURANGA - CERES - CARMO DO RIO VERDE - GOIAS",-15.5,-49.82,629.0,19820901.0,40.0
10.18730/JSTXD,G18680,FULL,Phaseolus,vulgaris,Phaseolus vulgaris,300,19820901,BRA,"KM 83, CÓRREGO ACURÍ, RODOVIA BELÉM - BRASÍLIA - JARAGUÁ - GOIAS",-15.72,-49.32,666.0,19820901.0,40.0
10.18730/JST9Y,G18670,FULL,Phaseolus,vulgaris,Phaseolus vulgaris,300,19820901,BRA,"BOCAINA, ESTRADA LIGA PIRACANJUBA - MORRINHOS - PIRACANJUBA - GOIAS",-17.5,-49.13,742.0,19820901.0,40.0
10.18730/JSTN5,G18671,FULL,Phaseolus,vulgaris,Phaseolus vulgaris,300,19820901,BRA,"BOCAINA, ESTRADA LIGA PIRACANJUBA - MORRINHOS - PIRACANJUBA - GOIAS",-17.42,-49.1,742.0,19820901.0,40.0
10.18730/JSTP6,G18672,FULL,Phaseolus,vulgaris,Phaseolus vulgaris,300,19820901,BRA,"FAZ. VERA CRUZ, RODOVIA MORRINHOS - PIRACANJUBA - MORRINHOS - GOIAS",-17.63,-49.22,771.0,19820901.0,40.0
10.18730/JSTM4,G18679,FULL,Phaseolus,vulgaris,Phaseolus vulgaris,300,19820901,BRA,"KM 83, CÓRREGO ACURÍ, RODOVIA BELÉM - BRASÍLIA - JARAGUÁ - GOIAS",-15.59,-49.24,666.0,19820901.0,40.0
10.18730/JST8X,G18678,FULL,Phaseolus,vulgaris,Phaseolus vulgaris,300,19820901,BRA,"KM 83, CÓRREGO ACURÍ, RODOVIA BELÉM - BRASÍLIA - JARAGUÁ - GOIAS",-15.77,-49.24,666.0,19820901.0,40.0
10.18730/JSTVB,G18677,FULL,Phaseolus,vulgaris,Phaseolus vulgaris,300,19820901,BRA,"KM 83, CÓRREGO ACURÍ, RODOVIA BELÉM - BRASÍLIA - JARAGUÁ - GOIAS",-15.57,-49.34,666.0,19820901.0,40.0
10.18730/JSTTA,G18676,FULL,Phaseolus,vulgaris,Phaseolus vulgaris,300,19820901,BRA,"SANTANA, ESTRADA, ITAPURANGA - CERES - ITAPURANGA - GOIAS",-15.54,-49.92,651.0,19820901.0,40.0
10.18730/JSTQ7,G18673,FULL,Phaseolus,vulgaris,Phaseolus vulgaris,300,19820901,BRA,"FAZ. VERA CRUZ, ESTRADA LIGA PIRACANJUBA - MORRINHOS - MORRINHOS - GOIAS",-17.73,-49.02,771.0,19820901.0,40.0
10.18730/JSTR8,G18674,FULL,Phaseolus,vulgaris,Phaseolus vulgaris,300,19820901,BRA,"Á 7 KM DE MORRINHOS, ESTRADA LIGA PIRACANJUBA - MORRINHOS - MORRINHOS - GOIAS",-17.8,-49.17,771.0,19820901.0,40.0
10.18730/JST2Q,G18660,FULL,Phaseolus,vulgaris,Phaseolus vulgaris,300,19820901,BRA,"BOA ESPERANÇA, ESTRADA QUE LIGA PIRES DO RIO - PIRACANJUBA - PIRACANJUBA - GOIAS",-17.3,-48.99,742.0,19820901.0,40.0
10.18730/JSTE=,G18665,FULL,Phaseolus,vulgaris,Phaseolus vulgaris,300,19820901,BRA,"BURITI, RODOVIA PIRACANJUBA - MORRINHOS - PIRACANJUBA - GOIAS",-17.25,-48.51,742.0,19820901.0,40.0
10.18730/JSTFU,G18666,FULL,Phaseolus,vulgaris,Phaseolus vulgaris,300,19820901,BRA,"BURITI, RODOVIA PIRACANJUBA - MORRINHOS - PIRACANJUBA - GOIAS",-17.42,-48.85,742.0,19820901.0,40.0
10.18730/JST1P,G18669,FULL,Phaseolus,vulgaris,Phaseolus vulgaris,300,19820901,BRA,"BOCAINA, ESTRADA LIGA PIRACANJUBA - MORRINHOS - PIRACANJUBA - GOIAS",-17.42,-49.02,742.0,19820901.0,40.0
10.18730/JST7W,G18657,FULL,Phaseolus,vulgaris,Phaseolus vulgaris,300,19820901,BRA,MATO SECO - GOIAS,-14.97,-48.03,,19820901.0,40.0
10.18730/JST6V,G18656,FULL,Phaseolus,vulgaris,Phaseolus vulgaris,300,19820901,BRA,"VARIANTE QUE LIGA CRISTIANÓPOLIS, Á ESTRADA PIRES DO RIO - PIRACANJUBA - CRISTIANÓPOLIS - GOIAS",-17.25,-48.73,802.0,19820901.0,40.0
10.18730/JST5T,G18655,FULL,Phaseolus,vulgaris,Phaseolus vulgaris,300,19820901,BRA,"KM 38, RODOVIA PIRES DO RIO - PIRACANJUBA - PIRES DO RIO - GOIAS",-17.25,-48.27,758.0,19820901.0,40.0
10.18730/JST4S,G18654,FULL,Phaseolus,vulgaris,Phaseolus vulgaris,300,19820901,BRA,"FAZ. GENIPAPO, RODOVIA PIRES DO RIO - PIRACANJUBA - SANTA CRUZ DE GOIÁS - GOIAS",-17.32,-48.71,754.0,19820901.0,40.0
10.18730/JST3R,G18653,FULL,Phaseolus,vulgaris,Phaseolus vulgaris,300,19820901,BRA,"FAZ. GENIPAPO, RODOVIA PIRES DO RIO - PIRACANJUBA - SANTA CRUZ DE GOIÁS - GOIAS",-17.49,-48.49,754.0,19820901.0,40.0
10.18730/S45FU,G18652A,FULL,Phaseolus,vulgaris,Phaseolus vulgaris,300,19820901,BRA,ESTRADA QUE LIGA PIRES DO RIO - PIRACANJUBA - SANTA CRUZ DE GOIÁS - GOIAS,-17.32,-48.56,754.0,19820901.0,40.0
10.18730/JSSK8,G18651,FULL,Phaseolus,vulgaris,Phaseolus vulgaris,300,19820901,BRA,RODOVIA PIRES DO RIO - PIRACANJUBA - SANTA CRUZ DE GOIÁS - GOIAS,-17.41,-48.57,754.0,19820901.0,40.0
10.18730/JST0N,G18650,FULL,Phaseolus,vulgaris,Phaseolus vulgaris,300,19820901,BRA,"FAZ. MARRÉCO, RODOVIA PIRES DO RIO - PIRACANJUBA - PIRES DO RIO - GOIAS",-17.18,-48.42,758.0,19820901.0,40.0
10.18730/JSSZM,G18649,FULL,Phaseolus,vulgaris,Phaseolus vulgaris,300,19820901,BRA,"KM 30 DE ORIZONA, BARREIRO, RODOVIA ORIZONA - CRISTALINA - ORIZONA - GOIAS",-17.0,-48.35,806.0,19820901.0,40.0
10.18730/S6C10,G18640A,FULL,Phaseolus,vulgaris,Phaseolus vulgaris,300,19820901,BRA,"GINÁSIO ANCHIETA, ESTRADA QUE LIGA ANÁPOLIS - SILVÂNIA - SILVÂNIA - GOIAS",-16.46,-48.46,898.0,19820901.0,40.0
10.18730/JSSQC,G18641,FULL,Phaseolus,vulgaris,Phaseolus vulgaris,300,19820901,BRA,"GINÁSIO ANCHIETA, ESTRADA QUE LIGA ANÁPOLIS - SILVÂNIA - SILVÂNIA - GOIAS",-16.64,-48.29,898.0,19820901.0,40.0
10.18730/PERGC,G18642,FULL,Phaseolus,vulgaris,Phaseolus vulgaris,300,19820901,BRA,COLETADO EM HORTA NA CIDADE DE VIANÓPOLIS - VIANÓPOLIS - GOIAS,-16.8,-48.37,1002.0,19820901.0,40.0
10.18730/JSSTF,G18644,FULL,Phaseolus,vulgaris,Phaseolus vulgaris,300,19820901,BRA,"COQUEIRO, RODOVIA ORIZONA - CRISTALINA - ORIZONA - GOIAS",-17.02,-48.23,806.0,19820901.0,40.0
10.18730/JSSVG,G18645,FULL,Phaseolus,vulgaris,Phaseolus vulgaris,300,19820901,BRA,"COQUEIRO, ESTRADA QUE LIGA ORIZONA - CRISTALINA - ORIZONA - GOIAS",-17.02,-48.2,806.0,19820901.0,40.0
10.18730/JSSWH,G18646,FULL,Phaseolus,vulgaris,Phaseolus vulgaris,300,19820901,BRA,"COQUEIRO, ESTRADA QUE LIGA ORIZONA - CRISTALINA - ORIZONA - GOIAS",-17.03,-48.0,806.0,19820901.0,40.0
10.18730/JSSXJ,G18647,FULL,Phaseolus,vulgaris,Phaseolus vulgaris,300,19820901,BRA,"COQUEIRO, ESTRADA QUE LIGA ORIZONA - CRISTALINA - ORIZONA - GOIAS",-17.02,-48.12,806.0,19820901.0,40.0
10.18730/JSSYK,G18648,FULL,Phaseolus,vulgaris,Phaseolus vulgaris,300,19820901,BRA,"BARREIRO, ESTRADA QUE LIGA ORIZONA - CRISTALINA - ORIZONA - GOIAS",-17.15,-48.12,806.0,19820901.0,40.0
10.18730/JSSM9,G18636,FULL,Phaseolus,vulgaris,Phaseolus vulgaris,300,19820901,BRA,"KM 51 FAZ. ITEIPAVA, RODOVIA BELÉM - BRASÍLIA - PIRENÓPOLIS - GOIAS",-15.87,-49.13,770.0,19820901.0,40.0
10.18730/JSSNA,G18637,FULL,Phaseolus,vulgaris,Phaseolus vulgaris,300,19820901,BRA,"KM 51 FAZ. ITEIPAVA, RODOVIA BELÉM - BRASÍLIA - PIRENÓPOLIS - GOIAS",-15.87,-49.07,770.0,19820901.0,40.0
10.18730/JSSPB,G18639,FULL,Phaseolus,vulgaris,Phaseolus vulgaris,300,19820901,BRA,KM 23 NO ESTRADA QUE LIGA ANÁPOLIS - LEOPOLDO DE BULHÕES - ANÁPOLIS - GOIAS,-16.55,-48.79,1017.0,19820901.0,40.0
10.18730/JSSAU,G18635,FULL,Phaseolus,vulgaris,Phaseolus vulgaris,300,19820901,BRA,"KM 51 DE PIRENÓPOLIS, FAZ. ITEIPAVA, RODOVIA BELÉM - BRASÍLIA - MOSSÂMEDES - GOIAS",-16.2,-50.15,615.0,19820901.0,40.0
10.18730/JSSD2,G18629,FULL,Phaseolus,vulgaris,Phaseolus vulgaris,300,19820901,BRA,"KM 25, RODOVIA GOIANÉSIA - JARAGUÁ - GOIANÉSIA - GOIAS",-15.39,-49.18,640.0,19820901.0,40.0
10.18730/JSSE3,G18630,FULL,Phaseolus,vulgaris,Phaseolus vulgaris,300,19820901,BRA,"KM 25, RODOVIA GOIANÉSIA - JARAGUÁ - JARAGUÁ - GOIAS",-15.67,-49.23,666.0,19820901.0,40.0
10.18730/JSSF4,G18631,FULL,Phaseolus,vulgaris,Phaseolus vulgaris,300,19820901,BRA,RODOVIA GOIANÉSIA - JARA - GOIANÉSIA - GOIAS,-15.39,-49.14,640.0,19820901.0,40.0
10.18730/JSSG5,G18632,FULL,Phaseolus,vulgaris,Phaseolus vulgaris,300,19820901,BRA,"KM 83, CÓRREGO ACURÍ, RODOVIA BELÉM - BRASÍLIA - JARAGUÁ - GOIAS",-15.82,-49.35,666.0,19820901.0,40.0
10.18730/JSSH6,G18633,FULL,Phaseolus,vulgaris,Phaseolus vulgaris,300,19820901,BRA,"CÓRREGO ACURÍ, RODOVIA BELÉM - BRASÍLIA - JARAGUÁ - GOIAS",-15.57,-49.49,666.0,19820901.0,40.0
10.18730/JSS4Y,G18626,FULL,Phaseolus,vulgaris,Phaseolus vulgaris,300,19820901,BRA,"CÓRREGO DO RATO, RODOVIA GOIANÉSIA - JARAGUÁ - ANICUNS - GOIAS",-15.46,-49.19,692.0,19820901.0,40.0
10.18730/JSSC1,G18628,FULL,Phaseolus,vulgaris,Phaseolus vulgaris,300,19820901,BRA,"Á 12 KM DE GOIANÉ, CÓRREGO CABECEIRA DE LAGES, RODOVIA GOIANÉSIA - JARAGUÁ - GOIANÉSIA - GOIAS",-15.39,-49.23,640.0,19820901.0,40.0
10.18730/JSS7~,G18623,FULL,Phaseolus,vulgaris,Phaseolus vulgaris,300,19820901,BRA,"CÓRREGO DO RATO, RODOVIA GOIANÉSIA - JARAGUÁ - GOIANÉSIA - GOIAS",-15.39,-49.25,640.0,19820901.0,40.0
10.18730/JSS8$,G18624,FULL,Phaseolus,vulgaris,Phaseolus vulgaris,300,19820901,BRA,"CÓRREGO DO RATO, RODOVIA GOIANÉSIA - JARAGUÁ - GOIANÉSIA - GOIAS",-15.39,-49.27,640.0,19820901.0,40.0
10.18730/S178J,G18622A,FULL,Phaseolus,vulgaris,Phaseolus vulgaris,300,19820901,BRA,ESTRADA QUE LIGA URUAÇU - GOIANÉSIA - GOIANÉSIA - GOIAS,-15.08,-49.23,640.0,19820901.0,40.0
10.18730/JSS3X,G18617,FULL,Phaseolus,vulgaris,Phaseolus vulgaris,300,19820901,BRA,"SITIO VELHO, RODOVIA BELÉM - PARÁ - ITAPACI - GOIAS",-14.94,-49.6,557.0,19820901.0,40.0
10.18730/JSRXQ,G18618,FULL,Phaseolus,vulgaris,Phaseolus vulgaris,300,19820901,BRA,"QUEBRA PESCOÇO, ESTRADA URUCUAÇU - NIQUELÂNDIA - NIQUELÂNDIA - GOIAS",-14.53,-48.72,583.0,19820901.0,40.0
10.18730/JSS5Z,G18619,FULL,Phaseolus,vulgaris,Phaseolus vulgaris,300,19820901,BRA,"FAZ. FLORESTA, ESTRADA LIGA URUAÇU - GOIANÉSIA - BARRO ALTO - GOIAS",-14.92,-48.87,605.0,19820901.0,40.0
10.18730/JSS2W,G18616,FULL,Phaseolus,vulgaris,Phaseolus vulgaris,300,19820901,BRA,"CÓRREGO DA PLAINA, RODOVIA BELÉM - BRASÍLIA - CERES - GOIAS",-15.33,-49.62,571.0,19820901.0,40.0
10.18730/S3DYQ,G18615A,FULL,Phaseolus,vulgaris,Phaseolus vulgaris,300,19820901,BRA,"CÓRREGO DA PLAINA, RODOVIA BELÉM - BRASÍLIA - CERES - GOIAS",-15.28,-49.58,571.0,19820901.0,40.0
10.18730/JSS0T,G18613,FULL,Phaseolus,vulgaris,Phaseolus vulgaris,300,19820901,BRA,"CÓRREGO SÃO PATRÍCIO, RODOVIA ITAPURANGA - CERES - CARMO DO RIO VERDE - GOIAS",-15.36,-49.68,629.0,19820901.0,40.0
10.18730/JSRZS,G18612,FULL,Phaseolus,vulgaris,Phaseolus vulgaris,300,19820901,BRA,"CÓRREGO SÃO PATRÍCIO, ESTRADA ITAPURANGA - CERES - CARMO DO RIO VERDE - GOIAS",-15.49,-49.74,629.0,19820901.0,40.0
10.18730/JSRYR,G18611,FULL,Phaseolus,vulgaris,Phaseolus vulgaris,300,19820901,BRA,"CÓRREGO SÃO PATRÍCIO, RODOVIA ITAPURANGA - CERES - CARMO DO RIO VERDE - GOIAS",-15.43,-49.74,629.0,19820901.0,40.0
10.18730/JSRTM,G18607,FULL,Phaseolus,vulgaris,Phaseolus vulgaris,300,19820901,BRA,"CÓRREGO GRANDE, RODOVIA ITAPURANGA - CERES - CERES - GOIAS",-15.47,-49.9,571.0,19820901.0,40.0
10.18730/JSR93,G18600,FULL,Phaseolus,vulgaris,Phaseolus vulgaris,300,19820901,BRA,"OLHO D'ÁGUA, RODOVIAITABERAÍ - ITAPURANGA - ITABERAI - GOIAS",-15.93,-49.81,701.0,19820901.0,40.0
10.18730/JSRJC,G18599,FULL,Phaseolus,vulgaris,Phaseolus vulgaris,300,19820901,BRA,"FAZ. XIXAZINHO, RODOVIA QUE LIGA AMERICANO DO BRASIL - ITABERAÍ - ITABERAI - GOIAS",-16.15,-49.96,701.0,19820901.0,40.0
10.18730/JSRE8,G18595,FULL,Phaseolus,vulgaris,Phaseolus vulgaris,300,19820901,BRA,"RETIRO, RODOVIA AMERICANO DO BRASIL - ITABERAÍ - ITABERAI - GOIAS",-16.25,-49.96,701.0,19820901.0,40.0
10.18730/JSRB5,G18592,FULL,Phaseolus,vulgaris,Phaseolus vulgaris,300,19820901,BRA,"FAZ. BAIXA FRIA, RODOVIA ANICUNS - AMERICANO DO BRASIL - TURVÂNIA - GOIAS",-16.53,-50.05,659.0,19820901.0,40.0
10.18730/JSR82,G18589,FULL,Phaseolus,vulgaris,Phaseolus vulgaris,300,19820901,BRA,RODOVIA NAZÁRIO - ANICUNS - ANICUNS - GOIAS,-16.49,-49.89,692.0,19820901.0,40.0
10.18730/JSR0Z,G18590,FULL,Phaseolus,vulgaris,Phaseolus vulgaris,300,19820901,BRA,RODOVIA ANICUNS - AMERICANO DO BRASIL - ANICUNS - GOIAS,-16.36,-49.95,692.0,19820901.0,40.0
10.18730/JSR60,G18587,FULL,Phaseolus,vulgaris,Phaseolus vulgaris,300,19820901,BRA,RODOVIA FIRMINÓPOLIS - NAZÂRIO - TURVÂNIA - GOIAS,-16.61,-50.08,659.0,19820901.0,40.0
10.18730/JSQQP,G18581,FULL,Phaseolus,vulgaris,Phaseolus vulgaris,300,19820901,BRA,"Á 3 KM DE FIRMINÓPOLIS, RODOVIA FIRMINÓPOLIS - NAZÁRIO - FIRMINÓPOLIS - GOIAS",-16.58,-50.26,685.0,19820901.0,40.0
10.18730/JSR2~,G18583,FULL,Phaseolus,vulgaris,Phaseolus vulgaris,300,19820901,BRA,"SÍTIO PINDORAMA, RODOVIA FIRMINÓPOLIS - NAZÂRIO - TURVÂNIA - GOIAS",-16.64,-50.12,659.0,19820901.0,40.0
10.18730/JSR3$,G18584,FULL,Phaseolus,vulgaris,Phaseolus vulgaris,300,19820901,BRA,"SÍTIO PINDORAMA, RODOVIA FIRMINÓPOLIS - NAZÂRIO - TURVÂNIA - GOIAS",-16.55,-50.22,659.0,19820901.0,40.0
10.18730/JSR4=,G18585,FULL,Phaseolus,vulgaris,Phaseolus vulgaris,300,19820901,BRA,"SÍTIO PINDORAMA, RODOVIA FIRMINÓPOLIS - NAZÂRIO - TURVÂNIA - GOIAS",-16.62,-50.2,659.0,19820901.0,40.0
10.18730/JSR5U,G18586,FULL,Phaseolus,vulgaris,Phaseolus vulgaris,300,19820901,BRA,RODOVIA QUE LIGA FIRMINÓPOLIS - NAZÂRIO - TURVÂNIA - GOIAS,-16.56,-50.17,659.0,19820901.0,40.0
10.18730/JSQWV,G18577,FULL,Phaseolus,vulgaris,Phaseolus vulgaris,300,19820901,BRA,"SANTO ANTÔNIO DO COCAL, RODOVIA MOSSÂMEDES - SANCLERLÂNDIA - MOSSÂMEDES - GOIAS",-16.3,-50.17,615.0,19820901.0,40.0
10.18730/JSQXW,G18578,FULL,Phaseolus,vulgaris,Phaseolus vulgaris,300,19820901,BRA,RODOVIA SANCLERLÂNDIA - SÃO LUÍS DE MONTES BELOS - SANCLERLÂNDIA - GOIAS,-16.24,-50.27,607.0,19820901.0,40.0
10.18730/JSQSR,G18574,FULL,Phaseolus,vulgaris,Phaseolus vulgaris,300,19820901,BRA,ESTRADA QUE LIGA MOSSÂMEDES - SANCLERLÂNDIA - MOSSÂMEDES - GOIAS,-16.17,-50.13,615.0,19820901.0,40.0
10.18730/JSQTS,G18575,FULL,Phaseolus,vulgaris,Phaseolus vulgaris,300,19820901,BRA,"SANTO ANTÔNIO DO COCAL, RODOVIA MOSSÂMEDES - SANCLERLÂNDIA - MOSSÂMEDES - GOIAS",-16.22,-50.22,615.0,19820901.0,40.0
10.18730/JSQVT,G18576,FULL,Phaseolus,vulgaris,Phaseolus vulgaris,300,19820901,BRA,"SANTO ANTÔNIO DO COCAL, ESTRADA QUE LIGA MOSSÂMEDES - SANCLERLÂNDIA - MOSSÂMEDES - GOIAS",-16.15,-50.3,615.0,19820901.0,40.0
10.18730/JSQRQ,G18573,FULL,Phaseolus,vulgaris,Phaseolus vulgaris,300,19820901,BRA,"Á 1 KM DE MOSSÂMEDES, ESTRADA MOSSÂMEDES - SANCLERLÂNDIA - MOSSÂMEDES - GOIAS",-16.08,-50.17,615.0,19820901.0,40.0
10.18730/JSQMK,G18569,FULL,Phaseolus,vulgaris,Phaseolus vulgaris,300,19820901,BRA,"LAGOINHA, ESTRADA QUE LIGA MOSSÂMEDES A RODOVIA INHUMAS - GOIÁS - MOSSÂMEDES - GOIAS",-16.13,-50.17,615.0,19820901.0,40.0
10.18730/JSQNM,G18570,FULL,Phaseolus,vulgaris,Phaseolus vulgaris,300,19820901,BRA,"LAGOINHA, ESTRADA QUE LIGA MOSSÂMEDES A RODOVIA INHUMAS - GOIÁS - MOSSÂMEDES - GOIAS",-16.27,-50.13,615.0,19820901.0,40.0
10.18730/JSQPN,G18571,FULL,Phaseolus,vulgaris,Phaseolus vulgaris,300,19820901,BRA,"LAGOINHA, ESTRADA QUE LIGA MOSSÂMEDES A RODOVIA INHUMAS - GOIÁS - MOSSÂMEDES - GOIAS",-16.23,-50.12,615.0,19820901.0,40.0
10.18730/JSQGF,G18572,FULL,Phaseolus,vulgaris,Phaseolus vulgaris,300,19820901,BRA,"LAGOINHA, ESTRADA QUE LIGA MOSSÂMEDES A RODOVIA INHUMAS - GOIÁS - MOSSÂMEDES - GOIAS",-16.15,-50.05,615.0,19820901.0,40.0
10.18730/JSQKJ,G18568,FULL,Phaseolus,vulgaris,Phaseolus vulgaris,300,19820901,BRA,"LAGOINHA, ESTRADA QUE LIGA MOSSÂMEDES A RODOVIA INHUMAS - GOIÁS - INHUMAS - GOIAS",-16.35,-49.5,770.0,19820901.0,40.0
10.18730/JSQJH,G18567,FULL,Phaseolus,vulgaris,Phaseolus vulgaris,300,19820901,BRA,"LAGOINHA, ESTRADA QUE LIGA MOSSÂMEDES A RODOVIA INHUMAS - GOIÁS - MOSSÂMEDES - GOIAS",-16.15,-50.23,615.0,19820901.0,40.0
10.18730/PERA6,G18566,FULL,Phaseolus,vulgaris,Phaseolus vulgaris,300,19820901,BRA,"CÓRREGO FUNDO, ESTRADA QUE LIGA MOSSÂMEDES A RODOVIA INHUMAS - GOIÁS - INHUMAS - GOIAS",-16.2,-49.53,770.0,19820901.0,40.0
10.18730/JSQ87,G18564,FULL,Phaseolus,vulgaris,Phaseolus vulgaris,300,19820901,BRA,"FAZ.CÓRREGO FUNDO, ESTR. LIGA MOSSÂMEDES A RODOVIA INHUMAS - GOIÁS - INHUMAS - GOIAS",-16.35,-49.58,770.0,19820901.0,40.0
10.18730/JSQHG,G18565,FULL,Phaseolus,vulgaris,Phaseolus vulgaris,300,19820901,BRA,"CÓRREGO FUNDO, ESTRADA QUE LIGA MOSSÂMEDES A RODOVIA INHUMAS - GOIÁS - MOSSÂMEDES - GOIAS",-16.2,-50.08,615.0,19820901.0,40.0
10.18730/JSQDC,G18560,FULL,Phaseolus,vulgaris,Phaseolus vulgaris,300,19820901,BRA,"FAZ. QUILÔMETRO, RODOVIA INHUMAS - GOIÁS - INHUMAS - GOIAS",-16.23,-49.5,770.0,19820901.0,40.0
10.18730/JSQED,G18561,FULL,Phaseolus,vulgaris,Phaseolus vulgaris,300,19820901,BRA,"FAZ. QUILÔMETRO, RODOVIA INHUMAS - GOIÁS - INHUMAS - GOIAS",-16.27,-49.62,770.0,19820901.0,40.0
10.18730/JSQFE,G18563,FULL,Phaseolus,vulgaris,Phaseolus vulgaris,300,19820901,BRA,ESTRADA QUE LIGA MOSSÂMEDES À RODOVIA INHUMAS - GOIÁS (MUN. DE INHUMAS OU MO) - MOSSÂMEDES - GOIAS,-16.1,-50.23,615.0,19820901.0,40.0
10.18730/JSQBA,G18558,FULL,Phaseolus,vulgaris,Phaseolus vulgaris,300,19820901,BRA,"FAZ. QUILÔMETRO, RODOVIA INHUMAS - GOIÁS - INHUMAS - GOIAS",-16.23,-49.62,770.0,19820901.0,40.0
10.18730/JSQ98,G18556,FULL,Phaseolus,vulgaris,Phaseolus vulgaris,300,19820901,BRA,"FAZ. QUILÔMETRO, RODOVIA INHUMAS - GOIÁS - INHUMAS - GOIAS",-16.27,-49.57,770.0,19820901.0,40.0
10.18730/JSQA9,G18557,FULL,Phaseolus,vulgaris,Phaseolus vulgaris,300,19820901,BRA,"FAZ. QUILÔMETRO, RODOVIA INHUMAS - GOIÁS - INHUMAS - GOIAS",-16.28,-49.47,770.0,19820901.0,40.0
10.18730/JSQ32,G18550,FULL,Phaseolus,vulgaris,Phaseolus vulgaris,300,19820901,BRA,KM 49 DA RODOVIA INHUMAS -GOIÁS - INHUMAS - GOIAS,-16.42,-49.45,770.0,19820901.0,40.0
10.18730/JSPZ=,G18555,FULL,Phaseolus,vulgaris,Phaseolus vulgaris,300,19820901,BRA,"FAZ. QUILÔMETRO, RODOVIA INHUMAS - GOIÁS - INHUMAS - GOIAS",-16.22,-49.4,770.0,19820901.0,40.0
10.18730/JSQ65,G18553,FULL,Phaseolus,vulgaris,Phaseolus vulgaris,300,19820901,BRA,"KM 52, RODOVIA INHUMAS - GOIÁS - INHUMAS - GOIAS",-16.28,-49.5,770.0,19820901.0,40.0
10.18730/JSQ76,G18554,FULL,Phaseolus,vulgaris,Phaseolus vulgaris,300,19820901,BRA,"FAZ. QUILÔMETRO, RODOVIA INHUMAS - GOIÁS - INHUMAS - GOIAS",-16.27,-49.43,770.0,19820901.0,40.0
10.18730/JSQ54,G18552,FULL,Phaseolus,vulgaris,Phaseolus vulgaris,300,19820901,BRA,KM 52 NO DA RODOVIA INHUMAS - GOIÁS - INHUMAS - GOIAS,-16.37,-49.47,770.0,19820901.0,40.0
10.18730/JSQ43,G18551,FULL,Phaseolus,vulgaris,Phaseolus vulgaris,300,19820901,BRA,"KM 52, RODOVIA INHUMAS - GOIÁS - INHUMAS - GOIAS",-16.23,-49.57,770.0,19820901.0,40.0
10.18730/JSQ0U,G18546,FULL,Phaseolus,vulgaris,Phaseolus vulgaris,300,19820901,BRA,"CEDRO, RODOVIA INHUMAS - GOIÁS - INHUMAS - GOIAS",-16.57,-49.56,770.0,19820901.0,40.0
10.18730/JSPVZ,G18541,FULL,Phaseolus,vulgaris,Phaseolus vulgaris,300,19820901,BRA,"VALENTI, RODOVIA GOIÂNIA - INHUMAS - CATURAÍ - GOIAS",-16.45,-49.57,763.0,19820901.0,40.0
10.18730/JSPW*,G18542,FULL,Phaseolus,vulgaris,Phaseolus vulgaris,300,19820901,BRA,"FAZ. SANTA INÉS, RODOVIA GOIÂNIA - INHUMAS - CATURAÍ - GOIAS",-16.46,-49.49,763.0,19820901.0,40.0
10.18730/JH5PP,G14500,FULL,Phaseolus,vulgaris,Phaseolus vulgaris,300,19700901,BRA,PORONGABA - PORONGABA - ACRE,-8.65,-72.82,,19700901.0,40.0
10.18730/JZX2A,G960,FULL,Phaseolus,vulgaris,Phaseolus vulgaris,300,19700901,CRI,CARTAGO - CARTAGO - CARTAGO,9.87,-83.92,,19700901.0,40.0
10.18730/JZWCS,G955,FULL,Phaseolus,vulgaris,Phaseolus vulgaris,300,19700901,CRI,CAÑAS - CAÑAS - GUANACASTE,10.43,-85.1,,19700901.0,40.0
10.18730/JZWX5,G954,FULL,Phaseolus,vulgaris,Phaseolus vulgaris,300,19700901,CRI,SAN IGNACIO DE ACOSTA - SAN IGNACIO DE ACOSTA - SAN JOSE,9.81,-84.16,,19700901.0,40.0
10.18730/K2ATK,G7764,FULL,Phaseolus,vulgaris,Phaseolus vulgaris,300,19730301,CRI,ALAJUELA - ALAJUELA - ALAJUELA,10.03,-84.22,,19730301.0,40.0
10.18730/JG0MM,G6357,FULL,Phaseolus,vulgaris,Phaseolus vulgaris,300,19750101,CRI,TURRIALBA - TURRIALBA - CARTAGO,9.9,-83.69,,19750101.0,40.0
10.18730/JG20V,G6293,FULL,Phaseolus,vulgaris,Phaseolus vulgaris,300,19750101,CRI,PACUAR - PACUAR - SAN JOSE,9.34,-83.73,,19750101.0,40.0
10.18730/K47B*,G51679,FULL,Phaseolus,vulgaris,Phaseolus vulgaris,300,20030321,CRI,"SAN NICOLAS, QUIRCOT, FINCA COOPEROSALES, SITIO 36 - CARTAGO - CARTAGO",9.9,-83.94,1510.0,20030321.0,20.0
10.18730/K475T,G51672,FULL,Phaseolus,vulgaris,Phaseolus vulgaris,100,20060405,CRI,SAN ANDRÉS - SAN ANDRES - SAN JOSE,9.73,-84.08,1200.0,20060405.0,40.0
10.18730/K476V,G51673,FULL,Phaseolus,vulgaris,Phaseolus vulgaris,100,20060405,CRI,VUELTA DE JORCO - VUELTA DE JORCO - SAN JOSE,9.8,-84.13,1480.0,20060405.0,40.0
10.18730/K471P,G51667,FULL,Phaseolus,vulgaris,Phaseolus vulgaris,100,20060405,CRI,"4.5 KM W DE COPEY DE DOTA A SANTA MARÍA DE DOTA, SANTA MARÍA DE DOTA, COPEY - DOTA - SAN JOSE",9.65,-83.95,1600.0,20060405.0,40.0
10.18730/K472Q,G51668,FULL,Phaseolus,vulgaris,Phaseolus vulgaris,100,20060405,CRI,"2 KM S DE GUATUSO, EN LA ""CALLE DEL ALTO DE TIRA"", GUATUSO - DESAMPARADOS - SAN JOSE",9.85,-84.03,1380.0,20060405.0,40.0
10.18730/K473R,G51669,FULL,Phaseolus,vulgaris,Phaseolus vulgaris,100,20060405,CRI,"15.8 KM N SAN PABLO, SAN CRISTOBAL DEL SUR, EN BARRANCO DEL RÍO TARRAZÚ - SAN PABLO - SAN JOSE",9.73,-84.02,1450.0,20060405.0,40.0
10.18730/S4JHA,G51660A,FULL,Phaseolus,vulgaris,Phaseolus vulgaris,200,20030321,CRI,"3KM SSW DE JERICO, EL MANZANO, SAN MIGUEL - DESAMPARADOS - SAN JOSE",9.82,-84.08,1370.0,20030321.0,60.0
10.18730/K46YK,G51659,FULL,Phaseolus,vulgaris,Phaseolus vulgaris,100,20030321,CRI,"1KM SW IGLESIA EL TIGRE, TARBACA, TRANQUERILLAS-TIGRE - ASERRI - SAN JOSE",9.82,-84.1,1450.0,20030321.0,10.0
10.18730/K46XJ,G51658,FULL,Phaseolus,vulgaris,Phaseolus vulgaris,100,20030321,CRI,"SAN RAFAEL, CERROS LA CARPINTERA, HACIENDA TRES RÍOS - LA UNION - CARTAGO",9.9,-83.98,1500.0,20030321.0,10.0
10.18730/S3VDA,G51656A,FULL,Phaseolus,vulgaris,Phaseolus vulgaris,100,20030321,CRI,"1.4 KM S SAN MIGUEL DE DESAMPARADOS, SAN MIGUEL - DESAMPARADOS - SAN JOSE",9.85,-84.07,1370.0,20030321.0,10.0
10.18730/K46WH,G51657,FULL,Phaseolus,vulgaris,Phaseolus vulgaris,100,20030321,CRI,"2KM NE MATINILLA-BEBEDERO, ALTO TAPEZCO, SAN ANTONIO - ESCAZU - SAN JOSE",9.9,-84.17,1600.0,20030321.0,10.0
10.18730/K46TF,G51654,FULL,Phaseolus,vulgaris,Phaseolus vulgaris,100,20030321,CRI,"1.2 KM W SABANA REDONDA-SAN PEDRO, LA CASCADA, RÍO MASTATE - POAS - ALAJUELA",10.12,-84.23,1380.0,20030321.0,10.0
10.18730/K46SE,G51651,FULL,Phaseolus,vulgaris,Phaseolus vulgaris,100,20030321,CRI,"2 KM SE ZARCERO-SAN JUANILLO, ZARCERO, VALLE RÍO SECO - ALFARO RUIZ - ALAJUELA",10.17,-84.38,1610.0,20030321.0,10.0
10.18730/S61R4,G50898C,FULL,Phaseolus,vulgaris,Phaseolus vulgaris,200,19981001,CRI,2 KM SE DE JERICÓ - JERICO - SAN JOSE,9.82,-84.05,1540.0,19981001.0,60.0
10.18730/JYTPM,G50896,FULL,Phaseolus,vulgaris,Phaseolus vulgaris,100,19981001,CRI,"3 KM NNW DE CHAGUITES, CARRIZAL, CONCORDIA - ALAJUELA - ALAJUELA",10.1,-84.17,1510.0,19981001.0,10.0
10.18730/JTN30,G50561,FULL,Phaseolus,vulgaris,Phaseolus vulgaris,300,19850801,CRI,"SAN JUAN, SAN JUAN - ABANGARES - GUANACASTE",10.26,-84.95,200.0,19850801.0,40.0
10.18730/JTNMH,G50562,FULL,Phaseolus,vulgaris,Phaseolus vulgaris,300,19850801,CRI,"PRIMERO, SAN DIMAS - LA CRUZ - GUANACASTE",11.18,-85.6,250.0,19850801.0,40.0
10.18730/JTMZ~,G50560,FULL,Phaseolus,vulgaris,Phaseolus vulgaris,300,19850801,CRI,"LAS JUNTAS, 3 HERMANOS - ABANGARES - GUANACASTE",10.31,-84.93,150.0,19850801.0,40.0
10.18730/JTMY*,G50559,FULL,Phaseolus,vulgaris,Phaseolus vulgaris,300,19850801,CRI,"PRIMERO, SABANA GRANDE - NICOYA - GUANACASTE",10.19,-85.49,125.0,19850801.0,40.0
10.18730/JTMEG,G50556,FULL,Phaseolus,vulgaris,Phaseolus vulgaris,300,19850801,CRI,"PRIMERO, ORIENTE DE JUAN DÍAZ - NICOYA - GUANACASTE",10.28,-85.53,650.0,19850801.0,40.0
10.18730/JTMJM,G50557,FULL,Phaseolus,vulgaris,Phaseolus vulgaris,300,19850801,CRI,"PALMIRA, PALMIRA - CARRILLO - GUANACASTE",10.52,-85.59,,19850801.0,40.0
10.18730/JTNA7,G50558,FULL,Phaseolus,vulgaris,Phaseolus vulgaris,300,19850801,CRI,"PRIMERO, QUIRIMAN - NICOYA - GUANACASTE",10.12,-85.52,300.0,19850801.0,40.0
10.18730/JTKV$,G50553,FULL,Phaseolus,vulgaris,Phaseolus vulgaris,300,19850801,CRI,"PRIMERO, DULCE NOMBRE - NICOYA - GUANACASTE",10.08,-85.49,,19850801.0,40.0
10.18730/JTM02,G50554,FULL,Phaseolus,vulgaris,Phaseolus vulgaris,300,19850801,CRI,PIO COCO - NANDAYURE - GUANACASTE,10.55,-85.7,,19850801.0,40.0
10.18730/JTKKT,G50551,FULL,Phaseolus,vulgaris,Phaseolus vulgaris,300,19850801,CRI,"LOS ANGELES, LOS ANGELES - TILARAN - GUANACASTE",10.48,-85.03,230.0,19850801.0,40.0
10.18730/JTKQY,G50552,FULL,Phaseolus,vulgaris,Phaseolus vulgaris,300,19850801,CRI,"PRIMERO, LA SOMPOPA - NICOYA - GUANACASTE",10.3,-84.78,,19850801.0,40.0
10.18730/JTM8A,G50150,FULL,Phaseolus,vulgaris,Phaseolus vulgaris,300,19850801,CRI,"TERCERO, EL FLOR - NICOYA - GUANACASTE",10.19,-85.37,120.0,19850801.0,40.0
10.18730/JTMQS,G50154,FULL,Phaseolus,vulgaris,Phaseolus vulgaris,300,19850801,CRI,"CAÑAS DULCE, BUENA VISTA - LIBERIA - GUANACASTE",10.75,-85.47,200.0,19850801.0,40.0
10.18730/JTKRZ,G50147,FULL,Phaseolus,vulgaris,Phaseolus vulgaris,300,19850801,CRI,"CENTRAL SANTA CRUZ, EL CACAO - SANTA CRUZ - GUANACASTE",10.29,-85.57,45.0,19850801.0,40.0
10.18730/JTMCE,G50148,FULL,Phaseolus,vulgaris,Phaseolus vulgaris,300,19850801,CRI,"PRIMERO, COLA DE GALLO - NICOYA - GUANACASTE",10.16,-85.55,500.0,19850801.0,40.0
10.18730/K2708,G4154,FULL,Phaseolus,vulgaris,Phaseolus vulgaris,300,19720601,CRI,PEJIBAYE - PEREZ ZELEDON - SAN JOSE,9.17,-83.57,,19720601.0,40.0
10.18730/K27EP,G4134,FULL,Phaseolus,vulgaris,Phaseolus vulgaris,300,19720601,CRI,PACUARE - PACUARE - CARTAGO,9.92,-83.56,,19720601.0,40.0
10.18730/K2803,G4108,FULL,Phaseolus,vulgaris,Phaseolus vulgaris,300,19720601,CRI,ALTO DE LAS VARAS - LAS VARAS - GUANACASTE,10.81,-85.77,,19720601.0,40.0
10.18730/JY7G=,G4083,FULL,Phaseolus,vulgaris,Phaseolus vulgaris,300,19720601,CRI,CHIRRIPO - CHIRRIPO - CARTAGO,9.82,-83.42,,19720601.0,40.0
10.18730/S4EGX,G24144A,FULL,Phaseolus,vulgaris,Phaseolus vulgaris,300,19910101,CRI,"VALLE LA ESTRELLA, CUEN, RANGALLE, TELIRE REGIONS - LIMON - LIMON",9.59,-83.02,,19910101.0,40.0
10.18730/JXTTU,G24145,FULL,Phaseolus,vulgaris,Phaseolus vulgaris,300,19910101,CRI,"SAN VITO, SAN VITO-LA LUCHA, ÁREA DEL PARQUE LA AMISTAD - SAN VITO - PUNTARENAS",8.88,-82.81,,19910101.0,40.0
10.18730/JTNFC,G23916,FULL,Phaseolus,vulgaris,Phaseolus vulgaris,300,19850801,CRI,"SEGUNDO (SANTA CECILIA), BERLIN - LA CRUZ - GUANACASTE",11.11,-85.42,250.0,19850801.0,40.0
10.18730/JTNHE,G23908,FULL,Phaseolus,vulgaris,Phaseolus vulgaris,300,19850801,CRI,"LAS JUNTAS, GONGOLONA - ABANGARES - GUANACASTE",10.31,-84.91,170.0,19850801.0,40.0
10.18730/JTN0$,G23906,FULL,Phaseolus,vulgaris,Phaseolus vulgaris,300,19850801,CRI,"LAS JUNTAS, EL SILENCIO - ABANGARES - GUANACASTE",10.28,-84.95,150.0,19850801.0,40.0
10.18730/JTMSV,G23903,FULL,Phaseolus,vulgaris,Phaseolus vulgaris,300,19850801,CRI,"TERCERO, PASO HONDO - SANTA CRUZ - GUANACASTE",10.24,-85.7,40.0,19850801.0,40.0
10.18730/JTMPR,G23901,FULL,Phaseolus,vulgaris,Phaseolus vulgaris,300,19850801,CRI,"SANTA RITA, TACANIS - NANDAYURE - GUANACASTE",10.03,-85.26,350.0,19850801.0,40.0
10.18730/JTMFH,G23897,FULL,Phaseolus,vulgaris,Phaseolus vulgaris,300,19850801,CRI,"PALMIRA, PASO TEMPISQUE - CARRILLO - GUANACASTE",10.51,-85.57,,19850801.0,40.0
10.18730/JTM79,G23892,FULL,Phaseolus,vulgaris,Phaseolus vulgaris,300,19850801,CRI,"PRIMERO, MARAVILLA - HOJANCHA - GUANACASTE",10.03,-85.42,600.0,19850801.0,40.0
10.18730/JTM24,G23889,FULL,Phaseolus,vulgaris,Phaseolus vulgaris,300,19850801,CRI,"TERCERO, DELICIA - SANTA CRUZ - GUANACASTE",10.24,-85.73,40.0,19850801.0,40.0
10.18730/JTMBD,G23890,FULL,Phaseolus,vulgaris,Phaseolus vulgaris,300,19850801,CRI,"CUARTO, CABALLITO - NICOYA - GUANACASTE",10.24,-85.35,120.0,19850801.0,40.0
10.18730/JTM13,G23888,FULL,Phaseolus,vulgaris,Phaseolus vulgaris,300,19850801,CRI,"PRIMERO, SAN RAFAEL - HOJANCHA - GUANACASTE",10.01,-85.44,500.0,19850801.0,40.0
10.18730/JTKT~,G23883,FULL,Phaseolus,vulgaris,Phaseolus vulgaris,300,19850801,CRI,"TERCERO, LA ALIANZA - NICOYA - GUANACASTE",10.17,-85.46,40.0,19850801.0,40.0
10.18730/JTKPX,G23881,FULL,Phaseolus,vulgaris,Phaseolus vulgaris,300,19850801,CRI,"ZAPOTAL, CENTRAL - NANDAYURE - GUANACASTE",10.0,-85.3,600.0,19850801.0,40.0
10.18730/JTKGQ,G23876,FULL,Phaseolus,vulgaris,Phaseolus vulgaris,300,19850801,CRI,"PRIMERO, GAMALOTAL - NICOYA - GUANACASTE",10.07,-85.52,125.0,19850801.0,40.0
10.18730/JW9HD,G23489,FULL,Phaseolus,vulgaris,Phaseolus vulgaris,100,19870126,CRI,"1.5 KM E DE ASERRI, PIEDRA DE ASERRI - ASERRI - SAN JOSE",9.87,-84.12,1560.0,19870126.0,10.0
10.18730/JW9C8,G23416,FULL,Phaseolus,vulgaris,Phaseolus vulgaris,100,19870126,CRI,1 KM SW DE TARBACA - TARBACA - SAN JOSE,9.82,-84.12,1750.0,19870126.0,10.0
10.18730/K0VFN,G2189,FULL,Phaseolus,vulgaris,Phaseolus vulgaris,300,19700901,CRI,BAGACES - BAGACES - GUANACASTE,10.54,-85.25,500.0,19700901.0,40.0
10.18730/K3YVK,G20559,FULL,Phaseolus,vulgaris,Phaseolus vulgaris,100,19780201,CRI,"VACANT LOT, IN SAN JOSÉ - SAN JOSE - SAN JOSE",9.93,-84.08,1171.0,19780201.0,40.0
10.18730/JMDQN,G18969,FULL,Phaseolus,vulgaris,Phaseolus vulgaris,300,19781001,CRI,6-8 KM E OF PARAISO ROAD TO TURRIALBA - TURRIALBA - CARTAGO,9.87,-83.83,1200.0,19781001.0,40.0
10.18730/JMDNK,G18966,FULL,Phaseolus,vulgaris,Phaseolus vulgaris,300,19781001,CRI,"CHIRRIPO, INDIAN PLANTING - CHIRRIPO - SAN JOSE",9.49,-83.49,1200.0,19781001.0,40.0
10.18730/K0G2T,G1825,FULL,Phaseolus,vulgaris,Phaseolus vulgaris,300,19700901,CRI,"TAYUTIC, PASO MARCOS - TURRIALBA - CARTAGO",9.82,-83.55,870.0,19700901.0,40.0
10.18730/JH672,G17726,FULL,Phaseolus,vulgaris,Phaseolus vulgaris,300,19700901,CRI,PARAISO - TURRIALBA - CARTAGO,9.83,-83.87,,19700901.0,40.0
10.18730/K0E85,G1756,FULL,Phaseolus,vulgaris,Phaseolus vulgaris,300,19700901,CRI,QUEBRADO DE PLATANILLO - CHIRRIPO - SAN JOSE,9.48,-83.81,1200.0,19700901.0,40.0
10.18730/K0EDA,G1744,FULL,Phaseolus,vulgaris,Phaseolus vulgaris,300,19700901,CRI,LOS ANGELES - LOS ANGELES - GUANACASTE,10.15,-85.37,500.0,19700901.0,40.0
10.18730/JND6X,G13125,FULL,Phaseolus,vulgaris,Phaseolus vulgaris,300,19781001,CRI,SAN ISIDRO DE EL GENERAL - SAN ISIDRO DE EL GENERAL - SAN JOSE,9.38,-83.7,,19781001.0,40.0
10.18730/JH650,G13051,FULL,Phaseolus,vulgaris,Phaseolus vulgaris,300,19700901,CRI,"20 KM E OF CARTAGO, ROAD TO TURRIALBA - CARTAGO - CARTAGO",9.93,-83.77,1200.0,19700901.0,40.0
10.18730/K4QJ~,G52142,FULL,Phaseolus,vulgaris,Phaseolus vulgaris,300,20121008,CRI,QUEBRADA GRANDE - TILARAN - GUANACASTE,10.86,-85.5,371.0,20121008.0,40.0
10.18730/K4QDW,G52137,FULL,Phaseolus,vulgaris,Phaseolus vulgaris,300,20121008,CRI,GUAYABO - BAGACES - GUANACASTE,10.72,-85.24,554.0,20121008.0,40.0
10.18730/K54ZJ,G52603,FULL,Phaseolus,vulgaris,Phaseolus vulgaris,300,19821101,CRI,"BRATSI, KATSI - TALAMANCA - LIMON",9.53,-82.93,,19821101.0,40.0
10.18730/K56K~,G52601,FULL,Phaseolus,vulgaris,Phaseolus vulgaris,300,19821101,CRI,"BRATSI, ALTO TELIRE - TALAMANCA - LIMON",9.57,-83.31,,19821101.0,40.0
10.18730/K52TQ,G52501,FULL,Phaseolus,vulgaris,Phaseolus vulgaris,300,19821101,CRI,CARTAGO - CARTAGO - CARTAGO,9.88,-83.9,,19821101.0,40.0
10.18730/K51VX,G52494,FULL,Phaseolus,vulgaris,Phaseolus vulgaris,300,19821101,CRI,SANTA TERESITA - TURRIALBA - CARTAGO,9.99,-83.65,855.0,19821101.0,40.0
10.18730/K52WS,G52504,FULL,Phaseolus,vulgaris,Phaseolus vulgaris,300,19821101,CRI,LLANO GRANDE - CARTAGO - CARTAGO,9.94,-83.91,2270.0,19821101.0,40.0
10.18730/K52HE,G52490,FULL,Phaseolus,vulgaris,Phaseolus vulgaris,300,19821101,CRI,"DOTA, SANTA MARÍA DE DOTA - DOTA - SAN JOSE",9.65,-83.97,,19821101.0,40.0
10.18730/K52RN,G52499,FULL,Phaseolus,vulgaris,Phaseolus vulgaris,300,19821101,CRI,CERVANTES - ALVARADO - CARTAGO,9.88,-83.81,1441.0,19821101.0,40.0
10.18730/K550K,G52604,FULL,Phaseolus,vulgaris,Phaseolus vulgaris,300,19821101,CRI,"BRATSI, COROMA - TALAMANCA - LIMON",9.54,-83.0,,19821101.0,40.0
10.18730/K557T,G52614,FULL,Phaseolus,vulgaris,Phaseolus vulgaris,300,19821101,CRI,ZARCERO - ALFARO RUIZ - ALAJUELA,10.19,-84.4,,19821101.0,40.0
10.18730/K4QQ1,G52147,FULL,Phaseolus,vulgaris,Phaseolus vulgaris,300,20121008,CRI,FORTUNA - BAGACES - GUANACASTE,10.67,-85.2,470.0,20121008.0,40.0
10.18730/K4RBN,G52170,FULL,Phaseolus,vulgaris,Phaseolus vulgaris,300,20121008,CRI,CHANGUENA - BUENOS AIRES - PUNTARENAS,8.94,-83.2,232.0,20121008.0,40.0
10.18730/K4SNT,G52213,FULL,Phaseolus,vulgaris,Phaseolus vulgaris,300,20121008,CRI,SAN BERNARDO - SAN LORENZO - GUANACASTE,9.62,-84.04,1269.0,20121008.0,40.0
10.18730/K4SAF,G52202,FULL,Phaseolus,vulgaris,Phaseolus vulgaris,300,20121008,CRI,PALMARES - PALMARES - ALAJUELA,10.08,-84.44,1025.0,20121008.0,40.0
10.18730/K4SJQ,G52210,FULL,Phaseolus,vulgaris,Phaseolus vulgaris,300,20121008,CRI,LIBERIA - LIBERIA - GUANACASTE,10.65,-85.45,140.0,20121008.0,40.0
10.18730/K4SBG,G52203,FULL,Phaseolus,vulgaris,Phaseolus vulgaris,300,20121008,CRI,SANTA CRUZ - SANTA CRUZ - GUANACASTE,10.26,-85.6,,20121008.0,40.0
10.18730/K4S49,G52195,FULL,Phaseolus,vulgaris,Phaseolus vulgaris,300,20121008,CRI,PILAS - BUENOS AIRES - PUNTARENAS,9.08,-83.44,350.0,20121008.0,40.0
10.18730/K4RX2,G52188,FULL,Phaseolus,vulgaris,Phaseolus vulgaris,300,20121008,CRI,UPALA - UPALA - ALAJUELA,10.9,-85.02,50.0,20121008.0,40.0
10.18730/K4V4U,G52253,FULL,Phaseolus,vulgaris,Phaseolus vulgaris,100,20130605,CRI,"600 MTS N ENTRADA CRUCERO DRAGÓN, SAN PABLO, CARRETERA SAN PABLO - LEÓN CORTEZ - LEON CORTEZ - SAN JOSE",9.7,-84.1,1939.0,20130605.0,10.0
10.18730/K4E8Z,G51854,FULL,Phaseolus,vulgaris,Phaseolus vulgaris,100,20030321,CRI,"1KM E CHIROGRES-EL MANZANO, TARBACA - ASERRI - SAN JOSE",9.8,-84.1,1480.0,20030321.0,10.0
10.18730/JHCRT,G9541,FULL,Phaseolus,vulgaris,Phaseolus vulgaris,300,19730101,PER,"ACOPAMPA, OBRAJES - CARHUAZ - ANCASH",-9.3,-77.62,2000.0,19730101.0,40.0
10.18730/JZWS1,G950,FULL,Phaseolus,vulgaris,Phaseolus vulgaris,300,19700901,PER,E.E. LA MOLINA - LIMA - LIMA,-12.08,-76.94,,19700901.0,40.0
10.18730/K320N,G9215,FULL,Phaseolus,vulgaris,Phaseolus vulgaris,300,19770201,PER,JUNIN - JUNIN - JUNIN,-11.17,-76.0,,19770201.0,40.0
10.18730/K2HD8,G8213,FULL,Phaseolus,vulgaris,Phaseolus vulgaris,300,19760301,PER,CHALHUANCA - AYMARAES - APURIMAC,-14.3,-73.25,2800.0,19760301.0,40.0
10.18730/K2HC7,G8209,FULL,Phaseolus,vulgaris,Phaseolus vulgaris,300,19760301,PER,ANTA - CARHUAZ - ANCASH,-9.37,-77.6,2865.0,19760301.0,40.0
10.18730/K2F27,G7974,FULL,Phaseolus,vulgaris,Phaseolus vulgaris,300,19760301,PER,SANTA ANA - LA CONVENCION - CUZCO,-12.88,-72.72,1050.0,19760301.0,40.0
10.18730/K2E6G,G7895,FULL,Phaseolus,vulgaris,Phaseolus vulgaris,300,19730301,PER,"QUILLABAMBA, FCA. POTERO - LA CONVENCION - CUZCO",-12.82,-72.72,,19730301.0,40.0
10.18730/K2975,G7443,FULL,Phaseolus,vulgaris,Phaseolus vulgaris,300,19750825,PER,CURAHUASI - ABANCAY - APURIMAC,-13.55,-72.71,2650.0,19750825.0,40.0
10.18730/K28WZ,G7425,FULL,Phaseolus,vulgaris,Phaseolus vulgaris,300,19760301,PER,HUANCABAMBA - HUANCABAMBA - PIURA,-5.24,-79.47,,19760301.0,40.0
10.18730/K28QT,G7387,FULL,Phaseolus,vulgaris,Phaseolus vulgaris,300,19760301,PER,"HUANCARQUI, MAJES - CASTILLA - AREQUIPA",-16.28,-72.47,594.0,19760301.0,40.0
10.18730/K28FJ,G7373,FULL,Phaseolus,vulgaris,Phaseolus vulgaris,300,19760301,PER,AYACUCHO - AYACUCHO - AYACUCHO,-13.12,-74.22,,19760301.0,40.0
10.18730/JFBA4,G7328,FULL,Phaseolus,vulgaris,Phaseolus vulgaris,300,19750825,PER,"YANHUARA, EL CRUCE - URUBAMBA - CUZCO",-13.27,-72.18,,19750825.0,40.0
10.18730/JFB82,G7326,FULL,Phaseolus,vulgaris,Phaseolus vulgaris,300,19750825,PER,CHINCHERO - ANDAHUAYLAS - APURIMAC,-13.4,-72.06,,19750825.0,40.0
10.18730/PE9VR,G7322,FULL,Phaseolus,vulgaris,Phaseolus vulgaris,300,19750825,PER,"URUBAMBA, EL CRUCE - URUBAMBA - CUZCO",-13.31,-72.13,,19750825.0,40.0
10.18730/PNXYW,G7321,FULL,Phaseolus,vulgaris,Phaseolus vulgaris,300,19750825,PER,OLLANTAYTAMBO - OLLANTAYTAMBO - CUZCO,-13.27,-72.27,2600.0,19750825.0,40.0
10.18730/JFFCQ,G7249,FULL,Phaseolus,vulgaris,Phaseolus vulgaris,300,19760301,PER,ALMAS - ABANCAY - APURIMAC,-13.59,-72.92,2800.0,19760301.0,40.0
10.18730/JFFKY,G7244,FULL,Phaseolus,vulgaris,Phaseolus vulgaris,300,19760301,PER,HUANUCO - HUANUCO - HUANUCO,-9.92,-76.25,1800.0,19760301.0,40.0
10.18730/S1P8H,G7225A,FULL,Phaseolus,vulgaris,Phaseolus vulgaris,100,19750404,PER,"ABANCAY-ANDAHUAYLAS, HACIENDA PACHACHACA - ABANCAY - APURIMAC",-13.67,-72.88,2300.0,19750404.0,40.0
10.18730/JFHHJ,G7169,FULL,Phaseolus,vulgaris,Phaseolus vulgaris,300,19730301,PER,"PUCALLPA, FINCA ORIGAMOS - CORONEL PORTILLO - LORETO",-8.35,-74.54,,19730301.0,40.0
10.18730/S1P3C,G5735C,FULL,Phaseolus,vulgaris,Phaseolus vulgaris,300,19750825,PER,CHINCHA - CHINCHA - ICA,-13.34,-75.15,,19750825.0,40.0
10.18730/K410E,G51427,FULL,Phaseolus,vulgaris,Phaseolus vulgaris,300,19890501,PER,HUANSA - CAJABAMBA - CAJAMARCA,-7.67,-78.08,2750.0,19890501.0,40.0
10.18730/K3XB8,G51359,FULL,Phaseolus,vulgaris,Phaseolus vulgaris,300,19890501,PER,COSHAG (DURAZNOPAMPA) - CHACHAPOYAS - AMAZONAS,-6.56,-77.81,1800.0,19890501.0,40.0
10.18730/K3XA7,G51358,FULL,Phaseolus,vulgaris,Phaseolus vulgaris,300,19890501,PER,SHANSHA - CAJABAMBA - CAJAMARCA,-7.62,-78.07,2700.0,19890501.0,40.0
10.18730/K3X52,G51346,FULL,Phaseolus,vulgaris,Phaseolus vulgaris,300,19860901,PER,SAN LUIS DE LUCMA - CUTERVO - CAJAMARCA,-6.27,-78.52,1850.0,19860901.0,20.0
10.18730/S5W49,G51262D,FULL,Phaseolus,vulgaris,Phaseolus vulgaris,300,19890501,PER,POMACOCHA - BONGARA - AMAZONAS,-5.82,-77.97,1980.0,19890501.0,40.0
10.18730/PE5R4,G51261,FULL,Phaseolus,vulgaris,Phaseolus vulgaris,300,19890501,PER,MOCHUMI - MOCHUMI - LAMBAYEQUE,-6.55,-79.87,100.0,19890501.0,40.0
10.18730/S2YF9,G51259A,FULL,Phaseolus,vulgaris,Phaseolus vulgaris,300,19890501,PER,CALLASH - CAJABAMBA - CAJAMARCA,-7.64,-78.08,2700.0,19890501.0,40.0
10.18730/PE5M0,G51256,FULL,Phaseolus,vulgaris,Phaseolus vulgaris,300,19890501,PER,YURAMARCA - CHACHAPOYAS - AMAZONAS,-5.97,-77.65,2200.0,19890501.0,40.0
10.18730/S6KGH,G51253C,FULL,Phaseolus,vulgaris,Phaseolus vulgaris,300,19890501,PER,SAN PEDRO DE UTAC - CHACHAPOYAS - AMAZONAS,-6.59,-77.81,1850.0,19890501.0,40.0
10.18730/S4E0D,G51250A,FULL,Phaseolus,vulgaris,Phaseolus vulgaris,300,19890501,PER,QUISPES - BONGARA - AMAZONAS,-5.93,-77.92,1800.0,19890501.0,40.0
10.18730/PE5H$,G51248,FULL,Phaseolus,vulgaris,Phaseolus vulgaris,300,19890501,PER,SAN GERÓNIMO - BONGARA - AMAZONAS,-5.99,-77.99,2050.0,19890501.0,40.0
10.18730/PE5G~,G51247,FULL,Phaseolus,vulgaris,Phaseolus vulgaris,300,19890501,PER,SAN CARLOS - BONGARA - AMAZONAS,-5.95,-77.92,1700.0,19890501.0,40.0
10.18730/JXT0A,G51246,FULL,Phaseolus,vulgaris,Phaseolus vulgaris,300,19890501,PER,SHIPAMARCA - LUYA - AMAZONAS,-6.17,-77.92,1700.0,19890501.0,40.0
10.18730/PE5F*,G51244,FULL,Phaseolus,vulgaris,Phaseolus vulgaris,300,19890501,PER,TAGTA - CHACHAPOYAS - AMAZONAS,-6.48,-77.7,2200.0,19890501.0,40.0
10.18730/S4DV8,G51238A,FULL,Phaseolus,vulgaris,Phaseolus vulgaris,300,19890501,PER,BATIARUMI (LEIMEBAMBA) - CHACHAPOYAS - AMAZONAS,-6.71,-77.8,2400.0,19890501.0,40.0
10.18730/JXSDW,G51231,FULL,Phaseolus,vulgaris,Phaseolus vulgaris,300,19890501,PER,BALSA - CHACHAPOYAS - AMAZONAS,-6.85,-78.02,2600.0,19890501.0,40.0
10.18730/JXSM=,G51228,FULL,Phaseolus,vulgaris,Phaseolus vulgaris,300,19890501,PER,CASHACONGA - CELENDIN - CAJAMARCA,-6.9,-78.14,2650.0,19890501.0,40.0
10.18730/S1F8F,G51227B,FULL,Phaseolus,vulgaris,Phaseolus vulgaris,300,19890501,PER,MELENDES - CELENDIN - CAJAMARCA,-6.84,-78.22,2700.0,19890501.0,40.0
10.18730/JXS8Q,G51224,FULL,Phaseolus,vulgaris,Phaseolus vulgaris,300,19890501,PER,SAN MARCOS - CAJAMARCA - CAJAMARCA,-7.33,-78.16,2700.0,19890501.0,40.0
10.18730/JXSAS,G51219,FULL,Phaseolus,vulgaris,Phaseolus vulgaris,300,19890501,PER,CHURGAPAMPA - CAJABAMBA - CAJAMARCA,-7.6,-78.1,2760.0,19890501.0,40.0
10.18730/JXSFY,G51222,FULL,Phaseolus,vulgaris,Phaseolus vulgaris,300,19890501,PER,CHANTACO - CAJAMARCA - CAJAMARCA,-7.39,-78.16,2200.0,19890501.0,40.0
10.18730/S1F4B,G51204A,FULL,Phaseolus,vulgaris,Phaseolus vulgaris,300,19890501,PER,SANTA ROSA - CELENDIN - CAJAMARCA,-6.61,-78.12,2700.0,19890501.0,40.0
10.18730/JXRYD,G51199,FULL,Phaseolus,vulgaris,Phaseolus vulgaris,300,19890501,PER,HUANAMBRA - CELENDIN - CAJAMARCA,-6.9,-78.16,2600.0,19890501.0,40.0
10.18730/JXRR7,G51194,FULL,Phaseolus,vulgaris,Phaseolus vulgaris,300,19890501,PER,CAJABAMBA - CAJABAMBA - CAJAMARCA,-7.63,-78.03,2700.0,19890501.0,40.0
10.18730/PHD2H,G51193,FULL,Phaseolus,vulgaris,Phaseolus vulgaris,300,19890501,PER,SANTA ROSA - SANCHEZ CARRION - LA LIBERTAD,-7.8,-78.08,3000.0,19890501.0,40.0
10.18730/JXRQ6,G51192,FULL,Phaseolus,vulgaris,Phaseolus vulgaris,300,19890501,PER,CUNGUAY - SANTIAGO DE CHUCO - LA LIBERTAD,-8.15,-78.17,3115.0,19890501.0,40.0
10.18730/JXRN4,G51190,FULL,Phaseolus,vulgaris,Phaseolus vulgaris,300,19890501,PER,HUANGAMARCA - OTUZCO - LA LIBERTAD,-7.85,-78.52,2700.0,19890501.0,40.0
10.18730/JXRM3,G51188,FULL,Phaseolus,vulgaris,Phaseolus vulgaris,300,19890501,PER,USQUIL - OTUZCO - LA LIBERTAD,-7.8,-78.42,2500.0,19890501.0,40.0
10.18730/PHD3J,G51185,FULL,Phaseolus,vulgaris,Phaseolus vulgaris,300,19890501,PER,MARCABAL GRANDE - SANCHEZ CARRION - LA LIBERTAD,-7.69,-78.04,2600.0,19890501.0,40.0
10.18730/JXRD~,G51187,FULL,Phaseolus,vulgaris,Phaseolus vulgaris,300,19890501,PER,TOMABAL (SAUSAL) - TRUJILLO - LA LIBERTAD,-7.75,-79.07,200.0,19890501.0,40.0
10.18730/PE4Q8,G51183,FULL,Phaseolus,vulgaris,Phaseolus vulgaris,300,19860901,PER,"CHOTA, CHULI - CHOTA - CAJAMARCA",-6.45,-78.64,2550.0,19860901.0,20.0
10.18730/JXQF3,G51184,FULL,Phaseolus,vulgaris,Phaseolus vulgaris,300,19890815,PER,"SONDOR, EN TACARPO - HUANCABAMBA - PIURA",-5.4,-79.4,1690.0,19890815.0,20.0
10.18730/JWJ7*,G51063,FULL,Phaseolus,vulgaris,Phaseolus vulgaris,300,19860901,PER,"CONCHAN, CHULITE - CHOTA - CAJAMARCA",-6.45,-78.66,2430.0,19860901.0,20.0
10.18730/PHGCC,G50984,FULL,Phaseolus,vulgaris,Phaseolus vulgaris,300,19910401,PER,SANTIAGO DE CHUCO - SANTIAGO DE CHUCO - LA LIBERTAD,-8.16,-78.19,,19910401.0,20.0
10.18730/JXTZ4,G50970,FULL,Phaseolus,vulgaris,Phaseolus vulgaris,300,19890501,PER,QUIPRAN - HUAMALIES - HUANUCO,-9.49,-76.77,3310.0,19890501.0,40.0
10.18730/JXV16,G50971,FULL,Phaseolus,vulgaris,Phaseolus vulgaris,300,19890501,PER,CHAVIN DE PARIARCA - HUAMALIES - HUANUCO,-9.42,-76.77,2300.0,19890501.0,40.0
10.18730/JXV05,G50969,FULL,Phaseolus,vulgaris,Phaseolus vulgaris,300,19890501,PER,ANDAS - HUAMALIES - HUANUCO,-9.52,-76.77,3290.0,19890501.0,40.0
10.18730/JXTY3,G50967,FULL,Phaseolus,vulgaris,Phaseolus vulgaris,300,19890501,PER,QUEPATUPE - AMBO - HUANUCO,-10.2,-76.32,2600.0,19890501.0,40.0
10.18730/PHGFF,G50968,FULL,Phaseolus,vulgaris,Phaseolus vulgaris,300,19890501,PER,YANAHUANCA - DANIEL CARRION - PASCO,-10.49,-76.53,3300.0,19890501.0,40.0
10.18730/JXTR$,G50966,FULL,Phaseolus,vulgaris,Phaseolus vulgaris,300,19890501,PER,SAN MARCOS - HUANUCO - HUANUCO,-9.86,-76.08,2200.0,19890501.0,40.0
10.18730/PHGGG,G50964,FULL,Phaseolus,vulgaris,Phaseolus vulgaris,300,19890501,PER,MAYOBAMBA - HUANUCO - HUANUCO,-9.74,-76.12,2210.0,19890501.0,40.0
10.18730/JXTCP,G50963,FULL,Phaseolus,vulgaris,Phaseolus vulgaris,300,19890501,PER,HUANCAPAMPA - HUANUCO - HUANUCO,-9.78,-76.0,2500.0,19890501.0,40.0
10.18730/S2YGA,G50961E,FULL,Phaseolus,vulgaris,Phaseolus vulgaris,300,19890501,PER,QUIO - SANTA CRUZ - CAJAMARCA,-6.64,-78.94,2300.0,19890501.0,40.0
10.18730/JXRK2,G50952,FULL,Phaseolus,vulgaris,Phaseolus vulgaris,300,19890501,PER,CHUQUISONGO - OTUZCO - LA LIBERTAD,-7.75,-78.4,1900.0,19890501.0,40.0
10.18730/PHGVV,G50934,FULL,Phaseolus,vulgaris,Phaseolus vulgaris,300,19880601,PER,"PACCARECTAMBO, EN MISHCABAMBA - PARURO - CUZCO",-13.76,-71.96,2900.0,19880601.0,20.0
10.18730/S4ZZ~,G50924C,FULL,Phaseolus,vulgaris,Phaseolus vulgaris,300,19860901,PER,"LAJAS, INGENIO DE MONTANI - CHOTA - CAJAMARCA",-6.56,-78.79,2080.0,19860901.0,20.0
10.18730/JWH6U,G50915,FULL,Phaseolus,vulgaris,Phaseolus vulgaris,300,19860901,PER,"HUALGAYOC, TAHUANA - HUALGAYOC - CAJAMARCA",-6.75,-78.58,3060.0,19860901.0,20.0
10.18730/JWH3~,G50914,FULL,Phaseolus,vulgaris,Phaseolus vulgaris,300,19860901,PER,"CHANCAY, TAYAPAMPA - SANTA CRUZ - CAJAMARCA",-6.59,-78.83,2000.0,19860901.0,20.0
10.18730/PHJ9U,G50787,FULL,Phaseolus,vulgaris,Phaseolus vulgaris,300,19890501,PER,TRUJILLO - TRUJILLO - LA LIBERTAD,-8.07,-79.03,2000.0,19890501.0,40.0
10.18730/JXQ8~,G50775,FULL,Phaseolus,vulgaris,Phaseolus vulgaris,300,19890815,PER,"SONDOR, EN LAGUNAS - HUANCABAMBA - PIURA",-5.36,-79.4,1800.0,19890815.0,20.0
10.18730/S1D0H,G50766D,FULL,Phaseolus,vulgaris,Phaseolus vulgaris,300,19870528,PER,"OCOBAMBA, SARAHUARCAY - ANDAHUAYLAS - APURIMAC",-13.54,-73.5,2770.0,19870528.0,20.0
10.18730/PFXMG,G50768,FULL,Phaseolus,vulgaris,Phaseolus vulgaris,300,19870528,PER,"TALAVERA, CHUMBIBAMBA - ANDAHUAYLAS - APURIMAC",-13.67,-73.46,2820.0,19870528.0,20.0
10.18730/JX1RB,G50767,FULL,Phaseolus,vulgaris,Phaseolus vulgaris,300,19870528,PER,"OCOBAMBA, HUMACA - ANDAHUAYLAS - APURIMAC",-13.48,-73.56,2760.0,19870528.0,20.0
10.18730/JWMT4,G50764,FULL,Phaseolus,vulgaris,Phaseolus vulgaris,300,19860901,PER,"BAMBAMARCA, MAYGASBAMBA - HUALGAYOC - CAJAMARCA",-6.64,-78.53,2680.0,19860901.0,20.0
10.18730/JWKS8,G50755,FULL,Phaseolus,vulgaris,Phaseolus vulgaris,300,19860901,PER,"SAN MIGUEL, MISHCA - SAN MIGUEL - CAJAMARCA",-7.02,-78.86,2100.0,19860901.0,20.0
10.18730/JVAWZ,G50738,FULL,Phaseolus,vulgaris,Phaseolus vulgaris,300,19850801,PER,"CAUDAY, CAUDAY E ICHOCAN - CAJABAMBA - CAJAMARCA",-7.58,-78.12,2720.0,19850801.0,20.0
10.18730/S6D2~,G50735B,FULL,Phaseolus,vulgaris,Phaseolus vulgaris,300,19840701,PER,LIMATAMBO - ANTA - CUZCO,-13.47,-72.44,,19840701.0,40.0
10.18730/PFXD9,G50736,FULL,Phaseolus,vulgaris,Phaseolus vulgaris,300,19840701,PER,CUZCO - CUZCO - CUZCO,-13.53,-72.0,,19840701.0,40.0
10.18730/PHJG6,G50684,FULL,Phaseolus,vulgaris,Phaseolus vulgaris,300,19910401,PER,"QUIRUVILCA, SECTOR KAUNAPE - SANTIAGO DE CHUCO - LA LIBERTAD",-8.0,-78.32,,19910401.0,20.0
10.18730/PHJH7,G50683,FULL,Phaseolus,vulgaris,Phaseolus vulgaris,300,19910401,PER,"SANTIAGO DE CHUCO, SECTOR LA VEGA-UNINGAMBAL - SANTIAGO DE CHUCO - LA LIBERTAD",-8.25,-78.42,,19910401.0,20.0
10.18730/PFX2=,G50629,FULL,Phaseolus,vulgaris,Phaseolus vulgaris,300,19890815,PER,"SONDOR, EN SHILCAYA - HUANCABAMBA - PIURA",-5.34,-79.4,1980.0,19890815.0,20.0
10.18730/JXQ3W,G50618,FULL,Phaseolus,vulgaris,Phaseolus vulgaris,300,19890815,PER,"SONDOR, EN CULATA - HUANCABAMBA - PIURA",-5.32,-79.4,1930.0,19890815.0,20.0
10.18730/JXPZR,G50617,FULL,Phaseolus,vulgaris,Phaseolus vulgaris,300,19890815,PER,"HUANCABAMBA, EN CERRO COLORADO - HUANCABAMBA - PIURA",-5.25,-79.44,1820.0,19890815.0,20.0
10.18730/JXFH8,G50616,FULL,Phaseolus,vulgaris,Phaseolus vulgaris,300,19880601,PER,"COLCHA, EN CANCAYPATA - PARURO - CUZCO",-13.86,-71.81,2940.0,19880601.0,20.0
10.18730/JWMBT,G50590,FULL,Phaseolus,vulgaris,Phaseolus vulgaris,300,19860901,PER,"CHOTA, ATOCTAMBO - CHOTA - CAJAMARCA",-6.59,-78.63,2520.0,19860901.0,20.0
10.18730/JWK2P,G50584,FULL,Phaseolus,vulgaris,Phaseolus vulgaris,300,19860901,PER,"CHANCAY, AGUA SALADA - SANTA CRUZ - CAJAMARCA",-6.58,-78.9,1550.0,19860901.0,20.0
10.18730/JWKE$,G50586,FULL,Phaseolus,vulgaris,Phaseolus vulgaris,300,19860901,PER,"SAN PABLO, LA LAGUNA - CAJAMARCA - CAJAMARCA",-7.14,-78.8,1990.0,19860901.0,20.0
10.18730/JWJXH,G50583,FULL,Phaseolus,vulgaris,Phaseolus vulgaris,300,19860901,PER,"CHANCAY, MONTAMAYO - SANTA CRUZ - CAJAMARCA",-6.56,-78.81,2320.0,19860901.0,20.0
10.18730/PHKH2,G50481,FULL,Phaseolus,vulgaris,Phaseolus vulgaris,300,19910401,PER,"SANTIAGO DE CHUCO, SECTOR QUIMUS-CHAMBUC - SANTIAGO DE CHUCO - LA LIBERTAD",-8.17,-78.15,,19910401.0,20.0
10.18730/PHKN6,G50476,FULL,Phaseolus,vulgaris,Phaseolus vulgaris,300,19910401,PER,"SANTIAGO DE CHUCO, SECTOR HUASHGON - SANTIAGO DE CHUCO - LA LIBERTAD",-8.18,-78.17,,19910401.0,20.0
10.18730/PHKM5,G50477,FULL,Phaseolus,vulgaris,Phaseolus vulgaris,300,19910401,PER,"SANTIAGO DE CHUCO, SECTOR CANRAMACA-MUYCAN - SANTIAGO DE CHUCO - LA LIBERTAD",-8.12,-78.18,,19910401.0,20.0
10.18730/S4CN7,G50474C,FULL,Phaseolus,vulgaris,Phaseolus vulgaris,300,19880601,PER,"1 KM SE DE SAN SALVADOR, SAN SALVADOR - CALCA - CUZCO",-13.5,-71.79,2960.0,19880601.0,20.0
10.18730/PFVHQ,G50441,FULL,Phaseolus,vulgaris,Phaseolus vulgaris,300,19870528,PER,"ABANCAY, HUALLAYBAMBA - ABANCAY - APURIMAC",-13.62,-72.91,2980.0,19870528.0,20.0
10.18730/PFVEM,G50432,FULL,Phaseolus,vulgaris,Phaseolus vulgaris,300,19850801,PER,"CAJABAMBA, CALLASH ALTO, MACHUCARA Y OTROS - CAJABAMBA - CAJAMARCA",-7.6,-78.08,2680.0,19850801.0,20.0
10.18730/S47KY,G50431A,FULL,Phaseolus,vulgaris,Phaseolus vulgaris,300,19850801,PER,"HUALGAYOC, PAMPA GRANDE - HUALGAYOC - CAJAMARCA",-6.72,-78.56,2800.0,19850801.0,20.0
10.18730/JV6M6,G50430,FULL,Phaseolus,vulgaris,Phaseolus vulgaris,300,19850801,PER,CHOTA - CHOTA - CAJAMARCA,-6.58,-78.65,2330.0,19850801.0,20.0
10.18730/JV4NH,G50425,FULL,Phaseolus,vulgaris,Phaseolus vulgaris,300,19850801,PER,SOCOTA Y SAN LUIS DE LUCMA - CUTERVO - CAJAMARCA,-6.31,-78.69,1750.0,19850801.0,20.0
10.18730/JV462,G50426,FULL,Phaseolus,vulgaris,Phaseolus vulgaris,300,19850801,PER,"TUCURI, CALLASH, CAUDAY - CAJABAMBA - CAJAMARCA",-7.6,-78.13,2530.0,19850801.0,20.0
10.18730/JV378,G50422,FULL,Phaseolus,vulgaris,Phaseolus vulgaris,300,19850801,PER,"HUANCAS, COCAHUAYCO - CHACHAPOYAS - AMAZONAS",-6.12,-77.84,1420.0,19850801.0,20.0
10.18730/JV3QR,G50423,FULL,Phaseolus,vulgaris,Phaseolus vulgaris,300,19850801,PER,BANDA LLANDUMA - CUTERVO - CAJAMARCA,-6.47,-78.86,2000.0,19850801.0,20.0
10.18730/JV3KM,G50424,FULL,Phaseolus,vulgaris,Phaseolus vulgaris,300,19850801,PER,"CRUZ, LA SUCCHA, YATUN Y SAN ANTONIO, HUALGAYOC - CUTERVO - CAJAMARCA",-6.36,-78.74,2250.0,19850801.0,20.0
10.18730/S476H,G50420E,FULL,Phaseolus,vulgaris,Phaseolus vulgaris,300,19850801,PER,"MUTUY, SOCOTA Y TERESA CONGA - SAN MIGUEL - CAJAMARCA",-6.95,-78.78,2830.0,19850801.0,20.0
10.18730/JV323,G50421,FULL,Phaseolus,vulgaris,Phaseolus vulgaris,300,19850801,PER,PUENTE BEDOYA - CHOTA - CAJAMARCA,-6.54,-78.69,2140.0,19850801.0,20.0
10.18730/JV0DX,G50418,FULL,Phaseolus,vulgaris,Phaseolus vulgaris,300,19850801,PER,"ASUNCIÓN, CHANCAY, LLAPA Y OTROS - CAJAMARCA Y SAN MIGUEL - CAJAMARCA",-7.32,-78.52,2180.0,19850801.0,20.0
10.18730/S5MWU,G50071A,FULL,Phaseolus,vulgaris,Phaseolus vulgaris,300,19840701,PER,MOLLEPATA - ANTA - CUZCO,-13.52,-72.54,,19840701.0,40.0
10.18730/JTF6~,G50070,FULL,Phaseolus,vulgaris,Phaseolus vulgaris,300,19840701,PER,PAUCARTAMBO - PAUCARTAMBO - CUZCO,-13.32,-71.61,,19840701.0,40.0
10.18730/JTF2X,G50066,FULL,Phaseolus,vulgaris,Phaseolus vulgaris,300,19840701,PER,PARURO - PARURO - CUZCO,-13.77,-71.85,,19840701.0,40.0
10.18730/JTF5*,G50061,FULL,Phaseolus,vulgaris,Phaseolus vulgaris,300,19840701,PER,YAURISQUE - PARURO - CUZCO,-13.67,-71.92,,19840701.0,40.0
10.18730/PG53~,G50038,FULL,Phaseolus,vulgaris,Phaseolus vulgaris,200,19860901,PER,SAN LUIS DE LUCMA - CUTERVO - CAJAMARCA,-6.25,-78.52,1850.0,19860901.0,60.0
10.18730/JWHB4,G50020,FULL,Phaseolus,vulgaris,Phaseolus vulgaris,300,19860901,PER,"BAMBAMARCA, ANTIGUA HDA DE CHALA - HUALGAYOC - CAJAMARCA",-6.68,-78.51,2590.0,19860901.0,20.0
10.18730/PE8WY,G4759,FULL,Phaseolus,vulgaris,Phaseolus vulgaris,300,19730101,PER,SANTA CRUZ - CUTERVO - CAJAMARCA,-6.62,-78.95,,19730101.0,40.0
10.18730/JH25M,G4761,FULL,Phaseolus,vulgaris,Phaseolus vulgaris,300,19730101,PER,CAJAMARCA - CAJAMARCA - CAJAMARCA,-7.15,-78.48,2800.0,19730101.0,40.0
10.18730/JH2FY,G4754,FULL,Phaseolus,vulgaris,Phaseolus vulgaris,300,19730101,PER,FUNDO CONDECHACA - CHACHAPOYAS - AMAZONAS,-6.23,-77.86,1710.0,19730101.0,40.0
10.18730/JH2H*,G4756,FULL,Phaseolus,vulgaris,Phaseolus vulgaris,300,19730101,PER,RODRÍGUEZ DE MENDOZA - RODRIGUEZ DE MENDOZA - AMAZONAS,-6.33,-77.42,,19730101.0,40.0
10.18730/JH2CV,G4750,FULL,Phaseolus,vulgaris,Phaseolus vulgaris,300,19730101,PER,"HUANTA, HACIENDA LARPAMPA - HUANTA - AYACUCHO",-12.94,-74.26,,19730101.0,40.0
10.18730/K3H3Q,G4735,FULL,Phaseolus,vulgaris,Phaseolus vulgaris,300,19730101,PER,PIURA - PIURA - PIURA,-5.2,-80.63,,19730101.0,40.0
10.18730/JH3BN,G4722,FULL,Phaseolus,vulgaris,Phaseolus vulgaris,300,19730101,PER,"JUANJUI, ALTO HUALLAGA - MARISCAL CACERES - SAN MARTIN",-7.19,-76.75,350.0,19730101.0,40.0
10.18730/JH2Z9,G4725,FULL,Phaseolus,vulgaris,Phaseolus vulgaris,300,19730101,PER,RUMISAPA - LAMAS - SAN MARTIN,-6.47,-76.54,,19730101.0,40.0
10.18730/JV09S,G3947,FULL,Phaseolus,vulgaris,Phaseolus vulgaris,300,19720601,PER,TINGO MARIA - LEONCIO PRADO - HUANUCO,-9.3,-76.01,,19720601.0,40.0
10.18730/K1ATZ,G2721,FULL,Phaseolus,vulgaris,Phaseolus vulgaris,300,19700901,PER,SANDIA - SANDIA - PUNO,-14.29,-69.44,2100.0,19700901.0,40.0
10.18730/K1ASY,G2720,FULL,Phaseolus,vulgaris,Phaseolus vulgaris,300,19700901,PER,GENERAL SANCHEZ CERRO - GENERAL SANCHEZ CERRO - MOQUEGUA,-16.5,-70.67,,19700901.0,40.0
10.18730/K19V0,G2688,FULL,Phaseolus,vulgaris,Phaseolus vulgaris,300,19700901,PER,E.E. RUPA RUPA - LEONCIO PRADO - HUANUCO,-9.28,-76.01,,19700901.0,40.0
10.18730/JVDC0,G24998,FULL,Phaseolus,vulgaris,Phaseolus vulgaris,300,19850801,PER,"SOROCHUCO, PAUCAPAMPA - CELENDIN - CAJAMARCA",-6.91,-78.25,2540.0,19850801.0,20.0
10.18730/PHNKZ,G24889,FULL,Phaseolus,vulgaris,Phaseolus vulgaris,300,19910401,PER,TAYAPAMBA-CACHACHI - CAJABAMBA - CAJAMARCA,-7.45,-78.28,,19910401.0,20.0
10.18730/PHP29,G24871,FULL,Phaseolus,vulgaris,Phaseolus vulgaris,300,19910401,PER,HUACRACHUCO - MARAÑON - HUANUCO,-8.65,-77.08,,19910401.0,20.0
10.18730/S2EFF,G24565D,,Phaseolus,vulgaris,Phaseolus vulgaris,300,19700901,PER,MOROCOCHA - TARMA - JUNIN,-11.62,-76.15,,,
10.18730/PHSSH,G23874,FULL,Phaseolus,vulgaris,Phaseolus vulgaris,300,19880601,PER,"CHINCHAYPUQUIO, EN CCONKAHUAYLLA - ANTA - CUZCO",-13.64,-72.22,2880.0,19880601.0,20.0
10.18730/S4AMG,G23812Q,FULL,Phaseolus,vulgaris,Phaseolus vulgaris,200,19870528,PER,"OCOBAMBA, HUMACA - ANDAHUAYLAS - APURIMAC",-13.55,-73.47,2760.0,19870528.0,60.0
10.18730/JX0JA,G23780,FULL,Phaseolus,vulgaris,Phaseolus vulgaris,300,19870528,PER,"TALAVERA, ARANJUEZ - ANDAHUAYLAS - APURIMAC",-13.67,-73.42,2840.0,19870528.0,20.0
10.18730/S5W6B,G23766A,FULL,Phaseolus,vulgaris,Phaseolus vulgaris,300,19890501,PER,ARANCAY - HUAMALIES - HUANUCO,-9.18,-76.75,3060.0,19890501.0,40.0
10.18730/S3NRE,G23764A,FULL,Phaseolus,vulgaris,Phaseolus vulgaris,300,19890501,PER,PONTO - DOS DE MAYO - HUANUCO,-9.79,-76.67,3030.0,19890501.0,40.0
10.18730/PHSXN,G23761,FULL,Phaseolus,vulgaris,Phaseolus vulgaris,300,19890501,PER,BALSAPATA - BONGARA - AMAZONAS,-5.8,-77.84,2200.0,19890501.0,40.0
10.18730/PHSVK,G23763,FULL,Phaseolus,vulgaris,Phaseolus vulgaris,300,19890501,PER,PACHAS - DOS DE MAYO - HUANUCO,-9.72,-76.77,3300.0,19890501.0,40.0
10.18730/PHT8*,G23749,FULL,Phaseolus,vulgaris,Phaseolus vulgaris,300,19890501,PER,"CAJABAMBA, CHANSHAPAMBA - CAJABAMBA - CAJAMARCA",-7.67,-78.06,2700.0,19890501.0,40.0
10.18730/PHTRB,G23730,FULL,Phaseolus,vulgaris,Phaseolus vulgaris,300,19840701,PER,CAJABAMBA - CAJABAMBA - CAJAMARCA,-7.63,-78.05,,19840701.0,40.0
10.18730/PHTVE,G23727,FULL,Phaseolus,vulgaris,Phaseolus vulgaris,300,19830101,PER,BUENA VISTA - PATAZ - LA LIBERTAD,-8.35,-77.2,,19830101.0,20.0
10.18730/PHTTD,G23728,FULL,Phaseolus,vulgaris,Phaseolus vulgaris,300,19830101,PER,CHILLIA - PATAZ - LA LIBERTAD,-8.11,-77.5,,19830101.0,20.0
10.18730/S4WG~,G23722A,FULL,Phaseolus,vulgaris,Phaseolus vulgaris,300,19830101,PER,VAQUERIA - SANCHEZ CARRION - LA LIBERTAD,-7.75,-77.97,,19830101.0,20.0
10.18730/PHTYH,G23719,FULL,Phaseolus,vulgaris,Phaseolus vulgaris,300,19830101,PER,CERRO PALLAR ALTO - CERRO PALLAR ALTO - LA LIBERTAD,-7.77,-77.9,,19830101.0,20.0
10.18730/PHVAX,G23703,FULL,Phaseolus,vulgaris,Phaseolus vulgaris,300,19890501,PER,CARHUATAC - TARMA - JUNIN,-11.44,-75.7,3300.0,19890501.0,40.0
10.18730/S3NQD,G23701B,FULL,Phaseolus,vulgaris,Phaseolus vulgaris,300,19890501,PER,PILLAO - HUANUCO - HUANUCO,-9.67,-75.97,2500.0,19890501.0,40.0
10.18730/PHVBY,G23702,FULL,Phaseolus,vulgaris,Phaseolus vulgaris,300,19890501,PER,HUARICOLCA - TARMA - JUNIN,-11.5,-75.65,3300.0,19890501.0,40.0
10.18730/PHW6M,G23611,FULL,Phaseolus,vulgaris,Phaseolus vulgaris,300,19880601,PER,"OLLANTAYTAMBO, EN RUMINA - URUBAMBA - CUZCO",-13.25,-72.27,2770.0,19880601.0,20.0
10.18730/PHW7N,G23610,FULL,Phaseolus,vulgaris,Phaseolus vulgaris,300,19880601,PER,"YUCAY, EN HUAYACORI - URUBAMBA - CUZCO",-13.32,-72.11,2800.0,19880601.0,20.0
10.18730/PHWDV,G23586,FULL,Phaseolus,vulgaris,Phaseolus vulgaris,120,19890815,PER,"TOCMOCHE, EN FILA DE CASHUPE - CHOTA - CAJAMARCA",-6.35,-79.4,930.0,19890815.0,20.0
10.18730/PHWFX,G23577,FULL,Phaseolus,vulgaris,Phaseolus vulgaris,120,19880601,PER,MOLLEPATA EN HUAMANPATA - ANTA - CUZCO,-13.53,-72.52,2740.0,19880601.0,20.0
10.18730/PG7R7,G23573,FULL,Phaseolus,vulgaris,Phaseolus vulgaris,120,19880601,PER,COLCHA EN CANCAYPATA - PARURO - CUZCO,-13.8,-71.85,2940.0,19880601.0,20.0
10.18730/S1E6J,G23490G,FULL,Phaseolus,vulgaris,Phaseolus vulgaris,120,19880601,PER,LIMATAMBO EN CHALLABAMBA - ANTA - CUZCO,-13.47,-72.38,2840.0,19880601.0,20.0
10.18730/S1E7K,G23459A,FULL,Phaseolus,vulgaris,Phaseolus vulgaris,100,19880601,PER,17 KM NW DE MOLLEPATA EN HALLANCHOQUE - ANTA - CUZCO,-13.5,-72.65,2370.0,19880601.0,10.0
10.18730/JXF6$,G23458,FULL,Phaseolus,vulgaris,Phaseolus vulgaris,100,19880601,PER,"2 KM SSW DE COLCHA, EN ACCOPAMPA - PARURO - CUZCO",-13.82,-71.85,2780.0,19880601.0,10.0
10.18730/JXF3Z,G23455,FULL,Phaseolus,vulgaris,Phaseolus vulgaris,100,19880601,PER,"14 KM SW DE LIMATAMBO, MOLLEPATA - ANTA - CUZCO",-13.5,-72.48,2080.0,19880601.0,10.0
10.18730/S5TK$,G23454C,FULL,Phaseolus,vulgaris,Phaseolus vulgaris,200,19880601,PER,"2-3 KM SWW DE LIMATAMBO, LIMATAMBO - ANTA - CUZCO",-13.47,-72.42,2460.0,19880601.0,60.0
10.18730/S4CG2,G23453A,FULL,Phaseolus,vulgaris,Phaseolus vulgaris,200,19880601,PER,LIMATAMBO EN TARAHUASI-FLORIDA - ANTA - CUZCO,-13.47,-72.4,2600.0,19880601.0,60.0
10.18730/PHX4D,G23448,FULL,Phaseolus,vulgaris,Phaseolus vulgaris,200,19880601,PER,"0.5 KM N DE TARAY, P'ISAQ - CALCA - CUZCO",-13.43,-71.87,2850.0,19880601.0,60.0
10.18730/PHX3C,G23449,FULL,Phaseolus,vulgaris,Phaseolus vulgaris,200,19880601,PER,"2 KM SEE DE PACHAR, OLLANTAYTAMBO - URUBAMBA - CUZCO",-13.28,-72.22,2760.0,19880601.0,60.0
10.18730/S2519,G23427C,FULL,Phaseolus,vulgaris,Phaseolus vulgaris,200,19870528,PER,"ABANCAY, CCARCCATERA - ABANCAY - APURIMAC",-13.62,-72.87,2580.0,19870528.0,60.0
10.18730/PHX6F,G23428,FULL,Phaseolus,vulgaris,Phaseolus vulgaris,200,19870528,PER,OLLANTAYTAMBO PISCACCUCHU - URUBAMBA - CUZCO,-13.23,-72.33,2780.0,19870528.0,60.0
10.18730/S3K77,G23426C,FULL,Phaseolus,vulgaris,Phaseolus vulgaris,120,19870528,PER,"KISHUARA, RUINAS HACIENDA PINCOS - ANDAHUAYLAS - APURIMAC",-13.62,-73.2,2440.0,19870528.0,10.0
10.18730/S50SP,G23424A,FULL,Phaseolus,vulgaris,Phaseolus vulgaris,100,19870528,PER,2 KM SW DE ABANCAY - ABANCAY - APURIMAC,-13.65,-72.9,2340.0,19870528.0,10.0
10.18730/S23JU,G23423B,FULL,Phaseolus,vulgaris,Phaseolus vulgaris,100,19870528,PER,CIRCA ENVIRONS DE YACA - ABANCAY - APURIMAC,-13.85,-72.97,2050.0,19870528.0,10.0
10.18730/JX0A2,G23422,FULL,Phaseolus,vulgaris,Phaseolus vulgaris,100,19870528,PER,"16 KM SW DE SANTA ROSA, TORAYA - AYMARAES - APURIMAC",-14.0,-73.17,2560.0,19870528.0,10.0
10.18730/S50RN,G23421E,FULL,Phaseolus,vulgaris,Phaseolus vulgaris,200,19870528,PER,PARIAHUANCA ENVIRONS DE LAMPA - HUANCAYO - JUNIN,-12.02,-74.88,2650.0,19870528.0,60.0
10.18730/S1BPC,G23419A,FULL,Phaseolus,vulgaris,Phaseolus vulgaris,100,19870528,PER,18 KM NE DE PALCA - TARMA - JUNIN,-11.23,-75.53,2110.0,19870528.0,10.0
10.18730/JX06=,G23420,FULL,Phaseolus,vulgaris,Phaseolus vulgaris,100,19870528,PER,25 KM NE DE PALCA - TARMA - JUNIN,-11.2,-75.48,1770.0,19870528.0,10.0
10.18730/S18JQ,G23413A,FULL,Phaseolus,vulgaris,Phaseolus vulgaris,300,19830301,PER,HUALLAGA - HUALLAGA - SAN MARTIN,-6.92,-76.77,,19830301.0,40.0
10.18730/JWHG9,G22302,FULL,Phaseolus,vulgaris,Phaseolus vulgaris,300,19860901,PER,"PACCHA, MATIBAMBA - CHOTA - CAJAMARCA",-6.5,-78.45,1840.0,19860901.0,20.0
10.18730/JWH81,G22298,FULL,Phaseolus,vulgaris,Phaseolus vulgaris,300,19860901,PER,"TACABAMBA, LA LEGUA - CHOTA - CAJAMARCA",-6.39,-78.62,2130.0,19860901.0,20.0
10.18730/JWGYW,G22278,FULL,Phaseolus,vulgaris,Phaseolus vulgaris,300,19860901,PER,"MARISCAL BENAVIDES, CASERÍO SAN ANTONIO - RODRIGUEZ DE MENDOZA - AMAZONAS",-6.38,-77.52,1800.0,19860901.0,20.0
10.18730/JVS79,G22147,FULL,Phaseolus,vulgaris,Phaseolus vulgaris,300,19860101,PER,HUANCAYO - HUANCAYO - JUNIN,-12.07,-75.24,,19860101.0,20.0
10.18730/S1B2X,G21245A,FULL,Phaseolus,vulgaris,Phaseolus vulgaris,100,19860901,PER,6.5 KM NW DE LA CONGA - SAN MIGUEL - CAJAMARCA,-7.12,-78.78,1790.0,19860901.0,10.0
10.18730/JVF9R,G19881,FULL,Phaseolus,vulgaris,Phaseolus vulgaris,300,19850801,PER,"DAGUAS, TEJAPATA - CHACHAPOYAS - AMAZONAS",-6.22,-77.8,1910.0,19850801.0,20.0
10.18730/JVF5M,G19877,FULL,Phaseolus,vulgaris,Phaseolus vulgaris,300,19850801,PER,"HUASMIN, CASERÍO DE MALCATE - CELENDIN - CAJAMARCA",-6.86,-78.21,2790.0,19850801.0,20.0
10.18730/JVF6N,G19878,FULL,Phaseolus,vulgaris,Phaseolus vulgaris,300,19850801,PER,"MOLINOPAMPA, ESPADILLA Y MOLINOPAMPA - CHACHAPOYAS - AMAZONAS",-6.22,-77.67,2400.0,19850801.0,20.0
10.18730/PEZ97,G19876,FULL,Phaseolus,vulgaris,Phaseolus vulgaris,300,19850801,PER,"DAGUAS, CHAYPIACO - CHACHAPOYAS - AMAZONAS",-6.27,-77.75,1860.0,19850801.0,20.0
10.18730/JVF3J,G19871,FULL,Phaseolus,vulgaris,Phaseolus vulgaris,300,19850801,PER,"CAUDAY, MATIBAMBA - CAJABAMBA - CAJAMARCA",-7.58,-78.1,2310.0,19850801.0,20.0
10.18730/JVEYD,G19865,FULL,Phaseolus,vulgaris,Phaseolus vulgaris,300,19850801,PER,"ICHOCAN, ICHOCAN - CAJABAMBA - CAJAMARCA",-7.36,-78.13,2500.0,19850801.0,20.0
10.18730/PEZ64,G19863,FULL,Phaseolus,vulgaris,Phaseolus vulgaris,300,19850801,PER,"MENDOZA, CASERÍO CHALA - RODRIGUEZ DE MENDOZA - AMAZONAS",-6.3,-77.42,1620.0,19850801.0,20.0
10.18730/S5NQT,G19855C,FULL,Phaseolus,vulgaris,Phaseolus vulgaris,300,19850801,PER,"DAGUAS, ESPADILLA - CHACHAPOYAS - AMAZONAS",-6.23,-77.74,2380.0,19850801.0,20.0
10.18730/JVFEX,G19817,FULL,Phaseolus,vulgaris,Phaseolus vulgaris,300,19850801,PER,"LA ENCANADA, LA ENCANADA - CAJAMARCA - CAJAMARCA",-7.09,-78.34,3080.0,19850801.0,20.0
10.18730/PEYTX,G19799,FULL,Phaseolus,vulgaris,Phaseolus vulgaris,300,19850801,PER,"TERESA CONGA Y HUASMIN, MOLINOPAMPA - CELENDIN - CAJAMARCA",-6.88,-78.13,2710.0,19850801.0,20.0
10.18730/JVC2*,G19762,FULL,Phaseolus,vulgaris,Phaseolus vulgaris,300,19850801,PER,"CONDORMARCA, SANTA TERESA - CAJAMARCA - CAJAMARCA",-7.28,-78.24,2750.0,19850801.0,20.0
10.18730/JVBA8,G19733,FULL,Phaseolus,vulgaris,Phaseolus vulgaris,300,19850801,PER,"CAJABAMBA, MATIBAMBA - CAJABAMBA - CAJAMARCA",-7.58,-77.94,2310.0,19850801.0,20.0
10.18730/PJSX9,G19727,FULL,Phaseolus,vulgaris,Phaseolus vulgaris,300,19850801,PER,"CAJABAMBA, MACHACUAY - CAJABAMBA - CAJAMARCA",-7.65,-78.05,2590.0,19850801.0,20.0
10.18730/PJSZB,G19720,FULL,Phaseolus,vulgaris,Phaseolus vulgaris,300,19850801,PER,"LLUCCHUBAMBA, QUEBRADA HONDA - CAJABAMBA - CAJAMARCA",-7.51,-78.0,2600.0,19850801.0,20.0
10.18730/JVASW,G19714,FULL,Phaseolus,vulgaris,Phaseolus vulgaris,300,19850801,PER,"LLUCCHUBAMBA, TUCURI Y DAGUAS, PIPUS - CAJABAMBA Y CHACHAPOYAS - CAJAMARCA",-7.52,-77.96,2530.0,19850801.0,20.0
10.18730/JVAKP,G19706,FULL,Phaseolus,vulgaris,Phaseolus vulgaris,300,19850801,PER,"PAMPA CHICA Y COLPA-DAGUAS, TEJAPAMPA - MAGDALENA - CAJAMARCA",-7.23,-78.62,2530.0,19850801.0,20.0
10.18730/JVACF,G19699,FULL,Phaseolus,vulgaris,Phaseolus vulgaris,300,19850801,PER,"SOROCHUCO, CHACATO, SUROPATA Y SOROCHUC - CELENDIN - CAJAMARCA",-6.9,-78.23,2650.0,19850801.0,20.0
10.18730/S3FM3,G19691A,FULL,Phaseolus,vulgaris,Phaseolus vulgaris,300,19850801,PER,"CAJABAMBA, MATIBAMBA Y SOROCHUCO - CAJABAMBA Y CELENDIN - CAJAMARCA",-7.62,-77.94,2530.0,19850801.0,20.0
10.18730/JV9X0,G19683,FULL,Phaseolus,vulgaris,Phaseolus vulgaris,300,19850801,PER,"CAJABAMBA, MACHACUAY Y MATIBAMBA - CAJABAMBA - CAJAMARCA",-7.35,-77.94,2530.0,19850801.0,20.0
10.18730/JV9S~,G19682,FULL,Phaseolus,vulgaris,Phaseolus vulgaris,300,19850801,PER,"CAJABAMBA, TUCURI, MACHUCARA Y TERESA CONGA - CAJABAMBA Y CELENDIN - CAJAMARCA",-7.61,-78.03,2530.0,19850801.0,20.0
10.18730/JV590,G19501,FULL,Phaseolus,vulgaris,Phaseolus vulgaris,300,19850801,PER,"LLAPA Y PAUCAPAMPA (SOROCHUCO), CELEDIN - SAN MIGUEL - CAJAMARCA",-6.98,-78.8,2820.0,19850801.0,20.0
10.18730/JV495,G19475,FULL,Phaseolus,vulgaris,Phaseolus vulgaris,300,19850801,PER,MIRAFLORES - SAN MIGUEL - CAJAMARCA,-7.12,-78.95,2240.0,19850801.0,20.0
10.18730/JV41$,G19470,FULL,Phaseolus,vulgaris,Phaseolus vulgaris,300,19850801,PER,SUCSE-CUTERVO - CUTERVO - CAJAMARCA,-6.36,-78.72,1850.0,19850801.0,20.0
10.18730/S3F6T,G19467A,FULL,Phaseolus,vulgaris,Phaseolus vulgaris,300,19850801,PER,"SUCSE-CUTERVO Y SAN ANTONIO, HUALGAYOC - CUTERVO - CAJAMARCA",-6.41,-78.45,1850.0,19850801.0,20.0
10.18730/JV3PQ,G19450,FULL,Phaseolus,vulgaris,Phaseolus vulgaris,300,19850801,PER,"CRUZ, PALO SOLO Y BANDA LLANDUMA - CUTERVO - CAJAMARCA",-6.45,-78.86,2200.0,19850801.0,20.0
10.18730/JV2KS,G19424,FULL,Phaseolus,vulgaris,Phaseolus vulgaris,300,19850801,PER,"CAJABAMBA, PAROBAMBA - CAJABAMBA - CAJAMARCA",-7.6,-78.05,2550.0,19850801.0,20.0
10.18730/JV1DR,G19392,FULL,Phaseolus,vulgaris,Phaseolus vulgaris,300,19850801,PER,LA SUCCHA-QA Y LLAPA - SAN MIGUEL - CAJAMARCA,-7.03,-78.9,2840.0,19850801.0,20.0
10.18730/JV24A,G19395,FULL,Phaseolus,vulgaris,Phaseolus vulgaris,300,19850801,PER,SAN MIGUEL - SAN MIGUEL - CAJAMARCA,-7.0,-78.86,2590.0,19850801.0,20.0
10.18730/JMJER,G19146,FULL,Phaseolus,vulgaris,Phaseolus vulgaris,300,19781001,PER,"CAJAMARCA, CERRILLO - CAJAMARCA - CAJAMARCA",-7.17,-78.52,,19781001.0,40.0
10.18730/JM97S,G18754,FULL,Phaseolus,vulgaris,Phaseolus vulgaris,300,19781001,PER,E.E. LA MOLINA - MORROPON - PIURA,-5.19,-79.99,,19781001.0,40.0
10.18730/PERWR,G18718,FULL,Phaseolus,vulgaris,Phaseolus vulgaris,300,19781001,PER,"UCHIZA, NEAR THE HUALLAGA RIVER - MARISCAL CACERES - SAN MARTIN",-8.45,-76.46,,19781001.0,40.0
10.18730/JTJDS,G18308,FULL,Phaseolus,vulgaris,Phaseolus vulgaris,300,19831101,PER,CHICLAYO - CHICLAYO - LAMBAYEQUE,-6.73,-79.86,,19831101.0,40.0
10.18730/JHSJX,G16907,FULL,Phaseolus,vulgaris,Phaseolus vulgaris,300,19770630,PER,ACOBAMBA - ACOBAMBA - HUANCAVELICA,-12.87,-74.57,,19770630.0,20.0
10.18730/JSKP4,G16795,FULL,Phaseolus,vulgaris,Phaseolus vulgaris,300,19820201,PER,TRITA - LUYA - AMAZONAS,-6.17,-77.98,,19820201.0,20.0
10.18730/PEMW7,G16150,FULL,Phaseolus,vulgaris,Phaseolus vulgaris,300,19820201,PER,POLTOCCSA - ANDAHUAYLAS - APURIMAC,-13.65,-73.34,,19820201.0,20.0
10.18730/JSKE~,G16147,FULL,Phaseolus,vulgaris,Phaseolus vulgaris,300,19820201,PER,SANTO TOMAS - LUYA - AMAZONAS,-6.61,-77.81,,19820201.0,20.0
10.18730/JSKG=,G16148,FULL,Phaseolus,vulgaris,Phaseolus vulgaris,300,19820201,PER,CELENDIN - CELENDIN - CAJAMARCA,-6.88,-78.16,,19820201.0,20.0
10.18730/JSKAX,G16144,FULL,Phaseolus,vulgaris,Phaseolus vulgaris,300,19820201,PER,CHACHAPOYAS - CHACHAPOYAS - AMAZONAS,-6.25,-77.88,,19820201.0,20.0
10.18730/JSKF$,G16145,FULL,Phaseolus,vulgaris,Phaseolus vulgaris,300,19820201,PER,LUYA - LUYA - AMAZONAS,-6.18,-77.9,,19820201.0,20.0
10.18730/JSJYH,G16113,FULL,Phaseolus,vulgaris,Phaseolus vulgaris,300,19820201,PER,CONDEBAMBA - CAJABAMBA - CAJAMARCA,-7.58,-78.17,,19820201.0,20.0
10.18730/PEMN0,G16110,FULL,Phaseolus,vulgaris,Phaseolus vulgaris,300,19820201,PER,"CONDEBAMBA, OGOSGON-PAUCAMONTE - CAJABAMBA - CAJAMARCA",-7.56,-78.08,,19820201.0,20.0
10.18730/S171B,G16104G,FULL,Phaseolus,vulgaris,Phaseolus vulgaris,300,19820201,PER,ABANCAY - ABANCAY - APURIMAC,-13.62,-72.89,,19820201.0,20.0
10.18730/S2FYS,G12858H,FULL,Phaseolus,vulgaris,Phaseolus vulgaris,100,19780201,PER,"25 MI E TARMA, ALONG WATER COURSE-DRY ROCKY HILLSIDE - TARMA - JUNIN",-11.22,-75.48,,19780201.0,40.0
10.18730/S652U,G12856B,FULL,Phaseolus,vulgaris,Phaseolus vulgaris,200,19780201,PER,"ROADSIDE, BOTH SIDES OF SAN RAFAEL VILLAGE - SAN RAFAEL - HUANUCO",-10.33,-76.18,,19780201.0,40.0
10.18730/PMEKY,G12676,FULL,Phaseolus,vulgaris,Phaseolus vulgaris,300,19781201,PER,"COCACHACRA, FUNDO TAMBO - ISLAY - AREQUIPA",-17.1,-71.77,92.0,19781201.0,40.0
10.18730/JP0PR,G12674,FULL,Phaseolus,vulgaris,Phaseolus vulgaris,300,19781201,PER,"SAN ISIDRO DE VISAG, HUANUCO - HUANUCO - HUANUCO",-9.83,-76.28,,19781201.0,40.0
10.18730/JRWTC,G12640,FULL,Phaseolus,vulgaris,Phaseolus vulgaris,300,19790101,PER,CALLEJON DE HUAYLAS - CARHUAZ - ANCASH,-9.29,-77.65,2700.0,19790101.0,20.0
10.18730/JHGR6,G12184,FULL,Phaseolus,vulgaris,Phaseolus vulgaris,300,19761201,PER,OCROS - CANGALLO - AYACUCHO,-13.39,-73.91,,19761201.0,40.0
10.18730/JHHW5,G12176,FULL,Phaseolus,vulgaris,Phaseolus vulgaris,300,19761201,PER,MOYOBAMBA - MOYOBAMBA - SAN MARTIN,-6.06,-76.98,,19761201.0,40.0
10.18730/JHRDX,G12072,FULL,Phaseolus,vulgaris,Phaseolus vulgaris,300,19770630,PER,TAMBO - LA MAR - AYACUCHO,-12.95,-74.02,,19770630.0,20.0
10.18730/JHR4M,G12068,FULL,Phaseolus,vulgaris,Phaseolus vulgaris,300,19770630,PER,SAN MIGUEL - LA MAR - AYACUCHO,-13.02,-73.97,,19770630.0,20.0
10.18730/JHGZD,G12064,FULL,Phaseolus,vulgaris,Phaseolus vulgaris,300,19761201,PER,HUAMANGUILLA - HUANTA - AYACUCHO,-13.0,-74.17,,19761201.0,40.0
10.18730/JHG4Q,G12032,FULL,Phaseolus,vulgaris,Phaseolus vulgaris,300,19760301,PER,ANDAHUAYLAS - ANDAHUAYLAS - APURIMAC,-13.65,-73.39,,19760301.0,40.0
10.18730/S3C53,G11812A,FULL,Phaseolus,vulgaris,Phaseolus vulgaris,300,19791201,PER,TARAPOTO - SAN MARTIN - SAN MARTIN,-6.5,-76.42,,19791201.0,20.0
10.18730/S3C0=,G11776G,FULL,Phaseolus,vulgaris,Phaseolus vulgaris,300,19791201,PER,CHOTA - CHOTA - CAJAMARCA,-6.55,-78.65,2330.0,19791201.0,20.0
10.18730/JQJJX,G11775,FULL,Phaseolus,vulgaris,Phaseolus vulgaris,300,19791201,PER,YANAYACU - CAJABAMBA - CAJAMARCA,-7.46,-77.89,,19791201.0,20.0
10.18730/JQJFT,G11772,FULL,Phaseolus,vulgaris,Phaseolus vulgaris,300,19791201,PER,CHINCHIN - CONTUMAZA - CAJAMARCA,-7.38,-78.69,,19791201.0,20.0
10.18730/JQJDR,G11770,FULL,Phaseolus,vulgaris,Phaseolus vulgaris,300,19791201,PER,CHICLAYO - CHICLAYO - LAMBAYEQUE,-6.77,-79.85,,19791201.0,30.0
10.18730/JQJCQ,G11766,FULL,Phaseolus,vulgaris,Phaseolus vulgaris,300,19791201,PER,HUAMBOS - CHOTA - CAJAMARCA,-6.47,-78.97,,19791201.0,20.0
10.18730/JQJBP,G11765,FULL,Phaseolus,vulgaris,Phaseolus vulgaris,300,19791201,PER,IRACA GRANDE - CHOTA - CAJAMARCA,-6.58,-78.67,,19791201.0,20.0
10.18730/JQJ9M,G11763,FULL,Phaseolus,vulgaris,Phaseolus vulgaris,300,19791201,PER,SUCCHUBAMBA - CHOTA - CAJAMARCA,-7.51,-78.52,,19791201.0,20.0
10.18730/JQJ0B,G11755,FULL,Phaseolus,vulgaris,Phaseolus vulgaris,300,19791201,PER,SATIPO - SATIPO - JUNIN,-11.27,-74.62,,19791201.0,20.0
10.18730/JQHS4,G11743,FULL,Phaseolus,vulgaris,Phaseolus vulgaris,300,19791201,PER,PASLA BAJA - HUANCAYO - JUNIN,-11.84,-74.77,,19791201.0,20.0
10.18730/JQHV6,G11746,FULL,Phaseolus,vulgaris,Phaseolus vulgaris,300,19791201,PER,"PARIAHUANCA, HUANCAMAYO - HUANCAYO - JUNIN",-11.98,-74.94,,19791201.0,20.0
10.18730/JQHCW,G11728,FULL,Phaseolus,vulgaris,Phaseolus vulgaris,300,19791201,PER,"SAN LUIS DE SHUARO, ANCAPAHUACHANAN - JUNIN - JUNIN",-10.89,-75.29,,19791201.0,20.0
10.18730/S2MEN,G11723Q,FULL,Phaseolus,vulgaris,Phaseolus vulgaris,300,19791201,PER,YUNGAY - YUNGAY - JUNIN,-9.15,-77.75,,19791201.0,20.0
10.18730/JQH3K,G11720,FULL,Phaseolus,vulgaris,Phaseolus vulgaris,300,19791201,PER,"SANTO DOMINGO DE ACOBAMBA, ASTILLERIA - HUANCAYO - JUNIN",-11.87,-74.72,,19791201.0,20.0
10.18730/JQ2DY,G11584,FULL,Phaseolus,vulgaris,Phaseolus vulgaris,300,19790601,PER,LIMA - LIMA,12.11,-76.95,,19790601.0,40.0
10.18730/JQ2BW,G11582,FULL,Phaseolus,vulgaris,Phaseolus vulgaris,300,19790601,PER,IMPERIAL - CAÑETE - LIMA,-13.03,-76.39,,19790601.0,40.0
10.18730/JQ28S,G11577,FULL,Phaseolus,vulgaris,Phaseolus vulgaris,300,19790601,PER,IQUITOS - MAYNAS - LORETO,-3.77,-73.25,,19790601.0,40.0
10.18730/S4SWQ,G11575D,FULL,Phaseolus,vulgaris,Phaseolus vulgaris,300,19790601,PER,YURIMAGUAS - ALTO AMAZONAS - LORETO,-5.9,-76.09,,19790601.0,40.0
10.18730/K33Y9,G9542,FULL,Phaseolus,vulgaris,Phaseolus vulgaris,300,19760701,COL,MEDELLIN - ANTIOQUIA,6.3,-75.6,,19760701.0,40.0
10.18730/K32N5,G9452,FULL,Phaseolus,vulgaris,Phaseolus vulgaris,300,19760701,COL,"VOLECCION DE FRIJOLES DE ""LA PICOTA"" - BOGOTA - CUNDINAMARCA",4.55,-74.12,,19760701.0,40.0
10.18730/JZWGX,G941,FULL,Phaseolus,vulgaris,Phaseolus vulgaris,300,19700901,COL,PALMIRA - VALLE DEL CAUCA,3.55,-76.28,,19700901.0,40.0
10.18730/K2H83,G8204,FULL,Phaseolus,vulgaris,Phaseolus vulgaris,300,19760301,COL,"EL PLACER, VEREDA LAS GUACAS - POPAYAN - CAUCA",2.43,-76.52,,19760301.0,40.0
10.18730/K2H72,G8202,FULL,Phaseolus,vulgaris,Phaseolus vulgaris,300,19760701,COL,BITACO - LA CUMBRE - VALLE DEL CAUCA,3.61,-76.6,1500.0,19760701.0,40.0
10.18730/S63CK,G8199K,FULL,Phaseolus,vulgaris,Phaseolus vulgaris,300,19760701,COL,"PAMPLONA, FINCA AGUA CLARA - PAMPLONA - NORTE DE SANTANDER",7.39,-72.65,2100.0,19760701.0,40.0
10.18730/K2H50,G8198,FULL,Phaseolus,vulgaris,Phaseolus vulgaris,300,19760701,COL,"PUERTO LEGUIZAMO, VEREDA PUERTO RICO, FINCA PUERTO RICO - PUERTO LEGUIZAMO - PUTUMAYO",-0.1,-75.04,500.0,19760701.0,40.0
10.18730/K2H1~,G8194,FULL,Phaseolus,vulgaris,Phaseolus vulgaris,300,19760701,COL,"PIEDRANCHA, FINCA COATAQUER - PIEDRANCHA - NARIÑO",1.14,-77.86,1500.0,19760701.0,40.0
10.18730/K2H2$,G8195,FULL,Phaseolus,vulgaris,Phaseolus vulgaris,300,19760701,COL,"SANDONA, FINCA EL TAMBILLO - SANDONA - NARIÑO",1.29,-77.48,1858.0,19760701.0,40.0
10.18730/K2GZZ,G8192,FULL,Phaseolus,vulgaris,Phaseolus vulgaris,300,19760701,COL,"ALGECIRAS, VEREDA QUEBRADON, FINCA LA ILUSIÓN - ALGECIRAS - HUILA",2.47,-75.33,1400.0,19760701.0,40.0
10.18730/K2GTT,G8187,FULL,Phaseolus,vulgaris,Phaseolus vulgaris,300,19760701,COL,"GUATAVITA, VEREDA CHALELE, FINCA EL CARCAMO - GUATAVITA - CUNDINAMARCA",4.96,-73.8,2600.0,19760701.0,40.0
10.18730/K2GVV,G8188,FULL,Phaseolus,vulgaris,Phaseolus vulgaris,300,19760701,COL,"CHÍA, VEREDA FONQUETA, FINCA EL PEÑÓN - CHIA - CUNDINAMARCA",2.87,-75.07,2574.0,19760701.0,40.0
10.18730/K2GQQ,G8184,FULL,Phaseolus,vulgaris,Phaseolus vulgaris,300,19760701,COL,"TABIO, VEREDA CENTRO, FINCA EL RHIN - TABIO - CUNDINAMARCA",4.93,-74.11,2645.0,19760701.0,40.0
10.18730/K2GSS,G8186,FULL,Phaseolus,vulgaris,Phaseolus vulgaris,300,19760701,COL,"FOSCA, VEREDA CENTRO, FINCA MALPASO - FOSCA - CUNDINAMARCA",4.35,-73.94,2110.0,19760701.0,40.0
10.18730/K2GPP,G8182,FULL,Phaseolus,vulgaris,Phaseolus vulgaris,300,19760701,COL,"FUSAGASUGA, VEREDA UZAMA, ESCUELA AGRÍCOLA PADRES SALESIANOS - FUSAGASUGA - CUNDINAMARCA",4.36,-74.37,1400.0,19760701.0,40.0
10.18730/K2GNN,G8181,FULL,Phaseolus,vulgaris,Phaseolus vulgaris,300,19760701,COL,"VENECIA, VEREDA APOSENTOS - VENECIA - CUNDINAMARCA",4.03,-74.52,1550.0,19760701.0,40.0
10.18730/K2GJJ,G8178,FULL,Phaseolus,vulgaris,Phaseolus vulgaris,300,19760701,COL,SILVANIA - SILVANIA - CUNDINAMARCA,4.4,-74.4,1500.0,19760701.0,40.0
10.18730/K2GFF,G8174,FULL,Phaseolus,vulgaris,Phaseolus vulgaris,300,19760701,COL,"MORALES, VEREDA CHIMBRAJO - MORALES - CAUCA",2.77,-76.75,1600.0,19760701.0,40.0
10.18730/K2GHH,G8177,FULL,Phaseolus,vulgaris,Phaseolus vulgaris,300,19760701,COL,"UBATE, VEREDA PALOGORDO, FINCA LA CONCEPCIÓN - UBATE - CUNDINAMARCA",5.32,-73.82,2600.0,19760701.0,40.0
10.18730/K2GGG,G8176,FULL,Phaseolus,vulgaris,Phaseolus vulgaris,300,19760701,COL,BOLIVAR - BOLIVAR - CAUCA,1.97,-76.97,1777.0,19760701.0,40.0
10.18730/JP0FH,G8170,FULL,Phaseolus,vulgaris,Phaseolus vulgaris,300,19781201,COL,"VILLA DE LEIVA, FINCA SAN VICENTE - VILLA DE LEIVA - BOYACA",5.64,-73.57,2140.0,19781201.0,40.0
10.18730/K2GDD,G8172,FULL,Phaseolus,vulgaris,Phaseolus vulgaris,300,19760701,COL,"VEREDA MURRAPAL, FINCA LOS FILOS - QUINCHIA - RISARALDA",5.33,-75.74,1300.0,19760701.0,40.0
10.18730/K2GEE,G8173,FULL,Phaseolus,vulgaris,Phaseolus vulgaris,300,19760701,COL,"TIMBIO, VEREDA SANTA MARÍA, FINCA SANTA MARÍA - TIMBIO - CAUCA",2.34,-76.71,1750.0,19760701.0,40.0
10.18730/K2G88,G8164,FULL,Phaseolus,vulgaris,Phaseolus vulgaris,300,19760701,COL,"CHIQUINQUIRA, TIERRA DE COLEGIO - CHIQUINQUIRA - BOYACA",5.62,-73.84,2200.0,19760701.0,40.0
10.18730/K2G99,G8165,FULL,Phaseolus,vulgaris,Phaseolus vulgaris,300,19760701,COL,"TOPAGA, VEREDA SAN JUAN NEPOMUCENO, FINCA EL PARAISO - TOPAGA - BOYACA",5.75,-72.84,2500.0,19760701.0,40.0
10.18730/K2GAA,G8167,FULL,Phaseolus,vulgaris,Phaseolus vulgaris,300,19760701,COL,MONGUA - MONGUA - BOYACA,5.75,-72.79,2700.0,19760701.0,40.0
10.18730/K2G55,G8160,FULL,Phaseolus,vulgaris,Phaseolus vulgaris,300,19760701,COL,CARMEN DE VIVORAL - CARMEN DE VIBORAL - ANTIOQUIA,6.09,-75.33,,19760701.0,40.0
10.18730/K2G66,G8161,FULL,Phaseolus,vulgaris,Phaseolus vulgaris,300,19760701,COL,"SOPETRÁN, GRANJA DEPARTAMENTAL - SOPETRAN - ANTIOQUIA",6.5,-75.77,,19760701.0,40.0
10.18730/K2G44,G8159,FULL,Phaseolus,vulgaris,Phaseolus vulgaris,300,19760701,COL,"BURITICA, FINCA LA CORDILLERA - BURITICA - ANTIOQUIA",6.69,-75.91,1500.0,19760701.0,40.0
10.18730/JHGCZ,G8156,FULL,Phaseolus,vulgaris,Phaseolus vulgaris,300,19760701,COL,"YARUMAL, VEREDA ESPIRITU SANTO - YARUMAL - ANTIOQUIA",6.89,-75.55,2300.0,19760701.0,40.0
10.18730/K2G00,G8153,FULL,Phaseolus,vulgaris,Phaseolus vulgaris,300,19760701,COL,BELLO - BELLO - ANTIOQUIA,6.32,-75.53,,19760701.0,40.0
10.18730/K2G11,G8154,FULL,Phaseolus,vulgaris,Phaseolus vulgaris,300,19760701,COL,"RIONEGRO, VEREDA LA MOSCA - RIONEGRO - ANTIOQUIA",6.19,-75.37,,19760701.0,40.0
10.18730/K2CP5,G7830,FULL,Phaseolus,vulgaris,Phaseolus vulgaris,300,19730301,COL,"CACOTA, FINCA LA AGUADA - CACOTA - NORTE DE SANTANDER",7.31,-72.72,2465.0,19730301.0,40.0
10.18730/K2AVM,G7765,FULL,Phaseolus,vulgaris,Phaseolus vulgaris,300,19730301,COL,"SANTA ROSA DE VITERBO, VEREDA PORTACHUELO, FINCA BARRO NEGRO - SANTA ROSA DE VITERBO - BOYACA",5.92,-72.98,3000.0,19730301.0,40.0
10.18730/JHPWH,G7442,FULL,Phaseolus,vulgaris,Phaseolus vulgaris,300,19770701,COL,CORREGIMIENTO MESOPOTAMIA - LA UNION - ANTIOQUIA,5.88,-75.32,,19770701.0,40.0
10.18730/K2931,G7435,FULL,Phaseolus,vulgaris,Phaseolus vulgaris,300,19760101,COL,"UBALÁ, VEREDA EL CARMELO, FINCA AGUAS CLARAS - UBALA - CUNDINAMARCA",4.78,-73.57,2000.0,19760101.0,40.0
10.18730/K28PS,G7386,FULL,Phaseolus,vulgaris,Phaseolus vulgaris,300,19760101,COL,"SUAZA, VEREDA TORIBIO, FINCA SAN IGNACIO - SUAZA - HUILA",1.97,-75.8,1340.0,19760101.0,40.0
10.18730/K28KP,G7377,FULL,Phaseolus,vulgaris,Phaseolus vulgaris,300,19760101,COL,"LA CRUZ, FINCA LA QUINTA - LA CRUZ - NARIÑO",1.6,-76.98,2167.0,19760101.0,40.0
10.18730/JFB60,G7320,FULL,Phaseolus,vulgaris,Phaseolus vulgaris,300,19760101,COL,MACHETA - MACHETA - CUNDINAMARCA,5.08,-73.62,2168.0,19760101.0,40.0
10.18730/JFEBV,G7314,FULL,Phaseolus,vulgaris,Phaseolus vulgaris,300,19760101,COL,"AGUADAS, VEREDA SAN ROQUE - AGUADAS - CALDAS",5.58,-75.57,,19760101.0,40.0
10.18730/S4KN9,G7313Y,FULL,Phaseolus,vulgaris,Phaseolus vulgaris,300,19760101,COL,"PACHO, VEREDA BERMEJAL - PACHO - CUNDINAMARCA",5.14,-74.17,1600.0,19760101.0,40.0
10.18730/JFEAT,G7312,FULL,Phaseolus,vulgaris,Phaseolus vulgaris,300,19760101,COL,"EL TABLON, FINCA EL CUCHO - EL TABLON - NARIÑO",1.0,-77.47,1800.0,19760101.0,40.0
10.18730/JFE8R,G7310,FULL,Phaseolus,vulgaris,Phaseolus vulgaris,300,19760101,COL,"SUTATENZA, FINCA SAN FRANCISCO - SUTATENZA - BOYACA",5.02,-73.44,1800.0,19760101.0,40.0
10.18730/JFFFT,G7257,FULL,Phaseolus,vulgaris,Phaseolus vulgaris,300,19760101,COL,SOATA - SOATA - BOYACA,6.33,-72.68,,19760101.0,40.0
10.18730/S62Y5,G7253C,FULL,Phaseolus,vulgaris,Phaseolus vulgaris,300,19760101,COL,"PAEZ, VEREDA MESA DE AVIRAMA - PAEZ - CAUCA",2.67,-76.01,1560.0,19760101.0,40.0
10.18730/S6SX0,G7253B,FULL,Phaseolus,vulgaris,Phaseolus vulgaris,300,19760101,COL,"PAEZ, VEREDA HIRAMA - PAEZ - CAUCA",2.67,-75.98,1560.0,19760101.0,40.0
10.18730/JP08A,G7251,FULL,Phaseolus,vulgaris,Phaseolus vulgaris,300,19781201,COL,SANTA ROSA DE OSOS - SANTA ROSA DE OSOS - ANTIOQUIA,6.66,-75.48,2660.0,19781201.0,40.0
10.18730/S1PAK,G7237A,FULL,Phaseolus,vulgaris,Phaseolus vulgaris,300,19760101,COL,"LA PLATA, VEREDA GALLEGO, FINCA CARARE - LA PLATA - HUILA",2.38,-76.03,1300.0,19760101.0,40.0
10.18730/JFFX3,G7236,FULL,Phaseolus,vulgaris,Phaseolus vulgaris,300,19760101,COL,RAQUIRA - RAQUIRA - BOYACA,5.53,-73.63,2100.0,19760101.0,40.0
10.18730/JFFQ$,G7229,FULL,Phaseolus,vulgaris,Phaseolus vulgaris,300,19760101,COL,"PIJAO, FINCA LA GRAN VÍA - PIJAO - CALDAS",4.37,-75.73,1500.0,19760101.0,40.0
10.18730/JFFSU,G7231,FULL,Phaseolus,vulgaris,Phaseolus vulgaris,300,19760101,COL,"VEREDA LAS LOMITAS, FINCA LAS LOMITAS - LA CEJA - ANTIOQUIA",6.02,-75.41,2180.0,19760101.0,40.0
10.18730/JFFR=,G7230,FULL,Phaseolus,vulgaris,Phaseolus vulgaris,300,19760101,COL,"VENECIA, VEREDA AGUA DULCE, FINCA LA PLACITA - VENECIA - CUNDINAMARCA",4.08,-74.48,1600.0,19760101.0,40.0
10.18730/JFQMW,G6921,FULL,Phaseolus,vulgaris,Phaseolus vulgaris,300,19730301,COL,"MARIPI, VEREDA EL CENTRO - MARIPI - BOYACA",5.55,-74.0,1900.0,19730301.0,40.0
10.18730/JFWE$,G6727,FULL,Phaseolus,vulgaris,Phaseolus vulgaris,300,19760301,COL,POPAYAN - CAUCA,2.46,-76.61,,19760301.0,40.0
10.18730/JG0BB,G6396,FULL,Phaseolus,vulgaris,Phaseolus vulgaris,300,19760301,COL,RESTREPO - RESTREPO - VALLE DEL CAUCA,3.81,-76.52,,19760301.0,40.0
10.18730/JGCR1,G5890,FULL,Phaseolus,vulgaris,Phaseolus vulgaris,300,19740910,COL,TUMACO - TUMACO - NARIÑO,1.82,-78.77,,19740910.0,40.0
10.18730/S6R8N,G51645C,FULL,Phaseolus,vulgaris,Phaseolus vulgaris,300,19950420,COL,3 KM N TIMBIO - TIMBIO - CAUCA,2.37,-76.67,1865.0,19950420.0,20.0
10.18730/K46NA,G51644,FULL,Phaseolus,vulgaris,Phaseolus vulgaris,300,19941011,COL,"VEREDA MUNCHIQUE, PARQUE NACIONA NATURAL DE MUNCHIQUE - EL TAMBO - CAUCA",2.47,-76.91,2300.0,19941011.0,20.0
10.18730/K46M9,G51643,FULL,Phaseolus,vulgaris,Phaseolus vulgaris,100,19930123,COL,"10 KM E MACHETÁ VÍA GUATEQUE, VEREDA BELÉN, QUEBRADA TOCOLA - TIBIRITA - CUNDINAMARCA",5.08,-73.55,1680.0,19930123.0,10.0
10.18730/K42R~,G51490,FULL,Phaseolus,vulgaris,Phaseolus vulgaris,300,19850801,COL,CHAGUARURCO - LA UNION - NARIÑO,1.59,-77.16,1820.0,19850801.0,20.0
10.18730/K42Q*,G51489,FULL,Phaseolus,vulgaris,Phaseolus vulgaris,300,19850801,COL,SAN MIGUEL - SANDONA - NARIÑO,1.29,-77.44,1660.0,19850801.0,20.0
10.18730/K42DP,G51479,FULL,Phaseolus,vulgaris,Phaseolus vulgaris,300,19820501,COL,EL TAMBO - NARIÑO,1.41,-77.39,,19820501.0,20.0
10.18730/K426F,G51467,FULL,Phaseolus,vulgaris,Phaseolus vulgaris,300,19770718,COL,"TIERRADENTRO, RESGUARDO DE SAN ANDRÉS DE PISIMBALÁ - INZA - CAUCA",2.59,-76.06,,19770718.0,20.0
10.18730/K422B,G51465,FULL,Phaseolus,vulgaris,Phaseolus vulgaris,300,19950112,COL,"15 KM SW MESOPOTAMIA, VEREDA QUEBRADA NEGRA, FINCA EL PEÑOL - ABEJORRAL - ANTIOQUIA",5.81,-75.42,2400.0,19950112.0,20.0
10.18730/K421A,G51464,FULL,Phaseolus,vulgaris,Phaseolus vulgaris,300,19850801,COL,"LA VICTORIA, SAN JORGE - IPIALES - NARIÑO",0.84,-77.62,2500.0,19850801.0,20.0
10.18730/K41Z8,G51462,FULL,Phaseolus,vulgaris,Phaseolus vulgaris,300,19940620,COL,PASTO - NARIÑO,1.18,-77.26,2700.0,19940620.0,40.0
10.18730/K41X6,G51460,FULL,Phaseolus,vulgaris,Phaseolus vulgaris,300,19940620,COL,FUNES - NARIÑO,1.0,-77.44,2200.0,19940620.0,40.0
10.18730/K41W5,G51459,FULL,Phaseolus,vulgaris,Phaseolus vulgaris,300,19940620,COL,CHACHAGUI - NARIÑO,1.36,-77.28,2000.0,19940620.0,40.0
10.18730/K41S2,G51456,FULL,Phaseolus,vulgaris,Phaseolus vulgaris,300,19960120,COL,"1 KM S SALAMINA, VEREDA EL CHAMIZO - SALAMINA - CALDAS",5.4,-75.5,1810.0,19960120.0,20.0
10.18730/K41T3,G51457,FULL,Phaseolus,vulgaris,Phaseolus vulgaris,300,19960723,COL,"5KM N PUENTE ROJO, COSTA RICA, PUENTE ROJO-LA MAGDALENA - GINEBRA - VALLE DEL CAUCA",3.8,-76.23,1650.0,19960723.0,20.0
10.18730/K41V4,G51458,FULL,Phaseolus,vulgaris,Phaseolus vulgaris,300,19960723,COL,"40 KM NE DE GINEBRA, REGADERAS-LA FLORESTA - GINEBRA - VALLE DEL CAUCA",3.75,-76.17,1335.0,19960723.0,20.0
10.18730/K41DV,G51439,FULL,Phaseolus,vulgaris,Phaseolus vulgaris,300,19950420,COL,ALREDEDORES DE TIMBIO VÍA PAISPAMBA - TIMBIO - CAUCA,2.35,-76.67,1870.0,19950420.0,20.0
10.18730/K418P,G51434,FULL,Phaseolus,vulgaris,Phaseolus vulgaris,300,19950112,COL,"27 KM SW ANTIOQUIA VEREDA NURQUI VÍA GUASABRA, LAS PARTIDAS - SANTA FE DE ANTIOQUIA - ANTIOQUIA",6.5,-75.94,2060.0,19950112.0,20.0
10.18730/K419Q,G51435,FULL,Phaseolus,vulgaris,Phaseolus vulgaris,300,19950112,COL,"11 KM S LA UNIÓN, VEREDA SAN MIGUEL - LA UNION - ANTIOQUIA",5.93,-75.3,2400.0,19950112.0,20.0
10.18730/K417N,G51433,FULL,Phaseolus,vulgaris,Phaseolus vulgaris,300,19950112,COL,"18 KM SW SANTA FE DE ANTIOQUIA VÍA A GUASABRA, VEREDA CHAPARRAL - SANTA FE DE ANTIOQUIA - ANTIOQUIA",6.54,-75.9,1600.0,19950112.0,20.0
10.18730/K414J,G51430,FULL,Phaseolus,vulgaris,Phaseolus vulgaris,300,19950321,COL,"10KM E DE PUENTE ROJO, CORREGIMIENTO COSTA RICA, VEREDA JUNTAS - GINEBRA - VALLE DEL CAUCA",3.77,-76.17,1800.0,19950321.0,20.0
10.18730/K413H,G51429,FULL,Phaseolus,vulgaris,Phaseolus vulgaris,300,19890430,COL,VEREDA LOS PLANES - SANTUARIO DEL CARMEN - RISARALDA,5.12,-76.0,2100.0,19890430.0,20.0
10.18730/K416M,G51432,FULL,Phaseolus,vulgaris,Phaseolus vulgaris,300,19941011,COL,"VEREDA SAN ISIDRO, FINCA DE MIGUEL PATIÑO - PRADERA - VALLE DEL CAUCA",3.4,-76.19,1900.0,19941011.0,20.0
10.18730/JYPF~,G51287,FULL,Phaseolus,vulgaris,Phaseolus vulgaris,300,19950112,COL,"35 KM S MESOPOTAMIA VÍA SONSÓN, VEREDA HONDA BAJA - SONSON - ANTIOQUIA",5.75,-75.29,2485.0,19950112.0,20.0
10.18730/S3SXU,G51286D,FULL,Phaseolus,vulgaris,Phaseolus vulgaris,300,19950112,COL,"17 KM NE LIBORINA, CORREGIMIENTO LA MERCED DEL PLAYÓN - LIBORINA - ANTIOQUIA",6.76,-75.75,1930.0,19950112.0,20.0
10.18730/S2B2H,G51286G1,FULL,Phaseolus,vulgaris,Phaseolus vulgaris,100,19950112,COL,"17 KM NE LIBORINA, CORREGIMIENTO LA MERCED DEL PLAYÓN - LIBORINA - ANTIOQUIA",6.78,-75.75,1930.0,19950112.0,10.0
10.18730/S4GHM,G51280B,FULL,Phaseolus,vulgaris,Phaseolus vulgaris,300,19950112,COL,"21 KM SW SANTA FE DE ANTIOQUIA VÍA GUASABRA, VEREDA INDRO - SANTA FE DE ANTIOQUIA - ANTIOQUIA",6.52,-75.92,1800.0,19950112.0,20.0
10.18730/S4F3B,G51278F,FULL,Phaseolus,vulgaris,Phaseolus vulgaris,200,19930123,COL,"6 KM W GACHETÁ, VEREDA SAN PEDRO, FINCA EL PEÑÓN - JUNIN - CUNDINAMARCA",4.8,-73.65,1820.0,19930123.0,60.0
10.18730/S5XHH,G51278E,FULL,Phaseolus,vulgaris,Phaseolus vulgaris,300,19930123,COL,"6 KM W GACHETÁ, VEREDA SAN PEDRO, FINCA EL PEÑÓN - JUNIN - CUNDINAMARCA",4.8,-73.68,1820.0,19930123.0,20.0
10.18730/JY40$,G51275,FULL,Phaseolus,vulgaris,Phaseolus vulgaris,300,19890601,COL,PUPIALES - NARIÑO,0.87,-77.63,2700.0,19890601.0,40.0
10.18730/S28SJ,G51271E,FULL,Phaseolus,vulgaris,Phaseolus vulgaris,300,19890601,COL,LA UNION - NARIÑO,1.6,-77.14,1750.0,19890601.0,40.0
10.18730/JY3Z~,G51272,FULL,Phaseolus,vulgaris,Phaseolus vulgaris,300,19890601,COL,BUESACO - NARIÑO,1.38,-77.16,2400.0,19890601.0,40.0
10.18730/S1GAC,G51266A,FULL,Phaseolus,vulgaris,Phaseolus vulgaris,300,19890601,COL,TUQUERRES - NARIÑO,1.09,-77.63,2900.0,19890601.0,40.0
10.18730/S3V41,G51058A,FULL,Phaseolus,vulgaris,Phaseolus vulgaris,300,19960120,COL,"3 KM SW GUÁTICA VÍA BELÉN DE UMBRÍA, VEREDA JORDÁN - GUATICA - RISARALDA",5.33,-75.8,1870.0,19960120.0,20.0
10.18730/JYSBE,G51056,FULL,Phaseolus,vulgaris,Phaseolus vulgaris,300,19960120,COL,"5 KM E TITIRIBI DESPUÉS DE LA FERRERIA, VEREDA LA CABAÑA - TITIRIBI - ANTIOQUIA",6.05,-75.8,1640.0,19960120.0,20.0
10.18730/S1N3H,G51055F,FULL,Phaseolus,vulgaris,Phaseolus vulgaris,300,19960120,COL,"23 KM N SALAMINA, VEREDA LAS TROJES, CUENCA RÍO CHAMBERI - PACORA - CALDAS",5.48,-75.47,1790.0,19960120.0,20.0
10.18730/S2CDQ,G51054D,FULL,Phaseolus,vulgaris,Phaseolus vulgaris,200,19960120,COL,"23 KM N SALAMINA, VEREDA LAS TROJES, CUENCA RÍO CHAMBERI - PACORA - CALDAS",5.43,-75.48,1790.0,19960120.0,60.0
10.18730/PHGBB,G51052,FULL,Phaseolus,vulgaris,Phaseolus vulgaris,200,19960120,COL,"7KM N NEIRA, CUENCA RÍO TAPIAS A LA FELISA, TROCADEROS - NEIRA - CALDAS",5.18,-75.5,1580.0,19960120.0,60.0
10.18730/S6QW9,G51040V,FULL,Phaseolus,vulgaris,Phaseolus vulgaris,200,19950420,COL,EN HUERTOS CASEROS DE TIMBIO - TIMBIO - CAUCA,2.33,-76.67,1860.0,19950420.0,60.0
10.18730/JYPR5,G51035,FULL,Phaseolus,vulgaris,Phaseolus vulgaris,300,19950112,COL,"24 KM SW LA CEJA, CORREGIMIENTO SAN JOSÉ - LA CEJA - ANTIOQUIA",5.97,-75.49,2190.0,19950112.0,20.0
10.18730/JYQ2F,G51037,FULL,Phaseolus,vulgaris,Phaseolus vulgaris,300,19950112,COL,PLAZA MAYORISTA TRAIDA DE RIONEGRO - RIONEGRO - ANTIOQUIA,6.17,-75.42,2000.0,19950112.0,30.0
10.18730/S2B6N,G51034L,FULL,Phaseolus,vulgaris,Phaseolus vulgaris,200,19950112,COL,"24 KM SW LA CEJA, CORREGIMIENTO SAN JOSÉ - LA CEJA - ANTIOQUIA",5.92,-75.48,2190.0,19950112.0,60.0
10.18730/JYPDZ,G51032,FULL,Phaseolus,vulgaris,Phaseolus vulgaris,300,19950112,COL,"7 KM E CARMEN DE VIBORAL, VEREDA LA CHAPA - CARMEN DE VIBORAL - ANTIOQUIA",6.05,-75.3,2200.0,19950112.0,20.0
10.18730/S32Q$,G51030C,FULL,Phaseolus,vulgaris,Phaseolus vulgaris,200,19950112,COL,"7 KM E CARMEN DE VIBORAL, VEREDA LA CHAPA - CARMEN DE VIBORAL - ANTIOQUIA",6.0,-75.28,2200.0,19950112.0,60.0
10.18730/JYPK0,G51028,FULL,Phaseolus,vulgaris,Phaseolus vulgaris,300,19950112,COL,"15 KM SW SONSÓN, VEREDA ALTO DE SABANA - SONSON - ANTIOQUIA",5.72,-75.38,2200.0,19950112.0,20.0
10.18730/JYPM1,G51029,FULL,Phaseolus,vulgaris,Phaseolus vulgaris,300,19950112,COL,"24 KM SW SONSÓN, CORREGIMIENTO ALTO DE SABANA, VEREDA LA LOMA - SONSON - ANTIOQUIA",5.72,-75.42,1620.0,19950112.0,20.0
10.18730/S32KY,G51027Z,FULL,Phaseolus,vulgaris,Phaseolus vulgaris,200,19950112,COL,"29 KM S MESOPOTAMIA VÍA SONSÓN, VEREDA TASAJO - SONSON - ANTIOQUIA",5.72,-75.28,2200.0,19950112.0,60.0
10.18730/JYNP8,G51024,FULL,Phaseolus,vulgaris,Phaseolus vulgaris,300,19950112,COL,"10 KM SE LA UNIÓN VÍA MESOPOTAMIA, VEREDA PIEDRAS - LA UNION - ANTIOQUIA",5.94,-75.33,2350.0,19950112.0,20.0
10.18730/PFYVJ,G51026,FULL,Phaseolus,vulgaris,Phaseolus vulgaris,300,19950112,COL,"30 KM SW ABEJORRAL, PANTANILLO, VEREDA CHAGUALAL VIA CANAVERAL - ABEJORRAL - ANTIOQUIA",5.73,-75.47,1800.0,19950112.0,20.0
10.18730/JYMB2,G51006,FULL,Phaseolus,vulgaris,Phaseolus vulgaris,300,19950112,COL,"12 KM NNW HELICONIA VÍA EBEJICO, LLANOS DE SAN JOSÉ - HELICONIA - ANTIOQUIA",6.25,-75.74,1780.0,19950112.0,20.0
10.18730/S31MU,G50999G,FULL,Phaseolus,vulgaris,Phaseolus vulgaris,300,19950112,COL,PROCEDENTE DE VEREDAS DEL MUNICIPIO DE JARDÍN - ANDES - ANTIOQUIA,5.61,-75.84,1500.0,19950112.0,20.0
10.18730/JYJKM,G50991,FULL,Phaseolus,vulgaris,Phaseolus vulgaris,300,19940815,COL,"6 KM W EL ROSARIO, LA MONTAÑA, FINCA CUMBAL - EL ROSARIO - NARIÑO",1.77,-77.39,1660.0,19940815.0,20.0
10.18730/S56TY,G50988J,FULL,Phaseolus,vulgaris,Phaseolus vulgaris,200,19930123,COL,"6 KM S GUAYATA, VEREDA FONSAQUE ARRIBA - GUAYATA - BOYACA",4.93,-73.48,1760.0,19930123.0,60.0
10.18730/S3QDY,G50987R,FULL,Phaseolus,vulgaris,Phaseolus vulgaris,300,19930123,COL,"8 KM SW GUATEQUE VÍA GUAYATA, VEREDA TINGACHOQUE - GUATEQUE - BOYACA",4.99,-73.49,1320.0,19930123.0,20.0
10.18730/S6MNH,G50983I,FULL,Phaseolus,vulgaris,Phaseolus vulgaris,120,19920210,COL,"7.5 KM NE CHOACHÍ, MAZA - CHOACHI - CUNDINAMARCA",4.58,-73.9,1870.0,19920210.0,10.0
10.18730/PFYA1,G50981,FULL,Phaseolus,vulgaris,Phaseolus vulgaris,300,19890601,COL,ILES - NARIÑO,0.98,-77.52,2600.0,19890601.0,40.0
10.18730/JY38A,G50979,FULL,Phaseolus,vulgaris,Phaseolus vulgaris,300,19890601,COL,IMUES - NARIÑO,1.05,-77.5,2430.0,19890601.0,40.0
10.18730/JYSDG,G50895,FULL,Phaseolus,vulgaris,Phaseolus vulgaris,300,19960723,COL,"10 KM NE DE GINEBRA, PATIO BONITO VÍA A LA FLORESTA - GINEBRA - VALLE DEL CAUCA",3.74,-76.22,1570.0,19960723.0,20.0
10.18730/PHH2$,G50889,FULL,Phaseolus,vulgaris,Phaseolus vulgaris,200,19960120,COL,"3 KM SW GUÁTICA VÍA BELÉN DE UMBRÍA, VEREDA JORDÁN - GUATICA - RISARALDA",5.31,-75.81,1870.0,19960120.0,60.0
10.18730/JYSAD,G50892,FULL,Phaseolus,vulgaris,Phaseolus vulgaris,300,19960120,COL,"7 KM SW GUÁTICA VÍA BELÉN DE UMBRÍA, VEREDA EL POBLADO - GUATICA - RISARALDA",5.29,-75.83,1800.0,19960120.0,20.0
10.18730/PHH3=,G50888,FULL,Phaseolus,vulgaris,Phaseolus vulgaris,200,19960120,COL,"12 KM S FREDONIA VÍA JERICÓ, VEREDA EL CALVARIO - FREDONIA - ANTIOQUIA",5.9,-75.7,1635.0,19960120.0,60.0
10.18730/PHH50,G50886,FULL,Phaseolus,vulgaris,Phaseolus vulgaris,200,19960120,COL,"6 KM NE SANTA BARBARA VÍA SABALETAS, VEREDA SABALETAS - SANTA BARBARA - ANTIOQUIA",5.9,-75.55,1760.0,19960120.0,60.0
10.18730/PHH4U,G50887,FULL,Phaseolus,vulgaris,Phaseolus vulgaris,200,19960120,COL,"5 KM S FREDONIA VÍA JERICÓ, VEREDA LA RUTA - FREDONIA - ANTIOQUIA",5.9,-75.68,1690.0,19960120.0,60.0
10.18730/PHH61,G50885,FULL,Phaseolus,vulgaris,Phaseolus vulgaris,200,19960120,COL,"9 KM S ABEJORRAL, EL GRANADILLO, CUENCA RÍO AURES - ABEJORRAL - ANTIOQUIA",5.75,-75.45,1990.0,19960120.0,60.0
10.18730/S61J=,G50882A,FULL,Phaseolus,vulgaris,Phaseolus vulgaris,100,19960120,COL,"7 KM N PACORA VÍA AGUADAS, VEREDA PENOLES - PACORA - CALDAS",5.57,-75.47,1730.0,19960120.0,10.0
10.18730/PHH83,G50883,FULL,Phaseolus,vulgaris,Phaseolus vulgaris,200,19960120,COL,"8 KM NW AGUADAS VÍA ARMA, VEREDA LETICIA - AGUADAS - CALDAS",5.62,-75.52,1890.0,19960120.0,60.0
10.18730/PHH72,G50884,FULL,Phaseolus,vulgaris,Phaseolus vulgaris,200,19960120,COL,"1 KM S PANTANILLO VÍA EL ORO, PANTANILLO, EL PARAISO - ABEJORRAL - ANTIOQUIA",5.73,-75.5,2065.0,19960120.0,60.0
10.18730/PHHB6,G50877,FULL,Phaseolus,vulgaris,Phaseolus vulgaris,200,19960120,COL,"20 KM N ARANZAZU, VEREDA BUENOS AIRES - SALAMINA - CALDAS",5.38,-75.5,1740.0,19960120.0,60.0
10.18730/PHHD8,G50875,FULL,Phaseolus,vulgaris,Phaseolus vulgaris,200,19960120,COL,"1KM DESPUÉS LA FELICIA, VEREDA LA CAMELIA, CUENCA RÍO TAREAS - NEIRA - CALDAS",5.23,-75.5,1870.0,19960120.0,60.0
10.18730/PHHC7,G50876,FULL,Phaseolus,vulgaris,Phaseolus vulgaris,200,19960120,COL,"6 KM DESPUÉS MUELAS, VEREDA LA HONDITA, CUENCA RÍO LA HONDA - ARANZAZU - CALDAS",5.27,-75.48,1775.0,19960120.0,60.0
10.18730/S4J2*,G50872B,FULL,Phaseolus,vulgaris,Phaseolus vulgaris,300,19960120,COL,"VEREDA LAS PENAS, CUENCA RÍO TAREAS VÍA MUELAS - NEIRA - CALDAS",5.22,-75.47,1800.0,19960120.0,20.0
10.18730/PHHFA,G50873,FULL,Phaseolus,vulgaris,Phaseolus vulgaris,200,19960120,COL,"VEREDA EL CARDAL, CUENCA RÍO TAREAS VÍA MUELAS - NEIRA - CALDAS",5.22,-75.43,1840.0,19960120.0,60.0
10.18730/PHHMF,G50866,FULL,Phaseolus,vulgaris,Phaseolus vulgaris,200,19960120,COL,"10 KM N NEIRA, CUENCA RÍO TAPIAS A LA FELISA, LA BATEA - NEIRA - CALDAS",5.2,-75.48,1630.0,19960120.0,60.0
10.18730/PHHPH,G50864,FULL,Phaseolus,vulgaris,Phaseolus vulgaris,200,19960120,COL,"5 KM N NEIRA VÍA ARANZAZU, VEREDA LAS DANTAS - NEIRA - CALDAS",5.2,-75.55,1620.0,19960120.0,60.0
10.18730/S1MAX,G50854C,FULL,Phaseolus,vulgaris,Phaseolus vulgaris,100,19950112,COL,"2 KM N LA MERCED, CORREGIMIENTO LA MERCED DEL PLAYÓN - LIBORINA - ANTIOQUIA",6.8,-75.75,1950.0,19950112.0,10.0
10.18730/JYQ7M,G50852,FULL,Phaseolus,vulgaris,Phaseolus vulgaris,300,19950112,COL,PLAZA MAYORISTA DE MEDELLIN TRAIDO DE ARMENIA - MEDELLIN - ANTIOQUIA,6.15,-75.82,1700.0,19950112.0,30.0
10.18730/S4HFD,G50849Z1,FULL,Phaseolus,vulgaris,Phaseolus vulgaris,200,19950112,COL,"20 KM SE SANTUARIO VÍA COCORNA, VEREDA SAN VICENTE - CARMEN DE VIBORAL - ANTIOQUIA",6.08,-75.25,1535.0,19950112.0,60.0
10.18730/JYPZC,G50850,FULL,Phaseolus,vulgaris,Phaseolus vulgaris,300,19950112,COL,"36 KM SE SANTUARIO, LADERA RÍO COCORNA, VEREDA EL OCHO - COCORNA - ANTIOQUIA",6.04,-75.14,1000.0,19950112.0,20.0
10.18730/S593X,G50849Y,FULL,Phaseolus,vulgaris,Phaseolus vulgaris,300,19950112,COL,"20 KM SE SANTUARIO VÍA COCORNA, VEREDA SAN VICENTE - CARMEN DE VIBORAL - ANTIOQUIA",6.1,-75.25,1535.0,19950112.0,20.0
10.18730/JYJQR,G50827,FULL,Phaseolus,vulgaris,Phaseolus vulgaris,300,19940701,COL,"VEREDALA ARGELIA, VÍA MORROGACHO-SAN PEREGRINO-ARAUCA - MANIZALES - CALDAS",5.1,-75.54,1660.0,19940701.0,20.0
10.18730/S3NYM,G50797Z,FULL,Phaseolus,vulgaris,Phaseolus vulgaris,300,19900915,COL,"19 KM NE CHAPARRAL, RISALDA - CHAPARRAL - TOLIMA",3.75,-75.42,2120.0,19900915.0,20.0
10.18730/S1EQ=,G50785X,FULL,Phaseolus,vulgaris,Phaseolus vulgaris,300,19890815,COL,"VEREDA SAN CARLOS, FINCA LA CARMELITA - ANDES - ANTIOQUIA",5.68,-75.87,1750.0,19890815.0,20.0
10.18730/JYQ3G,G50712,FULL,Phaseolus,vulgaris,Phaseolus vulgaris,300,19950112,COL,PLAZA MAYORISTA TRAIDA DE TURBO - TURBO - ANTIOQUIA,8.1,-76.67,900.0,19950112.0,30.0
10.18730/JYNVD,G50707,FULL,Phaseolus,vulgaris,Phaseolus vulgaris,300,19950112,COL,"28 KM SW ABEJORRAL, CORREGIMIENTO PANTANILLO, VEREDA CHAGUALAL - ABEJORRAL - ANTIOQUIA",5.71,-75.48,1800.0,19950112.0,20.0
10.18730/JYK95,G50697,FULL,Phaseolus,vulgaris,Phaseolus vulgaris,300,19950112,COL,"12 KM SW ANDES VÍA SANTA RITA, FINCA LA POSADA, VEREDA SAN PEDRO - ANDES - ANTIOQUIA",5.62,-75.9,1550.0,19950112.0,20.0
10.18730/JY3QS,G50682,FULL,Phaseolus,vulgaris,Phaseolus vulgaris,300,19890601,COL,POTOSI - NARIÑO,0.8,-77.57,2700.0,19890601.0,40.0
10.18730/S6M62,G50646T,FULL,Phaseolus,vulgaris,Phaseolus vulgaris,200,19900501,COL,LA UNIÓN - LA UNION - ANTIOQUIA,5.97,-75.37,2400.0,19900501.0,60.0
10.18730/JYHHQ,G50502,FULL,Phaseolus,vulgaris,Phaseolus vulgaris,300,19930123,COL,"8 KM NE LA VEGA VÍA LA MAGOLA, VEREDA NAGUY - LA VEGA - CUNDINAMARCA",5.05,-74.31,1520.0,19930123.0,20.0
10.18730/S57SR,G50501B,FULL,Phaseolus,vulgaris,Phaseolus vulgaris,300,19930123,COL,"12 KM E GUATEQUE VÍA MACANAL, VEREDA SIGUIQUE - SUTATENZA - BOYACA",5.03,-73.42,1240.0,19930123.0,20.0
10.18730/JYFH~,G50497,FULL,Phaseolus,vulgaris,Phaseolus vulgaris,300,19930123,COL,"12 KM NE SUTATENZA, VEREDA VALLE GRANDE ARRIBA - TENZA - BOYACA",5.07,-73.43,2000.0,19930123.0,20.0
10.18730/S1HTQ,G50493C,FULL,Phaseolus,vulgaris,Phaseolus vulgaris,300,19930123,COL,"7 KM SW SOMONDOCO, VEREDA SABANETAS, FINCA SAN PEDRO - SOMONDOCO - BOYACA",4.96,-73.46,1900.0,19930123.0,20.0
10.18730/JYF9S,G50494,FULL,Phaseolus,vulgaris,Phaseolus vulgaris,300,19930123,COL,"4 KM NE SUTATENZA VÍA TENZA, VEREDA BOQUERON - SUTATENZA - BOYACA",5.05,-73.44,1990.0,19930123.0,20.0
10.18730/JYBSR,G50484,FULL,Phaseolus,vulgaris,Phaseolus vulgaris,300,19930123,COL,"3 KM N UBAQUE VÍA LAGUNA, VEREDA ROMERO ALTO - UBAQUE - CUNDINAMARCA",4.49,-73.93,1860.0,19930123.0,20.0
10.18730/PFVBH,G50411,FULL,Phaseolus,vulgaris,Phaseolus vulgaris,300,19950112,COL,"6 KM NW SANTUARIO VÍA MARINILLA, VEREDA SAN LUIS - SANTUARIO - ANTIOQUIA",6.15,-75.25,2140.0,19950112.0,20.0
10.18730/JYPE*,G50409,FULL,Phaseolus,vulgaris,Phaseolus vulgaris,300,19950112,COL,"4 KM NE CARMEN DE VIBORAL VÍA SANTUARIO, VEREDA VIBORAL - CARMEN DE VIBORAL - ANTIOQUIA",6.07,-75.29,2120.0,19950112.0,20.0
10.18730/JYQ1E,G50412,FULL,Phaseolus,vulgaris,Phaseolus vulgaris,300,19950112,COL,PLAZA MAYORISTA TRAIDA DE ITUANGO - ITUANGO - ANTIOQUIA,7.17,-75.75,1450.0,19950112.0,30.0
10.18730/PHKTB,G50392,FULL,Phaseolus,vulgaris,Phaseolus vulgaris,200,19950112,COL,"5 KM E HELICONIA, FINCA EL TIROL, VEREDA MORRITOS - HELICONIA - ANTIOQUIA",6.22,-75.73,1600.0,19950112.0,60.0
10.18730/PHKVC,G50383,FULL,Phaseolus,vulgaris,Phaseolus vulgaris,200,19950112,COL,"3 KM N BETANIA VÍA CD. BOLIVAR, VEREDA TRAVESIAS - BETANIA - ANTIOQUIA",5.77,-75.98,1560.0,19950112.0,60.0
10.18730/PHKWD,G50382,FULL,Phaseolus,vulgaris,Phaseolus vulgaris,200,19940815,COL,"VEREDA PLAYA RICA, FINCA LA PRIMAVERA - SANTUARIO - RISARALDA",5.07,-75.96,1190.0,19940815.0,60.0
10.18730/JXKV=,G50361,FULL,Phaseolus,vulgaris,Phaseolus vulgaris,300,19890301,COL,DAGUA - DAGUA - VALLE DEL CAUCA,3.67,-76.69,,19890301.0,20.0
10.18730/PHN9N,G50078,FULL,Phaseolus,vulgaris,Phaseolus vulgaris,200,19941011,COL,"5.6 KM NE DE LA DIANA VÍA AL TOLIMA, VEREDA LA DIANA - FLORIDA - VALLE DEL CAUCA",3.33,-76.17,1990.0,19941011.0,60.0
10.18730/JGZ92,G4906,FULL,Phaseolus,vulgaris,Phaseolus vulgaris,300,19730301,COL,"ROZO, FINCA LA ESPERANZA - PALMIRA - VALLE DEL CAUCA",3.62,-76.4,1000.0,19730301.0,40.0
10.18730/JPW8J,G4718,FULL,Phaseolus,vulgaris,Phaseolus vulgaris,300,19790601,COL,VEREDA EL TIPLE - CANDELARIA - VALLE DEL CAUCA,3.35,-76.44,1000.0,19790601.0,40.0
10.18730/JPRA3,G4715,FULL,Phaseolus,vulgaris,Phaseolus vulgaris,300,19790601,COL,FINCA EL CONVENIO - PALMIRA - VALLE DEL CAUCA,3.43,-76.35,,19790601.0,40.0
10.18730/JH9Q3,G4713,FULL,Phaseolus,vulgaris,Phaseolus vulgaris,300,19700901,COL,FELIDIA - CALI - VALLE DEL CAUCA,3.47,-76.63,1250.0,19700901.0,40.0
10.18730/JPRMD,G4711,FULL,Phaseolus,vulgaris,Phaseolus vulgaris,300,19790601,COL,LA UNION - VALLE DEL CAUCA,4.53,-76.11,1100.0,19790601.0,40.0
10.18730/JH3ER,G4710,FULL,Phaseolus,vulgaris,Phaseolus vulgaris,300,19730101,COL,VERSALLES - VALLE DEL CAUCA,4.57,-76.2,,19730101.0,40.0
10.18730/JPR5=,G4705,FULL,Phaseolus,vulgaris,Phaseolus vulgaris,300,19790601,COL,"ESCUELA AGRONÓMA SAN JORGE, COMUNIDAD SALESIANA - IBAGUE - TOLIMA",4.45,-75.25,1200.0,19790601.0,40.0
10.18730/JH9N1,G4697,FULL,Phaseolus,vulgaris,Phaseolus vulgaris,300,19700901,COL,"CONFINES, VEREDA CANTARRAMA, FINCA EL SALITRE - CONFINES - SANTANDER",6.36,-73.24,1300.0,19700901.0,40.0
10.18730/JH3GT,G4690,FULL,Phaseolus,vulgaris,Phaseolus vulgaris,300,19730101,COL,HATILLO - HATILLO - NARIÑO,1.25,-77.49,1300.0,19730101.0,40.0
10.18730/JPR1Z,G4679,FULL,Phaseolus,vulgaris,Phaseolus vulgaris,300,19790601,COL,"YACUANQUER, FINCA LA ESTANCIA VIEJA - YACUANQUER - NARIÑO",1.12,-77.42,2000.0,19790601.0,40.0
10.18730/JPRG9,G4671,FULL,Phaseolus,vulgaris,Phaseolus vulgaris,300,19790601,COL,CIENAGA DE SAN PEDRO DE LA SIERRA - SAN PEDRO DE LA SIERRA - MAGDALENA,10.9,-74.06,1550.0,19790601.0,40.0
10.18730/JPR70,G4669,FULL,Phaseolus,vulgaris,Phaseolus vulgaris,300,19790601,COL,"VALLEDUPAR, VEREDA SAN SEBASTIAN, FINCA VILLA ROSARIO - VALLEDUPAR - CESAR",10.57,-73.58,1870.0,19790601.0,40.0
10.18730/JPV0F,G4668,FULL,Phaseolus,vulgaris,Phaseolus vulgaris,300,19790601,COL,"SANTA MARTA, RÍO CÓRDOBA, FINCA LA NOBLEZA - SANTA MARTA - MAGDALENA",11.03,-74.24,,19790601.0,40.0
10.18730/JPTYD,G4666,FULL,Phaseolus,vulgaris,Phaseolus vulgaris,300,19790601,COL,MANAURE - MANAURE - MAGDALENA,10.4,-73.03,1650.0,19790601.0,40.0
10.18730/JH9F*,G4647,FULL,Phaseolus,vulgaris,Phaseolus vulgaris,300,19700901,COL,"GARZÓN, VEREDA SAN ANTONIO - GARZON - HUILA",2.07,-75.68,1300.0,19700901.0,40.0
10.18730/JH3W1,G4646,FULL,Phaseolus,vulgaris,Phaseolus vulgaris,300,19730101,COL,MAICAO - MAICAO - GUAJIRA,11.39,-72.22,50.0,19730101.0,40.0
10.18730/JPQZX,G4622,FULL,Phaseolus,vulgaris,Phaseolus vulgaris,300,19790601,COL,"VENECIA, VEREDA SABANETA - VENECIA - CUNDINAMARCA",4.13,-74.46,1300.0,19790601.0,40.0
10.18730/JPTC*,G4606,FULL,Phaseolus,vulgaris,Phaseolus vulgaris,300,19790601,COL,"INZA, VEREDA JUNTA DE RIONEGRO - INZA - CAUCA",2.56,-76.05,1420.0,19790601.0,40.0
10.18730/JF5YH,G4607,FULL,Phaseolus,vulgaris,Phaseolus vulgaris,300,19730101,COL,"TORIBIO, FINCA EL TOTOCAL - TORIBIO - CAUCA",2.97,-76.24,1600.0,19730101.0,40.0
10.18730/JPT8W,G4600,FULL,Phaseolus,vulgaris,Phaseolus vulgaris,300,19790601,COL,"EL BORDO, VEREDA ACHINTE - PATIA - CAUCA",2.1,-76.97,600.0,19790601.0,40.0
10.18730/JPT9X,G4603,FULL,Phaseolus,vulgaris,Phaseolus vulgaris,300,19790601,COL,CALOTO - CALOTO - CAUCA,3.02,-76.42,1100.0,19790601.0,40.0
10.18730/JPT0M,G4590,FULL,Phaseolus,vulgaris,Phaseolus vulgaris,300,19790601,COL,"COPER, VEREDA LOMA DE LOS MILAGROS - COPER - BOYACA",5.47,-74.07,1000.0,19790601.0,40.0
10.18730/JH96Q,G4589,FULL,Phaseolus,vulgaris,Phaseolus vulgaris,300,19700901,COL,"MARIPI, VEREDA EL SALTO - MARIPI - BOYACA",5.58,-73.99,1850.0,19700901.0,40.0
10.18730/JF63P,G4581,FULL,Phaseolus,vulgaris,Phaseolus vulgaris,300,19730101,COL,"PALMITO, VEREDA MAIPO, FINCA LA SIRIA - PALMITO - SUCRE",9.37,-75.56,70.0,19730101.0,40.0
10.18730/JF62N,G4580,FULL,Phaseolus,vulgaris,Phaseolus vulgaris,300,19730101,COL,"CIENAGA DE ORO, FINCA EL CHARCON - CIENAGA DE ORO - BOLIVAR",8.89,-75.62,10.0,19730101.0,40.0
10.18730/JF61M,G4579,FULL,Phaseolus,vulgaris,Phaseolus vulgaris,300,19730101,COL,"SAN PEDRO, FINCA VIDA TRANQUILA - SAN PEDRO CONSOLADO - BOLIVAR",10.01,-75.05,130.0,19730101.0,40.0
10.18730/JF6BY,G4576,FULL,Phaseolus,vulgaris,Phaseolus vulgaris,300,19730101,COL,"TURBANA, FINCA EL NISPERO - TURBANA - BOLIVAR",10.27,-75.43,120.0,19730101.0,40.0
10.18730/JF6K1,G4556,FULL,Phaseolus,vulgaris,Phaseolus vulgaris,300,19730101,COL,"CONCORDIA, VEREDA EL SOCORRO, FINCA LA LOMA - CONCORDIA - ANTIOQUIA",6.13,-75.9,1000.0,19730101.0,40.0
10.18730/JF6J0,G4554,FULL,Phaseolus,vulgaris,Phaseolus vulgaris,300,19730101,COL,"SAN ROQUE, VEREDA SAN JOSÉ - SAN ROQUE - ANTIOQUIA",6.49,-75.02,,19730101.0,40.0
10.18730/JH5DD,G4551,FULL,Phaseolus,vulgaris,Phaseolus vulgaris,300,19700901,COL,ANDES - ANDES - ANTIOQUIA,5.67,-75.89,,19700901.0,40.0
10.18730/K2295,G3618,FULL,Phaseolus,vulgaris,Phaseolus vulgaris,300,19720501,COL,EL BOLO - PALMIRA - VALLE DEL CAUCA,3.46,-76.33,1000.0,19720501.0,40.0
10.18730/JYGDR,G24987,FULL,Phaseolus,vulgaris,Phaseolus vulgaris,300,19930123,COL,"3 KM N GARAGOA VÍA CHINAVITA, VEREDA QUIGUA ABAJO - GARAGOA - BOYACA",5.12,-73.36,1530.0,19930123.0,20.0
10.18730/S1HB8,G24942B,FULL,Phaseolus,vulgaris,Phaseolus vulgaris,300,19930123,COL,"6 KM W GACHETÁ, VEREDA EL ZAQUE-SAN PEDRO, FINCA LA TOMITA - GACHETA - CUNDINAMARCA",4.83,-73.69,2035.0,19930123.0,20.0
10.18730/JYDB0,G24943,FULL,Phaseolus,vulgaris,Phaseolus vulgaris,300,19930123,COL,"1 KM SW TIBIRITA VÍA SALITRE, VEREDA CAÑADAS - TIBIRITA - CUNDINAMARCA",5.04,-73.51,1700.0,19930123.0,20.0
10.18730/JYCME,G24936,FULL,Phaseolus,vulgaris,Phaseolus vulgaris,100,19930123,COL,"12 KM N CHOACHÍ, VEREDA LLANADA BAJA, QUEBRADA CHORRO GRANDE - CHOACHI - CUNDINAMARCA",4.58,-73.92,1830.0,19930123.0,10.0
10.18730/JYBNM,G24931,FULL,Phaseolus,vulgaris,Phaseolus vulgaris,100,19930123,COL,5 KM E LA UNIÓN VÍA VEREDA RIONEGRO - FOMEQUE - CUNDINAMARCA,4.52,-73.9,1690.0,19930123.0,10.0
10.18730/JYCA4,G24934,FULL,Phaseolus,vulgaris,Phaseolus vulgaris,100,19930123,COL,"6 KM N FÓMEQUE VÍA LA UNIÓN, VEREDA CARRIZAL - FOMEQUE - CUNDINAMARCA",4.5,-73.88,1645.0,19930123.0,10.0
10.18730/JYAZ=,G24927,FULL,Phaseolus,vulgaris,Phaseolus vulgaris,300,19930123,COL,"2 KM N CHOACHÍ, VEREDA LAS HERRERAS, SECTOR SANTA ROSA - CHOACHI - CUNDINAMARCA",4.56,-73.92,1760.0,19930123.0,20.0
10.18730/JY3HK,G24820,FULL,Phaseolus,vulgaris,Phaseolus vulgaris,300,19890601,COL,IPIALES - NARIÑO,0.82,-77.63,2700.0,19890601.0,40.0
10.18730/JY3DF,G24816,FULL,Phaseolus,vulgaris,Phaseolus vulgaris,300,19890601,COL,CONSACA - NARIÑO,1.21,-77.46,1900.0,19890601.0,40.0
10.18730/JYHSZ,G24798,FULL,Phaseolus,vulgaris,Phaseolus vulgaris,100,19930123,COL,"4 KM NW PACHO VÍA LA PALMA, VEREDA COMPERA BAJA - PACHO - CUNDINAMARCA",5.18,-74.18,1580.0,19930123.0,10.0
10.18730/JYHAG,G24794,FULL,Phaseolus,vulgaris,Phaseolus vulgaris,100,19930123,COL,"1.5 KM N LA CAPILLA, VEREDA BARRO BLANCO ARRIBA - LA CAPILLA - BOYACA",5.1,-73.45,1780.0,19930123.0,10.0
10.18730/JYH4A,G24787,FULL,Phaseolus,vulgaris,Phaseolus vulgaris,100,19930123,COL,"13 KM NW MACANAL VÍA GARAGOA, VEREDA PERDIGUEZ - MACANAL - BOYACA",5.0,-73.32,1715.0,19930123.0,10.0
10.18730/JYHFN,G24785,FULL,Phaseolus,vulgaris,Phaseolus vulgaris,100,19930123,COL,"19 KM E GUATEQUE VÍA MACANAL, VEREDA PANTANO - MACANAL - BOYACA",4.98,-73.33,1270.0,19930123.0,10.0
10.18730/PHQ8A,G24782,FULL,Phaseolus,vulgaris,Phaseolus vulgaris,200,19930123,COL,"16.5 KM E GUATEQUE VÍA MACANAL, VEREDA EL DATIL - MACANAL - BOYACA",5.02,-73.37,1230.0,19930123.0,60.0
10.18730/S31BV,G24777A,FULL,Phaseolus,vulgaris,Phaseolus vulgaris,300,19930123,COL,"16 KM E GUATEQUE VÍA MACANAL, VEREDA ARADA CHIQUITA - GARAGOA - BOYACA",5.04,-73.4,1250.0,19930123.0,20.0
10.18730/JYGBP,G24769,FULL,Phaseolus,vulgaris,Phaseolus vulgaris,100,19930123,COL,"8 KM N GARAGOA VÍA CHINAVITA, VEREDA SENDA, RIO GARAGOA - GARAGOA - BOYACA",5.12,-73.38,1430.0,19930123.0,10.0
10.18730/JYGAN,G24768,FULL,Phaseolus,vulgaris,Phaseolus vulgaris,100,19930123,COL,"6 KM N GARAGOA VÍA CHINAVITA, VEREDA CALDERA ABAJO - GARAGOA - BOYACA",5.1,-73.38,1450.0,19930123.0,10.0
10.18730/S4G58,G24767C,FULL,Phaseolus,vulgaris,Phaseolus vulgaris,300,19930123,COL,"6 KM N GARAGOA VÍA CHINAVITA, VEREDA CALDERA ABAJO - GARAGOA - BOYACA",5.14,-73.36,1450.0,19930123.0,20.0
10.18730/JYG5G,G24763,FULL,Phaseolus,vulgaris,Phaseolus vulgaris,100,19930123,COL,"5 KM N GARAGOA VÍA CHINAVITA, VEREDA CALDERA ABAJO - GARAGOA - BOYACA",5.08,-73.38,1490.0,19930123.0,10.0
10.18730/PHQ9B,G24704,FULL,Phaseolus,vulgaris,Phaseolus vulgaris,200,19930123,COL,"2 KM NE GUAYATA VÍA GUATEQUE, VEREDA GUAVITA - GUAYATA - BOYACA",4.97,-73.48,1540.0,19930123.0,60.0
10.18730/JYDG5,G24690,FULL,Phaseolus,vulgaris,Phaseolus vulgaris,100,19930123,COL,"2 KM SW GUATEQUE VÍA GUAYATA, VEREDA PLAZAS ARRIBA - GUATEQUE - BOYACA",5.0,-73.47,1700.0,19930123.0,10.0
10.18730/JYE0N,G24689,FULL,Phaseolus,vulgaris,Phaseolus vulgaris,100,19930123,COL,"4 KM W GUATEQUE VÍA BOGOTA, VEREDA CHORRO TINTO - GUATEQUE - BOYACA",5.02,-73.48,1750.0,19930123.0,10.0
10.18730/JYDNA,G24688,FULL,Phaseolus,vulgaris,Phaseolus vulgaris,100,19930123,COL,"5 KM W GUATEQUE VÍA BOGOTA, VEREDA UBAJUCA - GUATEQUE - BOYACA",5.02,-73.5,1760.0,19930123.0,10.0
10.18730/JYDC1,G24686,FULL,Phaseolus,vulgaris,Phaseolus vulgaris,100,19930123,COL,"7 KM E MACHETA, VEREDA AGUA BLANCA, GUATEQUE-BOGOTÁ - MACHETA - CUNDINAMARCA",5.08,-73.57,1740.0,19930123.0,10.0
10.18730/JYCZS,G24671,FULL,Phaseolus,vulgaris,Phaseolus vulgaris,100,19930123,COL,"1 KM NE GACHETÁ VÍA MANTA, VEREDA RESGUARDO 1 - GACHETA - CUNDINAMARCA",4.82,-73.63,1760.0,19930123.0,10.0
10.18730/JYCPG,G24657,FULL,Phaseolus,vulgaris,Phaseolus vulgaris,100,19930123,COL,"9 KM NE CHOACHÍ, VEREDA MAZA, SAN JOSÉ - CHOACHI - CUNDINAMARCA",4.6,-73.9,1980.0,19930123.0,10.0
10.18730/JYC3$,G24649,FULL,Phaseolus,vulgaris,Phaseolus vulgaris,100,19930123,COL,"4.5 KM NE FÓMEQUE VÍA LA UNIÓN, VEREDA GUAZAVISTA - FOMEQUE - CUNDINAMARCA",4.48,-73.88,1710.0,19930123.0,10.0
10.18730/JYBZY,G24645,FULL,Phaseolus,vulgaris,Phaseolus vulgaris,100,19930123,COL,"1.5 KM W LA UNIÓN, VEREDA ROMERO - UBAQUE - CUNDINAMARCA",4.52,-73.92,1550.0,19930123.0,10.0
10.18730/JYBJH,G24626,FULL,Phaseolus,vulgaris,Phaseolus vulgaris,100,19930123,COL,"9.5 KM NE CHOACHÍ VÍA LA UNIÓN, VEREDA BARRO NEGRO - CHOACHI - CUNDINAMARCA",4.55,-73.9,2040.0,19930123.0,10.0
10.18730/JY1W3,G24536,FULL,Phaseolus,vulgaris,Phaseolus vulgaris,300,19891001,COL,SAN GIL - SANTANDER DEL SUR,6.54,-73.14,,19891001.0,20.0
10.18730/JY8CT,G24423,FULL,Phaseolus,vulgaris,Phaseolus vulgaris,100,19920210,COL,"1 KM SW MANTA, MANTA GRANDE ARRIBA - MANTA - CUNDINAMARCA",5.02,-73.55,1860.0,19920210.0,10.0
10.18730/PFCZ1,G24422,FULL,Phaseolus,vulgaris,Phaseolus vulgaris,300,19920210,COL,"4 KM NE GACHETÁ, RESGUARDO 2 - GACHETA - CUNDINAMARCA",4.82,-73.61,1870.0,19920210.0,20.0
10.18730/JY88P,G24419,FULL,Phaseolus,vulgaris,Phaseolus vulgaris,100,19920210,COL,"1.1 KM W LA UNIÓN, ROMERO BAJO - UBAQUE - CUNDINAMARCA",4.5,-73.9,1640.0,19920210.0,10.0
10.18730/JY7M2,G24401,FULL,Phaseolus,vulgaris,Phaseolus vulgaris,300,19920210,COL,"6 KM SE LA VEGA, ALTO MINAS, AUTOPISTA MEDELLÍN-BOGOTÁ - LA VEGA - CUNDINAMARCA",4.98,-74.31,1520.0,19920210.0,20.0
10.18730/PHR52,G24399,FULL,Phaseolus,vulgaris,Phaseolus vulgaris,200,19920210,COL,"6 KM SE LA VEGA, ALTO MINAS, AUTOPISTA MEDELLÍN-BOGOTÁ - LA VEGA - CUNDINAMARCA",4.98,-74.35,1520.0,19920210.0,60.0
10.18730/PHR85,G24396,FULL,Phaseolus,vulgaris,Phaseolus vulgaris,200,19920210,COL,"5 KM SW CACHIPAY, INSPECCIÓN PEÑA NEGRA - CACHIPAY - CUNDINAMARCA",4.7,-74.47,1210.0,19920210.0,60.0
10.18730/JY72N,G24395,FULL,Phaseolus,vulgaris,Phaseolus vulgaris,100,19920210,COL,"5 KM E TENA, CRUCE LA GRAN VÍA - TENA - CUNDINAMARCA",4.65,-74.42,1600.0,19920210.0,10.0
10.18730/JY0Q3,G24006,FULL,Phaseolus,vulgaris,Phaseolus vulgaris,300,19900915,COL,ALTOS DE PLAYA RICA - ORTEGA - TOLIMA,4.07,-75.45,1200.0,19900915.0,20.0
10.18730/JXZYF,G24005,FULL,Phaseolus,vulgaris,Phaseolus vulgaris,300,19900915,COL,"10 KM S RIOBLANCO, BOCAS DE ANAMICHU - RIOBLANCO - TOLIMA",3.47,-75.65,760.0,19900915.0,20.0
10.18730/JY2QY,G24001,FULL,Phaseolus,vulgaris,Phaseolus vulgaris,300,19910801,COL,"VEREDA EL SALADO, FINCA LA ALSACIA - ATACO - TOLIMA",3.59,-75.39,,19910801.0,20.0
10.18730/JY0YA,G23999,FULL,Phaseolus,vulgaris,Phaseolus vulgaris,100,19900915,COL,"3 KM E TENA, EL ROSARIO - TENA - CUNDINAMARCA",4.63,-74.37,1550.0,19900915.0,10.0
10.18730/JY0X9,G23998,FULL,Phaseolus,vulgaris,Phaseolus vulgaris,300,19900915,COL,"3 KM E TENA, EL ROSARIO - TENA - CUNDINAMARCA",4.66,-74.4,1540.0,19900915.0,20.0
10.18730/JY0P2,G23995,FULL,Phaseolus,vulgaris,Phaseolus vulgaris,300,19900915,COL,"VILLA HERMOSA, VILLA HERMOSA - SAN ANTONIO - TOLIMA",4.0,-75.47,1840.0,19900915.0,20.0
10.18730/S2YPG,G23974A,FULL,Phaseolus,vulgaris,Phaseolus vulgaris,300,19900915,COL,"10 KM E VEGALARGA, EL CEDRALITO - NEIVA - HUILA",2.92,-75.0,1520.0,19900915.0,20.0
10.18730/JXZM5,G23973,FULL,Phaseolus,vulgaris,Phaseolus vulgaris,300,19900915,COL,"9 KM W PACARNI, EL PALMITO - TESALIA - HUILA",2.63,-75.74,1600.0,19900915.0,20.0
10.18730/JXZP7,G23971,FULL,Phaseolus,vulgaris,Phaseolus vulgaris,300,19900915,COL,"23 KM SW PITALITO, VILLA FATIMA - PITALITO - HUILA",1.74,-76.18,1520.0,19900915.0,20.0
10.18730/JXZ3S,G23970,FULL,Phaseolus,vulgaris,Phaseolus vulgaris,300,19900915,COL,"11 KM SE GARZÓN, MONSERRATE - GARZON - HUILA",2.16,-75.62,1040.0,19900915.0,20.0
10.18730/JXZH2,G23969,FULL,Phaseolus,vulgaris,Phaseolus vulgaris,300,19900915,COL,EL PATICO - LA PLATA - HUILA,2.48,-75.95,1110.0,19900915.0,20.0
10.18730/JXZ5V,G23968,FULL,Phaseolus,vulgaris,Phaseolus vulgaris,300,19900915,COL,2 KM E INZA - INZA - CAUCA,2.56,-76.03,1660.0,19900915.0,20.0
10.18730/JY0W8,G23967,FULL,Phaseolus,vulgaris,Phaseolus vulgaris,300,19900915,COL,"8 KM S EL LIMÓN, BARRIALOSA - CHAPARRAL - TOLIMA",3.65,-75.59,1030.0,19900915.0,20.0
10.18730/JXRGU,G23965,FULL,Phaseolus,vulgaris,Phaseolus vulgaris,300,19890815,COL,VEREDA QUEBRADA ARRIBA - ANDES - ANTIOQUIA,5.63,-75.97,1700.0,19890815.0,20.0
10.18730/JWFFJ,G23851,FULL,Phaseolus,vulgaris,Phaseolus vulgaris,300,19850801,COL,COFRADIA - LA CRUZ - NARIÑO,1.63,-76.97,2170.0,19850801.0,20.0
10.18730/JWFRV,G23852,FULL,Phaseolus,vulgaris,Phaseolus vulgaris,300,19850801,COL,EL EJIDO - SIBUNDOY - PUTUMAYO,1.21,-76.84,2040.0,19850801.0,20.0
10.18730/PG74R,G23578,FULL,Phaseolus,vulgaris,Phaseolus vulgaris,200,19890430,COL,CAÑADA HONDA - SANTUARIO DEL CARMEN - RISARALDA,5.12,-75.96,1500.0,19890430.0,60.0
10.18730/JVKRK,G22277,FULL,Phaseolus,vulgaris,Phaseolus vulgaris,300,19861101,COL,DABEIBA - DABEIBA - ANTIOQUIA,7.02,-76.27,1300.0,19861101.0,40.0
10.18730/JVS68,G22146,FULL,Phaseolus,vulgaris,Phaseolus vulgaris,300,19860101,COL,EL QUEREMAL - DAGUA - VALLE DEL CAUCA,3.52,-76.72,,19860101.0,20.0
10.18730/JWFDG,G21243,FULL,Phaseolus,vulgaris,Phaseolus vulgaris,300,19850801,COL,EL TERERO - FUNES - NARIÑO,1.02,-77.45,2070.0,19850801.0,20.0
10.18730/JWF14,G21241,FULL,Phaseolus,vulgaris,Phaseolus vulgaris,300,19850801,COL,EL CHILCAL - SAN PABLO - NARIÑO,1.67,-77.04,1770.0,19850801.0,20.0
10.18730/JWEDN,G21230,FULL,Phaseolus,vulgaris,Phaseolus vulgaris,300,19850801,COL,TAMINANGO - TAMINANGO - NARIÑO,1.57,-77.3,1560.0,19850801.0,20.0
10.18730/JWE08,G21228,FULL,Phaseolus,vulgaris,Phaseolus vulgaris,300,19850801,COL,"5 KM S DE SAMANIEGO, CARTAGENA - SAMANIEGO - NARIÑO",1.32,-77.61,1570.0,19850801.0,20.0
10.18730/JWDN$,G21224,FULL,Phaseolus,vulgaris,Phaseolus vulgaris,300,19850801,COL,BRISAS DEL GUAITARA - CONSACA - NARIÑO,1.22,-77.5,1200.0,19850801.0,20.0
10.18730/JWDY6,G21226,FULL,Phaseolus,vulgaris,Phaseolus vulgaris,300,19850801,COL,SAMANIEGO - SAMANIEGO - NARIÑO,1.34,-77.59,1480.0,19850801.0,20.0
10.18730/JWDAQ,G21215,FULL,Phaseolus,vulgaris,Phaseolus vulgaris,300,19850801,COL,LAS COCHAS - EL PENOL - NARIÑO,1.5,-77.45,1360.0,19850801.0,20.0
10.18730/JWD4H,G21210,FULL,Phaseolus,vulgaris,Phaseolus vulgaris,300,19850801,COL,GUAYABAL - EL PENOL - NARIÑO,1.5,-77.43,1320.0,19850801.0,20.0
10.18730/S5Q1Z,G21209A,FULL,Phaseolus,vulgaris,Phaseolus vulgaris,300,19850801,COL,EL PEREJIL - EL PENOL - NARIÑO,1.45,-77.43,1650.0,19850801.0,20.0
10.18730/JWCYB,G21202,FULL,Phaseolus,vulgaris,Phaseolus vulgaris,300,19850801,COL,ROSAPAMPA - LA FLORIDA - NARIÑO,1.37,-77.33,1980.0,19850801.0,20.0
10.18730/JTEC7,G21114,FULL,Phaseolus,vulgaris,Phaseolus vulgaris,300,19840901,COL,VEREDA EL ORO - BOLIVAR - VALLE DEL CAUCA,4.45,-76.32,1600.0,19840901.0,40.0
10.18730/JHQ3R,G16903,FULL,Phaseolus,vulgaris,Phaseolus vulgaris,300,19770701,COL,PIENDAMO - PIENDAMO - CAUCA,2.64,-76.5,,19770701.0,20.0
10.18730/JSVDX,G15841,FULL,Phaseolus,vulgaris,Phaseolus vulgaris,300,19770901,COL,REGIÓN DE TIERRADENTRO - LA PLATA - HUILA,2.47,-75.97,,19770901.0,20.0
10.18730/JSM6M,G15839,FULL,Phaseolus,vulgaris,Phaseolus vulgaris,300,19820301,COL,TIERRADENTRO - MORALES - CAUCA,2.79,-76.79,,19820301.0,20.0
10.18730/JSDGW,G15818,FULL,Phaseolus,vulgaris,Phaseolus vulgaris,300,19800501,COL,POTOSI - POTOSI - NARIÑO,0.82,-77.59,2800.0,19800501.0,20.0
10.18730/JM2H~,G14853,FULL,Phaseolus,vulgaris,Phaseolus vulgaris,300,19780719,COL,ARGUELLO - YACUANQUER - NARIÑO,1.14,-77.47,,19780719.0,40.0
10.18730/JHQ1P,G14643,FULL,Phaseolus,vulgaris,Phaseolus vulgaris,300,19770701,COL,TUNIA - PIENDAMO - CAUCA,2.69,-76.52,,19770701.0,20.0
10.18730/JHG0K,G14539,FULL,Phaseolus,vulgaris,Phaseolus vulgaris,300,19760101,COL,"CIRCASIA, FINCA LA FLORIDA - CIRCASIA - CALDAS",4.62,-75.65,1920.0,19760101.0,40.0
10.18730/JHFA$,G14527,FULL,Phaseolus,vulgaris,Phaseolus vulgaris,300,19750501,COL,CAICEDONIA - VALLE DEL CAUCA,4.34,-75.82,,19750501.0,20.0
10.18730/JS7W~,G14017,FULL,Phaseolus,vulgaris,Phaseolus vulgaris,300,19810601,COL,MONIQUIRA - MONIQUIRA - BOYACA,5.83,-73.54,,19810601.0,40.0
10.18730/JS7CH,G13928,FULL,Phaseolus,vulgaris,Phaseolus vulgaris,300,19810501,COL,PURACÉ - PURACE - CAUCA,2.4,-76.45,,19810501.0,20.0
10.18730/JS7HP,G13924,FULL,Phaseolus,vulgaris,Phaseolus vulgaris,300,19810501,COL,CÓRDOBA - CORDOBA - NARIÑO,0.85,-77.52,2800.0,19810501.0,20.0
10.18730/JRXDZ,G12726,FULL,Phaseolus,vulgaris,Phaseolus vulgaris,300,19790101,COL,MANIZALES - CALDAS,5.08,-75.54,,19790101.0,20.0
10.18730/JP0WY,G12720,FULL,Phaseolus,vulgaris,Phaseolus vulgaris,300,19781001,COL,SAN ANTONIO - RIONEGRO - ANTIOQUIA,6.13,-75.37,,19781001.0,40.0
10.18730/JNFHY,G12707,FULL,Phaseolus,vulgaris,Phaseolus vulgaris,300,19781101,COL,IPIALES - IPIALES - NARIÑO,0.82,-77.66,2900.0,19781101.0,40.0
10.18730/JRX7S,G12666,FULL,Phaseolus,vulgaris,Phaseolus vulgaris,300,19790101,COL,"CONTADERO, VEREDA SAN JUAN, FINCA CHALIPIAL - CONTADERO - NARIÑO",0.92,-77.55,2000.0,19790101.0,40.0
10.18730/JP057,G12652,FULL,Phaseolus,vulgaris,Phaseolus vulgaris,300,19781201,COL,"MONGUI, FINCA LA PIEDRA - MONGUI - BOYACA",5.73,-72.84,2700.0,19781201.0,40.0
10.18730/JRWE0,G12649,FULL,Phaseolus,vulgaris,Phaseolus vulgaris,300,19790101,COL,RIONEGRO - RIONEGRO - ANTIOQUIA,6.16,-75.38,,19790101.0,40.0
10.18730/K4Q4K,G52127,FULL,Phaseolus,vulgaris,Phaseolus vulgaris,300,19821101,COL,CALI - VALLE DEL CAUCA,3.46,-76.54,,19821101.0,40.0
10.18730/K4Q5M,G52128,FULL,Phaseolus,vulgaris,Phaseolus vulgaris,300,19821101,COL,SANTANDER DE QUILICHAO - CAUCA,3.02,-76.48,,19821101.0,40.0
10.18730/S33GP,G50870A,FULL,Phaseolus,vulgaris,Phaseolus vulgaris,300,19960120,COL,"14 KM N NEIRA VÍA LA FELISA, PAN DE AZÚCAR - NEIRA - CALDAS",5.2,-75.52,1865.0,19960120.0,20.0
10.18730/S4G8B,G50990N,FULL,Phaseolus,vulgaris,Phaseolus vulgaris,200,19940815,COL,"6 KM W EL ROSARIO, LA MONTAÑA, FINCA CUMBAL - EL ROSARIO - NARIÑO",1.75,-77.33,1660.0,19940815.0,60.0
10.18730/JH588,G9518,FULL,Phaseolus,vulgaris,Phaseolus vulgaris,300,19700901,ETH,ADDIS ABABA - ADDIS ABABA - SHEWA,9.03,38.7,,19700901.0,40.0
10.18730/JZR51,G807,FULL,Phaseolus,vulgaris,Phaseolus vulgaris,300,19700901,ETH,"60 KM SOUTH OF ADDIS ABABA, MOJO - MOJO - SHEWA",8.48,39.13,,19700901.0,40.0
10.18730/JZQ9A,G761,FULL,Phaseolus,vulgaris,Phaseolus vulgaris,300,19700901,ETH,DIRE DAWA - DIRE DAWA - HARERGE,9.58,41.87,,19700901.0,40.0
10.18730/JFP5J,G6980,FULL,Phaseolus,vulgaris,Phaseolus vulgaris,300,19730301,ETH,EREMAYA HARAR - HARAR - HARERGE,9.32,42.12,1500.0,19730301.0,40.0
10.18730/JMY5X,G20142,FULL,Phaseolus,vulgaris,Phaseolus vulgaris,300,19781001,ETH,"NEAR BULBULA, 195 KM ALONG ROAD TO SHASHAMANE - SHASHAMANE - SHEWA",7.69,38.65,,19781001.0,40.0
10.18730/S4QV*,G19236B,FULL,Phaseolus,vulgaris,Phaseolus vulgaris,300,19781001,ETH,BAKO - BAKO - GAMO GOFA,5.78,36.57,1290.0,19781001.0,40.0
10.18730/JMBT$,G14177,FULL,Phaseolus,vulgaris,Phaseolus vulgaris,300,19781001,ETH,AGRICULTURAL COLLEGE IN ALLEM MAYA - ALEM MAYA - HARERGE,9.4,42.02,,19781001.0,40.0
10.18730/PEET=,G13072,FULL,Phaseolus,vulgaris,Phaseolus vulgaris,300,19781001,ETH,"40 KM W OF SHASHAMANE, DODITTI - SHASHAMANE - SHEWA",7.17,38.59,,19781001.0,40.0
10.18730/JH4KR,G9517,FULL,Phaseolus,vulgaris,Phaseolus vulgaris,300,19700901,TUR,ANKARA - ANKARA - ANKARA,40.0,32.93,,19700901.0,40.0
10.18730/S63MV,G9516C,FULL,Phaseolus,vulgaris,Phaseolus vulgaris,300,19700901,TUR,MENGEN - BOLU,40.73,31.65,,19700901.0,40.0
10.18730/JH4EK,G9515,FULL,Phaseolus,vulgaris,Phaseolus vulgaris,300,19700901,TUR,MUSTECAP - BALIKESIR,39.74,27.88,,19700901.0,40.0
10.18730/JH3Y3,G9513,FULL,Phaseolus,vulgaris,Phaseolus vulgaris,300,19700901,TUR,MANAGAT - ANTALYA,36.8,31.44,,19700901.0,40.0
10.18730/JH3X2,G9512,FULL,Phaseolus,vulgaris,Phaseolus vulgaris,300,19700901,TUR,KORKUTELI - ANTALYA,37.07,30.22,2700.0,19700901.0,40.0
10.18730/K3H4R,G9511,FULL,Phaseolus,vulgaris,Phaseolus vulgaris,300,19700901,TUR,USAK - KUTAHYA,38.7,29.42,,19700901.0,40.0
10.18730/JZ2TN,G9,FULL,Phaseolus,vulgaris,Phaseolus vulgaris,300,19700901,TUR,BAZAAR IN KONYA - KONYA - KONYA,37.87,32.52,,19700901.0,40.0
10.18730/JZTVD,G897,FULL,Phaseolus,vulgaris,Phaseolus vulgaris,300,19700901,TUR,SAMSUN - SAMSUN,41.25,36.37,,19700901.0,40.0
10.18730/JZV1K,G885,FULL,Phaseolus,vulgaris,Phaseolus vulgaris,300,19700901,TUR,DOGANSEHR - MALATYA,38.1,37.88,,19700901.0,40.0
10.18730/JZV0J,G884,FULL,Phaseolus,vulgaris,Phaseolus vulgaris,300,19700901,TUR,PASA FABRICASI - SIVAS,39.75,37.03,,19700901.0,40.0
10.18730/S35RM,G8239A,FULL,Phaseolus,vulgaris,Phaseolus vulgaris,300,19700901,TUR,SOGUK PINAR - BURSA,40.06,29.12,,19700901.0,40.0
10.18730/JSC1J,G710A,FULL,Phaseolus,vulgaris,Phaseolus vulgaris,300,19700901,TUR,KAMERA - TRABZON,41.0,39.72,,19700901.0,40.0
10.18730/JZNN*,G706,FULL,Phaseolus,vulgaris,Phaseolus vulgaris,300,19700901,TUR,MARASH - MARAS,37.6,36.92,,19700901.0,40.0
10.18730/JZNCQ,G696,FULL,Phaseolus,vulgaris,Phaseolus vulgaris,300,19700901,TUR,SUSURLUK - BALIKESIR,39.91,28.18,,19700901.0,40.0
10.18730/JZNBP,G695,FULL,Phaseolus,vulgaris,Phaseolus vulgaris,300,19700901,TUR,ELBISTAN - MARAS,38.23,37.18,,19700901.0,40.0
10.18730/JZN7J,G691,FULL,Phaseolus,vulgaris,Phaseolus vulgaris,300,19700901,TUR,NUSAYBIN - MARDIN,37.09,41.24,,19700901.0,40.0
10.18730/JZN6H,G690,FULL,Phaseolus,vulgaris,Phaseolus vulgaris,300,19700901,TUR,MUS - MUS,38.73,41.47,,19700901.0,40.0
10.18730/JZN5G,G689,FULL,Phaseolus,vulgaris,Phaseolus vulgaris,300,19700901,TUR,KARAKOSE - KARAKOSE - AGRI,39.73,43.05,,19700901.0,40.0
10.18730/JFWM3,G6674,FULL,Phaseolus,vulgaris,Phaseolus vulgaris,300,19740301,TUR,"TECHNICAL SCHOOL, BAHCEVANIK - BAHCEVANIK - ERZURUM",40.39,41.07,,19740301.0,40.0
10.18730/JFWH0,G6671,FULL,Phaseolus,vulgaris,Phaseolus vulgaris,300,19740301,TUR,EZINE - CANAKKALE,39.8,26.34,,19740301.0,40.0
10.18730/JFWK2,G6673,FULL,Phaseolus,vulgaris,Phaseolus vulgaris,300,19740301,TUR,"FROM THE CANE EXPERIMENTAL STATION, SEYHAN - SEYHAN - ADANA",37.0,35.3,,19740301.0,40.0
10.18730/JZM9S,G644,FULL,Phaseolus,vulgaris,Phaseolus vulgaris,300,19700901,TUR,GEMLIK - BURSA,40.44,29.17,,19700901.0,40.0
10.18730/JZM6P,G641,FULL,Phaseolus,vulgaris,Phaseolus vulgaris,300,19700901,TUR,POLATLI - ANKARA,39.6,32.15,,19700901.0,40.0
10.18730/JZMFZ,G640,FULL,Phaseolus,vulgaris,Phaseolus vulgaris,300,19700901,TUR,UMURBEY - CANAKKALE,40.24,26.6,,19700901.0,40.0
10.18730/JZM0G,G635,FULL,Phaseolus,vulgaris,Phaseolus vulgaris,300,19700901,TUR,DIHOK - SIIRT,37.93,41.95,,19700901.0,40.0
10.18730/JZKZF,G634,FULL,Phaseolus,vulgaris,Phaseolus vulgaris,300,19700901,TUR,ERZURUM - ERZURUM,39.94,41.25,,19700901.0,40.0
10.18730/JZKQ7,G626,FULL,Phaseolus,vulgaris,Phaseolus vulgaris,300,19700901,TUR,AYVALIK - BALIKESIR,39.31,26.69,,19700901.0,40.0
10.18730/JZKP6,G625,FULL,Phaseolus,vulgaris,Phaseolus vulgaris,300,19700901,TUR,BALTACI CIFTIGI - ISTANBUL,40.65,29.25,,19700901.0,40.0
10.18730/JZKN5,G624,FULL,Phaseolus,vulgaris,Phaseolus vulgaris,300,19700901,TUR,KAGIZMAN - KARS,40.12,43.14,,19700901.0,40.0
10.18730/JZKM4,G623,FULL,Phaseolus,vulgaris,Phaseolus vulgaris,300,19700901,TUR,SAHINDERE MAHALLESI - KARS,40.14,43.1,,19700901.0,40.0
10.18730/JZKK3,G622,FULL,Phaseolus,vulgaris,Phaseolus vulgaris,300,19700901,TUR,ENGIZ - SAMSUN,41.48,36.11,,19700901.0,40.0
10.18730/JZKVB,G621,FULL,Phaseolus,vulgaris,Phaseolus vulgaris,300,19700901,TUR,KULLAR - KOCAELI,40.71,29.99,,19700901.0,40.0
10.18730/JZKJ2,G611,FULL,Phaseolus,vulgaris,Phaseolus vulgaris,300,19700901,TUR,MUSTAFA KEMALPASA - BURSA,40.05,28.38,,19700901.0,40.0
10.18730/JZK7W,G609,FULL,Phaseolus,vulgaris,Phaseolus vulgaris,300,19700901,TUR,HAYRABOLU - TEKIDAG,41.2,27.11,,19700901.0,40.0
10.18730/JZK6V,G608,FULL,Phaseolus,vulgaris,Phaseolus vulgaris,300,19700901,TUR,UZUNKOPRU - EDIRNE,41.27,26.71,,19700901.0,40.0
10.18730/JZK5T,G607,FULL,Phaseolus,vulgaris,Phaseolus vulgaris,300,19700901,TUR,SELDEGIAMEN - GIRESUN,40.25,38.42,,19700901.0,40.0
10.18730/JZK4S,G606,FULL,Phaseolus,vulgaris,Phaseolus vulgaris,300,19700901,TUR,CANKIRI - CANKIRI,40.61,33.62,,19700901.0,40.0
10.18730/K3XVR,G603A,FULL,Phaseolus,vulgaris,Phaseolus vulgaris,300,19700901,TUR,DEMERCI OREN - KUTAHYA,39.44,29.86,,19700901.0,40.0
10.18730/JZK2Q,G604,FULL,Phaseolus,vulgaris,Phaseolus vulgaris,300,19700901,TUR,CIFTLIGI HARASI - ESKISEHIR,39.77,30.53,,19700901.0,40.0
10.18730/JZK0N,G602,FULL,Phaseolus,vulgaris,Phaseolus vulgaris,300,19700901,TUR,GUVECCI - KUTAHYA,39.45,29.91,,19700901.0,40.0
10.18730/JZJYK,G596,FULL,Phaseolus,vulgaris,Phaseolus vulgaris,300,19700901,TUR,URGUP - KAYSERI,38.62,34.92,,19700901.0,40.0
10.18730/JZJXJ,G595,FULL,Phaseolus,vulgaris,Phaseolus vulgaris,300,19700901,TUR,PIYANIS - PIYANIS - HAKKARI,37.59,43.57,,19700901.0,40.0
10.18730/JZJWH,G594,FULL,Phaseolus,vulgaris,Phaseolus vulgaris,300,19700901,TUR,CUKURCA - HAKKARI,37.25,43.62,,19700901.0,40.0
10.18730/JZJVG,G593,FULL,Phaseolus,vulgaris,Phaseolus vulgaris,300,19700901,TUR,MASTIKALE - SAMSUN,41.28,36.33,,19700901.0,40.0
10.18730/JZJTF,G592,FULL,Phaseolus,vulgaris,Phaseolus vulgaris,300,19700901,TUR,MERZIFON - AMASYA,40.89,35.49,,19700901.0,40.0
10.18730/JZJZM,G591,FULL,Phaseolus,vulgaris,Phaseolus vulgaris,300,19700901,TUR,UGAZ - KASTAMONU,41.37,33.78,,19700901.0,40.0
10.18730/JZJM9,G585,FULL,Phaseolus,vulgaris,Phaseolus vulgaris,300,19700901,TUR,KONYA - KONYA,37.86,32.56,,19700901.0,40.0
10.18730/JZJB0,G576,FULL,Phaseolus,vulgaris,Phaseolus vulgaris,300,19700901,TUR,AYVACIK - CANAKKALE,41.0,36.65,,19700901.0,40.0
10.18730/JZJAU,G575,FULL,Phaseolus,vulgaris,Phaseolus vulgaris,300,19700901,TUR,BAFRA - SAMSUN,41.57,35.94,,19700901.0,40.0
10.18730/JZJ9=,G574,FULL,Phaseolus,vulgaris,Phaseolus vulgaris,300,19700901,TUR,UZUNGAZI - SAMSUN,41.17,36.95,,19700901.0,40.0
10.18730/JZJ8$,G573,FULL,Phaseolus,vulgaris,Phaseolus vulgaris,300,19700901,TUR,CAY MAHALLESI - SAMSUN,41.2,36.98,,19700901.0,40.0
10.18730/JZJ7~,G572,FULL,Phaseolus,vulgaris,Phaseolus vulgaris,300,19700901,TUR,KALECIK - ANKARA,40.11,33.42,,19700901.0,40.0
10.18730/JZJG5,G571,FULL,Phaseolus,vulgaris,Phaseolus vulgaris,300,19700901,TUR,ALPAGUT - ESKISEHIR,40.02,30.5,,19700901.0,40.0
10.18730/JZJ6*,G570,FULL,Phaseolus,vulgaris,Phaseolus vulgaris,300,19700901,TUR,KUTAHYA - KUTAHYA,39.44,29.99,,19700901.0,40.0
10.18730/JZHPG,G554,FULL,Phaseolus,vulgaris,Phaseolus vulgaris,300,19700901,TUR,MADEN - NIDGE,37.45,34.62,,19700901.0,40.0
10.18730/JZHNF,G553,FULL,Phaseolus,vulgaris,Phaseolus vulgaris,300,19700901,TUR,TEPEKOY - NIDGE,37.62,34.37,,19700901.0,40.0
10.18730/JGJJ2,G5522,FULL,Phaseolus,vulgaris,Phaseolus vulgaris,300,19730301,TUR,AYAS - ANKARA,40.02,32.35,,19730301.0,40.0
10.18730/JGJK3,G5523,FULL,Phaseolus,vulgaris,Phaseolus vulgaris,300,19730301,TUR,BOSPORUS - BOSPORUS - ISTANBUL,41.0,29.0,,19730301.0,40.0
10.18730/JZHHB,G549,FULL,Phaseolus,vulgaris,Phaseolus vulgaris,300,19700901,TUR,SIVAS - SIVAS,39.75,37.06,,19700901.0,40.0
10.18730/JZHD7,G545,FULL,Phaseolus,vulgaris,Phaseolus vulgaris,300,19700901,TUR,SUSEHRI - SIVAS,40.18,38.1,,19700901.0,40.0
10.18730/JZHC6,G544,FULL,Phaseolus,vulgaris,Phaseolus vulgaris,300,19700901,TUR,ASAPALANGA - ERZINCAN,39.72,39.49,,19700901.0,40.0
10.18730/K3GPA,G540A,FULL,Phaseolus,vulgaris,Phaseolus vulgaris,300,19700901,TUR,PERTEK - TUNCELI,38.87,39.33,1260.0,19700901.0,40.0
10.18730/JZH71,G539,FULL,Phaseolus,vulgaris,Phaseolus vulgaris,300,19700901,TUR,ESKISEHIR - ESKISEHIR,39.74,30.49,,19700901.0,40.0
10.18730/JZH5U,G537,FULL,Phaseolus,vulgaris,Phaseolus vulgaris,300,19700901,TUR,KAYSERI - KAYSERI,38.78,35.55,,19700901.0,40.0
10.18730/JZGYX,G530,FULL,Phaseolus,vulgaris,Phaseolus vulgaris,300,19700901,TUR,KIRSEHIR - KIRSEHIR,39.15,34.17,,19700901.0,40.0
10.18730/JZGWV,G528,FULL,Phaseolus,vulgaris,Phaseolus vulgaris,300,19700901,TUR,ISMAIL - CORUM,40.55,34.97,,19700901.0,40.0
10.18730/JZGSR,G525,FULL,Phaseolus,vulgaris,Phaseolus vulgaris,300,19700901,TUR,SALIHLI - MANISA,38.5,28.16,,19700901.0,40.0
10.18730/JZGRQ,G524,FULL,Phaseolus,vulgaris,Phaseolus vulgaris,300,19700901,TUR,URFA - URFA,39.13,38.77,,19700901.0,40.0
10.18730/JZGQP,G523,FULL,Phaseolus,vulgaris,Phaseolus vulgaris,300,19700901,TUR,BIGA - CANAKKALE,40.25,27.25,,19700901.0,40.0
10.18730/JZGNM,G521,FULL,Phaseolus,vulgaris,Phaseolus vulgaris,300,19700901,TUR,ARAC - KASTAMONU,41.23,33.33,,19700901.0,40.0
10.18730/JZGKJ,G519,FULL,Phaseolus,vulgaris,Phaseolus vulgaris,300,19700901,TUR,TOSYA - KASTAMONU,41.0,34.03,,19700901.0,40.0
10.18730/JZGGF,G516,FULL,Phaseolus,vulgaris,Phaseolus vulgaris,300,19700901,TUR,MANYAS - BALIKESIR,40.06,27.97,,19700901.0,40.0
10.18730/JZGED,G514,FULL,Phaseolus,vulgaris,Phaseolus vulgaris,300,19700901,TUR,AKCACAM - SINOP,41.9,35.0,,19700901.0,40.0
10.18730/JZGDC,G513,FULL,Phaseolus,vulgaris,Phaseolus vulgaris,300,19700901,TUR,SAZLI - SINOP,41.72,34.87,,19700901.0,40.0
10.18730/JZGPN,G512,FULL,Phaseolus,vulgaris,Phaseolus vulgaris,300,19700901,TUR,KARAMURSEL - KOCAELI,40.68,29.6,,19700901.0,40.0
10.18730/JZEVU,G462,FULL,Phaseolus,vulgaris,Phaseolus vulgaris,300,19700901,TUR,ELAZIG - ELAZIG,38.69,39.24,,19700901.0,40.0
10.18730/JZER~,G459,FULL,Phaseolus,vulgaris,Phaseolus vulgaris,300,19700901,TUR,MALATYA - MALATYA,38.38,38.32,,19700901.0,40.0
10.18730/JZEQ*,G458,FULL,Phaseolus,vulgaris,Phaseolus vulgaris,300,19700901,TUR,GAZIANTEP - GAZIANTEP,37.11,37.37,,19700901.0,40.0
10.18730/JZEW0,G453,FULL,Phaseolus,vulgaris,Phaseolus vulgaris,300,19700901,TUR,MARDIN - MARDIN,37.32,40.74,,19700901.0,40.0
10.18730/JZEHT,G452,FULL,Phaseolus,vulgaris,Phaseolus vulgaris,300,19700901,TUR,DIYARBAKIR - DIYARBAKIR,37.93,40.25,,19700901.0,40.0
10.18730/JZEFR,G450,FULL,Phaseolus,vulgaris,Phaseolus vulgaris,300,19700901,TUR,ERCIS - VAN,39.05,43.37,,19700901.0,40.0
10.18730/JZEBM,G446,FULL,Phaseolus,vulgaris,Phaseolus vulgaris,300,19700901,TUR,AKSARAY - NIDGE,38.38,34.05,,19700901.0,40.0
10.18730/JZE6F,G441,FULL,Phaseolus,vulgaris,Phaseolus vulgaris,300,19700901,TUR,GOVERNOR'S HAKARI - HAKKARI - HAKKARI,37.56,43.74,,19700901.0,40.0
10.18730/JZE4D,G438,FULL,Phaseolus,vulgaris,Phaseolus vulgaris,300,19700901,TUR,AKSARAY MAKALLESI - ELAZIG,38.65,39.21,,19700901.0,40.0
10.18730/JZDY7,G432,FULL,Phaseolus,vulgaris,Phaseolus vulgaris,300,19700901,TUR,GERMUS - URFA,37.13,38.77,,19700901.0,40.0
10.18730/JZDN=,G423,FULL,Phaseolus,vulgaris,Phaseolus vulgaris,300,19700901,TUR,VAN - VAN,38.55,43.37,,19700901.0,40.0
10.18730/JZDM$,G422,FULL,Phaseolus,vulgaris,Phaseolus vulgaris,300,19700901,TUR,GARDENER IN YUSUFELI - YUSUFELI - ARTVIN,40.82,41.55,,19700901.0,40.0
10.18730/JZDJ*,G420,FULL,Phaseolus,vulgaris,Phaseolus vulgaris,300,19700901,TUR,IGDIR - KARS,40.43,42.91,,19700901.0,40.0
10.18730/JZDHZ,G419,FULL,Phaseolus,vulgaris,Phaseolus vulgaris,300,19700901,TUR,ARTVIN - CORUH,41.19,41.83,,19700901.0,40.0
10.18730/JZDFX,G417,FULL,Phaseolus,vulgaris,Phaseolus vulgaris,300,19700901,TUR,ARHAVI - CORUH,41.35,41.32,,19700901.0,40.0
10.18730/JZDCT,G414,FULL,Phaseolus,vulgaris,Phaseolus vulgaris,300,19700901,TUR,POSOF - KARS,41.51,42.75,,19700901.0,40.0
10.18730/JZDBS,G413,FULL,Phaseolus,vulgaris,Phaseolus vulgaris,300,19700901,TUR,CILAVUZ - KARS,40.5,42.75,,19700901.0,40.0
10.18730/JZCT8,G392,FULL,Phaseolus,vulgaris,Phaseolus vulgaris,300,19700901,TUR,KISANTA - GUMUSHANE,40.13,39.75,,19700901.0,40.0
10.18730/JZD0E,G390,FULL,Phaseolus,vulgaris,Phaseolus vulgaris,300,19700901,TUR,AKCAABAT - TRABZON,41.02,39.56,,19700901.0,40.0
10.18730/JZCBY,G377,FULL,Phaseolus,vulgaris,Phaseolus vulgaris,300,19700901,TUR,RIZE - RIZE,41.01,40.52,,19700901.0,40.0
10.18730/JZCE~,G370,FULL,Phaseolus,vulgaris,Phaseolus vulgaris,300,19700901,TUR,PELITILI YATAK - ORDU,35.93,36.02,,19700901.0,40.0
10.18730/JZC3P,G369,FULL,Phaseolus,vulgaris,Phaseolus vulgaris,300,19700901,TUR,UGURLU - UNYE - ORDU,41.0,37.13,,19700901.0,40.0
10.18730/JZC1M,G367,FULL,Phaseolus,vulgaris,Phaseolus vulgaris,300,19700901,TUR,TOKAT - TOKAT,40.6,36.97,,19700901.0,40.0
10.18730/JZC4Q,G360,FULL,Phaseolus,vulgaris,Phaseolus vulgaris,300,19700901,TUR,TOKAT - TOKAT,40.36,36.58,,19700901.0,40.0
10.18730/JZBQA,G357,FULL,Phaseolus,vulgaris,Phaseolus vulgaris,300,19700901,TUR,AMASYA - AMASYA,40.65,35.85,,19700901.0,40.0
10.18730/JZBP9,G356,FULL,Phaseolus,vulgaris,Phaseolus vulgaris,300,19700901,TUR,BELDAG - AMASYA,40.63,36.14,,19700901.0,40.0
10.18730/JZBCU,G345,FULL,Phaseolus,vulgaris,Phaseolus vulgaris,300,19700901,TUR,BARTIN - BARTIN,41.64,32.35,,19700901.0,40.0
10.18730/JZBB=,G344,FULL,Phaseolus,vulgaris,Phaseolus vulgaris,300,19700901,TUR,ADAPAZARI TOHUM ISLAH IS - KOCAELI,37.32,30.73,,19700901.0,40.0
10.18730/JZBG3,G341,FULL,Phaseolus,vulgaris,Phaseolus vulgaris,300,19700901,TUR,ISTANBUL - ISTANBUL,41.13,28.99,,19700901.0,40.0
10.18730/JZB8*,G340,FULL,Phaseolus,vulgaris,Phaseolus vulgaris,300,19700901,TUR,BURSA - BURSA,40.18,29.07,,19700901.0,40.0
10.18730/JZB6Y,G338,FULL,Phaseolus,vulgaris,Phaseolus vulgaris,300,19700901,TUR,TUZAKLI - BURSA,40.18,29.0,,19700901.0,40.0
10.18730/JZB2T,G334,FULL,Phaseolus,vulgaris,Phaseolus vulgaris,300,19700901,TUR,KARA ISLAH - BURSA,40.02,29.13,,19700901.0,40.0
10.18730/JZAQF,G322,FULL,Phaseolus,vulgaris,Phaseolus vulgaris,300,19700901,TUR,BANDIRMA - BALIKESIR,40.34,27.97,,19700901.0,40.0
10.18730/JZAZQ,G321,FULL,Phaseolus,vulgaris,Phaseolus vulgaris,300,19700901,TUR,KOCAGOL - BALIKESIR,40.15,27.85,,19700901.0,40.0
10.18730/JZAH9,G314,FULL,Phaseolus,vulgaris,Phaseolus vulgaris,300,19700901,TUR,YARISALAN - BALIKESIR,39.93,27.79,,19700901.0,40.0
10.18730/JZAG8,G313,FULL,Phaseolus,vulgaris,Phaseolus vulgaris,300,19700901,TUR,BALIKESIR - BALIKESIR,39.66,27.88,,19700901.0,40.0
10.18730/JZAPE,G311,FULL,Phaseolus,vulgaris,Phaseolus vulgaris,300,19700901,TUR,IZMIR - IZMIR,38.41,27.22,,19700901.0,40.0
10.18730/JZAA2,G307,FULL,Phaseolus,vulgaris,Phaseolus vulgaris,300,19700901,TUR,YENICE - CANAKKALE,39.92,27.27,,19700901.0,40.0
10.18730/JZA80,G305,FULL,Phaseolus,vulgaris,Phaseolus vulgaris,300,19700901,TUR,CAN - CANAKKALE,40.03,27.05,,19700901.0,40.0
10.18730/JZA7U,G304,FULL,Phaseolus,vulgaris,Phaseolus vulgaris,300,19700901,TUR,BAYRAMIC - CANAKKALE,39.8,26.62,,19700901.0,40.0
10.18730/K40K1,G300A,FULL,Phaseolus,vulgaris,Phaseolus vulgaris,300,19700901,TUR,CANAKKALE - CANAKKALE,40.17,26.41,,19700901.0,40.0
10.18730/JZA1Y,G299,FULL,Phaseolus,vulgaris,Phaseolus vulgaris,300,19700901,TUR,ISIKLER - CANAKKALE,40.15,26.5,,19700901.0,40.0
10.18730/JZ9ZW,G297,FULL,Phaseolus,vulgaris,Phaseolus vulgaris,300,19700901,TUR,KESAN - EDIRNE,40.86,26.6,,19700901.0,40.0
10.18730/JZ9YV,G296,FULL,Phaseolus,vulgaris,Phaseolus vulgaris,300,19700901,TUR,HAMITOBOT - KIRKLARELI,41.5,27.3,,19700901.0,40.0
10.18730/JZ9PK,G288,FULL,Phaseolus,vulgaris,Phaseolus vulgaris,300,19700901,TUR,CORLU - TEKIRDAG,41.17,27.82,,19700901.0,40.0
10.18730/JZ9NJ,G287,FULL,Phaseolus,vulgaris,Phaseolus vulgaris,300,19700901,TUR,EDIRNE - EDIRNE,41.68,26.59,,19700901.0,40.0
10.18730/JZ9HE,G274,FULL,Phaseolus,vulgaris,Phaseolus vulgaris,300,19700901,TUR,MERIC - EDIRNE,41.19,26.43,,19700901.0,40.0
10.18730/JZ974,G273,FULL,Phaseolus,vulgaris,Phaseolus vulgaris,300,19700901,TUR,BABAESKI - KIRKLARELI,41.73,27.2,,19700901.0,40.0
10.18730/JZ963,G272,FULL,Phaseolus,vulgaris,Phaseolus vulgaris,300,19700901,TUR,DEREKOY - KIRKLARELI,39.28,27.32,,19700901.0,40.0
10.18730/JZ91=,G267,FULL,Phaseolus,vulgaris,Phaseolus vulgaris,300,19700901,TUR,CAYIROYA - KOCAELI,40.81,29.35,,19700901.0,40.0
10.18730/JZ8MP,G254,FULL,Phaseolus,vulgaris,Phaseolus vulgaris,300,19700901,TUR,BERGAMA - IZMIR,38.13,27.16,,19700901.0,40.0
10.18730/JZ879,G240,FULL,Phaseolus,vulgaris,Phaseolus vulgaris,300,19700901,TUR,ALASEHIR - MANISA,38.6,28.56,,19700901.0,40.0
10.18730/JSC2K,G239A,FULL,Phaseolus,vulgaris,Phaseolus vulgaris,300,19700901,TUR,SINDIRGI - BALIKESIR,39.2,28.2,,19700901.0,40.0
10.18730/JZ7XU,G231,FULL,Phaseolus,vulgaris,Phaseolus vulgaris,300,19700901,TUR,SELCUK - IZMIR,37.94,27.35,,19700901.0,40.0
10.18730/JZ7W=,G230,FULL,Phaseolus,vulgaris,Phaseolus vulgaris,300,19700901,TUR,AYDIN - AYDIN,37.86,27.85,,19700901.0,40.0
10.18730/JZ7V$,G229,FULL,Phaseolus,vulgaris,Phaseolus vulgaris,300,19700901,TUR,KOYCEGIZ - MUGLA,36.96,28.67,,19700901.0,40.0
10.18730/JZ8CE,G228,FULL,Phaseolus,vulgaris,Phaseolus vulgaris,300,19700901,TUR,MUGLA - MUGLA,37.2,28.35,,19700901.0,40.0
10.18730/JZ824,G227,FULL,Phaseolus,vulgaris,Phaseolus vulgaris,300,19700901,TUR,FETHIYE - MUGLA,36.68,29.13,,19700901.0,40.0
10.18730/K3XKG,G224A,FULL,Phaseolus,vulgaris,Phaseolus vulgaris,300,19700901,TUR,VILLAGE OF OSMANBUKU - OSMANBUKU - AYDIN,37.81,27.77,,19700901.0,40.0
10.18730/JVT96,G22205,FULL,Phaseolus,vulgaris,Phaseolus vulgaris,300,19860701,TUR,NARMAN - NARMAN - ERZURUM,40.35,41.87,,19860701.0,40.0
10.18730/JZ7KT,G222,FULL,Phaseolus,vulgaris,Phaseolus vulgaris,300,19700901,TUR,"TROOPICAL PLANT BREEDING STATION, ANTALYA - ANTALYA - ANTALYA",36.92,30.6,,19700901.0,40.0
10.18730/JZ7JS,G221,FULL,Phaseolus,vulgaris,Phaseolus vulgaris,300,19700901,TUR,ELMALI - ANTALYA,36.74,29.94,,19700901.0,40.0
10.18730/JVME4,G21909,FULL,Phaseolus,vulgaris,Phaseolus vulgaris,300,19850101,TUR,INEGOL - BURSA,40.09,29.53,,19850101.0,40.0
10.18730/JVM2X,G21903,FULL,Phaseolus,vulgaris,Phaseolus vulgaris,300,19850101,TUR,SULTANDAG - SULTANDAG - AFYON,38.54,31.24,,19850101.0,40.0
10.18730/JVM1W,G21902,FULL,Phaseolus,vulgaris,Phaseolus vulgaris,300,19850101,TUR,KAYMAZ - ESKISEHIR,39.52,31.19,,19850101.0,40.0
10.18730/JZ835,G219,FULL,Phaseolus,vulgaris,Phaseolus vulgaris,300,19700901,TUR,SULEKLER - ANTALYA,37.12,30.09,,19700901.0,40.0
10.18730/JZ7S*,G210,FULL,Phaseolus,vulgaris,Phaseolus vulgaris,300,19700901,TUR,KORKUTELI - ANTALYA,37.04,30.13,,19700901.0,40.0
10.18730/JMQF0,G20505,FULL,Phaseolus,vulgaris,Phaseolus vulgaris,300,19781001,TUR,CIMISKI - BILECIK,40.27,30.35,,19781001.0,40.0
10.18730/JZ74B,G205,FULL,Phaseolus,vulgaris,Phaseolus vulgaris,300,19700901,TUR,"FROM AGRICUTURAL TEACHER, TARSUS - TARSUS - ICEL",36.88,34.89,,19700901.0,40.0
10.18730/JMPVH,G20488,FULL,Phaseolus,vulgaris,Phaseolus vulgaris,300,19781001,TUR,ALMUS - TOKAT,40.38,36.89,,19781001.0,40.0
10.18730/JMP5*,G20482,FULL,Phaseolus,vulgaris,Phaseolus vulgaris,300,19781001,TUR,SILIFKE - ICEL,36.38,33.96,,19781001.0,40.0
10.18730/JZ6Y5,G200,FULL,Phaseolus,vulgaris,Phaseolus vulgaris,300,19700901,TUR,TOMUK - TOMUK - ICEL,36.69,34.37,,19700901.0,40.0
10.18730/JZ6KZ,G190A,FULL,Phaseolus,vulgaris,Phaseolus vulgaris,300,19700901,TUR,KIRIKHAN - HATAY,36.51,36.38,,19700901.0,40.0
10.18730/JZ6M*,G191,FULL,Phaseolus,vulgaris,Phaseolus vulgaris,300,19700901,TUR,"FROM DE CITRUS EXPERIMENT STATION, DORTYOL - DORTYOL - HATAY",36.87,36.2,,19700901.0,40.0
10.18730/JKKAV,G16917,FULL,Phaseolus,vulgaris,Phaseolus vulgaris,300,19780101,TUR,ADAPAZARI - SAKARYA,40.8,30.39,,19780101.0,40.0
10.18730/JH522,G16827,FULL,Phaseolus,vulgaris,Phaseolus vulgaris,300,19700901,TUR,ORHANGAZI - BURSA,40.51,29.3,,19700901.0,40.0
10.18730/JH544,G16828,FULL,Phaseolus,vulgaris,Phaseolus vulgaris,300,19700901,TUR,ECEABAT - CANAKKALE,40.19,26.35,,19700901.0,40.0
10.18730/JH4BG,G16809,FULL,Phaseolus,vulgaris,Phaseolus vulgaris,300,19700901,TUR,SEED STORE IN MANISA - MANISA - MANISA,38.6,27.43,,19700901.0,40.0
10.18730/JH4SY,G16816,FULL,Phaseolus,vulgaris,Phaseolus vulgaris,300,19700901,TUR,KESKIN - ESKISEHIR,39.85,30.4,,19700901.0,40.0
10.18730/JH4NT,G16815,FULL,Phaseolus,vulgaris,Phaseolus vulgaris,300,19700901,TUR,SEED DEALER IN KAYSERI - KAYSERI - KAYSERI,38.72,35.5,,19700901.0,40.0
10.18730/JH49E,G16810,FULL,Phaseolus,vulgaris,Phaseolus vulgaris,300,19700901,TUR,BIGADIC - BALIKESIR,39.39,28.15,,19700901.0,40.0
10.18730/JZ5YA,G158,FULL,Phaseolus,vulgaris,Phaseolus vulgaris,300,19700901,TUR,STORE IN BEYPAZARI - BEYPAZARI - ANKARA,40.17,31.93,,19700901.0,40.0
10.18730/JZ5KU,G156,FULL,Phaseolus,vulgaris,Phaseolus vulgaris,300,19700901,TUR,STORE IN NALLIHAN - NALLIHAN - ANKARA,40.18,31.35,,19700901.0,40.0
10.18730/JZ5H$,G154,FULL,Phaseolus,vulgaris,Phaseolus vulgaris,300,19700901,TUR,STORE IN CAYIRHAN - CAYIRHAN - ANKARA,40.1,31.62,,19700901.0,40.0
10.18730/JZ5G~,G153,FULL,Phaseolus,vulgaris,Phaseolus vulgaris,300,19700901,TUR,STORE IN ISTANBUL - ISTANBUL - ISTANBUL,41.02,28.97,,19700901.0,40.0
10.18730/JH4X$,G14498,FULL,Phaseolus,vulgaris,Phaseolus vulgaris,300,19700901,TUR,ELCIK - SIVRIHISAR - ESKISEHIR,39.54,31.57,,19700901.0,40.0
10.18730/JH4DJ,G14496,FULL,Phaseolus,vulgaris,Phaseolus vulgaris,300,19700901,TUR,DEVREK - ZONGULDAK,41.22,31.97,,19700901.0,40.0
10.18730/JMQH2,G13092,FULL,Phaseolus,vulgaris,Phaseolus vulgaris,300,19781001,TUR,BOYACIKOY - ISTANBUL,41.1,29.03,,19781001.0,40.0
10.18730/JH438,G13059,FULL,Phaseolus,vulgaris,Phaseolus vulgaris,300,19700901,TUR,NAZILLI - AYDIN,37.89,28.28,,19700901.0,40.0
10.18730/JH4PV,G13040,FULL,Phaseolus,vulgaris,Phaseolus vulgaris,300,19700901,TUR,SAHII - YUKSEKOVA - HAKKARI,37.68,44.57,,19700901.0,40.0
10.18730/JZ2VP,G10,FULL,Phaseolus,vulgaris,Phaseolus vulgaris,300,19700901,TUR,BAZAR IN ANKARA - ANKARA - ANKARA,39.93,32.87,,19700901.0,40.0
10.18730/K4J58,G590,FULL,Phaseolus,vulgaris,Phaseolus vulgaris,300,19700901,TUR,SABANOZU - CANKIRI,40.49,33.31,,19700901.0,40.0
10.18730/K4J69,G600,FULL,Phaseolus,vulgaris,Phaseolus vulgaris,300,19700901,TUR,YOZGAT - YOZGAT,39.84,34.8,,19700901.0,40.0
10.18730/JH3S=,G9510,FULL,Phaseolus,vulgaris,Phaseolus vulgaris,300,19700901,IND,NEW DELHI - DELHI,28.62,77.2,,19700901.0,40.0
10.18730/K2HPH,G8240,FULL,Phaseolus,vulgaris,Phaseolus vulgaris,300,19700901,IND,CHOLMO - UTTAR PRADESH,30.37,78.5,,19700901.0,40.0
10.18730/K2FGN,G8088,FULL,Phaseolus,vulgaris,Phaseolus vulgaris,300,19770101,IND,AMRITSAR - AMRITSAR - WESTERN PUNJAB,31.59,74.9,,19770101.0,40.0
10.18730/JFFZ5,G7223,FULL,Phaseolus,vulgaris,Phaseolus vulgaris,300,19700901,IND,HUBLI - KARNATAKA,15.33,75.13,,19700901.0,40.0
10.18730/JZNT0,G711,FULL,Phaseolus,vulgaris,Phaseolus vulgaris,300,19700901,IND,KHASI HILLS - NONGPOH - MEGHALAYA,25.91,91.89,,19700901.0,40.0
10.18730/JZNKY,G704,FULL,Phaseolus,vulgaris,Phaseolus vulgaris,300,19700901,IND,SURAT - GUJARAT,21.2,72.77,,19700901.0,40.0
10.18730/JZMG*,G650,FULL,Phaseolus,vulgaris,Phaseolus vulgaris,300,19700901,IND,MANDI - HIMACHAL PRADESH,31.71,76.92,,19700901.0,40.0
10.18730/JZMEY,G649,FULL,Phaseolus,vulgaris,Phaseolus vulgaris,300,19700901,IND,KULU - PUNJAB,31.97,77.12,,19700901.0,40.0
10.18730/JZMCW,G647,FULL,Phaseolus,vulgaris,Phaseolus vulgaris,300,19700901,IND,SHIM - PUNJAB,31.0,75.5,,19700901.0,40.0
10.18730/JZFVZ,G495,FULL,Phaseolus,vulgaris,Phaseolus vulgaris,300,19700901,IND,SAHARANPUR - UTTAR PRADESH,30.01,77.55,,19700901.0,40.0
10.18730/JZFSX,G493,FULL,Phaseolus,vulgaris,Phaseolus vulgaris,300,19700901,IND,HARDWAR - UTTAR PRADESH,29.88,78.18,,19700901.0,40.0
10.18730/JZG21,G492,FULL,Phaseolus,vulgaris,Phaseolus vulgaris,300,19700901,IND,KOSHALA - ODISHA,21.01,84.94,,19700901.0,40.0
10.18730/JZFQV,G491,FULL,Phaseolus,vulgaris,Phaseolus vulgaris,300,19700901,IND,PONTI - HARYANA,30.26,77.11,,19700901.0,40.0
10.18730/JZFMR,G488,FULL,Phaseolus,vulgaris,Phaseolus vulgaris,300,19700901,IND,WAZIRGANJ - UTTAR PRADESH,28.21,79.07,,19700901.0,40.0
10.18730/JZFHN,G485,FULL,Phaseolus,vulgaris,Phaseolus vulgaris,300,19700901,IND,KHURSALI - UTTARAKHAND,29.96,79.59,,19700901.0,40.0
10.18730/K3YWM,G483A,FULL,Phaseolus,vulgaris,Phaseolus vulgaris,300,19700901,IND,SUKI - UTTARAKHAND,30.52,79.73,,19700901.0,40.0
10.18730/JZFRW,G482,FULL,Phaseolus,vulgaris,Phaseolus vulgaris,300,19700901,IND,URNI - HIMACHAL PRADESH,31.53,78.13,,19700901.0,40.0
10.18730/JZFDH,G481,FULL,Phaseolus,vulgaris,Phaseolus vulgaris,300,19700901,IND,GANGI - UTTAR PRADESH,30.66,78.86,,19700901.0,40.0
10.18730/JZFCG,G480,FULL,Phaseolus,vulgaris,Phaseolus vulgaris,300,19700901,IND,BHATGAON - BIHARI,26.49,88.12,,19700901.0,40.0
10.18730/JZFAE,G477,FULL,Phaseolus,vulgaris,Phaseolus vulgaris,300,19700901,IND,TIRKAULIA - UTTAR PRADESH,28.26,80.55,,19700901.0,40.0
10.18730/JZF9D,G476,FULL,Phaseolus,vulgaris,Phaseolus vulgaris,300,19700901,IND,BARIYA - UTTAR PRADESH,25.77,84.48,,19700901.0,40.0
10.18730/JZF7B,G474,FULL,Phaseolus,vulgaris,Phaseolus vulgaris,300,19700901,IND,URI - JAMMU AND KASHMIR,34.08,74.03,,19700901.0,40.0
10.18730/JZF6A,G473,FULL,Phaseolus,vulgaris,Phaseolus vulgaris,300,19700901,IND,JALLA - UTTAR PRADESH,26.06,80.16,,19700901.0,40.0
10.18730/JZF37,G470,FULL,Phaseolus,vulgaris,Phaseolus vulgaris,300,19700901,IND,GENWALI - UTTARAKHAND,30.36,78.55,,19700901.0,40.0
10.18730/JZF26,G469,FULL,Phaseolus,vulgaris,Phaseolus vulgaris,300,19700901,IND,MUSSOORIE - UTTARAKHAND,30.46,78.08,,19700901.0,40.0
10.18730/JZEEQ,G449,FULL,Phaseolus,vulgaris,Phaseolus vulgaris,300,19700901,IND,DEHRA DUN - UTTAR PRADESH,30.33,78.03,,19700901.0,40.0
10.18730/JN332,G20710,FULL,Phaseolus,vulgaris,Phaseolus vulgaris,300,19781001,IND,VAILOO - JAMMU AND KASHMIR,33.56,75.35,,19781001.0,40.0
10.18730/JN3HG,G20708,FULL,Phaseolus,vulgaris,Phaseolus vulgaris,300,19781001,IND,KOKARNAG - JAMMU AND KASHMIR,33.58,75.31,,19781001.0,40.0
10.18730/JN3ED,G20706,FULL,Phaseolus,vulgaris,Phaseolus vulgaris,300,19781001,IND,CHANANWARI - JAMMU AND KASHMIR,34.09,75.42,,19781001.0,40.0
10.18730/S2JP2,G20690A,FULL,Phaseolus,vulgaris,Phaseolus vulgaris,300,19781001,IND,KUD - JAMMU AND KASHMIR,33.09,75.29,,19781001.0,40.0
10.18730/JN387,G20698,FULL,Phaseolus,vulgaris,Phaseolus vulgaris,300,19781001,IND,KISHNI - UTTAR PRADESH,27.03,79.25,,19781001.0,40.0
10.18730/JN2Z=,G20687,FULL,Phaseolus,vulgaris,Phaseolus vulgaris,300,19781001,IND,YUSMERG - JAMMU AND KASHMIR,33.79,74.66,,19781001.0,40.0
10.18730/JN2RW,G20680,FULL,Phaseolus,vulgaris,Phaseolus vulgaris,300,19781001,IND,VERINAG - JAMMU AND KASHMIR,33.56,75.25,,19781001.0,40.0
10.18730/JN2JP,G20675,FULL,Phaseolus,vulgaris,Phaseolus vulgaris,300,19781001,IND,PAHALGAN - JAMMU AND KASHMIR,34.03,75.33,,19781001.0,40.0
10.18730/JN28C,G20674,FULL,Phaseolus,vulgaris,Phaseolus vulgaris,300,19781001,IND,PATTAN - JAMMU AND KASHMIR,34.17,74.57,,19781001.0,40.0
10.18730/JN1VU,G20672,FULL,Phaseolus,vulgaris,Phaseolus vulgaris,300,19781001,IND,ACHHABAL - JAMMU AND KASHMIR,33.69,75.23,,19781001.0,40.0
10.18730/JN2BF,G20667,FULL,Phaseolus,vulgaris,Phaseolus vulgaris,300,19781001,IND,BARAMULA - JAMMU AND KASHMIR,34.2,74.36,,19781001.0,40.0
10.18730/JN1X1,G20664,FULL,Phaseolus,vulgaris,Phaseolus vulgaris,300,19781001,IND,BHADARWAH - JAMMU AND KASHMIR,32.98,75.71,,19781001.0,40.0
10.18730/JN1MX,G20654,FULL,Phaseolus,vulgaris,Phaseolus vulgaris,300,19781001,IND,BANIHAL PASS - BANIHAL - JAMMU AND KASHMIR,33.5,75.3,,19781001.0,40.0
10.18730/JN1T=,G20652,FULL,Phaseolus,vulgaris,Phaseolus vulgaris,300,19781001,IND,BALOD - MADHYA PRADESH,20.72,81.22,,19781001.0,40.0
10.18730/JN1NY,G20646,FULL,Phaseolus,vulgaris,Phaseolus vulgaris,300,19781001,IND,CHANDIGARH - PUNJAB,30.74,76.92,,19781001.0,40.0
10.18730/JN0W5,G20643,FULL,Phaseolus,vulgaris,Phaseolus vulgaris,300,19781001,IND,DARAMAN - HIMACHAL PRADESH,31.99,76.54,,19781001.0,40.0
10.18730/JN1DP,G20638,FULL,Phaseolus,vulgaris,Phaseolus vulgaris,300,19781001,IND,SIROHI - RAJASTHAN,24.89,72.85,,19781001.0,40.0
10.18730/JN1EQ,G20639,FULL,Phaseolus,vulgaris,Phaseolus vulgaris,300,19781001,IND,MANALI - HIMACHAL PRADESH,32.24,77.19,,19781001.0,40.0
10.18730/JN12B,G20628,FULL,Phaseolus,vulgaris,Phaseolus vulgaris,300,19781001,IND,JAINDI - HIMACHAL PRADESH,30.65,-77.21,,19781001.0,40.0
10.18730/JN0Z8,G20625,FULL,Phaseolus,vulgaris,Phaseolus vulgaris,300,19781001,IND,NAGAR - HIMACHAL PRADESH,32.12,77.17,,19781001.0,40.0
10.18730/JN109,G20626,FULL,Phaseolus,vulgaris,Phaseolus vulgaris,300,19781001,IND,CHAMBA - UDAIPUR CHAMBA - HIMACHAL PRADESH,32.57,76.14,,19781001.0,40.0
10.18730/JN11A,G20627,FULL,Phaseolus,vulgaris,Phaseolus vulgaris,300,19781001,IND,DHARMSALA - HIMACHAL PRADESH,32.22,76.32,,19781001.0,40.0
10.18730/JN0N=,G20612,FULL,Phaseolus,vulgaris,Phaseolus vulgaris,300,19781001,IND,RAISAN - HIMACHAL PRADESH,32.03,77.12,,19781001.0,40.0
10.18730/JMZQ5,G20604,FULL,Phaseolus,vulgaris,Phaseolus vulgaris,300,19781001,IND,"SARSAI, KULLU VALLEY - SARSAI - HIMACHAL PRADESH",31.14,77.17,,19781001.0,40.0
10.18730/JMZZD,G20592,FULL,Phaseolus,vulgaris,Phaseolus vulgaris,300,19781001,IND,PALAMPUR - HIMACHAL PRADESH,32.12,76.54,,19781001.0,40.0
10.18730/JMZD*,G20585,FULL,Phaseolus,vulgaris,Phaseolus vulgaris,300,19781001,IND,BARAGAON - HIMACHAL PRADESH,31.35,77.39,,19781001.0,40.0
10.18730/JMZS7,G20586,FULL,Phaseolus,vulgaris,Phaseolus vulgaris,300,19781001,IND,BANIKHET - HIMACHAL PRADESH,32.55,75.94,,19781001.0,40.0
10.18730/JMZN3,G20582,FULL,Phaseolus,vulgaris,Phaseolus vulgaris,300,19781001,IND,DALHOUSIE - HIMACHAL PRADESH,32.54,75.99,,19781001.0,40.0
10.18730/JMZF$,G20577,FULL,Phaseolus,vulgaris,Phaseolus vulgaris,300,19781001,IND,NAGGER - HIMACHAL PRADESH,32.12,-77.17,,19781001.0,40.0
10.18730/JMZ5R,G20567,FULL,Phaseolus,vulgaris,Phaseolus vulgaris,300,19781001,IND,BHUNTAR - HIMACHAL PRADESH,31.88,77.14,,19781001.0,40.0
10.18730/JMZ0K,G20562,FULL,Phaseolus,vulgaris,Phaseolus vulgaris,300,19781001,IND,BANDIA - HIMACHAL PRADESH,23.4,69.0,,19781001.0,40.0
10.18730/JZ6P$,G185,FULL,Phaseolus,vulgaris,Phaseolus vulgaris,300,19700901,IND,"BALAN, WAN - GARHWAL - UTTAR PRADESH",26.12,83.23,,19700901.0,40.0
10.18730/JZ6BQ,G181,FULL,Phaseolus,vulgaris,Phaseolus vulgaris,300,19700901,IND,TIK - DELHI,29.85,76.52,,19700901.0,40.0
10.18730/JZ69N,G179,FULL,Phaseolus,vulgaris,Phaseolus vulgaris,300,19700901,IND,CHAUSA - UTTAR PRADESH,25.7,81.49,,19700901.0,40.0
10.18730/JZ64G,G172,FULL,Phaseolus,vulgaris,Phaseolus vulgaris,300,19700901,IND,LUCKNOW - UTTAR PRADESH,26.85,80.87,,19700901.0,40.0
10.18730/JH4JQ,G16813,FULL,Phaseolus,vulgaris,Phaseolus vulgaris,300,19700901,IND,DINGARI - DINGARI - RAJASTHAN,24.84,73.52,2133.0,19700901.0,40.0
10.18730/K0BM*,G1556,FULL,Phaseolus,vulgaris,Phaseolus vulgaris,300,19700901,IND,GONDAL - RAJKOT - GUJARAT,21.98,70.79,,19700901.0,40.0
10.18730/K0BHX,G1555,FULL,Phaseolus,vulgaris,Phaseolus vulgaris,300,19700901,IND,RUDRAPUR - UTTAR PRADESH,26.43,83.61,,19700901.0,40.0
10.18730/K092R,G1467,FULL,Phaseolus,vulgaris,Phaseolus vulgaris,300,19700901,IND,PALANPUR - GUJARAT,24.17,72.43,,19700901.0,40.0
10.18730/JZ58S,G146,FULL,Phaseolus,vulgaris,Phaseolus vulgaris,300,19700901,IND,POONA - MAHARASHTRA,18.52,73.9,,19700901.0,40.0
10.18730/JZ5Q3,G144,FULL,Phaseolus,vulgaris,Phaseolus vulgaris,300,19700901,IND,BELGAUM - BOMBAY,15.87,74.52,,19700901.0,40.0
10.18730/JSC8S,G142A,FULL,Phaseolus,vulgaris,Phaseolus vulgaris,300,19700901,IND,"MADRAS, SALEM - SALEM - TAMIL NADU",11.65,78.18,,19700901.0,40.0
10.18730/JN5G5,G14216,FULL,Phaseolus,vulgaris,Phaseolus vulgaris,300,19781001,IND,BAJASAR - SIKKIM,27.75,88.5,,19781001.0,40.0
10.18730/JN5NA,G14218,FULL,Phaseolus,vulgaris,Phaseolus vulgaris,300,19781001,IND,SIMLA - HIMACHAL PRADESH,31.12,77.15,,19781001.0,40.0
10.18730/JN4F9,G14206,FULL,Phaseolus,vulgaris,Phaseolus vulgaris,300,19781001,IND,SARHAN - HIMACHAL PRADESH,31.52,77.81,,19781001.0,40.0
10.18730/JN4E8,G14209,FULL,Phaseolus,vulgaris,Phaseolus vulgaris,300,19781001,IND,SANGIN - HIMACHAL PRADESH,31.05,77.14,,19781001.0,40.0
10.18730/JZ53M,G141,FULL,Phaseolus,vulgaris,Phaseolus vulgaris,300,19700901,IND,OOTACAMUND - KERALA,11.42,76.72,,19700901.0,40.0
10.18730/JN4KD,G13901,FULL,Phaseolus,vulgaris,Phaseolus vulgaris,300,19781001,IND,"POOBARAI, PULNEY HILLS - DINDIGUL - TAMIL NADU",10.26,77.41,,19781001.0,40.0
10.18730/JZ51J,G139,FULL,Phaseolus,vulgaris,Phaseolus vulgaris,300,19700901,IND,COIMBATORE - TAMIL NADU,11.0,76.93,,19700901.0,40.0
10.18730/JN4D7,G13897,FULL,Phaseolus,vulgaris,Phaseolus vulgaris,300,19781001,IND,BHATAR - HIMACHAL PRADESH,31.08,77.78,,19781001.0,40.0
10.18730/K07SM,G1389,FULL,Phaseolus,vulgaris,Phaseolus vulgaris,300,19700901,IND,NILGIRI HILLS - COONOOR - TAMIL NADU,11.35,76.82,,19700901.0,40.0
10.18730/JN3ZY,G13891,FULL,Phaseolus,vulgaris,Phaseolus vulgaris,300,19781001,IND,SHILLONG - ASSAM,25.59,91.89,,19781001.0,40.0
10.18730/K3QTG,G13894,FULL,Phaseolus,vulgaris,Phaseolus vulgaris,300,19781001,IND,JUTAL - JAMMU AND KASHMIR,36.06,74.32,,19781001.0,40.0
10.18730/JMZK1,G13885,FULL,Phaseolus,vulgaris,Phaseolus vulgaris,300,19781001,IND,CHAMBA - ODA - HIMACHAL PRADESH,32.49,76.15,,19781001.0,40.0
10.18730/JN3NM,G13887,FULL,Phaseolus,vulgaris,Phaseolus vulgaris,300,19781001,IND,KALPA - HIMACHAL PRADESH,31.54,78.25,,19781001.0,40.0
10.18730/JN3MK,G13888,FULL,Phaseolus,vulgaris,Phaseolus vulgaris,300,19781001,IND,HANSI - HARYANA,29.1,76.02,,19781001.0,40.0
10.18730/JZ5F*,G136,FULL,Phaseolus,vulgaris,Phaseolus vulgaris,300,19700901,IND,MADRAS - TAMIL NADU,13.07,80.27,,19700901.0,40.0
10.18730/JN50T,G13113,FULL,Phaseolus,vulgaris,Phaseolus vulgaris,300,19781001,IND,KANDAGHAT - HIMACHAL PRADESH,30.97,77.1,,19781001.0,40.0
10.18730/JN51V,G13114,FULL,Phaseolus,vulgaris,Phaseolus vulgaris,300,19781001,IND,MAHASU - HIMACHAL PRADESH,31.1,77.5,,19781001.0,40.0
10.18730/JN4NF,G13110,FULL,Phaseolus,vulgaris,Phaseolus vulgaris,300,19781001,IND,KADAIKANAL - TAMIL NADU,10.24,77.49,,19781001.0,40.0
10.18730/JN4QH,G13106,FULL,Phaseolus,vulgaris,Phaseolus vulgaris,300,19781001,IND,POTTANGI AREA - ORISSA,18.57,82.97,,19781001.0,40.0
10.18730/JN4PG,G13105,FULL,Phaseolus,vulgaris,Phaseolus vulgaris,300,19781001,IND,JEYPORE - ORISSA,18.85,82.56,,19781001.0,40.0
10.18730/JN3PN,G13100,FULL,Phaseolus,vulgaris,Phaseolus vulgaris,300,19781001,IND,METWAN - JAMMU AND KASHMIR,33.7,75.86,,19781001.0,40.0
10.18730/JN3VT,G13103,FULL,Phaseolus,vulgaris,Phaseolus vulgaris,300,19781001,IND,GOCHAR - UTTARAKHAND,30.28,79.18,,19781001.0,40.0
10.18730/JZ4G1,G121,FULL,Phaseolus,vulgaris,Phaseolus vulgaris,300,19700901,IND,"KULU VALLEY, EASTERN PUNJAB - SHIM - PUNJAB",31.92,77.1,,19700901.0,40.0
10.18730/K4CFB,G51846,FULL,Phaseolus,vulgaris,Phaseolus vulgaris,300,19781001,IND,SARHAN - GOLPALPUR - HIMACHAL PRADESH,32.14,76.45,1660.0,19781001.0,40.0
10.18730/K4CA6,G51841,FULL,Phaseolus,vulgaris,Phaseolus vulgaris,300,19781001,IND,MANTHOLI - MANTHOLI - HIMACHAL PRADESH,29.8,79.89,,19781001.0,40.0
10.18730/K4CB7,G51842,FULL,Phaseolus,vulgaris,Phaseolus vulgaris,300,19781001,IND,CHANDPUR - CHANDPUR - UTTAR PRADESH,29.15,78.28,,19781001.0,40.0
10.18730/K4C62,G51837,FULL,Phaseolus,vulgaris,Phaseolus vulgaris,300,19781001,IND,BARAP - BARAP - HIMACHAL PRADESH,25.43,84.57,,19781001.0,40.0
10.18730/K4C73,G51838,FULL,Phaseolus,vulgaris,Phaseolus vulgaris,300,19781001,IND,BANEO - BANEO - HIMACHAL PRADESH,30.99,77.45,,19781001.0,40.0
10.18730/K4C51,G51836,FULL,Phaseolus,vulgaris,Phaseolus vulgaris,300,19781001,IND,SANESAR - SANESAR - JAMMU AND KASHMIR,28.6,77.25,660.0,19781001.0,40.0
10.18730/JZWT2,G951,FULL,Phaseolus,vulgaris,Phaseolus vulgaris,300,19700901,NIC,JINOTEGA - JINOTEGA - JINOTEGA,13.1,-86.0,,19700901.0,40.0
10.18730/JZRMG,G805,FULL,Phaseolus,vulgaris,Phaseolus vulgaris,300,19700901,NIC,RIVAS - RIVAS - RIVAS,11.43,-85.83,,19700901.0,40.0
10.18730/JZRGC,G801,FULL,Phaseolus,vulgaris,Phaseolus vulgaris,300,19700901,NIC,MATAGALPA - MATAGALPA - MATAGALPA,12.92,-85.94,,19700901.0,40.0
10.18730/K2CT9,G7848,FULL,Phaseolus,vulgaris,Phaseolus vulgaris,300,19730301,NIC,OCOTAL - OCOTAL - NUEVA SEGOVIA,13.65,-86.48,549.0,19730301.0,40.0
10.18730/K2CM3,G7827,FULL,Phaseolus,vulgaris,Phaseolus vulgaris,300,19730301,NIC,ESTELI - ESTELI - ESTELI,13.13,-86.36,853.0,19730301.0,40.0
10.18730/K2B7*,G7779,FULL,Phaseolus,vulgaris,Phaseolus vulgaris,300,19730301,NIC,"6 MI S OF CARTAGO, CERRO MOMBACHO - SAN JOSE DEL MOMBACHO - GRANADA",11.79,-85.9,183.0,19730301.0,40.0
10.18730/JFG39,G7210,FULL,Phaseolus,vulgaris,Phaseolus vulgaris,300,19730301,NIC,JUIGALAPA - JUIGALAPA - CHONTALES,12.09,-85.4,305.0,19730301.0,40.0
10.18730/JFGGP,G7208,FULL,Phaseolus,vulgaris,Phaseolus vulgaris,300,19730301,NIC,CHINANDEGA - CHINANDEGA - CHINANDEGA,12.62,-87.15,,19730301.0,40.0
10.18730/JFGW$,G7186,FULL,Phaseolus,vulgaris,Phaseolus vulgaris,300,19730301,NIC,NANDAIME - NANDAIME - GRANADA,11.75,-86.06,122.0,19730301.0,40.0
10.18730/JFGX=,G7187,FULL,Phaseolus,vulgaris,Phaseolus vulgaris,300,19730301,NIC,FARM NEAR SANTA TERESA - SANTA TERESA - CARAZO,11.8,-86.17,457.0,19730301.0,40.0
10.18730/JFJ1$,G7132,FULL,Phaseolus,vulgaris,Phaseolus vulgaris,300,19730301,NIC,BOACO - BOACO - BOACO,12.47,-85.65,457.0,19730301.0,40.0
10.18730/JFJ40,G7116,FULL,Phaseolus,vulgaris,Phaseolus vulgaris,300,19730301,NIC,GRANADA - GRANADA - GRANADA,11.94,-85.97,,19730301.0,40.0
10.18730/JFM9*,G7056,FULL,Phaseolus,vulgaris,Phaseolus vulgaris,300,19730301,NIC,DIRIAMBA - DIRIAMBA - CARAZO,11.84,-86.25,,19730301.0,40.0
10.18730/JFMVD,G7033,FULL,Phaseolus,vulgaris,Phaseolus vulgaris,300,19730301,NIC,SANTA LUCIA - SANTA LUCIA - BOACO,12.54,-85.71,,19730301.0,40.0
10.18730/JFMN7,G7027,FULL,Phaseolus,vulgaris,Phaseolus vulgaris,300,19730301,NIC,DIRIOMO - DIRIOMO - GRANADA,11.87,-86.05,244.0,19730301.0,40.0
10.18730/JFMYG,G7017,FULL,Phaseolus,vulgaris,Phaseolus vulgaris,300,19730301,NIC,SOMOTO - SOMOTO - MADRIZ,13.47,-86.59,732.0,19730301.0,40.0
10.18730/JFNR5,G7006,FULL,Phaseolus,vulgaris,Phaseolus vulgaris,300,19730301,NIC,SANTA CRUZ - SANTA CRUZ - CARAZO,11.81,-86.13,457.0,19730301.0,40.0
10.18730/JFQ3B,G6922,FULL,Phaseolus,vulgaris,Phaseolus vulgaris,300,19730301,NIC,GRANADA - GRANADA - GRANADA,11.93,-85.95,,19730301.0,40.0
10.18730/JFRJN,G6865,FULL,Phaseolus,vulgaris,Phaseolus vulgaris,300,19730301,NIC,MASAYA - MASAYA - MASAYA,11.95,-86.09,,19730301.0,40.0
10.18730/JGHNA,G5610,FULL,Phaseolus,vulgaris,Phaseolus vulgaris,300,19730301,NIC,PALACAGUINA - PALACAGUINA - MADRIZ,13.45,-86.4,610.0,19730301.0,40.0
10.18730/K0R7W,G2100,FULL,Phaseolus,vulgaris,Phaseolus vulgaris,300,19700901,NIC,IN FIELD 3 MI W OF SANTO TOMAS - SANTO TOMAS - CHONTALES,12.06,-85.11,396.0,19700901.0,40.0
10.18730/K0RP6,G2097,FULL,Phaseolus,vulgaris,Phaseolus vulgaris,300,19700901,NIC,DOLORES - DOLORES - CARAZO,11.85,-86.22,488.0,19700901.0,40.0
10.18730/K0QK8,G2061,FULL,Phaseolus,vulgaris,Phaseolus vulgaris,300,19700901,NIC,DIRIA - DIRIA - GRANADA,11.89,-86.05,274.0,19700901.0,40.0
10.18730/JTJY5,G18457,FULL,Phaseolus,vulgaris,Phaseolus vulgaris,300,19840501,NIC,MANAGUA - MANAGUA - MANAGUA,12.15,-86.28,,19840501.0,40.0
10.18730/JTJV2,G18454,FULL,Phaseolus,vulgaris,Phaseolus vulgaris,300,19840501,NIC,LA VIRGEN - LA VIRGEN - ESTELI,13.15,-86.37,,19840501.0,40.0
10.18730/JTJP$,G18448,FULL,Phaseolus,vulgaris,Phaseolus vulgaris,300,19840501,NIC,MATAPALOS - CARAZO,11.6,-86.25,,19840501.0,40.0
10.18730/JTJQ=,G18449,FULL,Phaseolus,vulgaris,Phaseolus vulgaris,300,19840501,NIC,LIMAY - LIMAY - ESTELI,12.9,-86.32,,19840501.0,40.0
10.18730/JTAZ9,G17663,FULL,Phaseolus,vulgaris,Phaseolus vulgaris,300,19821001,NIC,SAN DIONISIO - SAN DIONISIO - MATAGALPA,12.76,-85.86,,19821001.0,40.0
10.18730/JTB2C,G17666,FULL,Phaseolus,vulgaris,Phaseolus vulgaris,300,19821001,NIC,TOLA - TOLA - RIVAS,11.44,-85.93,,19821001.0,40.0
10.18730/K030F,G1212,FULL,Phaseolus,vulgaris,Phaseolus vulgaris,300,19700901,NIC,EL RECREO EXPERIMENT STATION - EL RECREO - MASAYA,11.95,-86.27,,19700901.0,40.0
10.18730/K4NF3,G52104,FULL,Phaseolus,vulgaris,Phaseolus vulgaris,300,20120717,NIC,MATIGUAS - MATAGALPA,12.83,-85.46,610.0,20120717.0,40.0
10.18730/K4NTE,G52115,FULL,Phaseolus,vulgaris,Phaseolus vulgaris,300,20120717,NIC,JINOTEGA - JINOTEGA,13.15,-85.99,935.0,20120717.0,40.0
10.18730/K4NWG,G52117,FULL,Phaseolus,vulgaris,Phaseolus vulgaris,300,20120717,NIC,JINOTEGA - JINOTEGA,13.08,-85.99,770.0,20120717.0,40.0
10.18730/K4NQB,G52112,FULL,Phaseolus,vulgaris,Phaseolus vulgaris,300,20120717,NIC,EL CUÁ - JINOTEGA,13.37,-85.66,491.0,20120717.0,40.0
10.18730/K4NYJ,G52119,FULL,Phaseolus,vulgaris,Phaseolus vulgaris,300,20120717,NIC,WIWILI - NUEVA SEGOVIA,13.62,-85.81,327.0,20120717.0,40.0
10.18730/K4NK7,G52108,FULL,Phaseolus,vulgaris,Phaseolus vulgaris,300,20120717,NIC,LA DALIA - MATAGALPA,13.14,-85.72,785.0,20120717.0,40.0
10.18730/K4P2P,G52123,FULL,Phaseolus,vulgaris,Phaseolus vulgaris,300,20120717,NIC,CONDEGA - ESTELI,13.37,-86.41,710.0,20120717.0,40.0
10.18730/K4NZK,G52120,FULL,Phaseolus,vulgaris,Phaseolus vulgaris,300,20120717,NIC,PANTASMA - JINOTEGA,13.34,-85.94,460.0,20120717.0,40.0
10.18730/K4N1T,G52090,FULL,Phaseolus,vulgaris,Phaseolus vulgaris,300,20120717,NIC,SAN MARCOS - CARAZO,11.9,-86.21,486.0,20120717.0,40.0
10.18730/K4MTK,G52083,FULL,Phaseolus,vulgaris,Phaseolus vulgaris,300,20120717,NIC,CARDENAS - RIVAS,11.18,-85.5,25.0,20120717.0,40.0
10.18730/K4N5Y,G52094,FULL,Phaseolus,vulgaris,Phaseolus vulgaris,300,20120717,NIC,MUELLE DE LOS BUEYES - RAAS,12.07,-84.54,75.0,20120717.0,40.0
10.18730/K4N9$,G52098,FULL,Phaseolus,vulgaris,Phaseolus vulgaris,300,20120717,NIC,ESQUIPULAS - MATAGALPA,12.67,-85.78,345.0,20120717.0,40.0
10.18730/K4N7*,G52096,FULL,Phaseolus,vulgaris,Phaseolus vulgaris,300,20120717,NIC,SAN JOSE REMATES - BOACO,12.59,-85.76,615.0,20120717.0,40.0
10.18730/K4MA3,G52067,FULL,Phaseolus,vulgaris,Phaseolus vulgaris,300,20120717,NIC,BELEN - RIVAS,11.5,-85.88,127.0,20120717.0,40.0
10.18730/K4M81,G52065,FULL,Phaseolus,vulgaris,Phaseolus vulgaris,300,20120717,NIC,CARDENAS - RIVAS,11.15,-85.35,40.0,20120717.0,40.0
10.18730/K4KQN,G52048,FULL,Phaseolus,vulgaris,Phaseolus vulgaris,300,20120717,NIC,SIUNA - RAAN,13.74,-84.77,103.0,20120717.0,40.0
10.18730/K4KYW,G52055,FULL,Phaseolus,vulgaris,Phaseolus vulgaris,300,20120717,NIC,PAIWAS - MATAGALPA,12.84,-85.24,,20120717.0,40.0
10.18730/K4NBU,G52100,FULL,Phaseolus,vulgaris,Phaseolus vulgaris,300,20120717,NIC,SAN RAMON - MATAGALPA,12.93,-85.84,855.0,20120717.0,40.0
10.18730/K4M5=,G52062,FULL,Phaseolus,vulgaris,Phaseolus vulgaris,300,20120717,NIC,CARDENAS - RIVAS,11.17,-85.45,45.0,20120717.0,40.0
10.18730/K4M4$,G52061,FULL,Phaseolus,vulgaris,Phaseolus vulgaris,300,20120717,NIC,DARIO - MATAGALPA,12.74,-86.13,542.0,20120717.0,40.0
10.18730/K30PG,G8970,FULL,Phaseolus,vulgaris,Phaseolus vulgaris,300,19730301,HND,OLANCHITO - OLANCHITO - YORO,15.5,-86.57,,19730301.0,40.0
10.18730/JZSA1,G828,FULL,Phaseolus,vulgaris,Phaseolus vulgaris,300,19700901,HND,COJUTEPEQUE - OCOTEPEQUE - OCOTEPEQUE,14.4,-89.22,,19700901.0,40.0
10.18730/K2J4Z,G8255,FULL,Phaseolus,vulgaris,Phaseolus vulgaris,300,19730301,HND,SIGUATEPEQUE - SIGUATEPEQUE - COMAYAGUA,14.54,-87.82,1067.0,19730301.0,40.0
10.18730/K2J0V,G8250,FULL,Phaseolus,vulgaris,Phaseolus vulgaris,300,19730301,HND,SAN JERONIMO - SAN JERONIMO - COPAN,14.97,-88.88,,19730301.0,40.0
10.18730/JZRNH,G806,FULL,Phaseolus,vulgaris,Phaseolus vulgaris,300,19700901,HND,TELA - TELA - ATLANTIDA,15.78,-87.45,,19700901.0,40.0
10.18730/K2EER,G7911,FULL,Phaseolus,vulgaris,Phaseolus vulgaris,300,19730301,HND,COMAYAGUA - COMAYAGUA - COMAYAGUA,14.45,-87.63,,19730301.0,40.0
10.18730/K2E0A,G7889,FULL,Phaseolus,vulgaris,Phaseolus vulgaris,300,19730301,HND,MINAS DE ORO - MINAS DE ORO - COMAYAGUA,14.8,-87.36,853.0,19730301.0,40.0
10.18730/K2D8Q,G7864,FULL,Phaseolus,vulgaris,Phaseolus vulgaris,300,19730301,HND,DISTRITO CENTRAL - COMAYAGUELA - OLANCHO,15.1,-86.5,,19730301.0,40.0
10.18730/K2D6N,G7862,FULL,Phaseolus,vulgaris,Phaseolus vulgaris,300,19730301,HND,FLORIDA - FLORIDA - COPAN,15.03,-88.84,,19730301.0,40.0
10.18730/K2CZE,G7853,FULL,Phaseolus,vulgaris,Phaseolus vulgaris,300,19730301,HND,VALLE DE CEDROS - EL PORVENIR - FRANCISCO MORAZAN,14.6,-87.12,488.0,19730301.0,40.0
10.18730/K2CWB,G7850,FULL,Phaseolus,vulgaris,Phaseolus vulgaris,300,19730301,HND,QUIMISTAN - QUIMISTAN - SANTA BARBARA,15.36,-88.41,,19730301.0,40.0
10.18730/K2CGU,G7823,FULL,Phaseolus,vulgaris,Phaseolus vulgaris,300,19730301,HND,COYOLES - COYOLES - YORO,15.47,-86.68,,19730301.0,40.0
10.18730/K2CE$,G7820,FULL,Phaseolus,vulgaris,Phaseolus vulgaris,300,19730301,HND,SANTA ROSA DE COPAN - SANTA ROSA DE COPAN - COPAN,14.78,-88.79,,19730301.0,40.0
10.18730/K2CD~,G7819,FULL,Phaseolus,vulgaris,Phaseolus vulgaris,300,19730301,HND,DULCE NOMBRE - DULCE NOMBRE - COPAN,14.86,-88.85,,19730301.0,40.0
10.18730/K2AYQ,G7768,FULL,Phaseolus,vulgaris,Phaseolus vulgaris,300,19730301,HND,JACALEAPA - JACALEAPA - EL PARAISO,14.02,-86.66,,19730301.0,40.0
10.18730/JFG6C,G7213,FULL,Phaseolus,vulgaris,Phaseolus vulgaris,300,19730301,HND,LAS FLORES DE AJUTERIQUE - AJUTERIQUE - COMAYAGUA,14.38,-87.72,610.0,19730301.0,40.0
10.18730/JFG5B,G7212,FULL,Phaseolus,vulgaris,Phaseolus vulgaris,300,19730301,HND,SAN ANTONIO DE SIGUATEPEQUE - SIGUATEPEQUE - COMAYAGUA,14.61,-87.85,,19730301.0,40.0
10.18730/JFGEM,G7206,FULL,Phaseolus,vulgaris,Phaseolus vulgaris,300,19730301,HND,RUINAS DE COPAN - COPAN - COPAN,14.86,-89.14,,19730301.0,40.0
10.18730/JFGMT,G7192,FULL,Phaseolus,vulgaris,Phaseolus vulgaris,300,19730301,HND,JESUS DE OTORO - JESUS DE OTORO - INTIBUCA,14.45,-87.99,518.0,19730301.0,40.0
10.18730/PG358,G7183,FULL,Phaseolus,vulgaris,Phaseolus vulgaris,300,19730301,HND,AZACUALPA - AZACUALPA - SANTA BARBARA,15.2,-88.56,,19730301.0,40.0
10.18730/JFHYZ,G7128,FULL,Phaseolus,vulgaris,Phaseolus vulgaris,300,19730301,HND,SAN JERONIMO - SAN JERONIMO - COPAN,14.97,-88.86,,19730301.0,40.0
10.18730/JFHZ*,G7129,FULL,Phaseolus,vulgaris,Phaseolus vulgaris,300,19730301,HND,TALANGA - TALANGA - FRANCISCO MORAZAN,14.4,-87.08,,19730301.0,40.0
10.18730/JFHXY,G7127,FULL,Phaseolus,vulgaris,Phaseolus vulgaris,300,19730301,HND,SAN ANTONIO - SAN ANTONIO - COPAN,14.87,-88.77,,19730301.0,40.0
10.18730/JFKJ9,G7071,FULL,Phaseolus,vulgaris,Phaseolus vulgaris,300,19730301,HND,SAN JOSÉ - SAN JOSE - COMAYAGUA,14.9,-88.73,610.0,19730301.0,40.0
10.18730/JFKF6,G7068,FULL,Phaseolus,vulgaris,Phaseolus vulgaris,300,19730301,HND,CATACAMAS - CATACAMAS - OLANCHO,14.9,-85.94,366.0,19730301.0,40.0
10.18730/JFN0J,G7019,FULL,Phaseolus,vulgaris,Phaseolus vulgaris,300,19730301,HND,LA PAZ - LA PAZ - LA PAZ,14.31,-87.67,610.0,19730301.0,40.0
10.18730/JFN1K,G7020,FULL,Phaseolus,vulgaris,Phaseolus vulgaris,300,19730301,HND,"SAN ANTONIO, LA SEGOVIA - LA SEGOVIA - FRANCISCO MORAZAN",14.61,-87.22,610.0,19730301.0,40.0
10.18730/JFNK0,G7001,FULL,Phaseolus,vulgaris,Phaseolus vulgaris,300,19730301,HND,COMALI NEAR SAN MARCOS - SAN MARCOS - CHOLUTECA,14.41,-88.94,914.0,19730301.0,40.0
10.18730/JFQ5D,G6924,FULL,Phaseolus,vulgaris,Phaseolus vulgaris,300,19730301,HND,SANTA RITA - SANTA RITA - COPAN,14.87,-89.11,,19730301.0,40.0
10.18730/JFS64,G6849,FULL,Phaseolus,vulgaris,Phaseolus vulgaris,300,19730301,HND,SANTA MARIA DEL REAL - SANTA MARIA DEL REAL - OLANCHO,14.82,-85.95,,19730301.0,40.0
10.18730/JFSRP,G6831,FULL,Phaseolus,vulgaris,Phaseolus vulgaris,300,19730301,HND,JUTICALPA - JUTICALPA - OLANCHO,14.65,-86.2,305.0,19730301.0,40.0
10.18730/JFT3~,G6826,FULL,Phaseolus,vulgaris,Phaseolus vulgaris,300,19730301,HND,SULA - SULA - SANTA BARBARA,15.25,-88.57,,19730301.0,40.0
10.18730/JGG82,G5699,FULL,Phaseolus,vulgaris,Phaseolus vulgaris,300,19730301,HND,SAN PEDRO DEL ROSARIO - SAN PEDRO DEL ROSARIO - COMAYAGUA,14.57,-87.75,,19730301.0,40.0
10.18730/JGH7~,G5631,FULL,Phaseolus,vulgaris,Phaseolus vulgaris,300,19730301,HND,SANTA RITA - SANTA RITA - COPAN,14.87,-89.08,,19730301.0,40.0
10.18730/JYTRP,G50727,FULL,Phaseolus,vulgaris,Phaseolus vulgaris,100,19970101,HND,"A 9 KM DE LA VÍA PRINCIPAL TEGUCIGALPA-DANLI, LOS ARADOS - TATUMBLA - FRANCISCO MORAZAN",13.97,-87.08,1620.0,19970101.0,10.0
10.18730/JYTQN,G50726,FULL,Phaseolus,vulgaris,Phaseolus vulgaris,100,19970101,HND,"A 3 KM DE VÍA PRINCIPAL TEGUCIGALPA-DANLI, CARRETERA A TATUMBLA - TATUMBLA - FRANCISCO MORAZAN",14.02,-87.1,1350.0,19970101.0,10.0
10.18730/S1N9Q,G50725A,FULL,Phaseolus,vulgaris,Phaseolus vulgaris,100,19970101,HND,ALDEA SAN ANTONIO DEL ORIENTE - SAN ANTONIO DEL ORIENTE - FRANCISCO MORAZAN,14.03,-87.05,1085.0,19970101.0,10.0
10.18730/S1N8P,G50723B,FULL,Phaseolus,vulgaris,Phaseolus vulgaris,100,19970101,HND,"CHAGUITE GRANDE, 4 KM ARRIBA DEL PORTON DE GUINOPE - OROPOLI - EL PARAISO",13.83,-86.92,1600.0,19970101.0,10.0
10.18730/JYTHF,G50724,FULL,Phaseolus,vulgaris,Phaseolus vulgaris,100,19970101,HND,"EL PARAISO, ALDEA EL BARRO, 2-3 KM ARRIBA - EL PARAISO - EL PARAISO",14.1,-86.68,920.0,19970101.0,10.0
10.18730/S3V85,G50722A,FULL,Phaseolus,vulgaris,Phaseolus vulgaris,100,19970101,HND,4 KM SO DE GUINOPE VÍA OROPOLI - GUINOPE - EL PARAISO,13.85,-86.92,1650.0,19970101.0,10.0
10.18730/JGXJN,G4950,FULL,Phaseolus,vulgaris,Phaseolus vulgaris,300,19730301,HND,CATACAMAS - CATACAMAS - OLANCHO,14.8,-85.9,,19730301.0,40.0
10.18730/JGXQT,G4955,FULL,Phaseolus,vulgaris,Phaseolus vulgaris,300,19730301,HND,LAS MERCEDES - LAS MERCEDES - COMAYAGUA,14.28,-87.57,,19730301.0,40.0
10.18730/JGY20,G4947,FULL,Phaseolus,vulgaris,Phaseolus vulgaris,300,19730301,HND,CAMINO A SANTA MARIA DEL REAL - SANTA MARIA DEL REAL - OLANCHO,14.78,-85.98,,19730301.0,40.0
10.18730/PE813,G2920,FULL,Phaseolus,vulgaris,Phaseolus vulgaris,300,19700901,HND,DULCE NOMBRE - DULCE NOMBRE - COPAN,14.85,-88.83,,19700901.0,40.0
10.18730/K0TV1,G2168,FULL,Phaseolus,vulgaris,Phaseolus vulgaris,300,19700901,HND,13 MI E OF PESPIRE ALONG HIGHWAY TO TEGUE - PESPIRE - CHOLUTECA,13.59,-87.36,396.0,19700901.0,40.0
10.18730/K0TT0,G2167,FULL,Phaseolus,vulgaris,Phaseolus vulgaris,300,19700901,HND,SABANA GRANDE - SABANA GRANDE - FRANCISCO MORAZAN,13.8,-87.27,,19700901.0,40.0
10.18730/JMKZU,G19217,FULL,Phaseolus,vulgaris,Phaseolus vulgaris,300,19781001,HND,COPAN - COPAN - COPAN,14.83,-89.15,,19781001.0,40.0
10.18730/K0HF$,G1875,FULL,Phaseolus,vulgaris,Phaseolus vulgaris,300,19700901,HND,SIRIA - CEDROS - FRANCISCO MORAZAN,14.65,-87.14,610.0,19700901.0,40.0
10.18730/K0H7T,G1866,FULL,Phaseolus,vulgaris,Phaseolus vulgaris,300,19700901,HND,GUAIMACA - GUAIMACA - FRANCISCO MORAZAN,14.53,-86.83,305.0,19700901.0,40.0
10.18730/K0HK1,G1861,FULL,Phaseolus,vulgaris,Phaseolus vulgaris,300,19700901,HND,SANTA MARIA DEL REAL - SANTA MARIA DEL REAL - OLANCHO,14.82,-85.56,366.0,19700901.0,40.0
10.18730/K0HE~,G1856,FULL,Phaseolus,vulgaris,Phaseolus vulgaris,300,19700901,HND,NEAR LA LABOR ALONG ROAD TO OCOTOPEQUE - LA LABOR - OCOTOPEQUE,14.48,-89.01,762.0,19700901.0,40.0
10.18730/JTJ3F,G18249,FULL,Phaseolus,vulgaris,Phaseolus vulgaris,300,19840601,HND,YORO - YORO - YORO,15.14,-87.14,,19840601.0,40.0
10.18730/JTJ2E,G18248,FULL,Phaseolus,vulgaris,Phaseolus vulgaris,300,19840601,HND,VALLE DE JAMASTRAN - VALLE DE JAMASTRAN - EL PARAISO,14.0,-86.42,,19840601.0,40.0
10.18730/K0538,G1286,FULL,Phaseolus,vulgaris,Phaseolus vulgaris,300,19700901,HND,CHOLUTECA - CHOLUTECA - CHOLUTECA,13.3,-87.2,,19700901.0,40.0
10.18730/K036N,G1228,FULL,Phaseolus,vulgaris,Phaseolus vulgaris,300,19700901,HND,LA CEIBA - LA CEIBA - COPAN,14.8,-88.95,,19700901.0,40.0
10.18730/K52FC,G52488,FULL,Phaseolus,vulgaris,Phaseolus vulgaris,300,19821101,HND,NEAR LAGO DE YOJOA - SANTA CRUZ DE YOJOA - CORTES,14.89,-87.89,670.0,19821101.0,40.0
10.18730/K52B8,G52484,FULL,Phaseolus,vulgaris,Phaseolus vulgaris,300,19821101,HND,EL PROGRESO - YORO,15.37,-87.81,,19821101.0,40.0
10.18730/K55CZ,G52619,FULL,Phaseolus,vulgaris,Phaseolus vulgaris,300,19821101,HND,YAMARANGUILA - LA ESPERANZA - INTIBUCA,14.29,-88.25,,19821101.0,40.0
10.18730/K55BY,G52618,FULL,Phaseolus,vulgaris,Phaseolus vulgaris,300,19821101,HND,CARRETERA MARCALA-LA ESPERANZA - LA ESPERANZA - INTIBUCA,14.25,-88.15,,19821101.0,40.0
10.18730/K30NF,G8935,FULL,Phaseolus,vulgaris,Phaseolus vulgaris,300,19761201,MKD,KUKURECANI - BITOLA,41.09,21.33,600.0,19761201.0,40.0
10.18730/K30ME,G8934,FULL,Phaseolus,vulgaris,Phaseolus vulgaris,300,19761201,MKD,E OF LAKE OHRID - OHRID - OHRID,41.13,20.8,760.0,19761201.0,40.0
10.18730/S39R0,G22752A,FULL,Phaseolus,vulgaris,Phaseolus vulgaris,300,19781001,MKD,DRAGOEVO - SHTIP,41.67,22.13,350.0,19781001.0,40.0
10.18730/JMV68,G22750,FULL,Phaseolus,vulgaris,Phaseolus vulgaris,300,19781001,MKD,ZRNOVCI - ZRNOVCI,41.86,22.43,380.0,19781001.0,40.0
10.18730/JNCRF,G20384,FULL,Phaseolus,vulgaris,Phaseolus vulgaris,300,19781001,MKD,VELJUSA - STRUMITSA,41.47,22.57,400.0,19781001.0,40.0
10.18730/JNCSG,G20385,FULL,Phaseolus,vulgaris,Phaseolus vulgaris,300,19781001,MKD,CANAKLIJA - BASILOVO,41.51,22.73,440.0,19781001.0,40.0
10.18730/JNC2Y,G20380,FULL,Phaseolus,vulgaris,Phaseolus vulgaris,300,19781001,MKD,MITRASINCI - BEROVO,41.78,22.74,770.0,19781001.0,40.0
10.18730/JNCC3,G20372,FULL,Phaseolus,vulgaris,Phaseolus vulgaris,300,19781001,MKD,BLATEC - VINICA,41.84,22.59,520.0,19781001.0,40.0
10.18730/JNCE5,G20374,FULL,Phaseolus,vulgaris,Phaseolus vulgaris,300,19781001,MKD,LAKI - VINICA,41.8,22.67,750.0,19781001.0,40.0
10.18730/JNC3Z,G20370,FULL,Phaseolus,vulgaris,Phaseolus vulgaris,300,19781001,MKD,GRADEC - BOGOVINJE,41.9,20.89,520.0,19781001.0,40.0
10.18730/JNC8U,G20365,FULL,Phaseolus,vulgaris,Phaseolus vulgaris,300,19781001,MKD,NEAR SKOPJE - NEREZI - SKOPJE,41.34,20.6,260.0,19781001.0,40.0
10.18730/JNBSN,G20367,FULL,Phaseolus,vulgaris,Phaseolus vulgaris,300,19781001,MKD,SKOPJE - SKOPJE,42.06,21.43,240.0,19781001.0,40.0
10.18730/JNC5~,G20360,FULL,Phaseolus,vulgaris,Phaseolus vulgaris,300,19781001,MKD,KRIVOLAK - NEGOTINO,41.53,22.12,125.0,19781001.0,40.0
10.18730/JNC6$,G20361,FULL,Phaseolus,vulgaris,Phaseolus vulgaris,300,19781001,MKD,BISTRENCI - DEMIR KAPIJA,41.44,22.2,140.0,19781001.0,40.0
10.18730/K3QVH,G20362,FULL,Phaseolus,vulgaris,Phaseolus vulgaris,300,19781001,MKD,KLISURA - DEMIR KAPIJA,41.38,22.29,310.0,19781001.0,40.0
10.18730/JNBZV,G20357,FULL,Phaseolus,vulgaris,Phaseolus vulgaris,300,19781001,MKD,ZDUNJE - MAKEDONSKI BROD,41.82,21.17,480.0,19781001.0,40.0
10.18730/JNBYT,G20356,FULL,Phaseolus,vulgaris,Phaseolus vulgaris,300,19781001,MKD,KOLIBARI - ZAJAS,41.57,20.95,680.0,19781001.0,40.0
10.18730/JNBXS,G20354,FULL,Phaseolus,vulgaris,Phaseolus vulgaris,300,19781001,MKD,MAZUCISTE - PRILEP,41.38,21.49,640.0,19781001.0,40.0
10.18730/JNBWR,G20353,FULL,Phaseolus,vulgaris,Phaseolus vulgaris,300,19781001,MKD,BOGOMILA - VELES,41.59,21.47,470.0,19781001.0,40.0
10.18730/JNBPJ,G20347,FULL,Phaseolus,vulgaris,Phaseolus vulgaris,300,19781001,MKD,IVANKOVCI - VELES,41.85,21.81,500.0,19781001.0,40.0
10.18730/JNBRM,G20348,FULL,Phaseolus,vulgaris,Phaseolus vulgaris,300,19781001,MKD,MAMUTCEVO - LOZOVO,41.79,21.84,400.0,19781001.0,40.0
10.18730/JNB51,G20349,FULL,Phaseolus,vulgaris,Phaseolus vulgaris,300,19781001,MKD,TEOVO - CHASHKA,41.57,21.57,350.0,19781001.0,40.0
10.18730/JNBJE,G20343,FULL,Phaseolus,vulgaris,Phaseolus vulgaris,300,19781001,MKD,GORUBINCI - KUMANOVO - KUMANOVO,42.12,21.67,440.0,19781001.0,40.0
10.18730/JNAZ*,G20341,FULL,Phaseolus,vulgaris,Phaseolus vulgaris,300,19781001,MKD,PRIZREN - PRIZREN,42.21,20.72,420.0,19781001.0,40.0
10.18730/JNBD9,G20337,FULL,Phaseolus,vulgaris,Phaseolus vulgaris,300,19781001,MKD,CAREVIC - PRILEP,41.36,21.78,460.0,19781001.0,40.0
10.18730/JNAXY,G20332,FULL,Phaseolus,vulgaris,Phaseolus vulgaris,300,19781001,MKD,RATAE - TEARCE,42.03,21.03,385.0,19781001.0,40.0
10.18730/JNBB7,G20335,FULL,Phaseolus,vulgaris,Phaseolus vulgaris,300,19781001,MKD,DRAGOMANCE - NAGORICHANE,42.22,21.85,400.0,19781001.0,40.0
10.18730/JNAVW,G20318,FULL,Phaseolus,vulgaris,Phaseolus vulgaris,300,19781001,MKD,MATKA - SKOPJE,41.97,21.3,530.0,19781001.0,40.0
10.18730/JNATV,G20317,FULL,Phaseolus,vulgaris,Phaseolus vulgaris,300,19781001,MKD,GORNO KONJARE - KUMANOVO,42.19,21.73,250.0,19781001.0,40.0
10.18730/JNAQR,G20315,FULL,Phaseolus,vulgaris,Phaseolus vulgaris,300,19781001,MKD,PCINJA - KUMANOVO,42.05,21.74,280.0,19781001.0,40.0
10.18730/JNANP,G20313,FULL,Phaseolus,vulgaris,Phaseolus vulgaris,300,19781001,MKD,DOLNO KONJARE - PETROVETS,41.94,21.7,280.0,19781001.0,40.0
10.18730/JNAFG,G20306,FULL,Phaseolus,vulgaris,Phaseolus vulgaris,300,19781001,MKD,STUDENA BARA - KUMANOVO,42.02,21.72,280.0,19781001.0,40.0
10.18730/JNADE,G20304,FULL,Phaseolus,vulgaris,Phaseolus vulgaris,300,19781001,MKD,KOSEL - OHRID,41.17,20.83,400.0,19781001.0,40.0
10.18730/JNA67,G20297,FULL,Phaseolus,vulgaris,Phaseolus vulgaris,300,19781001,MKD,CAREV DVOR - RESEN,41.06,21.0,860.0,19781001.0,40.0
10.18730/JN9DK,G20298,FULL,Phaseolus,vulgaris,Phaseolus vulgaris,300,19781001,MKD,DOLNO PEROVO - RESEN,41.02,21.0,850.0,19781001.0,40.0
10.18730/JN9YU,G20292,FULL,Phaseolus,vulgaris,Phaseolus vulgaris,300,19781001,MKD,BALTALIJA - SHTIP,41.64,22.24,360.0,19781001.0,40.0
10.18730/JN9SZ,G20286,FULL,Phaseolus,vulgaris,Phaseolus vulgaris,300,19781001,MKD,BUDINARCI - PEHCHEVO,41.76,22.78,800.0,19781001.0,40.0
10.18730/JN917,G20287,FULL,Phaseolus,vulgaris,Phaseolus vulgaris,300,19781001,MKD,LUKOVICA - KAMENITSA,42.03,22.62,600.0,19781001.0,40.0
10.18730/JN9CJ,G20274,FULL,Phaseolus,vulgaris,Phaseolus vulgaris,300,19781001,MKD,SVETA PETKA - SOPISTE,41.94,21.34,660.0,19781001.0,40.0
10.18730/JN99F,G20271,FULL,Phaseolus,vulgaris,Phaseolus vulgaris,300,19781001,MKD,LIPKOVO - LIPKOVO - KUMANOVO,42.15,21.59,410.0,19781001.0,40.0
10.18730/K3K1B,G20265,FULL,Phaseolus,vulgaris,Phaseolus vulgaris,300,19781001,MKD,MATEJCE - LIPKOVO,42.12,21.59,490.0,19781001.0,40.0
10.18730/JN95B,G20267,FULL,Phaseolus,vulgaris,Phaseolus vulgaris,300,19781001,MKD,DUMANOVCE - LIPKOVO,42.21,21.54,590.0,19781001.0,40.0
10.18730/JN96C,G20268,FULL,Phaseolus,vulgaris,Phaseolus vulgaris,300,19781001,MKD,KLECOVCE - KUMANOVO - KUMANOVO,42.11,21.85,310.0,19781001.0,40.0
10.18730/JN8X3,G20261,FULL,Phaseolus,vulgaris,Phaseolus vulgaris,300,19781001,MKD,DUNJE - PRILEP,41.26,21.69,600.0,19781001.0,40.0
10.18730/JN906,G20263,FULL,Phaseolus,vulgaris,Phaseolus vulgaris,300,19781001,MKD,LJUBANCI - SKOPJE,42.11,21.45,540.0,19781001.0,40.0
10.18730/JN8W2,G20260,FULL,Phaseolus,vulgaris,Phaseolus vulgaris,300,19781001,MKD,BRAJCINO - RESEN,40.91,21.16,960.0,19781001.0,40.0
10.18730/JN8T0,G20258,FULL,Phaseolus,vulgaris,Phaseolus vulgaris,300,19781001,MKD,MANASTIR - PRILEP,41.17,21.73,630.0,19781001.0,40.0
10.18730/JN8R=,G20256,FULL,Phaseolus,vulgaris,Phaseolus vulgaris,300,19781001,MKD,VARVARA - TEARCE,42.06,21.02,340.0,19781001.0,40.0
10.18730/JN82D,G20253,FULL,Phaseolus,vulgaris,Phaseolus vulgaris,300,19781001,MKD,DOBRI DOL - VRAPCHISHTE,41.87,20.88,460.0,19781001.0,40.0
10.18730/JN8ES,G20254,FULL,Phaseolus,vulgaris,Phaseolus vulgaris,300,19781001,MKD,RAKOTINCI - SOPISTE,41.94,21.41,510.0,19781001.0,40.0
10.18730/S41VZ,G20251B,FULL,Phaseolus,vulgaris,Phaseolus vulgaris,300,19781001,MKD,MARKOVA SUSICA - SOPISTE,41.9,21.41,400.0,19781001.0,40.0
10.18730/S1VFU,G20250A,FULL,Phaseolus,vulgaris,Phaseolus vulgaris,300,19781001,MKD,GORNO KOLICANI - STUDENICHANI,41.88,21.46,480.0,19781001.0,40.0
10.18730/JN8HW,G20247,FULL,Phaseolus,vulgaris,Phaseolus vulgaris,300,19781001,MKD,CIFLIK - CHESHINOVO-OBLESHEVO,41.87,22.32,500.0,19781001.0,40.0
10.18730/JN8JX,G20248,FULL,Phaseolus,vulgaris,Phaseolus vulgaris,300,19781001,MKD,ALDINCI - STUDENICHANI,41.8,21.43,900.0,19781001.0,40.0
10.18730/JN8FT,G20245,FULL,Phaseolus,vulgaris,Phaseolus vulgaris,300,19781001,MKD,BUKOVIC - SKOPJE,41.96,21.24,470.0,19781001.0,40.0
10.18730/JN8CQ,G20240,FULL,Phaseolus,vulgaris,Phaseolus vulgaris,300,19781001,MKD,RASTES - MAKEDONSKI BROD,41.75,21.1,820.0,19781001.0,40.0
10.18730/JN8DR,G20241,FULL,Phaseolus,vulgaris,Phaseolus vulgaris,300,19781001,MKD,RECANE - GOSTIVAR,41.75,20.82,780.0,19781001.0,40.0
10.18730/JN7P1,G20242,FULL,Phaseolus,vulgaris,Phaseolus vulgaris,300,19781001,MKD,RAVEN - GOSTIVAR - GOSTIVAR,41.78,20.86,750.0,19781001.0,40.0
10.18730/JN7Q2,G20243,FULL,Phaseolus,vulgaris,Phaseolus vulgaris,300,19781001,MKD,DZEPISTE - CENTAR ZHUPA,41.44,20.53,760.0,19781001.0,40.0
10.18730/JN89M,G20237,FULL,Phaseolus,vulgaris,Phaseolus vulgaris,300,19781001,MKD,DOLNI MANASTIREC - MAKEDONSKI BROD,41.61,21.21,680.0,19781001.0,40.0
10.18730/JN87J,G20235,FULL,Phaseolus,vulgaris,Phaseolus vulgaris,300,19781001,MKD,VRATNICA - JEGUNOVCE,42.14,21.11,730.0,19781001.0,40.0
10.18730/JN81C,G20228,FULL,Phaseolus,vulgaris,Phaseolus vulgaris,300,19781001,MKD,MAL PAPRADNIK - ZHUPA,41.47,20.55,750.0,19781001.0,40.0
10.18730/JN7W7,G20223,FULL,Phaseolus,vulgaris,Phaseolus vulgaris,300,19781001,MKD,MILETINO - BRVENITSA,41.91,21.03,490.0,19781001.0,40.0
10.18730/JN7N0,G20215,FULL,Phaseolus,vulgaris,Phaseolus vulgaris,300,19781001,MKD,PSACA - KRIVA PALANKA,42.17,22.21,680.0,19781001.0,40.0
10.18730/K574D,G20216,FULL,Phaseolus,vulgaris,Phaseolus vulgaris,300,19781001,MKD,JAGOL DOLENCI - OSLOMEJ,41.63,21.02,600.0,19781001.0,40.0
10.18730/JN7EY,G20219,FULL,Phaseolus,vulgaris,Phaseolus vulgaris,300,19781001,MKD,PLASNICA - PLASNITSA,41.47,21.13,70.0,19781001.0,40.0
10.18730/JN7MU,G20214,FULL,Phaseolus,vulgaris,Phaseolus vulgaris,300,19781001,MKD,DURACKA REKA - KRIVA PALANKA,42.18,22.36,720.0,19781001.0,40.0
10.18730/S41TY,G20210A,FULL,Phaseolus,vulgaris,Phaseolus vulgaris,300,19781001,MKD,TOPOLOVIC - KRATOVO,42.09,22.09,510.0,19781001.0,40.0
10.18730/JN7G*,G20209,FULL,Phaseolus,vulgaris,Phaseolus vulgaris,300,19781001,MKD,BAC - BITOLA,40.93,21.56,620.0,19781001.0,40.0
10.18730/JN7FZ,G20208,FULL,Phaseolus,vulgaris,Phaseolus vulgaris,300,19781001,MKD,GERMIJAN - NOVATSI,40.92,21.52,600.0,19781001.0,40.0
10.18730/JN7BV,G20203,FULL,Phaseolus,vulgaris,Phaseolus vulgaris,300,19781001,MKD,MILEVCI - KRIVA PALANKA,42.24,22.3,240.0,19781001.0,40.0
10.18730/JN6Q7,G20204,FULL,Phaseolus,vulgaris,Phaseolus vulgaris,300,19781001,MKD,KRUSEVO - KRUSHEVO,41.38,21.24,1230.0,19781001.0,40.0
10.18730/JN6R8,G20205,FULL,Phaseolus,vulgaris,Phaseolus vulgaris,300,19781001,MKD,PRIBILCI - DEMIR HISAR,41.27,21.21,680.0,19781001.0,40.0
10.18730/JN76P,G20207,FULL,Phaseolus,vulgaris,Phaseolus vulgaris,300,19781001,MKD,ZVAN - DEMIR HISAR,41.29,21.12,710.0,19781001.0,40.0
10.18730/JN79S,G20200,FULL,Phaseolus,vulgaris,Phaseolus vulgaris,300,19781001,MKD,IZVOR - KUMANOVO,41.56,21.69,300.0,19781001.0,40.0
10.18730/S4RCC,G20195A,FULL,Phaseolus,vulgaris,Phaseolus vulgaris,300,19781001,MKD,ROPOTOVO - DOLNENI,41.45,21.36,600.0,19781001.0,40.0
10.18730/JN6TA,G20196,FULL,Phaseolus,vulgaris,Phaseolus vulgaris,300,19781001,MKD,CASKA - VELES,41.65,21.68,360.0,19781001.0,40.0
10.18730/JN6H1,G20194,FULL,Phaseolus,vulgaris,Phaseolus vulgaris,300,19781001,MKD,SRBJANI - KICHEVO,41.49,20.95,630.0,19781001.0,40.0
10.18730/JN6G0,G20193,FULL,Phaseolus,vulgaris,Phaseolus vulgaris,300,19781001,MKD,DOLENCI - BITOLA,41.09,21.16,600.0,19781001.0,40.0
10.18730/JN6ZF,G20189,FULL,Phaseolus,vulgaris,Phaseolus vulgaris,300,19781001,MKD,VLADIMIROVO - BEROVO,41.71,22.8,890.0,19781001.0,40.0
10.18730/JN6YE,G20188,FULL,Phaseolus,vulgaris,Phaseolus vulgaris,300,19781001,MKD,47 KM FROM STRUMICA - BEROVO - BEROVO,41.7,22.85,820.0,19781001.0,40.0
10.18730/JN6P6,G20179,FULL,Phaseolus,vulgaris,Phaseolus vulgaris,300,19781001,MKD,PEHCEVO - PEHCHEVO,41.77,22.88,960.0,19781001.0,40.0
10.18730/S41SX,G20177A,FULL,Phaseolus,vulgaris,Phaseolus vulgaris,300,19781001,MKD,TRABOTIVISTE - DELCEVO,41.89,22.81,650.0,19781001.0,40.0
10.18730/PF0C5,G20174,FULL,Phaseolus,vulgaris,Phaseolus vulgaris,300,19781001,MKD,164 KM E SKOPJE - DELCHEVO - DELCEVO,41.97,22.79,630.0,19781001.0,40.0
10.18730/JN69Y,G20173,FULL,Phaseolus,vulgaris,Phaseolus vulgaris,300,19781001,MKD,DUKATINO - VASILEVO,41.54,22.54,380.0,19781001.0,40.0
10.18730/JN6FU,G20169,FULL,Phaseolus,vulgaris,Phaseolus vulgaris,300,19781001,MKD,SUSEVO - NAGORICHANE,42.25,21.77,330.0,19781001.0,40.0
10.18730/K573C,G20168,FULL,Phaseolus,vulgaris,Phaseolus vulgaris,300,19781001,MKD,ILOVICA - BOSILOVO,41.48,22.81,290.0,19781001.0,40.0
10.18730/JN6B*,G20163,FULL,Phaseolus,vulgaris,Phaseolus vulgaris,300,19781001,MKD,SERMENIN - GEVGELIJA,41.22,22.35,180.0,19781001.0,40.0
10.18730/JN6C~,G20164,FULL,Phaseolus,vulgaris,Phaseolus vulgaris,300,19781001,MKD,GRADSKO - GRADSKO,41.57,21.96,150.0,19781001.0,40.0
10.18730/JN6D$,G20165,FULL,Phaseolus,vulgaris,Phaseolus vulgaris,300,19781001,MKD,PETRALINCI - BOSILOVO,41.47,22.73,220.0,19781001.0,40.0
10.18730/PF092,G20162,FULL,Phaseolus,vulgaris,Phaseolus vulgaris,300,19781001,MKD,NIKOLIC - DOJRAN,41.26,22.75,170.0,19781001.0,40.0
10.18730/PF081,G20161,FULL,Phaseolus,vulgaris,Phaseolus vulgaris,300,19781001,MKD,CALAKLI - VALANDOVO,41.3,22.65,180.0,19781001.0,40.0
10.18730/JN65T,G20159,FULL,Phaseolus,vulgaris,Phaseolus vulgaris,300,19781001,MKD,DEMIR KAPIJA - NEGOTINO,41.4,22.24,110.0,19781001.0,40.0
10.18730/JN61P,G20155,FULL,Phaseolus,vulgaris,Phaseolus vulgaris,300,19781001,MKD,KONOPISTE - KAVADARCI,41.24,22.08,660.0,19781001.0,40.0
10.18730/JN62Q,G20156,FULL,Phaseolus,vulgaris,Phaseolus vulgaris,300,19781001,MKD,KRNJEVO - KAVADARCI,41.31,22.12,440.0,19781001.0,40.0
10.18730/S67RB,G20146B,FULL,Phaseolus,vulgaris,Phaseolus vulgaris,300,19781001,MKD,ROSOMAN - ROSOMAN,41.53,21.95,150.0,19781001.0,40.0
10.18730/JMYE1,G20132,FULL,Phaseolus,vulgaris,Phaseolus vulgaris,300,19781001,MKD,MOKRINO - NOVO SELO,41.38,22.87,330.0,19781001.0,40.0
10.18730/JMYCU,G20130,FULL,Phaseolus,vulgaris,Phaseolus vulgaris,300,19781001,MKD,KUKLIS - STRUMITSA,41.4,22.66,330.0,19781001.0,40.0
10.18730/JMYA$,G20128,FULL,Phaseolus,vulgaris,Phaseolus vulgaris,300,19781001,MKD,BUKOVO - BITOLA,40.99,21.33,700.0,19781001.0,40.0
10.18730/JMY8*,G20126,FULL,Phaseolus,vulgaris,Phaseolus vulgaris,300,19781001,MKD,RASTAK - SKOPJE,42.08,21.49,600.0,19781001.0,40.0
10.18730/JMY9~,G20127,FULL,Phaseolus,vulgaris,Phaseolus vulgaris,300,19781001,MKD,LAZEC - BITOLA,40.91,21.38,600.0,19781001.0,40.0
10.18730/JMY6Y,G20124,FULL,Phaseolus,vulgaris,Phaseolus vulgaris,300,19781001,MKD,BULACANI - SKOPJE,42.06,21.5,590.0,19781001.0,40.0
10.18730/JMXJA,G20122,FULL,Phaseolus,vulgaris,Phaseolus vulgaris,300,19781001,MKD,GORNO LISICE - SKOPJE,41.97,21.49,250.0,19781001.0,40.0
10.18730/JMXWM,G20123,FULL,Phaseolus,vulgaris,Phaseolus vulgaris,300,19781001,MKD,ZELENIKOVO - SKOPJE,41.88,21.6,220.0,19781001.0,40.0
10.18730/JMY2T,G20119,FULL,Phaseolus,vulgaris,Phaseolus vulgaris,300,19781001,MKD,CLOSE TO LAKE PRESPA - RESEN - RESEN,41.08,21.02,880.0,19781001.0,40.0
10.18730/PF03~,G20110,FULL,Phaseolus,vulgaris,Phaseolus vulgaris,300,19781001,MKD,"STRUGA TO GOSTIVAR ROAD, NEAR BORDER ALBANIA - DEBAR - DEBAR",41.54,20.54,680.0,19781001.0,40.0
10.18730/JMXXN,G20113,FULL,Phaseolus,vulgaris,Phaseolus vulgaris,300,19781001,MKD,ON THE COAST OF LAKE OHRID - STRUGA - STRUGA,41.19,20.69,700.0,19781001.0,40.0
10.18730/JMXMC,G20103,FULL,Phaseolus,vulgaris,Phaseolus vulgaris,300,19781001,MKD,NEAR BORDER WITH BULGARIA - KRIVA PALANKA - KRIVA PALANKA,42.21,22.33,690.0,19781001.0,40.0
10.18730/JMXVK,G20109,FULL,Phaseolus,vulgaris,Phaseolus vulgaris,300,19781001,MKD,ON THE FOOTHILLS OF THE SAR MOUNT - TETOVO - TETOVO,42.0,20.95,460.0,19781001.0,40.0
10.18730/JMXSH,G20107,FULL,Phaseolus,vulgaris,Phaseolus vulgaris,300,19781001,MKD,BUCISTE - PROBISHTIP,41.93,22.19,390.0,19781001.0,40.0
10.18730/JMXRG,G20106,FULL,Phaseolus,vulgaris,Phaseolus vulgaris,300,19781001,MKD,AMZABEGOVO - SVETI NIKOLE,41.81,22.0,250.0,19781001.0,40.0
10.18730/JMXND,G20104,FULL,Phaseolus,vulgaris,Phaseolus vulgaris,300,19781001,MKD,REZANOVCE - KUMANOVO,42.16,21.69,370.0,19781001.0,40.0
10.18730/PF02*,G20096,FULL,Phaseolus,vulgaris,Phaseolus vulgaris,300,19781001,MKD,KRATOVO - KRATOVO,42.06,22.17,610.0,19781001.0,40.0
10.18730/JMXE6,G20097,FULL,Phaseolus,vulgaris,Phaseolus vulgaris,300,19781001,MKD,ZELEZNICA - KRATOVO,42.09,22.16,630.0,19781001.0,40.0
10.18730/JMWKG,G20090,FULL,Phaseolus,vulgaris,Phaseolus vulgaris,300,19781001,MKD,DOLNO LAKOCERI - OHRID,41.15,20.79,730.0,19781001.0,40.0
10.18730/JMX2Z,G20083,FULL,Phaseolus,vulgaris,Phaseolus vulgaris,300,19781001,MKD,GINOVCI - RANKOVTSE,42.17,22.17,530.0,19781001.0,40.0
10.18730/JMX4~,G20085,FULL,Phaseolus,vulgaris,Phaseolus vulgaris,300,19781001,MKD,KRIVOGASTANI - PRILEP,41.35,21.33,600.0,19781001.0,40.0
10.18730/JMWZW,G20080,FULL,Phaseolus,vulgaris,Phaseolus vulgaris,300,19781001,MKD,OPILA - RANKOVTSE,42.14,22.15,600.0,19781001.0,40.0
10.18730/JMWQM,G20072,FULL,Phaseolus,vulgaris,Phaseolus vulgaris,300,19781001,MKD,GRDOVCI - KOCANI,41.88,22.43,340.0,19781001.0,40.0
10.18730/JMWC9,G20061,FULL,Phaseolus,vulgaris,Phaseolus vulgaris,300,19781001,MKD,RADOVIS - RADOVISH,41.63,22.47,380.0,19781001.0,40.0
10.18730/JMWHE,G20065,FULL,Phaseolus,vulgaris,Phaseolus vulgaris,300,19781001,MKD,PRDEJCI - GEVGELIJA,41.2,22.49,70.0,19781001.0,40.0
10.18730/JMVXZ,G20066,FULL,Phaseolus,vulgaris,Phaseolus vulgaris,300,19781001,MKD,STRUMICA - STRUMITSA,41.45,22.66,220.0,19781001.0,40.0
10.18730/JMWA7,G20059,FULL,Phaseolus,vulgaris,Phaseolus vulgaris,300,19781001,MKD,S OF PELAGONIA VALLEY - BITOLA - BITOLA,41.02,21.34,590.0,19781001.0,40.0
10.18730/JMW1=,G20051,FULL,Phaseolus,vulgaris,Phaseolus vulgaris,300,19781001,MKD,N OF KOCHANI VALLEY - KOCHANI - KOCANI,41.93,22.42,350.0,19781001.0,40.0
10.18730/JMVTW,G20041,FULL,Phaseolus,vulgaris,Phaseolus vulgaris,300,19781001,MKD,BASINO SELO - VELES,41.75,21.77,170.0,19781001.0,40.0
10.18730/JMVGJ,G20030,FULL,Phaseolus,vulgaris,Phaseolus vulgaris,300,19781001,MKD,N OF PELAGONIA PLAIN - PRILEP - PRILEP,41.37,21.56,660.0,19781001.0,40.0
10.18730/PEZXV,G20026,FULL,Phaseolus,vulgaris,Phaseolus vulgaris,300,19781001,MKD,BUCIN - KRUSHEVO,41.27,21.31,600.0,19781001.0,40.0
10.18730/JMVDF,G20027,FULL,Phaseolus,vulgaris,Phaseolus vulgaris,300,19781001,MKD,VOGJANI - KRIVOGASHTANI,41.28,21.33,660.0,19781001.0,40.0
10.18730/JMV35,G20019,FULL,Phaseolus,vulgaris,Phaseolus vulgaris,300,19781001,MKD,BANICA - STRUMITSA,41.45,22.62,580.0,19781001.0,40.0
10.18730/JMV9B,G20015,FULL,Phaseolus,vulgaris,Phaseolus vulgaris,300,19781001,MKD,SEKIRNIK - BOSILOVO,41.44,22.79,220.0,19781001.0,40.0
10.18730/JMV02,G20016,FULL,Phaseolus,vulgaris,Phaseolus vulgaris,300,19781001,MKD,STIP - SHTIP,41.74,22.22,330.0,19781001.0,40.0
10.18730/JMV13,G20017,FULL,Phaseolus,vulgaris,Phaseolus vulgaris,300,19781001,MKD,CENTER OF A PLAIN CALLED OVCE POLE - SVETI NIKOLE - SVETI NIKOLE,41.88,21.93,250.0,19781001.0,40.0
10.18730/JMTS*,G20007,FULL,Phaseolus,vulgaris,Phaseolus vulgaris,300,19781001,MKD,GLISIC - KAVADARCI,41.45,22.03,230.0,19781001.0,40.0
10.18730/JMTT~,G20008,FULL,Phaseolus,vulgaris,Phaseolus vulgaris,300,19781001,MKD,MARENA - KAVADARCI,41.47,22.03,219.0,19781001.0,40.0
10.18730/JMTV$,G20009,FULL,Phaseolus,vulgaris,Phaseolus vulgaris,300,19781001,MKD,VALANDOVO - VALANDOVO,41.31,22.55,100.0,19781001.0,40.0
10.18730/JMTW=,G20010,FULL,Phaseolus,vulgaris,Phaseolus vulgaris,300,19781001,MKD,MRZENCI - GEBGELIJA,41.16,22.5,80.0,19781001.0,40.0
10.18730/JMTXU,G20011,FULL,Phaseolus,vulgaris,Phaseolus vulgaris,300,19781001,MKD,NEGORCI - GEVGELIJA,41.18,22.47,110.0,19781001.0,40.0
10.18730/JNBEA,G13118,FULL,Phaseolus,vulgaris,Phaseolus vulgaris,300,19781001,MKD,LUKARCI - STARO NAGORICHANE,42.17,21.92,620.0,19781001.0,40.0
10.18730/JMVCE,G13095,FULL,Phaseolus,vulgaris,Phaseolus vulgaris,300,19781001,MKD,DOBROSANE - KUMANOVO,42.1,21.75,360.0,19781001.0,40.0
10.18730/JZYTX,G1031,FULL,Phaseolus,vulgaris,Phaseolus vulgaris,300,19700901,MKD,ON THE FOOTHILLS OF THE SAR MOUNT - TETOVO - TETOVO,42.02,20.95,460.0,19700901.0,40.0
10.18730/JZSB2,G829,FULL,Phaseolus,vulgaris,Phaseolus vulgaris,300,19700901,SLV,ZACATECOLUCA - ZACATECOLUCA - LA PAZ,13.49,-88.87,,19700901.0,40.0
10.18730/JZS90,G827,FULL,Phaseolus,vulgaris,Phaseolus vulgaris,300,19700901,SLV,COJUTEPEQUE - COJUTEPEQUE - CUSCATLAN,13.73,-88.94,,19700901.0,40.0
10.18730/JZRZV,G826,FULL,Phaseolus,vulgaris,Phaseolus vulgaris,300,19700901,SLV,AHUACHAPAN - AHUACHAPAN - AHUACHAPAN,13.92,-89.86,,19700901.0,40.0
10.18730/K42S$,G803A,FULL,Phaseolus,vulgaris,Phaseolus vulgaris,300,19700901,SLV,SAN SALVADOR - SAN SALVADOR - SAN SALVADOR,13.7,-89.2,,19700901.0,40.0
10.18730/K2EJW,G7932,FULL,Phaseolus,vulgaris,Phaseolus vulgaris,300,19760601,SLV,NAHUIZALCO - NAHUIZALCO - SONSONATE,13.79,-89.75,,19760601.0,40.0
10.18730/JG2WJ,G6265,FULL,Phaseolus,vulgaris,Phaseolus vulgaris,300,19750101,SLV,SANTA CRUZ PORRILLO - PORRILLO - LA PAZ,13.44,-88.82,,19750101.0,40.0
10.18730/JH1N4,G4796,FULL,Phaseolus,vulgaris,Phaseolus vulgaris,300,19721201,SLV,SANTA TECLA - SANTA TECLA - LA LIBERTAD,13.7,-89.29,,19721201.0,40.0
10.18730/JH5SS,G4220,FULL,Phaseolus,vulgaris,Phaseolus vulgaris,300,19700901,SLV,VALLE ALEGRE - MONCAGUA - SAN MIGUEL,13.52,-88.27,,19700901.0,40.0
10.18730/K27PY,G4121,FULL,Phaseolus,vulgaris,Phaseolus vulgaris,300,19720601,SLV,JALACATAL - JALACATAL - SAN MIGUEL,13.49,-88.22,,19720601.0,40.0
10.18730/JHCQS,G3090,FULL,Phaseolus,vulgaris,Phaseolus vulgaris,300,19720601,SLV,SENSUNTEPEQUE - SENSUNTEPEQUE - CABANAS,13.87,-88.64,,19720601.0,40.0
10.18730/K0VDK,G2187,FULL,Phaseolus,vulgaris,Phaseolus vulgaris,300,19700901,SLV,HACIENDA LA JOYA - SAN VICENTE - SAN VICENTE,13.62,-88.75,,19700901.0,40.0
10.18730/K0VBH,G2185,FULL,Phaseolus,vulgaris,Phaseolus vulgaris,300,19700901,SLV,SAN ISIDRO - SAN ISIDRO - CABANAS,13.84,-88.72,,19700901.0,40.0
10.18730/K0V9F,G2183,FULL,Phaseolus,vulgaris,Phaseolus vulgaris,300,19700901,SLV,TENANCINGO - TENANCINGO - CUSCATLAN,13.84,-88.99,,19700901.0,40.0
10.18730/K0TR=,G2173,FULL,Phaseolus,vulgaris,Phaseolus vulgaris,300,19700901,SLV,SANTA ANA - SANTA ANA - SANTA ANA,14.0,-89.55,,19700901.0,40.0
10.18730/K0TW2,G2169,FULL,Phaseolus,vulgaris,Phaseolus vulgaris,300,19700901,SLV,NEAR ZAPOTITAN - ZAPOTITAN - LA LIBERTAD,13.8,-89.46,457.0,19700901.0,40.0
10.18730/JTHV7,G18245,FULL,Phaseolus,vulgaris,Phaseolus vulgaris,300,19840601,SLV,MEANGUERA - MEANGUERA - MORAZAN,13.85,-88.15,,19840601.0,40.0
10.18730/K0DQS,G1737,FULL,Phaseolus,vulgaris,Phaseolus vulgaris,300,19700901,SLV,JUCUARAN - JUCUARAN - USULUTAN,13.25,-88.25,,19700901.0,40.0
10.18730/K0E52,G1735,FULL,Phaseolus,vulgaris,Phaseolus vulgaris,300,19700901,SLV,CANTÓN AGUA ESCONDIDA - CANTON AGUA ESCONDIDA - LA LIBERTAD,13.84,-89.35,,19700901.0,40.0
10.18730/K0E30,G1733,FULL,Phaseolus,vulgaris,Phaseolus vulgaris,300,19700901,SLV,EL TRANSITO - EL TRANSITO - SAN MIGUEL,13.35,-88.32,,19700901.0,40.0
10.18730/K0E2U,G1732,FULL,Phaseolus,vulgaris,Phaseolus vulgaris,300,19700901,SLV,SAN JORGE - SAN JORGE - SAN MIGUEL,13.42,-88.36,,19700901.0,40.0
10.18730/K0DEG,G1729,FULL,Phaseolus,vulgaris,Phaseolus vulgaris,300,19700901,SLV,SAN CRISTOBAL FRONTERA - CANDELARIA DE LA FRONTERA - SANTA ANA,14.18,-89.66,,19700901.0,40.0
10.18730/K0DZ~,G1728,FULL,Phaseolus,vulgaris,Phaseolus vulgaris,300,19700901,SLV,COMECAYO - SANTA ANA - SANTA ANA,14.0,-89.59,,19700901.0,40.0
10.18730/K0DXZ,G1726,FULL,Phaseolus,vulgaris,Phaseolus vulgaris,300,19700901,SLV,EL SALITRERO - CANTON SALITRERO - AHUACHAPAN,13.94,-89.74,,19700901.0,40.0
10.18730/K0DVX,G1724,FULL,Phaseolus,vulgaris,Phaseolus vulgaris,300,19700901,SLV,NUEVA CONCEPCIÓN - NUEVA CONCEPCION - CHALATENANGO,14.14,-89.31,,19700901.0,40.0
10.18730/K0DTW,G1723,FULL,Phaseolus,vulgaris,Phaseolus vulgaris,300,19700901,SLV,SANTIAGO - SANTIAGO DE LA FRONTERA - SANTA ANA,14.19,-89.62,,19700901.0,40.0
10.18730/K0DFH,G1722,FULL,Phaseolus,vulgaris,Phaseolus vulgaris,300,19700901,SLV,IZALCO - IZALCO - SONSONATE,13.75,-89.67,,19700901.0,40.0
10.18730/K0DPR,G1720,FULL,Phaseolus,vulgaris,Phaseolus vulgaris,300,19700901,SLV,CUJUCUYO - TEXISTEPEQUE - SANTA ANA,14.08,-89.51,,19700901.0,40.0
10.18730/K0DMP,G1718,FULL,Phaseolus,vulgaris,Phaseolus vulgaris,300,19700901,SLV,EL TABLÓN DE BELÉN - METAPAN - SANTA ANA,14.28,-89.38,,19700901.0,40.0
10.18730/K0DKN,G1717,FULL,Phaseolus,vulgaris,Phaseolus vulgaris,300,19700901,SLV,HACIENDA LA CABAÑA - LA CABANA - SAN SALVADOR,14.02,-89.19,,19700901.0,40.0
10.18730/K0DJM,G1716,FULL,Phaseolus,vulgaris,Phaseolus vulgaris,300,19700901,SLV,SANTO TOMAS - TEXISTEPEQUE - SANTA ANA,14.17,-89.52,,19700901.0,40.0
10.18730/K0DHK,G1715,FULL,Phaseolus,vulgaris,Phaseolus vulgaris,300,19700901,SLV,EL DELIRIO - OZATLAN - USULUTAN,13.39,-88.52,,19700901.0,40.0
10.18730/K0D68,G1713,FULL,Phaseolus,vulgaris,Phaseolus vulgaris,300,19700901,SLV,HACIENDA SAN JOSÉ - SAN JOSE - AHUACHAPAN,13.77,-89.93,,19700901.0,40.0
10.18730/K0CW=,G1712,FULL,Phaseolus,vulgaris,Phaseolus vulgaris,300,19700901,SLV,AGUILARES - AGUILARES - SAN SALVADOR,13.96,-89.2,,19700901.0,40.0
10.18730/K0DBD,G1709,FULL,Phaseolus,vulgaris,Phaseolus vulgaris,300,19700901,SLV,CUTUMAY CAMONES - TEXISTEPEQUE - SANTA ANA,14.05,-89.5,,19700901.0,40.0
10.18730/K0DAC,G1708,FULL,Phaseolus,vulgaris,Phaseolus vulgaris,300,19700901,SLV,SUCHITOTO - SUCHITOTO - CUSCATLAN,13.94,-89.04,,19700901.0,40.0
10.18730/K0D8A,G1706,FULL,Phaseolus,vulgaris,Phaseolus vulgaris,300,19700901,SLV,LA CUCHILLA - LA CUCHILLA - LA LIBERTAD,13.82,-89.42,,19700901.0,40.0
10.18730/K0D79,G1705,FULL,Phaseolus,vulgaris,Phaseolus vulgaris,300,19700901,SLV,SANTA LUCÍA - CIUDAD ARCE - LA LIBERTAD,13.82,-89.44,,19700901.0,40.0
10.18730/K0CXU,G1704,FULL,Phaseolus,vulgaris,Phaseolus vulgaris,300,19700901,SLV,SANTA ROSA - CIUDAD ARCE - LA LIBERTAD,13.86,-89.42,,19700901.0,40.0
10.18730/K0CS*,G1703,FULL,Phaseolus,vulgaris,Phaseolus vulgaris,300,19700901,SLV,CIUDAD ARCE - CIUDAD ARCE - LA LIBERTAD,13.84,-89.44,,19700901.0,40.0
10.18730/K0D46,G1702,FULL,Phaseolus,vulgaris,Phaseolus vulgaris,300,19700901,SLV,ARMENIA - ARMENIA - SONSONATE,13.76,-89.5,,19700901.0,40.0
10.18730/K0D35,G1701,FULL,Phaseolus,vulgaris,Phaseolus vulgaris,300,19700901,SLV,SAN ANTONIO CAMINOS - SAN VICENTE - SAN VICENTE,13.6,-88.79,,19700901.0,40.0
10.18730/K0D13,G1699,FULL,Phaseolus,vulgaris,Phaseolus vulgaris,300,19700901,SLV,SANTA GERTRUDIS - SAN VICENTE - SAN VICENTE,13.58,-88.76,,19700901.0,40.0
10.18730/K0CY0,G1696,FULL,Phaseolus,vulgaris,Phaseolus vulgaris,300,19700901,SLV,MONCAGUA - MONCAGUA - SAN MIGUEL,13.54,-88.25,,19700901.0,40.0
10.18730/K0CT~,G1695,FULL,Phaseolus,vulgaris,Phaseolus vulgaris,300,19700901,SLV,SAN ESTEBAN CATARINA - SAN ESTEBAN CATARINA - CHALATENANGO,13.69,-88.79,,19700901.0,40.0
10.18730/K0CMV,G1694,FULL,Phaseolus,vulgaris,Phaseolus vulgaris,300,19700901,SLV,EL ESPINO - ATIQUIZAYA - AHUACHAPAN,13.97,-89.75,,19700901.0,40.0
10.18730/K0CGQ,G1672,FULL,Phaseolus,vulgaris,Phaseolus vulgaris,300,19700901,SLV,EL MONO - JUCUARAN - USULUTAN,13.2,-88.24,,19700901.0,40.0
10.18730/JH7YM,G16308,FULL,Phaseolus,vulgaris,Phaseolus vulgaris,300,19700901,SLV,SANTA ANA - SANTA ANA - SANTA ANA,13.98,-89.57,,19700901.0,40.0
10.18730/JH5ZZ,G16254,FULL,Phaseolus,vulgaris,Phaseolus vulgaris,300,19700901,SLV,TEJUTLA - TEJUTLA - CHALATENANGO,14.17,-89.11,,19700901.0,40.0
10.18730/JH61~,G16253,FULL,Phaseolus,vulgaris,Phaseolus vulgaris,300,19700901,SLV,SANTA BARBARA - SANTA BARBARA - SAN SALVADOR,13.84,-89.15,,19700901.0,40.0
10.18730/JM9BX,G13504,FULL,Phaseolus,vulgaris,Phaseolus vulgaris,100,19781001,SLV,AHUACHAPAN - AHUACHAPAN - AHUACHAPAN,13.83,-89.85,714.0,19781001.0,40.0
10.18730/JH5VV,G13050,FULL,Phaseolus,vulgaris,Phaseolus vulgaris,300,19700901,SLV,EL RANCHADOR - SANTA ANA - SANTA ANA,14.02,-89.6,,19700901.0,40.0
10.18730/K02WB,G1225,FULL,Phaseolus,vulgaris,Phaseolus vulgaris,300,19700901,SLV,SANTA TECLA - SANTA TECLA - LA LIBERTAD,13.68,-89.28,,19700901.0,40.0
10.18730/K01M8,G1169,FULL,Phaseolus,vulgaris,Phaseolus vulgaris,300,19700901,SLV,EL ROSARIO - CANTON EL ROSARIO - AHUACHAPAN,13.75,-89.89,,19700901.0,40.0
10.18730/S3VWS,G1167A,FULL,Phaseolus,vulgaris,Phaseolus vulgaris,300,19700901,SLV,LA PALMA - LA PALMA - CHALATENANGO,14.32,-89.17,,19700901.0,40.0
10.18730/K4TSS,G52250,FULL,Phaseolus,vulgaris,Phaseolus vulgaris,100,20130222,SLV,"7.5 KM AL N DE SANTA TECLA, CAMINO AL BOQUERÓN - COLON - LA LIBERTAD",13.72,-89.27,1472.0,20130222.0,10.0
10.18730/K4TTT,G52251,FULL,Phaseolus,vulgaris,Phaseolus vulgaris,100,20130222,SLV,5 KM AL W DE MONTEBELLO - CANTON SAN ISIDRO - SONSONATE,13.83,-89.58,1245.0,20130222.0,10.0
10.18730/JZ3B1,G75,FULL,Phaseolus,vulgaris,Phaseolus vulgaris,300,19700901,TZA,AMANI - AMANI - TANGA REGION,-5.1,38.63,,19700901.0,40.0
10.18730/PHN2E,G50163,FULL,Phaseolus,vulgaris,Phaseolus vulgaris,300,19880201,TZA,MAKERE - MAKERE - KIGOMA REGION,-4.28,30.42,,19880201.0,40.0
10.18730/JW37~,G22454,FULL,Phaseolus,vulgaris,Phaseolus vulgaris,300,19870301,TZA,MBEYA - MBEYA - MBEYA REGION,-8.9,33.42,,19870301.0,40.0
10.18730/JMBEP,G13044,FULL,Phaseolus,vulgaris,Phaseolus vulgaris,300,19781001,TZA,"ARUSHA LIMITED, ARUSHA - ARUSHA - ARUSHA REGION",-3.39,36.64,,19781001.0,40.0
10.18730/JZPCJ,G729,FULL,Phaseolus,vulgaris,Phaseolus vulgaris,300,19700901,CMR,60 MI. N DOUALA - DOUALA - WOURI,4.17,9.96,,19700901.0,40.0
10.18730/JZPBH,G728,FULL,Phaseolus,vulgaris,Phaseolus vulgaris,300,19700901,CMR,BALESSING - BALESSING - MIFI,5.5,10.25,,19700901.0,40.0
10.18730/JZPAG,G727,FULL,Phaseolus,vulgaris,Phaseolus vulgaris,300,19700901,CMR,20 MI. W OF BAMENDA - BAMENDA - MEZAM,5.9,10.09,,19700901.0,40.0
10.18730/JZP4A,G721,FULL,Phaseolus,vulgaris,Phaseolus vulgaris,300,19700901,CMR,BAMBUI AGRICULTURAL FARM - BAMBUI - MEZAM,6.06,10.24,,19700901.0,40.0
10.18730/JFGRY,G7199,FULL,Phaseolus,vulgaris,Phaseolus vulgaris,300,19730301,VEN,SAN RAFAEL - FALCON,10.87,-68.27,5.0,19730301.0,40.0
10.18730/JFM0Q,G7065,FULL,Phaseolus,vulgaris,Phaseolus vulgaris,300,19730301,VEN,CARDENAS - TACHIRA,7.87,-72.09,1030.0,19730301.0,40.0
10.18730/JFXBT,G6523,FULL,Phaseolus,vulgaris,Phaseolus vulgaris,300,19731119,VEN,RECIFE - PERNAMBUCO,-8.07,-35.01,,19731119.0,40.0
10.18730/JFZJQ,G6427,FULL,Phaseolus,vulgaris,Phaseolus vulgaris,300,19720601,VEN,GONZALITO - ARAGUA,10.25,-67.57,,19720601.0,40.0
10.18730/JG45P,G6221,FULL,Phaseolus,vulgaris,Phaseolus vulgaris,300,19750101,VEN,CARACAS - DISTRITO FEDERAL,10.53,-66.92,,19750101.0,40.0
10.18730/JG3ZG,G6214,FULL,Phaseolus,vulgaris,Phaseolus vulgaris,300,19750101,VEN,MONTALBAN - CARABOBO,10.22,-68.32,,19750101.0,40.0
10.18730/JGR4*,G5190,FULL,Phaseolus,vulgaris,Phaseolus vulgaris,300,19730301,VEN,LOS CERRITOS - MIRANDA,10.2,-65.95,1225.0,19730301.0,40.0
10.18730/K273B,G4145,FULL,Phaseolus,vulgaris,Phaseolus vulgaris,300,19720601,VEN,ACEVEDO - MIRANDA,10.4,-66.3,300.0,19720601.0,40.0
10.18730/K1BBB,G2740,FULL,Phaseolus,vulgaris,Phaseolus vulgaris,300,19700901,VEN,ZAMORA - MIRANDA,10.45,-66.48,400.0,19700901.0,40.0
10.18730/K1BAA,G2739,FULL,Phaseolus,vulgaris,Phaseolus vulgaris,300,19700901,VEN,MONTALBAN - CARABOBO,10.22,-68.34,660.0,19700901.0,40.0
10.18730/K1B99,G2738,FULL,Phaseolus,vulgaris,Phaseolus vulgaris,300,19700901,VEN,LA FRIA - TACHIRA,8.23,-72.26,450.0,19700901.0,40.0
10.18730/K1B88,G2737,FULL,Phaseolus,vulgaris,Phaseolus vulgaris,300,19700901,VEN,NIRGUA - YARACUY,10.15,-68.58,760.0,19700901.0,40.0
10.18730/K0CDM,G1669,FULL,Phaseolus,vulgaris,Phaseolus vulgaris,300,19700901,VEN,"LAS DANTAS, ON FARM OF JUSTO PÉREZ - LAS DANTAS - TACHIRA",7.69,-72.41,,19700901.0,40.0
10.18730/JZNX3,G714,FULL,Phaseolus,vulgaris,Phaseolus vulgaris,300,19700901,GIN,NZEREKORE - NZEREKORE - NZEREKORE,7.76,-8.85,560.0,19700901.0,40.0
10.18730/S5MKV,G50550A,FULL,Phaseolus,vulgaris,Phaseolus vulgaris,300,19840601,GIN,BENDEKOURE ETHNIE PEUL - BENDEKOURE - DALABA,10.92,-12.0,,19840601.0,40.0
10.18730/JTE94,G50549,FULL,Phaseolus,vulgaris,Phaseolus vulgaris,300,19840601,GIN,POREDAKA ETHNIE PEUL - POREDAKA - DALABA,10.73,-12.07,,19840601.0,40.0
10.18730/S4XAP,G24507B,FULL,Phaseolus,vulgaris,Phaseolus vulgaris,300,19840601,GIN,NIANOU ETHNIE PEUL - NIANOU - TOUGUE,11.71,-11.99,,19840601.0,40.0
10.18730/JTEA5,G24508,FULL,Phaseolus,vulgaris,Phaseolus vulgaris,300,19840601,GIN,TOULADJOYA ETHNIE PEUL - TOULADJOYA - LABE,11.43,-12.28,,19840601.0,40.0
10.18730/S5MNX,G24506B,FULL,Phaseolus,vulgaris,Phaseolus vulgaris,300,19840601,GIN,KOLE ETHNIE PEUL - KOLE - TOUGUE,11.57,-11.58,,19840601.0,40.0
10.18730/JTE83,G24504,FULL,Phaseolus,vulgaris,Phaseolus vulgaris,300,19840601,GIN,GALI ETHNIE PEUL - GALI - DALABA,11.23,-12.14,,19840601.0,40.0
10.18730/PFE0$,G24505,FULL,Phaseolus,vulgaris,Phaseolus vulgaris,300,19840601,GIN,TARAMBALI ETHNIE PEUL - TARAMBALI - LABE,11.36,-12.15,,19840601.0,40.0
10.18730/S6D1*,G24499A,FULL,Phaseolus,vulgaris,Phaseolus vulgaris,300,19840601,GIN,FOUGOUMBA ETHNIE PEUL - FOUGOUMBA - DALABA,11.14,-11.21,,19840601.0,40.0
10.18730/S18FM,G24498B,FULL,Phaseolus,vulgaris,Phaseolus vulgaris,300,19840601,GIN,SOGOTORO ETHNIE PEUL - SOGOTORO - MAMOU,10.63,-11.83,,19840601.0,40.0
10.18730/JZNW2,G713,FULL,Phaseolus,vulgaris,Phaseolus vulgaris,300,19700901,SCG,ZEMUN - ZEMUN - SRBIJA,44.86,20.4,60.0,19700901.0,40.0
10.18730/JNBKF,G20344,FULL,Phaseolus,vulgaris,Phaseolus vulgaris,300,19781001,SCG,TRSTENIK - KRUSEVAC,43.62,21.01,630.0,19781001.0,40.0
10.18730/JNBFB,G20338,FULL,Phaseolus,vulgaris,Phaseolus vulgaris,300,19781001,SCG,E OF KOSOVO - RANILUG - GNJILANE,42.5,21.6,445.0,19781001.0,40.0
10.18730/JNAKM,G20331,FULL,Phaseolus,vulgaris,Phaseolus vulgaris,300,19781001,SCG,VRANJSKA BANJA - GNJILANE,42.56,22.0,350.0,19781001.0,40.0
10.18730/JN7J$,G20212,FULL,Phaseolus,vulgaris,Phaseolus vulgaris,300,19781001,SCG,DUBROVNIK MOUNTAIN - DUBROVNIK - DUZI,42.66,18.11,850.0,19781001.0,40.0
10.18730/JMV24,G20018,FULL,Phaseolus,vulgaris,Phaseolus vulgaris,300,19781001,SCG,LESKOVAC - OBRENOVAC,44.52,20.34,780.0,19781001.0,40.0
10.18730/JZN1C,G683,FULL,Phaseolus,vulgaris,Phaseolus vulgaris,300,19700901,SYR,HIMS - HIMS - HIMS,34.77,36.75,,19700901.0,40.0
10.18730/JZMZA,G681,FULL,Phaseolus,vulgaris,Phaseolus vulgaris,300,19700901,SYR,HAMAH - HAMAH - HAMAH,35.17,36.75,,19700901.0,40.0
10.18730/JZMV6,G677,FULL,Phaseolus,vulgaris,Phaseolus vulgaris,300,19700901,SYR,HALAB - HALAB - HALAB,36.2,37.17,,19700901.0,40.0
10.18730/JZMH~,G666,FULL,Phaseolus,vulgaris,Phaseolus vulgaris,300,19700901,SYR,SEDD DEALER IN DAMASCUS - DAMASCUS - MADINAT DIMASH,33.5,36.25,,19700901.0,40.0
10.18730/JZKTA,G629,FULL,Phaseolus,vulgaris,Phaseolus vulgaris,300,19700901,SYR,DAMASCUS - DAMASCUS - MADINAT DIMASH,33.5,36.19,,19700901.0,40.0
10.18730/JZMT5,G676,FULL,Phaseolus,vulgaris,Phaseolus vulgaris,300,19700901,LBN,ANDJAR-BEKAA,34.0,36.0,,19700901.0,40.0
10.18730/PQ3RH,G66,FULL,Phaseolus,vulgaris,Phaseolus vulgaris,300,19700901,CAN,LOWE FARM - MANITOBA,49.35,-97.9,,19700901.0,40.0
10.18730/JZ38=,G65,FULL,Phaseolus,vulgaris,Phaseolus vulgaris,300,19700901,CAN,HOEY - SASKATCHEWAN,52.87,-105.79,,19700901.0,40.0
10.18730/PQ3SJ,G64,FULL,Phaseolus,vulgaris,Phaseolus vulgaris,300,19700901,CAN,MELVILLE - SASKATCHEWAN,50.92,-102.67,,19700901.0,40.0
10.18730/PQ3TK,G63,FULL,Phaseolus,vulgaris,Phaseolus vulgaris,300,19700901,CAN,GRIMSHAW - ALBERTA,56.19,-117.5,,19700901.0,40.0
10.18730/S6S6E,G62A,,Phaseolus,vulgaris,Phaseolus vulgaris,300,19700901,CAN,SOURIS - MANITOBA,49.64,-100.17,,19400419.0,
10.18730/JZ3D3,G61,FULL,Phaseolus,vulgaris,Phaseolus vulgaris,300,19700901,CAN,HYAS - SASKATCHEWAN,51.9,-102.26,,19700901.0,40.0
10.18730/PQ3VM,G60,FULL,Phaseolus,vulgaris,Phaseolus vulgaris,300,19700901,CAN,OTTAWA - ONTARIO,45.42,-75.7,,19700901.0,40.0
10.18730/PQ3WN,G59,FULL,Phaseolus,vulgaris,Phaseolus vulgaris,300,19700901,CAN,PLUMAS - MANITOBA,50.42,-99.03,,19700901.0,40.0
10.18730/PQ3XP,G58,FULL,Phaseolus,vulgaris,Phaseolus vulgaris,300,19700901,CAN,ROCK ISLAND - QUEBEC,45.0,-72.1,,19700901.0,40.0
10.18730/PQ40S,G55,FULL,Phaseolus,vulgaris,Phaseolus vulgaris,300,19700901,CAN,PUNNICKY - SASKATCHEWAN,51.38,-104.1,,19700901.0,40.0
10.18730/PQ41T,G54,FULL,Phaseolus,vulgaris,Phaseolus vulgaris,300,19700901,CAN,BLUMENHOF - SASKATCHEWAN,50.02,-107.67,,19700901.0,40.0
10.18730/PQ42V,G53,FULL,Phaseolus,vulgaris,Phaseolus vulgaris,300,19700901,CAN,MIAMI - MANITOBA,49.35,-98.19,,19700901.0,40.0
10.18730/PQ43W,G52,FULL,Phaseolus,vulgaris,Phaseolus vulgaris,300,19700901,CAN,WADENA - SASKATCHEWAN,51.95,-103.67,,19700901.0,40.0
10.18730/PQ45Y,G50,FULL,Phaseolus,vulgaris,Phaseolus vulgaris,300,19700901,CAN,AVEBURY - SASKATCHEWAN,53.15,-106.98,,19700901.0,40.0
10.18730/JZ37$,G48,FULL,Phaseolus,vulgaris,Phaseolus vulgaris,300,19700901,CAN,ZELMA - SASKATCHEWAN,51.84,-105.91,,19700901.0,40.0
10.18730/PQ47*,G47,FULL,Phaseolus,vulgaris,Phaseolus vulgaris,300,19700901,CAN,NORQUAY - SASKATCHEWAN,51.89,-102.0,,19700901.0,40.0
10.18730/JZ36~,G46,FULL,Phaseolus,vulgaris,Phaseolus vulgaris,300,19700901,CAN,LEASK - SASKATCHEWAN,53.0,-106.67,,19700901.0,40.0
10.18730/PQ4A=,G43,FULL,Phaseolus,vulgaris,Phaseolus vulgaris,300,19700901,CAN,ARGYLE - MANITOBA,50.18,-97.46,,19700901.0,40.0
10.18730/PQ4BU,G42,FULL,Phaseolus,vulgaris,Phaseolus vulgaris,300,19700901,CAN,LINTLAW - SASKATCHEWAN,52.06,-103.24,,19700901.0,40.0
10.18730/PQ4C0,G41,FULL,Phaseolus,vulgaris,Phaseolus vulgaris,300,19700901,CAN,GOULDTOWN - SASKATCHEWAN,46.1,-85.7,,19700901.0,40.0
10.18730/PQ4E2,G39,FULL,Phaseolus,vulgaris,Phaseolus vulgaris,300,19700901,CAN,BENTON - NEW BRUNSWICK,45.99,-67.61,,19700901.0,40.0
10.18730/PQ4F3,G38,FULL,Phaseolus,vulgaris,Phaseolus vulgaris,300,19700901,CAN,ETHELTON - SASKATCHEWAN,52.79,-104.93,,19700901.0,40.0
10.18730/PQ4J6,G35,FULL,Phaseolus,vulgaris,Phaseolus vulgaris,300,19700901,CAN,STEINBACK - MANITOBA,49.54,-96.69,,19700901.0,40.0
10.18730/PQ4K7,G34,FULL,Phaseolus,vulgaris,Phaseolus vulgaris,300,19700901,CAN,CARMEN - MANITOBA,49.49,-98.02,,19700901.0,40.0
10.18730/PQ4M8,G33,FULL,Phaseolus,vulgaris,Phaseolus vulgaris,300,19700901,CAN,ARROWWOOD - ALBERTA,50.73,-113.15,,19700901.0,40.0
10.18730/JZ2YS,G32,FULL,Phaseolus,vulgaris,Phaseolus vulgaris,300,19700901,CAN,INDIAN HEAD - SASKATCHEWAN,50.54,-103.67,,19700901.0,40.0
10.18730/PQ4PA,G30,FULL,Phaseolus,vulgaris,Phaseolus vulgaris,300,19700901,CAN,LENORE - MANITOBA,52.5,-105.0,,19700901.0,40.0
10.18730/PQ4RC,G25,FULL,Phaseolus,vulgaris,Phaseolus vulgaris,300,19700901,CAN,ARBORFIELD - SASKATCHEWAN,53.1,-103.5,,19700901.0,40.0
10.18730/PQ4SD,G24,FULL,Phaseolus,vulgaris,Phaseolus vulgaris,300,19700901,CAN,VIKING - ALBERTA,53.11,-111.67,,19700901.0,40.0
10.18730/S5EKM,G18708A,FULL,Phaseolus,vulgaris,Phaseolus vulgaris,300,19781001,CAN,GLENSIDE - SASKATCHEWAN,51.45,-106.8,,19781001.0,40.0
10.18730/PJX41,G18706,FULL,Phaseolus,vulgaris,Phaseolus vulgaris,300,19781001,CAN,DAYLESFORD - SASKATCHEWAN,52.5,-104.91,,19781001.0,40.0
10.18730/JNE7S,G16800,FULL,Phaseolus,vulgaris,Phaseolus vulgaris,300,19700901,CAN,SOURIS - MANITOBA,49.63,-100.25,,19700901.0,40.0
10.18730/JNECY,G16801,FULL,Phaseolus,vulgaris,Phaseolus vulgaris,300,19700901,CAN,LAC DU BONNET - MANITOBA,50.26,-96.07,,19700901.0,40.0
10.18730/K46G5,G51627,FULL,Phaseolus,vulgaris,Phaseolus vulgaris,300,19891001,CHN,JIANGSU NANTONG - NANTONG - JIANGSU,31.98,120.89,5.0,19891001.0,40.0
10.18730/K46F4,G51626,FULL,Phaseolus,vulgaris,Phaseolus vulgaris,300,19891001,CHN,SHANGHAI - SONGJIANG - SHANGHAI,31.17,121.43,5.0,19891001.0,40.0
10.18730/K46D2,G51624,FULL,Phaseolus,vulgaris,Phaseolus vulgaris,300,19891001,CHN,FUJIAN LIANJIANG - LIANJIANG - FUJIAN,26.2,119.54,5.0,19891001.0,40.0
10.18730/K46C1,G51623,FULL,Phaseolus,vulgaris,Phaseolus vulgaris,300,19891001,CHN,FUJIAN NINGDE - NINGDE - FUJIAN,26.69,119.54,31.0,19891001.0,40.0
10.18730/K46AU,G51621,FULL,Phaseolus,vulgaris,Phaseolus vulgaris,300,19891001,CHN,FUJIAN ZHANGZHOU - ZHANGZHOU - FUJIAN,24.5,117.65,30.0,19891001.0,40.0
10.18730/K46B0,G51622,FULL,Phaseolus,vulgaris,Phaseolus vulgaris,300,19891001,CHN,FUJIAN GUTIAN - GUTIAN - FUJIAN,26.58,118.73,326.0,19891001.0,40.0
10.18730/K466*,G51616,FULL,Phaseolus,vulgaris,Phaseolus vulgaris,300,19891001,CHN,FUJIAN SHAOWU - SHAOWU - FUJIAN,27.34,117.47,257.0,19891001.0,40.0
10.18730/K467~,G51617,FULL,Phaseolus,vulgaris,Phaseolus vulgaris,300,19891001,CHN,FUJIAN FUZHOU - FUZHOU - FUJIAN,26.08,119.28,84.0,19891001.0,40.0
10.18730/K576F,G51618,FULL,Phaseolus,vulgaris,Phaseolus vulgaris,300,19891001,CHN,FUJIAN LIANCHENG - LIANCHENG - FUJIAN,25.69,116.75,365.0,19891001.0,40.0
10.18730/K468$,G51619,FULL,Phaseolus,vulgaris,Phaseolus vulgaris,300,19891001,CHN,FUJIAN YONGAN - YONGAN - FUJIAN,25.97,117.35,206.0,19891001.0,40.0
10.18730/K469=,G51620,FULL,Phaseolus,vulgaris,Phaseolus vulgaris,300,19891001,CHN,FUJIAN LONGYAN - LONGYAN - FUJIAN,25.1,117.02,341.0,19891001.0,40.0
10.18730/K463X,G51613,FULL,Phaseolus,vulgaris,Phaseolus vulgaris,300,19891001,CHN,NEIMENG WULANHAOTE - WULANHAOTE - NEIMENGGU,46.05,122.1,,19891001.0,40.0
10.18730/K464Y,G51614,FULL,Phaseolus,vulgaris,Phaseolus vulgaris,300,19891001,CHN,NEIMENG HUHEHAOTE - HUHEHAOTE - NEIMENGGU,40.82,111.68,1063.0,19891001.0,40.0
10.18730/K45YR,G51608,FULL,Phaseolus,vulgaris,Phaseolus vulgaris,300,19891001,CHN,NEIMENG TONGLIAO - TONGLIAO - NEIMENGGU,43.6,122.27,179.0,19891001.0,40.0
10.18730/K45ZS,G51609,FULL,Phaseolus,vulgaris,Phaseolus vulgaris,300,19891001,CHN,NEIMENG LINXI - LINXI - NEIMENGGU,43.6,118.07,799.0,19891001.0,40.0
10.18730/K45VN,G51605,FULL,Phaseolus,vulgaris,Phaseolus vulgaris,300,19891001,CHN,SHANDONG JIAOXIAN - JIAOXIAN - SHANDONG,36.3,120.1,26.0,19891001.0,40.0
10.18730/K45XQ,G51607,FULL,Phaseolus,vulgaris,Phaseolus vulgaris,300,19891001,CHN,NEIMENG HAILAER - HULUNBEIER - NEIMENGGU,49.22,119.75,610.0,19891001.0,40.0
10.18730/K45TM,G51604,FULL,Phaseolus,vulgaris,Phaseolus vulgaris,300,19891001,CHN,SHANDONG KENLI - KENLI - SHANDONG,37.59,118.52,9.0,19891001.0,40.0
10.18730/K45SK,G51603,FULL,Phaseolus,vulgaris,Phaseolus vulgaris,300,19891001,CHN,SHANDONG YEXIAN,37.18,119.93,53.0,19891001.0,40.0
10.18730/K45NF,G51599,FULL,Phaseolus,vulgaris,Phaseolus vulgaris,300,19891001,CHN,SHANDONG LUNAN - JUNAN - SHANDONG,35.25,118.84,97.0,19891001.0,40.0
10.18730/K45RJ,G51602,FULL,Phaseolus,vulgaris,Phaseolus vulgaris,300,19891001,CHN,SHANDONG ZAOZHUANG - ZAOZHUANG - SHANDONG,34.72,117.57,67.0,19891001.0,40.0
10.18730/K45PG,G51600,FULL,Phaseolus,vulgaris,Phaseolus vulgaris,300,19891001,CHN,SHANDONG HUIMIN - HUIMIN - SHANDONG,37.5,117.54,11.0,19891001.0,40.0
10.18730/K45E8,G51592,FULL,Phaseolus,vulgaris,Phaseolus vulgaris,300,19891001,CHN,JILIN SHUANGYANGXIAN - SIPING - JILIN,43.5,125.65,234.0,19891001.0,40.0
10.18730/K45F9,G51593,FULL,Phaseolus,vulgaris,Phaseolus vulgaris,300,19891001,CHN,JILIN JIUTAI - CHANGCHUN - JILIN,44.17,125.8,175.0,19891001.0,40.0
10.18730/K45GA,G51594,FULL,Phaseolus,vulgaris,Phaseolus vulgaris,300,19891001,CHN,JILIN JILINSHI - JILIN SHI - JILIN,43.95,126.47,183.0,19891001.0,40.0
10.18730/K45HB,G51595,FULL,Phaseolus,vulgaris,Phaseolus vulgaris,300,19891001,CHN,JILIN HUAIDEXIAN - SIPING - JILIN,43.52,124.8,200.0,19891001.0,40.0
10.18730/K45ME,G51598,FULL,Phaseolus,vulgaris,Phaseolus vulgaris,300,19891001,CHN,SHANDONG PINGYIN - PINGYN - SHANDONG,36.29,116.44,42.0,19891001.0,40.0
10.18730/K45C6,G51590,FULL,Phaseolus,vulgaris,Phaseolus vulgaris,300,19891001,CHN,JILIN NONGANXIAN - NONGAN - JILIN,44.42,125.17,189.0,19891001.0,40.0
10.18730/K45D7,G51591,FULL,Phaseolus,vulgaris,Phaseolus vulgaris,300,19891001,CHN,JILIN TONGHUA - TONGHUA - JILIN,41.69,125.9,403.0,19891001.0,40.0
10.18730/K45B5,G51589,FULL,Phaseolus,vulgaris,Phaseolus vulgaris,300,19891001,CHN,JILIN CHANGCHUN - CHANGCHUN - JILIN,43.9,125.22,237.0,19891001.0,40.0
10.18730/JXX50,G50796,FULL,Phaseolus,vulgaris,Phaseolus vulgaris,300,19891001,CHN,FENGNING - FENGNING - HEBEI,41.21,116.54,660.0,19891001.0,40.0
10.18730/JXX72,G50795,FULL,Phaseolus,vulgaris,Phaseolus vulgaris,300,19891001,CHN,HEBEI KUANCHENG - KUANCHENG - HEBEI,40.6,118.49,304.0,19891001.0,40.0
10.18730/JXWZZ,G50794,FULL,Phaseolus,vulgaris,Phaseolus vulgaris,300,19891001,CHN,SHANXI TIANZHEN - TIANZHEN - SHANXI,40.7,114.05,1026.0,19891001.0,40.0
10.18730/JXXNG,G50641,FULL,Phaseolus,vulgaris,Phaseolus vulgaris,300,19891001,CHN,HEBEI ZHANGJIAKOU - ZHANGJIAKOU - HEBEI,40.79,114.89,724.0,19891001.0,40.0
10.18730/JXXKE,G50640,FULL,Phaseolus,vulgaris,Phaseolus vulgaris,300,19891001,CHN,HEBEI CHENGDE - CHENGDE - HEBEI,40.97,117.84,375.0,19891001.0,40.0
10.18730/JXXJD,G50639,FULL,Phaseolus,vulgaris,Phaseolus vulgaris,300,19891001,CHN,HEBEI YIXIAN - YIXIAN - HEBEI,39.35,115.5,56.0,19891001.0,40.0
10.18730/S5W7C,G50637A,FULL,Phaseolus,vulgaris,Phaseolus vulgaris,300,19891001,CHN,HEBEI WENAN - WENAN - HEBEI,38.89,116.47,6.0,19891001.0,40.0
10.18730/JXWYY,G50636,FULL,Phaseolus,vulgaris,Phaseolus vulgaris,300,19891001,CHN,SHANXI WUTAI - WUTAI - SHANXI,38.73,113.23,,19891001.0,40.0
10.18730/JXX2$,G24541,FULL,Phaseolus,vulgaris,Phaseolus vulgaris,300,19891001,CHN,PINGSHAN - PINGSHAN - HEBEI,38.25,114.2,136.0,19891001.0,40.0
10.18730/JXXMF,G24544,FULL,Phaseolus,vulgaris,Phaseolus vulgaris,300,19891001,CHN,SHENXIAN - SHENXIAN - HEBEI,38.0,115.55,26.0,19891001.0,40.0
10.18730/JY56=,G24317,FULL,Phaseolus,vulgaris,Phaseolus vulgaris,300,19920101,CHN,XINGYANG - XINGYANG - HENAN,34.78,113.38,136.0,19920101.0,40.0
10.18730/JY53*,G24315,FULL,Phaseolus,vulgaris,Phaseolus vulgaris,300,19920101,CHN,YONGJI - YONGJI - JILIN,43.67,126.49,229.0,19920101.0,40.0
10.18730/JY54~,G24316,FULL,Phaseolus,vulgaris,Phaseolus vulgaris,300,19920101,CHN,JIUTAI - JIUTAI - JILIN,44.17,125.75,174.0,19920101.0,40.0
10.18730/JY4YV,G24310,FULL,Phaseolus,vulgaris,Phaseolus vulgaris,300,19920101,CHN,WEIFANG - WEIFANG - SHANDONG,36.7,119.08,44.0,19920101.0,40.0
10.18730/JY4ZW,G24311,FULL,Phaseolus,vulgaris,Phaseolus vulgaris,300,19920101,CHN,GUIYANG - GUIYANG - GUIZHOU,26.64,106.63,1074.0,19920101.0,40.0
10.18730/JY50X,G24312,FULL,Phaseolus,vulgaris,Phaseolus vulgaris,300,19920101,CHN,KUNMING - KUNMING - YUNNAN,25.02,102.68,1891.0,19920101.0,40.0
10.18730/JY51Y,G24313,FULL,Phaseolus,vulgaris,Phaseolus vulgaris,300,19920101,CHN,JIUJIANG - JIUJIANG - JIANGXI,29.73,116.0,33.0,19920101.0,40.0
10.18730/JY52Z,G24314,FULL,Phaseolus,vulgaris,Phaseolus vulgaris,300,19920101,CHN,YANTAI - YANTAI - SHANDONG,37.53,121.4,46.0,19920101.0,40.0
10.18730/JY4WS,G24307,FULL,Phaseolus,vulgaris,Phaseolus vulgaris,300,19920101,CHN,YUCI - YUCI - SHANXI,37.69,112.71,822.0,19920101.0,40.0
10.18730/JY55$,G24308,FULL,Phaseolus,vulgaris,Phaseolus vulgaris,300,19920101,CHN,HANGZHOU - HANGZHOU - ZHEJIANG,30.23,120.0,41.0,19920101.0,40.0
10.18730/JY5A2,G24309,FULL,Phaseolus,vulgaris,Phaseolus vulgaris,300,19920101,CHN,QINGDAO - QINGDAO - SHANDONG,36.07,120.34,76.0,19920101.0,40.0
10.18730/JY4SP,G24304,FULL,Phaseolus,vulgaris,Phaseolus vulgaris,300,19920101,CHN,FUYU - FUYU - HEILONGJIANG,47.8,124.49,162.0,19920101.0,40.0
10.18730/JY4TQ,G24305,FULL,Phaseolus,vulgaris,Phaseolus vulgaris,300,19920101,CHN,PINGQUAN - PINGQUAN - HEBEI,40.99,118.62,502.0,19920101.0,40.0
10.18730/JY4VR,G24306,FULL,Phaseolus,vulgaris,Phaseolus vulgaris,300,19920101,CHN,TAIYUAN - TAIYUAN - SHANXI,37.78,112.55,778.0,19920101.0,40.0
10.18730/JY4NJ,G24300,FULL,Phaseolus,vulgaris,Phaseolus vulgaris,300,19920101,CHN,HAILING - HAILING - HEILONGJIANG,44.59,129.41,260.0,19920101.0,40.0
10.18730/JY4PK,G24301,FULL,Phaseolus,vulgaris,Phaseolus vulgaris,300,19920101,CHN,YANSHOU - YANSHOU - HEILONGJIANG,45.46,128.32,154.0,19920101.0,40.0
10.18730/JY4RN,G24303,FULL,Phaseolus,vulgaris,Phaseolus vulgaris,300,19920101,CHN,ACHENG - ACHENG - HEILONGJIANG,45.52,126.95,174.0,19920101.0,40.0
10.18730/S2ZJ7,G24298A,FULL,Phaseolus,vulgaris,Phaseolus vulgaris,300,19920101,CHN,LINKOU - LINKOU - HEILONGJIANG,45.28,130.28,273.0,19920101.0,40.0
10.18730/JY57U,G24299,FULL,Phaseolus,vulgaris,Phaseolus vulgaris,300,19920101,CHN,LINDIAN - LINDIAN - HEILONGJIANG,47.19,124.84,154.0,19920101.0,40.0
10.18730/JY4JF,G24296,FULL,Phaseolus,vulgaris,Phaseolus vulgaris,300,19920101,CHN,HAERBIN - HAERBIN - HEILONGJIANG,45.75,126.77,142.0,19920101.0,40.0
10.18730/JY4GD,G24294,FULL,Phaseolus,vulgaris,Phaseolus vulgaris,300,19920101,CHN,WUCHANG - WUCHANG - HEILONGJIANG,44.9,127.15,194.0,19920101.0,40.0
10.18730/S6MGC,G24287A,FULL,Phaseolus,vulgaris,Phaseolus vulgaris,300,19920101,CHN,ZIGUI - ZIGUI - HUBEI,31.83,110.94,150.0,19920101.0,40.0
10.18730/JY4B8,G24286,FULL,Phaseolus,vulgaris,Phaseolus vulgaris,300,19920101,CHN,SHENNONGJIA - SHENNONGJIA - HUBEI,31.75,110.67,935.0,19920101.0,40.0
10.18730/JY496,G24284,FULL,Phaseolus,vulgaris,Phaseolus vulgaris,300,19920101,CHN,XINGSHAN - XINGSHAN - HUBEI,31.35,110.77,275.0,19920101.0,40.0
10.18730/K3NGG,G24282,FULL,Phaseolus,vulgaris,Phaseolus vulgaris,300,19920101,CHN,BAOKANG - BAOKANG - HUBEI,31.88,111.27,327.0,19920101.0,40.0
10.18730/JXXD8,G23955,FULL,Phaseolus,vulgaris,Phaseolus vulgaris,300,19891001,CHN,HANGZHOU - HANGZHOU - ZHEJIANG,30.23,120.17,417.0,19891001.0,40.0
10.18730/JXXE9,G23956,FULL,Phaseolus,vulgaris,Phaseolus vulgaris,300,19891001,CHN,YANQING - YANQING - BEIJING,40.45,115.95,489.0,19891001.0,40.0
10.18730/JXXHC,G23952,FULL,Phaseolus,vulgaris,Phaseolus vulgaris,300,19891001,CHN,SHIJIAZHUANG - SHIJIAZHUANG - HEBEI,38.07,114.44,82.0,19891001.0,40.0
10.18730/PQ50M,G2,FULL,Phaseolus,vulgaris,Phaseolus vulgaris,300,19700901,CHN,"HAITIEN, 6 MI. W OF BEIJING - BEIJING - BEIJING",39.92,116.0,,19700901.0,40.0
10.18730/PM102,G14226,FULL,Phaseolus,vulgaris,Phaseolus vulgaris,300,19781001,CHN,LU-TA,38.88,121.58,,19781001.0,40.0
10.18730/JZ2NG,G1,FULL,Phaseolus,vulgaris,Phaseolus vulgaris,300,19700901,CHN,"CHINGTIEN, 10 MI. S OF BEIJING - BEIJING - BEIJING",39.83,116.17,,19700901.0,40.0
10.18730/K3YJA,G51381,FULL,Phaseolus,vulgaris,Phaseolus vulgaris,100,19920519,ARG,"YUTUMAYO, NW SAN SALVADOR DE JUJUY - LOZANO - JUJUY",-24.13,-65.53,1640.0,19920519.0,40.0
10.18730/K3YD5,G51376,FULL,Phaseolus,vulgaris,Phaseolus vulgaris,100,19920519,ARG,"N DE SALTA, VAQUEROS - LA CALDERA - SALTA",-24.67,-65.37,1290.0,19920519.0,40.0
10.18730/K3YC4,G51375,FULL,Phaseolus,vulgaris,Phaseolus vulgaris,100,19920519,ARG,"23 KM SW EL CARRIL (ROAD 33), PEÑA BAJA - CHICOANA - SALTA",-25.12,-65.58,1650.0,19920519.0,40.0
10.18730/PG8T4,G51374,FULL,Phaseolus,vulgaris,Phaseolus vulgaris,100,19920519,ARG,"SW PULARES, LOS LAURELES - CHICOANA - SALTA",-25.1,-65.58,1400.0,19920519.0,40.0
10.18730/K3YB3,G51373,FULL,Phaseolus,vulgaris,Phaseolus vulgaris,100,19920519,ARG,"NE CERRILLOS, NEAR SAN MIGUEL - CERRILLOS - SALTA",-24.9,-65.48,1200.0,19920519.0,40.0
10.18730/K3YA2,G51372,FULL,Phaseolus,vulgaris,Phaseolus vulgaris,100,19920519,ARG,"W LA CALDERA, YACONES-LA CALDERA ROAD - LA CALDERA - SALTA",-24.62,-65.42,1660.0,19920519.0,40.0
10.18730/K3Y80,G51370,FULL,Phaseolus,vulgaris,Phaseolus vulgaris,100,19920519,ARG,"8.8 KM W LA CALDERA, LESSER, ROAD TO YACONES - LA CALDERA - SALTA",-24.65,-65.43,1380.0,19920519.0,40.0
10.18730/K3Y4~,G51366,FULL,Phaseolus,vulgaris,Phaseolus vulgaris,100,19920519,ARG,"6 KM SW OF SAN PEDRO DE COLALAO, HUALINCHAY - TRANCAS - TUCUMAN",-26.28,-65.52,1280.0,19920519.0,40.0
10.18730/K3Y7U,G51369,FULL,Phaseolus,vulgaris,Phaseolus vulgaris,100,19920519,ARG,"13 KM SW FROM LAS HIGUERILLAS, ROAD 9 SOUTH DIRECTION - LA COCHA - TUCUMAN",-27.83,-65.82,900.0,19920519.0,40.0
10.18730/K3Y6=,G51368,FULL,Phaseolus,vulgaris,Phaseolus vulgaris,100,19920519,ARG,32.7 KM W ALPACHIRI - CHICLIGASTA - TUCUMAN,-27.32,-65.97,1870.0,19920519.0,40.0
10.18730/K3Y3*,G51365,FULL,Phaseolus,vulgaris,Phaseolus vulgaris,100,19920519,ARG,5 KM SW OF EL SIAMBÓN (RACÓ) - YERBA BUENA - TUCUMAN,-26.78,-65.47,950.0,19920519.0,40.0
10.18730/K3Y2Z,G51364,FULL,Phaseolus,vulgaris,Phaseolus vulgaris,100,19920519,ARG,"12 KM SW DE RACÓ, EL SIAMBÓN - YERBA BUENA - TUCUMAN",-26.77,-65.45,1000.0,19920519.0,40.0
10.18730/K3Y0X,G51362,FULL,Phaseolus,vulgaris,Phaseolus vulgaris,100,19920519,ARG,"45 KM S DE TAFI DEL VALLE, EL NOGALES - TAFI DEL VALLE - TUCUMAN",-27.0,-65.65,1800.0,19920519.0,40.0
10.18730/K3Y1Y,G51363,FULL,Phaseolus,vulgaris,Phaseolus vulgaris,100,19920519,ARG,"RACÓ, EN ALREDEDORES DE SAUCE YACU - TAFI VIEJO - TUCUMAN",-26.7,-65.42,1160.0,19920519.0,40.0
10.18730/S3VJF,G51361B,FULL,Phaseolus,vulgaris,Phaseolus vulgaris,100,19920519,ARG,YUNCA SUMA-RÍO CHACRA - CHICLIGASTA - TUCUMAN,-27.42,-65.98,1560.0,19920519.0,40.0
10.18730/PFXFB,G50741,FULL,Phaseolus,vulgaris,Phaseolus vulgaris,300,19860501,ARG,SANTA VICTORIA - SANTA VICTORIA - SALTA,-22.25,-64.96,2400.0,19860501.0,20.0
10.18730/JWCN2,G50742,FULL,Phaseolus,vulgaris,Phaseolus vulgaris,300,19860501,ARG,"SANTA VICTORIA, LA HUERTA - SANTA VICTORIA - SALTA",-22.23,-65.03,2600.0,19860501.0,20.0
10.18730/JWB0Q,G50740,FULL,Phaseolus,vulgaris,Phaseolus vulgaris,300,19860501,ARG,"SANTA VICTORIA, RODEOPAMPA - SANTA VICTORIA - SALTA",-22.25,-65.06,2900.0,19860501.0,20.0
10.18730/JWBH3,G50573,FULL,Phaseolus,vulgaris,Phaseolus vulgaris,300,19860501,ARG,IRUYA - IRUYA - SALTA,-22.8,-65.24,2800.0,19860501.0,20.0
10.18730/JWA6$,G50568,FULL,Phaseolus,vulgaris,Phaseolus vulgaris,300,19860501,ARG,"SANTA VICTORIA, PAPACHACRA - SANTA VICTORIA - SALTA",-22.25,-65.95,2400.0,19860501.0,20.0
10.18730/S2SCZ,G50015F,FULL,Phaseolus,vulgaris,Phaseolus vulgaris,200,19860501,ARG,"SANTA VICTORIA, RODEOPAMPA - SANTA VICTORIA - SALTA",-22.25,-65.0,2900.0,19860501.0,60.0
10.18730/PGCXR,G24322,FULL,Phaseolus,vulgaris,Phaseolus vulgaris,100,19920101,ARG,"14 KM ENTRADA CHICOANA, CAMINO SALTA-CACHI, QUEBRADA ESCOIPE - CHICOANA - SALTA",-25.1,-65.6,1450.0,19920101.0,40.0
10.18730/JY580,G24320,FULL,Phaseolus,vulgaris,Phaseolus vulgaris,100,19920101,ARG,"8 KM ENTRADA CHICOANA, CAMINO SALTA-CACHI, QUEBRADA ESCOIPE - CHICOANA - SALTA",-25.08,-65.57,1450.0,19920101.0,40.0
10.18730/PGCVP,G24319,FULL,Phaseolus,vulgaris,Phaseolus vulgaris,100,19920101,ARG,"QUEBRADA SAN LORENZO,CAMINO A LESSER, CASA DE PATRÓN COSTA - LESSER - SALTA",-24.67,-65.57,1800.0,19920101.0,40.0
10.18730/JWA0W,G21199,FULL,Phaseolus,vulgaris,Phaseolus vulgaris,100,19860501,ARG,9 KM E DE TIRAXI - TUMBAYA - JUJUY,-23.92,-65.35,1880.0,19860501.0,10.0
10.18730/JW9SN,G21196,FULL,Phaseolus,vulgaris,Phaseolus vulgaris,100,19860501,ARG,"14 KM NW DE SAN PEDRO DE COLALAO, A REARTE - TRANCAS - TUCUMAN",-26.23,-65.53,1500.0,19860501.0,10.0
10.18730/JW9YT,G21197,FULL,Phaseolus,vulgaris,Phaseolus vulgaris,100,19860501,ARG,"TUMBAYA, QUEBRADA DEL RÍO LEÓN - TUMBAYA - JUJUY",-24.05,-65.45,1850.0,19860501.0,10.0
10.18730/JW9ZV,G21198,FULL,Phaseolus,vulgaris,Phaseolus vulgaris,100,19860501,ARG,13 KM SW DE TIRAXI - SAN SALVADOR DE JUJUY - JUJUY,-24.07,-65.37,1670.0,19860501.0,10.0
10.18730/JW9TP,G21194,FULL,Phaseolus,vulgaris,Phaseolus vulgaris,100,19860501,ARG,"6 KM N DE REYES, YALA - SAN SALVADOR DE JUJUY - JUJUY",-24.12,-65.42,1480.0,19860501.0,10.0
10.18730/JW9VQ,G21195,FULL,Phaseolus,vulgaris,Phaseolus vulgaris,100,19860501,ARG,12 KM W DE SAN PEDRO DE COLALAO - TRANCAS - TUCUMAN,-26.25,-65.53,1310.0,19860501.0,10.0
10.18730/JWCV8,G21111,FULL,Phaseolus,vulgaris,Phaseolus vulgaris,300,19860501,ARG,"IRUYA, + SAN ISIDRO, + SAN JUAN - IRUYA - SALTA",-22.77,-65.24,2800.0,19860501.0,20.0
10.18730/JWCH=,G21106,FULL,Phaseolus,vulgaris,Phaseolus vulgaris,300,19860501,ARG,TILCARA - TILCARA - JUJUY,-23.57,-65.37,2540.0,19860501.0,20.0
10.18730/JWAF6,G21047,FULL,Phaseolus,vulgaris,Phaseolus vulgaris,300,19860501,ARG,"SAN ISIDRO + SANTA VICTORIA, ACOYTE - IRUYA - SALTA",-22.27,-65.02,2600.0,19860501.0,20.0
10.18730/JWAE5,G21046,FULL,Phaseolus,vulgaris,Phaseolus vulgaris,300,19860501,ARG,ACOYTE - SANTA VICTORIA - SALTA,-22.29,-65.02,2600.0,19860501.0,20.0
10.18730/JTKEN,G19903,FULL,Phaseolus,vulgaris,Phaseolus vulgaris,100,19850601,ARG,"20 KM N DE RÍO DEL NIO, EN LOS PINOS - BURRUYACU - TUCUMAN",-26.3,-65.03,1480.0,19850601.0,10.0
10.18730/JTKBJ,G19900,FULL,Phaseolus,vulgaris,Phaseolus vulgaris,100,19850601,ARG,"4 KM S DE EL MOLLAR, CRUCERO ÑUÑORCO GRANDE - TAFI DEL VALLE - TUCUMAN",-26.95,-65.73,2220.0,19850601.0,10.0
10.18730/JTKCK,G19901,FULL,Phaseolus,vulgaris,Phaseolus vulgaris,100,19850601,ARG,"16 KM S DE TAFI VALLE, EN EL MOLLAR - TAFI DEL VALLE - TUCUMAN",-26.93,-65.7,1900.0,19850601.0,10.0
10.18730/JTKDM,G19902,FULL,Phaseolus,vulgaris,Phaseolus vulgaris,100,19850601,ARG,"6 KM N DE EL SUNCHAL, EN EL ASERRADERO - BURRUYACU - TUCUMAN",-26.55,-65.02,710.0,19850601.0,10.0
10.18730/JTK9G,G19897,FULL,Phaseolus,vulgaris,Phaseolus vulgaris,100,19850601,ARG,"20 KM W DE ALPACHIRI, CAMPAMENTO LAS LENGUAS - CHICLIGASTA - TUCUMAN",-27.32,-65.92,1400.0,19850601.0,10.0
10.18730/PGBPP,G19898,FULL,Phaseolus,vulgaris,Phaseolus vulgaris,100,19850601,ARG,"22 KM W DE ALPACHIRI, CUESTA DEL CLAVILLO - CHICLIGASTA - TUCUMAN",-27.33,-65.95,1650.0,19850601.0,10.0
10.18730/JTK8F,G19896,FULL,Phaseolus,vulgaris,Phaseolus vulgaris,100,19850601,ARG,"17 KM W DE SAN PEDRO DE COLALAO, A HUALINCHAY - TRANCAS - TUCUMAN",-26.22,-65.58,1520.0,19850601.0,10.0
10.18730/JTK5C,G19893,FULL,Phaseolus,vulgaris,Phaseolus vulgaris,100,19850601,ARG,"13 KM N DE SAN LORENZO, EN YACONES - LA CALDERA - SALTA",-24.63,-65.48,1640.0,19850601.0,10.0
10.18730/JTK6D,G19894,FULL,Phaseolus,vulgaris,Phaseolus vulgaris,100,19850601,ARG,"5 KM W DE LA HIGUERA, SENDA A GONZALO - TRANCAS - TUCUMAN",-26.42,-65.47,1160.0,19850601.0,10.0
10.18730/JTK7E,G19895,FULL,Phaseolus,vulgaris,Phaseolus vulgaris,100,19850601,ARG,"12 KM W DE LA HIGUERA, SENDA A GONZALO - TRANCAS - TUCUMAN",-26.43,-65.52,1350.0,19850601.0,10.0
10.18730/JTKFP,G19891,FULL,Phaseolus,vulgaris,Phaseolus vulgaris,100,19850601,ARG,"10 KM W DE CHICOANA, EN LOS LAURELES - CHICOANA - SALTA",-25.12,-65.62,1340.0,19850601.0,10.0
10.18730/JTK4B,G19892,FULL,Phaseolus,vulgaris,Phaseolus vulgaris,100,19850601,ARG,"17 KM W DE CHICOANA, EN EL NOGALAR - CHICOANA - SALTA",-25.15,-65.65,1530.0,19850601.0,10.0
10.18730/JTK3A,G19889,FULL,Phaseolus,vulgaris,Phaseolus vulgaris,100,19850601,ARG,7 KM N DE LOS ALISOS - SAN SALVADOR DE JUJUY - JUJUY,-24.25,-65.28,1200.0,19850601.0,10.0
10.18730/JTKAH,G19890,FULL,Phaseolus,vulgaris,Phaseolus vulgaris,100,19850601,ARG,"30 KM S DE EL CARMEN, EN EL UCUMAR - LA CALDERA - SALTA",-24.53,-65.35,1380.0,19850601.0,10.0
10.18730/JTK18,G19887,FULL,Phaseolus,vulgaris,Phaseolus vulgaris,100,19850601,ARG,"4.5 KM E DE TERMAS DE REYES, ANTIGAL - SAN SALVADOR DE JUJUY - JUJUY",-24.2,-65.53,1650.0,19850601.0,10.0
10.18730/JTK29,G19888,FULL,Phaseolus,vulgaris,Phaseolus vulgaris,100,19850601,ARG,"3 KM W DE TERMAS DE REYES, AGUA CALIENTE - SAN SALVADOR DE JUJUY - JUJUY",-24.17,-65.6,1850.0,19850601.0,10.0
10.18730/JT7PF,G16797,FULL,Phaseolus,vulgaris,Phaseolus vulgaris,100,19830101,ARG,LOZANO - JUJUY,-24.08,-65.41,1620.0,19830101.0,40.0
10.18730/JT7QG,G16798,FULL,Phaseolus,vulgaris,Phaseolus vulgaris,100,19830101,ARG,GUERRERO - GUERRERO - JUJUY,-24.22,-65.4,,19830101.0,40.0
10.18730/JQY0S,G14008,FULL,Phaseolus,vulgaris,Phaseolus vulgaris,300,19800430,ARG,POSTA DE HORNILLOS-MAIMARA - MAIMARA - JUJUY,-23.66,-65.44,,19800430.0,40.0
10.18730/JQX6U,G13982,FULL,Phaseolus,vulgaris,Phaseolus vulgaris,300,19800430,ARG,"HUACALERA, QUEBRADA DE LA HUERTA - TILCARA - JUJUY",-23.44,-65.34,,19800430.0,40.0
10.18730/JQW86,G13955,FULL,Phaseolus,vulgaris,Phaseolus vulgaris,300,19800430,ARG,HUMAHUACA - HUMAHUACA - JUJUY,-23.21,-65.36,2900.0,19800430.0,40.0
10.18730/JQW53,G13952,FULL,Phaseolus,vulgaris,Phaseolus vulgaris,300,19800430,ARG,VOLCÁN HIGUERAS - LAS HIGUERAS - SALTA,-22.9,-65.05,2500.0,19800430.0,40.0
10.18730/JQH2J,G11845,FULL,Phaseolus,vulgaris,Phaseolus vulgaris,300,19791101,ARG,ALREDEDORES DE SAN MIGUEL DE TUCUMÁN - SAN MIGUEL DE TUCUMAN - TUCUMAN,-26.88,-65.25,,19791101.0,40.0
10.18730/K3X63,G51349,FULL,Phaseolus,vulgaris,Phaseolus vulgaris,300,19890101,RWA,"23 KM S LUBERO, NORD-KIVU, MUTUNDU/KALUNGU - BATANGI - KIVU",-0.22,29.15,2150.0,19890101.0,40.0
10.18730/PHGWW,G50930,FULL,Phaseolus,vulgaris,Phaseolus vulgaris,300,19880501,RWA,"ASTRIDA, ISAR-RUBONA - ASTRIDA - BUTARE",-2.59,29.59,1700.0,19880501.0,40.0
10.18730/JXHE*,G50340,FULL,Phaseolus,vulgaris,Phaseolus vulgaris,300,19890101,RWA,"15 KM NE GOMA, NORD-KIVU, KIBATI - BUKUMU - KIVU",-1.53,29.27,2000.0,19890101.0,40.0
10.18730/JXTBN,G50342,FULL,Phaseolus,vulgaris,Phaseolus vulgaris,300,19890101,RWA,"43 KM NW GOMA, NORD-KIVU, MATANDA - BAHUNDE - KIVU",-1.53,29.4,1950.0,19890101.0,40.0
10.18730/JXTAM,G50341,FULL,Phaseolus,vulgaris,Phaseolus vulgaris,300,19890101,RWA,"NORD-KIVU, BUTEMBO - BUTEMBO - KIVU",0.37,29.3,1800.0,19890101.0,40.0
10.18730/JXHCY,G50333,FULL,Phaseolus,vulgaris,Phaseolus vulgaris,300,19890101,RWA,"38 KM S MIHANGA, NORD-KIVU, MIHANGA - BASHALI - KIVU",-1.4,29.02,1950.0,19890101.0,40.0
10.18730/JXHBX,G50332,FULL,Phaseolus,vulgaris,Phaseolus vulgaris,300,19890101,RWA,"8 KM N KAYNA, NORD-KIVU, MUSINDI/KIRUMBA - BATANGI - KIVU",-0.55,29.15,1730.0,19890101.0,40.0
10.18730/JXHAW,G50331,FULL,Phaseolus,vulgaris,Phaseolus vulgaris,300,19890101,RWA,"18 KM NE LUBERO, NORD-KIVU, BASWAGA/LUVEVE 1 - BASWAGA - KIVU",-0.13,29.27,2300.0,19890101.0,40.0
10.18730/JTGTB,G50145,FULL,Phaseolus,vulgaris,Phaseolus vulgaris,300,19830628,RWA,GISENYI - GISENYI - GISENYI,-1.7,29.27,,19830628.0,40.0
10.18730/JTGN6,G24236,FULL,Phaseolus,vulgaris,Phaseolus vulgaris,300,19830628,RWA,RUBONA - NYAKINAMA - RUHENGERI,-1.7,29.65,,19830628.0,40.0
10.18730/JW3SE,G22485,FULL,Phaseolus,vulgaris,Phaseolus vulgaris,300,19870301,RWA,"9.4 KM NW DE KANZENZE, CYUGARO COLLINE - NTARAMA SECTEUR - KIGALI",-2.13,30.05,1420.0,19870301.0,40.0
10.18730/PF3EX,G22486,FULL,Phaseolus,vulgaris,Phaseolus vulgaris,300,19870301,RWA,"11.5 KM NW DE KANZENZE, CYUGARO COLLINE - NTARAMA SECTEUR - KIGALI",-2.13,30.03,1400.0,19870301.0,40.0
10.18730/JW3PB,G22482,FULL,Phaseolus,vulgaris,Phaseolus vulgaris,300,19870301,RWA,"28 KM NW RUHUHA, KABAGUGU COLLINE - SHYARA SECTEUR - KIGALI",-2.24,30.05,1410.0,19870301.0,40.0
10.18730/JVKJD,G22271,FULL,Phaseolus,vulgaris,Phaseolus vulgaris,300,19861101,RWA,GIHORA - RUHENGERI,-1.47,29.6,,19861101.0,40.0
10.18730/K3QXK,G22257,FULL,Phaseolus,vulgaris,Phaseolus vulgaris,300,19861101,RWA,CYUNYU - CYUNYU - CYANGUGU,-2.41,28.97,,19861101.0,40.0
10.18730/JVJXX,G22254,FULL,Phaseolus,vulgaris,Phaseolus vulgaris,300,19861101,RWA,NKANGA - NKANGA - KIGALI,-2.3,30.27,,19861101.0,40.0
10.18730/JTXE8,G20980,FULL,Phaseolus,vulgaris,Phaseolus vulgaris,300,19860201,RWA,CYABINGO - CYABINGO - RUHENGERI,-1.56,29.68,,19860201.0,40.0
10.18730/JTXC6,G20978,FULL,Phaseolus,vulgaris,Phaseolus vulgaris,300,19860201,RWA,MUHAZA - CYABINGO - RUHENGERI,-1.62,29.69,,19860201.0,40.0
10.18730/JTX60,G20971,FULL,Phaseolus,vulgaris,Phaseolus vulgaris,300,19860201,RWA,KARAMBO - NYARUTOVU - RUHENGERI,-1.64,29.84,,19860201.0,40.0
10.18730/JTX71,G20972,FULL,Phaseolus,vulgaris,Phaseolus vulgaris,300,19860201,RWA,GASIZA - KINIGI - RUHENGERI,-1.46,29.57,,19860201.0,40.0
10.18730/JTX82,G20973,FULL,Phaseolus,vulgaris,Phaseolus vulgaris,300,19860201,RWA,MUSANZE - KINIGI - RUHENGERI,-1.49,29.6,,19860201.0,40.0
10.18730/JTXKD,G20975,FULL,Phaseolus,vulgaris,Phaseolus vulgaris,300,19860201,RWA,KABAYA - NKUMBA - RUHENGERI,-1.75,29.53,,19860201.0,40.0
10.18730/JTXME,G20976,FULL,Phaseolus,vulgaris,Phaseolus vulgaris,300,19860201,RWA,GITOVU - NYARUTOVU - RUHENGERI,-1.62,29.79,,19860201.0,40.0
10.18730/JTXJC,G20966,FULL,Phaseolus,vulgaris,Phaseolus vulgaris,300,19860201,RWA,BUSORO - NDUSU - RUHENGERI,-1.72,29.67,,19860201.0,40.0
10.18730/JTX3$,G20968,FULL,Phaseolus,vulgaris,Phaseolus vulgaris,300,19860201,RWA,GITWA - CYABINGO - RUHENGERI,-1.58,29.53,,19860201.0,40.0
10.18730/JTX4=,G20969,FULL,Phaseolus,vulgaris,Phaseolus vulgaris,300,19860201,RWA,BUTETE - KIDAHO - RUHENGERI,-1.37,29.74,,19860201.0,40.0
10.18730/JTWXW,G20962,FULL,Phaseolus,vulgaris,Phaseolus vulgaris,300,19860201,RWA,RUHINGA I - NYARUTOVU - RUHENGERI,-1.62,29.75,,19860201.0,40.0
10.18730/JTWVT,G20960,FULL,Phaseolus,vulgaris,Phaseolus vulgaris,300,19860201,RWA,MUKO - NYAKINAMA - RUHENGERI,-1.54,29.64,,19860201.0,40.0
10.18730/JTWTS,G20959,FULL,Phaseolus,vulgaris,Phaseolus vulgaris,300,19860201,RWA,KABERE II - NYAKINAMA - RUHENGERI,-1.92,29.59,,19860201.0,40.0
10.18730/S6DA4,G20957A,FULL,Phaseolus,vulgaris,Phaseolus vulgaris,300,19860201,RWA,KILINGA - NDUSU - RUHENGERI,-1.69,29.7,,19860201.0,40.0
10.18730/JTXA4,G20954,FULL,Phaseolus,vulgaris,Phaseolus vulgaris,300,19860201,RWA,NYUNDO - CYABINGO - RUHENGERI,-1.7,29.32,,19860201.0,40.0
10.18730/JTXB5,G20956,FULL,Phaseolus,vulgaris,Phaseolus vulgaris,300,19860201,RWA,RWANKUBA - KINIGI - RUHENGERI,-1.62,29.37,,19860201.0,40.0
10.18730/JTWYX,G20953,FULL,Phaseolus,vulgaris,Phaseolus vulgaris,300,19860201,RWA,RUTAMBA - NKUMBA - RUHENGERI,-1.42,29.72,,19860201.0,40.0
10.18730/JTWNM,G20952,FULL,Phaseolus,vulgaris,Phaseolus vulgaris,300,19860201,RWA,NDAGO - CYERU - RUHENGERI,-1.46,29.83,,19860201.0,40.0
10.18730/JTWKJ,G20950,FULL,Phaseolus,vulgaris,Phaseolus vulgaris,300,19860201,RWA,KINYOMA - NYARUTOVU - RUHENGERI,-1.66,29.82,,19860201.0,40.0
10.18730/JTWMK,G20951,FULL,Phaseolus,vulgaris,Phaseolus vulgaris,300,19860201,RWA,MAYA - NKUMBA - RUHENGERI,-1.44,29.69,,19860201.0,40.0
10.18730/JTWHG,G20948,FULL,Phaseolus,vulgaris,Phaseolus vulgaris,300,19860201,RWA,JANJA - NDUSU - RUHENGERI,-1.69,29.67,,19860201.0,40.0
10.18730/JTX0Z,G20945,FULL,Phaseolus,vulgaris,Phaseolus vulgaris,300,19860201,RWA,MUHORORO - CYABINGO - RUHENGERI,-1.57,29.7,,19860201.0,40.0
10.18730/JTWGF,G20947,FULL,Phaseolus,vulgaris,Phaseolus vulgaris,300,19860201,RWA,RUGARAMA - KIDAHO - RUHENGERI,-1.41,29.74,,19860201.0,40.0
10.18730/JTW87,G20939,FULL,Phaseolus,vulgaris,Phaseolus vulgaris,300,19860201,RWA,SHYOMBWE - RUSHASHI - KIGALI,-1.74,29.87,,19860201.0,40.0
10.18730/JTW98,G20940,FULL,Phaseolus,vulgaris,Phaseolus vulgaris,300,19860201,RWA,NYARUGENGE - NGENDA - KIGALI,-1.96,30.03,,19860201.0,40.0
10.18730/JTWPN,G20941,FULL,Phaseolus,vulgaris,Phaseolus vulgaris,300,19860201,RWA,RUBUNGO - RUBUNGO - KIGALI,-1.94,30.16,,19860201.0,40.0
10.18730/K3HE$,G20942,FULL,Phaseolus,vulgaris,Phaseolus vulgaris,300,19860201,RWA,MUREHE - BICUMBI - KIGALI,-2.01,30.27,,19860201.0,40.0
10.18730/K3FB4,G20943,FULL,Phaseolus,vulgaris,Phaseolus vulgaris,300,19860201,RWA,MUYUMBA - BICUMBI - KIGALI,-1.97,30.25,,19860201.0,40.0
10.18730/JTW76,G20938,FULL,Phaseolus,vulgaris,Phaseolus vulgaris,300,19860201,RWA,MURAMA - KANZENZE - KIGALI,-2.72,29.7,,19860201.0,40.0
10.18730/S473E,G20936B,FULL,Phaseolus,vulgaris,Phaseolus vulgaris,300,19860201,RWA,BUSANZA - KANOMBE - KIGALI,-2.01,30.14,,19860201.0,40.0
10.18730/S2R3V,G20933A,FULL,Phaseolus,vulgaris,Phaseolus vulgaris,300,19860201,RWA,NGANZO - TARE - KIGALI,-1.65,29.75,,19860201.0,40.0
10.18730/K3FA3,G20934,FULL,Phaseolus,vulgaris,Phaseolus vulgaris,300,19860201,RWA,MAREBA - NGENDA - KIGALI,-2.27,30.05,,19860201.0,40.0
10.18730/JTWRQ,G20935,FULL,Phaseolus,vulgaris,Phaseolus vulgaris,300,19860201,RWA,MURAMA - BICUMBI - KIGALI,-2.27,29.7,,19860201.0,40.0
10.18730/JTWQP,G20932,FULL,Phaseolus,vulgaris,Phaseolus vulgaris,300,19860201,RWA,KAYUMBA - KANZENZE - KIGALI,-2.1,30.06,,19860201.0,40.0
10.18730/JTVY$,G20929,FULL,Phaseolus,vulgaris,Phaseolus vulgaris,300,19860201,RWA,GAKOMEYE - NGENDA - KIGALI,-2.3,30.08,,19860201.0,40.0
10.18730/JTW0U,G20930,FULL,Phaseolus,vulgaris,Phaseolus vulgaris,300,19860201,RWA,MARANYUNDO - KANZENZE - KIGALI,-2.16,30.12,,19860201.0,40.0
10.18730/JTWCB,G20921,FULL,Phaseolus,vulgaris,Phaseolus vulgaris,300,19860201,RWA,BUMBA - TARE - KIGALI,-1.76,29.9,,19860201.0,40.0
10.18730/JTWDC,G20922,FULL,Phaseolus,vulgaris,Phaseolus vulgaris,300,19860201,RWA,BICUMBI - BICUMBI - KIGALI,-1.97,30.34,,19860201.0,40.0
10.18730/JTVMR,G20917,FULL,Phaseolus,vulgaris,Phaseolus vulgaris,300,19860201,RWA,NDERA - RUBUNGO - KIGALI,-1.95,30.2,,19860201.0,40.0
10.18730/JTW43,G20912,FULL,Phaseolus,vulgaris,Phaseolus vulgaris,300,19860201,RWA,TARE - TARE - KIGALI,-1.72,29.92,,19860201.0,40.0
10.18730/JTW54,G20913,FULL,Phaseolus,vulgaris,Phaseolus vulgaris,300,19860201,RWA,KABUYE - RUTONGO - KIGALI,-1.89,30.06,,19860201.0,40.0
10.18730/JTVHN,G20915,FULL,Phaseolus,vulgaris,Phaseolus vulgaris,300,19860201,RWA,REMERA - RUBUNGO - KIGALI,-1.92,30.12,,19860201.0,40.0
10.18730/JTW10,G20908,FULL,Phaseolus,vulgaris,Phaseolus vulgaris,300,19860201,RWA,MAYANGE - KANZENZE - KIGALI,-2.21,30.11,,19860201.0,40.0
10.18730/JTW21,G20909,FULL,Phaseolus,vulgaris,Phaseolus vulgaris,300,19860201,RWA,NZIGE - BICUMBI - KIGALI,-2.02,30.33,,19860201.0,40.0
10.18730/JTVBF,G20905,FULL,Phaseolus,vulgaris,Phaseolus vulgaris,300,19860201,RWA,GACACA - MABANZA - KIBUYE,-2.05,29.45,,19860201.0,40.0
10.18730/JTV8C,G20902,FULL,Phaseolus,vulgaris,Phaseolus vulgaris,300,19860201,RWA,NGOMA - GISHYITA - KIBUYE,-2.17,29.31,,19860201.0,40.0
10.18730/JTVAE,G20904,FULL,Phaseolus,vulgaris,Phaseolus vulgaris,300,19860201,RWA,KIGEYO - MABANZA - KIBUYE,-1.82,29.31,,19860201.0,40.0
10.18730/JTVSX,G20900,FULL,Phaseolus,vulgaris,Phaseolus vulgaris,300,19860201,RWA,NYAGAHINGA - RWAMATAMU - KIBUYE,-2.17,29.25,,19860201.0,40.0
10.18730/JTVTY,G20901,FULL,Phaseolus,vulgaris,Phaseolus vulgaris,300,19860201,RWA,MARA - GISHYITA - KIBUYE,-2.11,29.29,,19860201.0,40.0
10.18730/JTVCG,G20895,FULL,Phaseolus,vulgaris,Phaseolus vulgaris,300,19860201,RWA,SANZA - KIVUMU - KIBUYE,-2.08,29.57,,19860201.0,40.0
10.18730/S6D93,G20898A,FULL,Phaseolus,vulgaris,Phaseolus vulgaris,300,19860201,RWA,KIBANDA - KIVUMU - KIBUYE,-2.01,29.57,,19860201.0,40.0
10.18730/JTV15,G20893,FULL,Phaseolus,vulgaris,Phaseolus vulgaris,300,19860201,RWA,GITWA - MABANZA - KIBUYE,-2.04,29.39,,19860201.0,40.0
10.18730/JTTZ3,G20891,FULL,Phaseolus,vulgaris,Phaseolus vulgaris,300,19860201,RWA,NDARO - KIVUMU - KIBUYE,-2.0,29.6,,19860201.0,40.0
10.18730/JTTY2,G20890,FULL,Phaseolus,vulgaris,Phaseolus vulgaris,300,19860201,RWA,GASHANDA - KIGARAMA - KIBUNGO,-2.12,30.49,,19860201.0,40.0
10.18730/S2R2T,G20889B,FULL,Phaseolus,vulgaris,Phaseolus vulgaris,300,19860201,RWA,BIRENGA - BIRENGA - KIBUNGO,-2.22,30.5,,19860201.0,40.0
10.18730/JTTQ*,G20883,FULL,Phaseolus,vulgaris,Phaseolus vulgaris,300,19860201,RWA,KANSANA - KIGARAMA - KIBUNGO,-2.17,30.5,,19860201.0,40.0
10.18730/JTTR~,G20884,FULL,Phaseolus,vulgaris,Phaseolus vulgaris,300,19860201,RWA,KIGARAMA - RUSUMO - KIBUNGO,-2.28,30.72,,19860201.0,40.0
10.18730/JTTS$,G20885,FULL,Phaseolus,vulgaris,Phaseolus vulgaris,300,19860201,RWA,KIGABIRO - RUTONDE - KIBUNGO,-1.9,29.97,,19860201.0,40.0
10.18730/JTV37,G20886,FULL,Phaseolus,vulgaris,Phaseolus vulgaris,300,19860201,RWA,GATARE - MUGESERA - KIBUNGO,-2.14,30.37,,19860201.0,40.0
10.18730/JTVEJ,G20887,FULL,Phaseolus,vulgaris,Phaseolus vulgaris,300,19860201,RWA,NYABITARE - RUSUMO - KIBUNGO,-2.22,29.78,,19860201.0,40.0
10.18730/JTV7B,G20880,FULL,Phaseolus,vulgaris,Phaseolus vulgaris,300,19860201,RWA,MATONGO - BIRENGA - KIBUNGO,-2.27,30.47,,19860201.0,40.0
10.18730/JTV6A,G20879,FULL,Phaseolus,vulgaris,Phaseolus vulgaris,300,19860201,RWA,KADUHA - RUTONDE - KIBUNGO,-2.02,30.47,,19860201.0,40.0
10.18730/JTV59,G20877,FULL,Phaseolus,vulgaris,Phaseolus vulgaris,300,19860201,RWA,GITUZA - SAKE - KIBUNGO,-2.19,30.29,,19860201.0,40.0
10.18730/JTTT=,G20875,FULL,Phaseolus,vulgaris,Phaseolus vulgaris,300,19860201,RWA,SHYOGO - KAYONZA - KIBUNGO,-1.94,30.51,,19860201.0,40.0
10.18730/JTTDP,G20872,FULL,Phaseolus,vulgaris,Phaseolus vulgaris,300,19860201,RWA,MUSAZA - RUSUMO - KIBUNGO,-2.33,30.62,,19860201.0,40.0
10.18730/JTTEQ,G20873,FULL,Phaseolus,vulgaris,Phaseolus vulgaris,300,19860201,RWA,KAYONZA - KAYONZA - KIBUNGO,-1.91,30.51,,19860201.0,40.0
10.18730/S472D,G20869A,FULL,Phaseolus,vulgaris,Phaseolus vulgaris,300,19860201,RWA,VUMWE - KIGARAMA - KIBUNGO,-2.14,30.49,,19860201.0,40.0
10.18730/JTTX1,G20870,FULL,Phaseolus,vulgaris,Phaseolus vulgaris,300,19860201,RWA,NTARUKA - RUKIRA - KIBUNGO,-2.21,30.6,,19860201.0,40.0
10.18730/S4XKZ,G20866A,FULL,Phaseolus,vulgaris,Phaseolus vulgaris,300,19860201,RWA,KINZOVU - KABARONDO - KIBUNGO,-2.0,30.57,,19860201.0,40.0
10.18730/JTTVU,G20867,FULL,Phaseolus,vulgaris,Phaseolus vulgaris,300,19860201,RWA,KAYENZI - RUKARA - KIBUNGO,-1.8,30.49,,19860201.0,40.0
10.18730/JTTW0,G20868,FULL,Phaseolus,vulgaris,Phaseolus vulgaris,300,19860201,RWA,NKAMBA - KABARONDO - KIBUNGO,-1.99,30.49,,19860201.0,40.0
10.18730/JTTKW,G20861,FULL,Phaseolus,vulgaris,Phaseolus vulgaris,300,19860201,RWA,SINDA - RUTONDE - KIBUNGO,-1.9,30.43,,19860201.0,40.0
10.18730/PF1D1,G20863,FULL,Phaseolus,vulgaris,Phaseolus vulgaris,300,19860201,RWA,NKOMANGWA - MUHAZI - KIBUNGO,-1.86,30.41,,19860201.0,40.0
10.18730/S4XJY,G20864A,FULL,Phaseolus,vulgaris,Phaseolus vulgaris,300,19860201,RWA,KIBARA - BIRENGA - KIBUNGO,-2.28,30.52,,19860201.0,40.0
10.18730/JTT8H,G20857,FULL,Phaseolus,vulgaris,Phaseolus vulgaris,300,19860201,RWA,SAKARA - BIRENGA - KIBUNGO,-2.24,30.53,,19860201.0,40.0
10.18730/S471C,G20849B,FULL,Phaseolus,vulgaris,Phaseolus vulgaris,300,19860201,RWA,RUYONZA - KABARONDO - KIBUNGO,-1.99,30.52,,19860201.0,40.0
10.18730/JTSW5,G20834,FULL,Phaseolus,vulgaris,Phaseolus vulgaris,300,19860201,RWA,NGWA - KIGOMA - GITARAMA,-2.47,29.73,,19860201.0,40.0
10.18730/JTSAR,G20835,FULL,Phaseolus,vulgaris,Phaseolus vulgaris,300,19860201,RWA,KAGARAMA - MUSHUBATI - GITARAMA,-2.09,29.73,,19860201.0,40.0
10.18730/JTSBS,G20836,FULL,Phaseolus,vulgaris,Phaseolus vulgaris,300,19860201,RWA,KADUHA - MUSHUBATI - GITARAMA,-2.12,29.98,,19860201.0,40.0
10.18730/JTSCT,G20837,FULL,Phaseolus,vulgaris,Phaseolus vulgaris,300,19860201,RWA,RUTABO - NTONGWE - GITARAMA,-2.22,29.97,,19860201.0,40.0
10.18730/PF1BU,G20838,FULL,Phaseolus,vulgaris,Phaseolus vulgaris,300,19860201,RWA,GAHOMBO - KIGOMA - GITARAMA,-2.27,29.8,,19860201.0,40.0
10.18730/JTRZD,G20824,FULL,Phaseolus,vulgaris,Phaseolus vulgaris,300,19860201,RWA,NYAKABUNGO - NTONGWE - GITARAMA,-2.22,29.86,,19860201.0,40.0
10.18730/JTS0E,G20825,FULL,Phaseolus,vulgaris,Phaseolus vulgaris,300,19860201,RWA,NTENYO - TAMBWE - GITARAMA,-2.2,29.79,,19860201.0,40.0
10.18730/JTSDV,G20827,FULL,Phaseolus,vulgaris,Phaseolus vulgaris,300,19860201,RWA,NYARURAMA - NTONGWE - GITARAMA,-1.94,29.85,,19860201.0,40.0
10.18730/JTSGY,G20820,FULL,Phaseolus,vulgaris,Phaseolus vulgaris,300,19860201,RWA,MAYUNZWE - TAMBWE - GITARAMA,-2.16,29.83,,19860201.0,40.0
10.18730/JTSHZ,G20821,FULL,Phaseolus,vulgaris,Phaseolus vulgaris,300,19860201,RWA,RUBONA - KIGOMA - GITARAMA,-2.23,29.72,,19860201.0,40.0
10.18730/JTS2G,G20817,FULL,Phaseolus,vulgaris,Phaseolus vulgaris,300,19860201,RWA,HINDIRA - SATINSYI - GISENYI,-1.82,29.62,,19860201.0,40.0
10.18730/JTSEW,G20818,FULL,Phaseolus,vulgaris,Phaseolus vulgaris,300,19860201,RWA,MWAKA - MUSHUBATI - GITARAMA,-2.08,29.68,,19860201.0,40.0
10.18730/JTS7N,G20811,FULL,Phaseolus,vulgaris,Phaseolus vulgaris,300,19860201,RWA,KIRAGA - NYAMYUMBA - GISENYI,-1.74,29.3,,19860201.0,40.0
10.18730/JTS9Q,G20813,FULL,Phaseolus,vulgaris,Phaseolus vulgaris,300,19860201,RWA,BISIZI - KANAMA - GISENYI,-1.7,29.37,,19860201.0,40.0
10.18730/JTRN3,G20814,FULL,Phaseolus,vulgaris,Phaseolus vulgaris,300,19860201,RWA,MUSASA - KAYOVE - GISENYI,-1.92,29.85,,19860201.0,40.0
10.18730/JTRP4,G20815,FULL,Phaseolus,vulgaris,Phaseolus vulgaris,300,19860201,RWA,NGORORERO - SATINSYI - GISENYI,-1.85,29.62,,19860201.0,40.0
10.18730/JTS4J,G20808,FULL,Phaseolus,vulgaris,Phaseolus vulgaris,300,19860201,RWA,GITEGA - SATINSYI - GISENYI,-1.8,29.59,,19860201.0,40.0
10.18730/JTS6M,G20810,FULL,Phaseolus,vulgaris,Phaseolus vulgaris,300,19860201,RWA,VUMBI - KAYOVE - GISENYI,-1.9,29.35,,19860201.0,40.0
10.18730/JTRYC,G20803,FULL,Phaseolus,vulgaris,Phaseolus vulgaris,300,19860201,RWA,MUGONGO - MUTURA - GISENYI,-1.57,29.35,,19860201.0,40.0
10.18730/S2QZQ,G20799A,FULL,Phaseolus,vulgaris,Phaseolus vulgaris,300,19860201,RWA,KANOMBE - KANAMA - GISENYI,-1.97,30.17,,19860201.0,40.0
10.18730/JTRV9,G20798,FULL,Phaseolus,vulgaris,Phaseolus vulgaris,300,19860201,RWA,MUSHONYI - KAYOVE - GISENYI,-1.87,29.32,,19860201.0,40.0
10.18730/JTR2N,G20794,FULL,Phaseolus,vulgaris,Phaseolus vulgaris,300,19860201,RWA,KANZENZE - MUTURA - GISENYI,-2.09,30.09,,19860201.0,40.0
10.18730/JTRK1,G20792,FULL,Phaseolus,vulgaris,Phaseolus vulgaris,300,19860201,RWA,RUHINGA - MUSANGE - GIKONGORO,-2.26,29.53,,19860201.0,40.0
10.18730/K3F5=,G20791,FULL,Phaseolus,vulgaris,Phaseolus vulgaris,300,19860201,RWA,KIGOMA - MUSANGE - GIKONGORO,-2.47,29.66,,19860201.0,40.0
10.18730/JTRJ0,G20790,FULL,Phaseolus,vulgaris,Phaseolus vulgaris,300,19860201,RWA,REMERA - RUKONDO - GIKONGORO,-2.45,29.55,,19860201.0,40.0
10.18730/JTRF$,G20787,FULL,Phaseolus,vulgaris,Phaseolus vulgaris,300,19860201,RWA,NGARA - RUKONDO - GIKONGORO,-2.4,29.65,,19860201.0,40.0
10.18730/JTRD*,G20785,FULL,Phaseolus,vulgaris,Phaseolus vulgaris,300,19860201,RWA,NGOMA - KARAMA - GIKONGORO,-2.55,29.76,,19860201.0,40.0
10.18730/JTR9W,G20782,FULL,Phaseolus,vulgaris,Phaseolus vulgaris,300,19860201,RWA,RWAMWERU - KINYAMAKARA - GIKONGORO,-2.5,29.63,,19860201.0,40.0
10.18730/JTR8V,G20781,FULL,Phaseolus,vulgaris,Phaseolus vulgaris,300,19860201,RWA,MWUMBA - MUSANGE - GIKONGORO,-2.25,29.58,,19860201.0,40.0
10.18730/JTR7T,G20780,FULL,Phaseolus,vulgaris,Phaseolus vulgaris,300,19860201,RWA,BITARE - KINYAMAKARA - GIKONGORO,-2.69,29.65,,19860201.0,40.0
10.18730/S6D82,G20777A,FULL,Phaseolus,vulgaris,Phaseolus vulgaris,300,19860201,RWA,KAMWERU - KINYAMAKARA - GIKONGORO,-2.43,29.68,,19860201.0,40.0
10.18730/JTR1M,G20772,FULL,Phaseolus,vulgaris,Phaseolus vulgaris,300,19860201,RWA,BUTAMBARA - KAGANO - CYANGUGU,-2.34,29.09,,19860201.0,40.0
10.18730/K3HC*,G20773,FULL,Phaseolus,vulgaris,Phaseolus vulgaris,300,19860201,RWA,RWAHI - KAMEMBE - CYANGUGU,-2.44,28.92,,19860201.0,40.0
10.18730/JTQZJ,G20774,FULL,Phaseolus,vulgaris,Phaseolus vulgaris,300,19860201,RWA,BUTARE - KALENGERA - CYANGUGU,-2.25,29.79,,19860201.0,40.0
10.18730/K3HD~,G20775,FULL,Phaseolus,vulgaris,Phaseolus vulgaris,300,19860201,RWA,MUHARI - KAMEMBE - CYANGUGU,-2.47,28.92,,19860201.0,40.0
10.18730/K3HAY,G20770,FULL,Phaseolus,vulgaris,Phaseolus vulgaris,300,19860201,RWA,GISAGARA - GISHOMA - CYANGUGU,-2.6,28.91,,19860201.0,40.0
10.18730/K3H6T,G20766,FULL,Phaseolus,vulgaris,Phaseolus vulgaris,300,19860201,RWA,RUHUKO - GISHOMA - CYANGUGU,-2.67,28.95,,19860201.0,40.0
10.18730/JTR0K,G20764,FULL,Phaseolus,vulgaris,Phaseolus vulgaris,300,19860201,RWA,KIGURWE - NYAKABUYE - CYANGUGU,-2.52,29.97,,19860201.0,40.0
10.18730/JHC9B,G20765,FULL,Phaseolus,vulgaris,Phaseolus vulgaris,300,19860201,RWA,GIHUNDWE - KAMEMBE - CYANGUGU,-2.49,28.93,,19860201.0,40.0
10.18730/K3F4$,G20760,FULL,Phaseolus,vulgaris,Phaseolus vulgaris,300,19860201,RWA,NYAKABINGO - KAGANO - CYANGUGU,-2.35,29.12,,19860201.0,40.0
10.18730/JHC68,G20761,FULL,Phaseolus,vulgaris,Phaseolus vulgaris,300,19860201,RWA,CYETE - CYIMBOGO - CYANGUGU,-2.54,28.91,,19860201.0,40.0
10.18730/JHC46,G20758,FULL,Phaseolus,vulgaris,Phaseolus vulgaris,300,19860201,RWA,MWARA - GATARE - CYANGUGU,-2.72,29.0,,19860201.0,40.0
10.18730/JTQWF,G20748,FULL,Phaseolus,vulgaris,Phaseolus vulgaris,300,19860201,RWA,KARAMA - CYUNGO - BYUMBA,-1.67,29.92,,19860201.0,40.0
10.18730/JTQVE,G20746,FULL,Phaseolus,vulgaris,Phaseolus vulgaris,300,19860201,RWA,RWANKUBA - MURAMBI - BYUMBA,-1.84,30.34,,19860201.0,40.0
10.18730/JTQRB,G20742,FULL,Phaseolus,vulgaris,Phaseolus vulgaris,300,19860201,RWA,GITANDI - CYUNGO - BYUMBA,-1.6,29.94,,19860201.0,40.0
10.18730/JTQSC,G20743,FULL,Phaseolus,vulgaris,Phaseolus vulgaris,300,19860201,RWA,KARAMA - MUVUMBA - BYUMBA,-1.47,30.37,,19860201.0,40.0
10.18730/JHCDF,G20744,FULL,Phaseolus,vulgaris,Phaseolus vulgaris,300,19860201,RWA,REMERA - MUHURA - BYUMBA,-2.42,28.99,,19860201.0,40.0
10.18730/JTQD0,G20740,FULL,Phaseolus,vulgaris,Phaseolus vulgaris,300,19860201,RWA,GATUNDA - MUVUMBA - BYUMBA,-1.42,30.16,,19860201.0,40.0
10.18730/JTQK6,G20735,FULL,Phaseolus,vulgaris,Phaseolus vulgaris,300,19860201,RWA,RUKOMO - MUVUMBA - BYUMBA,-1.32,30.3,,19860201.0,40.0
10.18730/K3F3~,G20736,FULL,Phaseolus,vulgaris,Phaseolus vulgaris,300,19860201,RWA,MAMFU - MUHURA - BYUMBA,-1.74,30.3,,19860201.0,40.0
10.18730/JTQP9,G20739,FULL,Phaseolus,vulgaris,Phaseolus vulgaris,300,19860201,RWA,MURAMBI - BUYOGA - BYUMBA,-1.7,30.02,,19860201.0,40.0
10.18730/JTQN8,G20738,FULL,Phaseolus,vulgaris,Phaseolus vulgaris,300,19860201,RWA,KAMIGA - KYIOMBE - BYUMBA,-1.41,30.09,,19860201.0,40.0
10.18730/JTQM7,G20737,FULL,Phaseolus,vulgaris,Phaseolus vulgaris,300,19860201,RWA,BIBALE - MUHURA - BYUMBA,-1.47,30.24,,19860201.0,40.0
10.18730/JTQF2,G20731,FULL,Phaseolus,vulgaris,Phaseolus vulgaris,300,19860201,RWA,BUGARURA - MUHURA - BYUMBA,-1.74,30.34,,19860201.0,40.0
10.18730/JTQG3,G20732,FULL,Phaseolus,vulgaris,Phaseolus vulgaris,300,19860201,RWA,RWIMITERELI - MURAMBI - BYUMBA,-1.81,30.34,,19860201.0,40.0
10.18730/K3F2*,G20728,FULL,Phaseolus,vulgaris,Phaseolus vulgaris,300,19860201,RWA,MARABA - MARABA - BUTARE,-2.52,29.68,,19860201.0,40.0
10.18730/JTQA$,G20725,FULL,Phaseolus,vulgaris,Phaseolus vulgaris,300,19860201,RWA,MUKOMA - MUYIRA - BUTARE,-2.35,29.02,,19860201.0,40.0
10.18730/JTQB=,G20726,FULL,Phaseolus,vulgaris,Phaseolus vulgaris,300,19860201,RWA,GISAKURA - MARABA - BUTARE,-2.75,29.05,,19860201.0,40.0
10.18730/JTQ6Y,G20721,FULL,Phaseolus,vulgaris,Phaseolus vulgaris,300,19860201,RWA,MUYIRA - MUYIRA - BUTARE,-2.35,29.87,,19860201.0,40.0
10.18730/JTQ4W,G20719,FULL,Phaseolus,vulgaris,Phaseolus vulgaris,300,19860201,RWA,TARE - MARABA - BUTARE,-2.57,29.69,,19860201.0,40.0
10.18730/JTQ5X,G20720,FULL,Phaseolus,vulgaris,Phaseolus vulgaris,300,19860201,RWA,BUSORO - MUYIRA - BUTARE,-2.29,29.94,,19860201.0,40.0
10.18730/JTCHP,G50732,FULL,Phaseolus,vulgaris,Phaseolus vulgaris,300,19830701,MDG,42 KM W OF MAHABO TO MOZAMBIQUE CHANNEL - MORONDAVA - TULEAR,-20.3,44.28,10.0,19830701.0,40.0
10.18730/JTC9E,G50538,FULL,Phaseolus,vulgaris,Phaseolus vulgaris,300,19830701,MDG,115 KM NE OF MORONDAVA TO MANAMBOLO DELTA - BELO-TSIRIBIHINA - TULEAR,-19.73,44.54,50.0,19830701.0,40.0
10.18730/JTBS=,G50537,FULL,Phaseolus,vulgaris,Phaseolus vulgaris,300,19830701,MDG,272 KM NE OF TANANARIVE TO ALAOTRA - AMBATONDRAZAKA - TAMATAVE,-17.8,48.43,850.0,19830701.0,40.0
10.18730/JTBFS,G50535,FULL,Phaseolus,vulgaris,Phaseolus vulgaris,300,19830701,MDG,115 KM W OF TANANARIVE TO TAMATAVE - MORAMANGA - TAMATAVE,-18.93,48.23,900.0,19830701.0,40.0
10.18730/JXTNZ,G50107,FULL,Phaseolus,vulgaris,Phaseolus vulgaris,300,19830701,MDG,TULEAR STATION - TULEAR - TULEAR,-23.35,43.69,10.0,19830701.0,40.0
10.18730/JTBDQ,G50099,FULL,Phaseolus,vulgaris,Phaseolus vulgaris,300,19830701,MDG,10 KM N OF ALAOTRA TO ANDILAMENA - AMBATOSOROTRA - TAMATAVE,-17.57,48.53,800.0,19830701.0,40.0
10.18730/JTCDJ,G24469,FULL,Phaseolus,vulgaris,Phaseolus vulgaris,300,19830701,MDG,70 KM NE OF TULEAR TO SAKARAHA - ANDRANOVORY - TULEAR,-23.13,44.15,480.0,19830701.0,40.0
10.18730/JTC49,G24463,FULL,Phaseolus,vulgaris,Phaseolus vulgaris,300,19830701,MDG,9 KM SE OF BELO-TSIRIBIHINA TO MORONDAVA - TSIMAFANA - TULEAR,-19.75,44.59,50.0,19830701.0,40.0
10.18730/JTBV0,G24451,FULL,Phaseolus,vulgaris,Phaseolus vulgaris,300,19830701,MDG,23 KM E OF MORONDAVA TO MAHABO - ANALAIVA - TULEAR,-20.34,44.5,40.0,19830701.0,40.0
10.18730/S4WP2,G24443B,FULL,Phaseolus,vulgaris,Phaseolus vulgaris,300,19830701,MDG,55 KM W OF MOROMANGA TO BRICKAVILLE - BEFORONA - TAMATAVE,-18.97,48.59,400.0,19830701.0,40.0
10.18730/JW3K8,G22479,FULL,Phaseolus,vulgaris,Phaseolus vulgaris,300,19870301,MDG,"15 KM W OF FIANARANTSOA, NASANDRATRONY - FIANARANTSOA - FIANARANTSOA",-21.72,46.93,1040.0,19870301.0,40.0
10.18730/JTDHH,G50546,FULL,Phaseolus,vulgaris,Phaseolus vulgaris,300,19840101,ZWE,12 KM N OF MANDEYA BC - MANDEYA BC - MANICALAND,-18.45,32.97,750.0,19840101.0,20.0
10.18730/JTDGG,G50128,FULL,Phaseolus,vulgaris,Phaseolus vulgaris,300,19840101,ZWE,MPARUTSA BC ROAD TO TEGWE KRAAL - MPARUTSA BC - MANICALAND,-18.45,32.8,800.0,19840101.0,20.0
10.18730/S17P*,G24487A,FULL,Phaseolus,vulgaris,Phaseolus vulgaris,300,19840101,ZWE,SAMANGA SCHOOL - SAMANGA - MANICALAND,-18.53,32.73,850.0,19840101.0,20.0
10.18730/JSMX6,G50534,FULL,Phaseolus,vulgaris,Phaseolus vulgaris,300,19820701,BTN,3 KM N FROM SISINA - THIMPHU DZONG - THIMPHU DISTRICT,27.35,89.62,2100.0,19820701.0,20.0
10.18730/S173D,G50533B,FULL,Phaseolus,vulgaris,Phaseolus vulgaris,300,19820701,BTN,"5 KM S FROM THIMPHU DZONG, LUKTIPHU - THIMPHU DZONG - THIMPHU DISTRICT",27.45,89.67,2150.0,19820701.0,20.0
10.18730/JSMQ0,G50531,FULL,Phaseolus,vulgaris,Phaseolus vulgaris,300,19820701,BTN,"13 KM NW FROM MONGAR DZONG, WANGMAKHAR - MONGAR DZONG - MONGAR DISTRICT",27.3,91.24,1300.0,19820701.0,20.0
10.18730/JSMS2,G50532,FULL,Phaseolus,vulgaris,Phaseolus vulgaris,300,19820701,BTN,"VENGKHAR BLOCK, E FROM MONGAR DZONG - MONGAR DZONG - MONGAR DISTRICT",27.29,91.31,1600.0,19820701.0,20.0
10.18730/JSMGY,G50088,FULL,Phaseolus,vulgaris,Phaseolus vulgaris,300,19820701,BTN,"1 KM SW ABOVE LHUNTSHI DZONG, KHOMPANG - LHUNTSHI DZONG - LHUNTSHI DISTRICT",27.67,91.17,1800.0,19820701.0,20.0
10.18730/PFD24,G24441,FULL,Phaseolus,vulgaris,Phaseolus vulgaris,300,19820701,BTN,"4 KM E FROM TASHI YANGTSI DZONG, RIJIGANG - TASHI YANGTSI DZONG - TASHIGANG DISTRICT",27.62,91.52,1750.0,19820701.0,20.0
10.18730/JSMT3,G24440,FULL,Phaseolus,vulgaris,Phaseolus vulgaris,300,19820701,BTN,NGACHANG - MONGAR DZONG - MONGAR DISTRICT,27.27,91.37,1400.0,19820701.0,20.0
10.18730/JSMDV,G24436,FULL,Phaseolus,vulgaris,Phaseolus vulgaris,300,19820701,BTN,"4 KM N FROM JAKAR DZONG, PANGREY - JAKAR DZONG - JAKAR DISTRICT",27.57,90.74,2700.0,19820701.0,20.0
10.18730/S2PEB,G24435A,FULL,Phaseolus,vulgaris,Phaseolus vulgaris,300,19820701,BTN,"6 KM FROM CONFLUENCE TO HAA, PHAKHA-DOWAKHA - PARO - PARO DISTRICT",27.28,89.52,2300.0,19820701.0,20.0
10.18730/JSM7N,G24067,FULL,Phaseolus,vulgaris,Phaseolus vulgaris,300,19820701,BTN,"52 KM FROM THIMPHU, MENDIGANG-SISIDING - THIMPHU - THIMPHU DISTRICT",27.52,89.82,1600.0,19820701.0,20.0
10.18730/JXA9S,G50306,FULL,Phaseolus,vulgaris,Phaseolus vulgaris,300,19880201,BDI,"13 KM E MUSHIHA, MUSHIHA, MWIRUZI - CANKUZO - RUYIGI",-3.04,30.77,1410.0,19880201.0,40.0
10.18730/JX9S9,G50298,FULL,Phaseolus,vulgaris,Phaseolus vulgaris,300,19880201,BDI,"11 KM N RUHEHE, BUGAVIRA, KIRI - KIRUNDO - MUYINGA",-2.37,29.99,1400.0,19880201.0,40.0
10.18730/JX90N,G50292,FULL,Phaseolus,vulgaris,Phaseolus vulgaris,300,19880201,BDI,"1.2 KM NE MASANGANZIRA, RUTEGAMA (KABOGI) - GITEGA - GITEGA",-3.41,29.94,1660.0,19880201.0,40.0
10.18730/JTGXE,G24515,FULL,Phaseolus,vulgaris,Phaseolus vulgaris,300,19830628,BDI,"ROADSIDE, NEAR BUJUMBURA - BUJUMBURA - BUJUMBURA",-3.32,29.37,1380.0,19830628.0,40.0
10.18730/JTG8Y,G24514,FULL,Phaseolus,vulgaris,Phaseolus vulgaris,300,19830628,BDI,"2 KM N ISABU, STATION MOSSO, BUKEMBA, RUGWE - RUTANA - RUYIGI",-3.99,30.07,1200.0,19830628.0,40.0
10.18730/JX91P,G24184,FULL,Phaseolus,vulgaris,Phaseolus vulgaris,300,19880201,BDI,"0.8 KM E DEL SITIO DEL IRAZ (MASHITSI), MASHITSI - GIHETA - GITEGA",-3.37,29.92,1700.0,19880201.0,40.0
10.18730/JX8RD,G24183,FULL,Phaseolus,vulgaris,Phaseolus vulgaris,300,19880201,BDI,"8 KM NE MUSHIHA, MUSHIHA, KAREMA - CANKUZO - RUYIGI",-3.02,30.72,1420.0,19880201.0,40.0
10.18730/JW66H,G22572,FULL,Phaseolus,vulgaris,Phaseolus vulgaris,300,19870301,BDI,"2 KM SO DEL SITIO DEL IRAZ, MASHITSI, MUKOBE (KIREMERA) - GIHETA - GITEGA",-3.37,29.89,1650.0,19870301.0,40.0
10.18730/JW63E,G22569,FULL,Phaseolus,vulgaris,Phaseolus vulgaris,300,19870301,BDI,"1.8 KM N DEL SITIO DEL IRAZ (MASHITSI), NYABIKENKE - GIHETA - GITEGA",-3.34,29.91,1610.0,19870301.0,40.0
10.18730/JW5ZA,G22565,FULL,Phaseolus,vulgaris,Phaseolus vulgaris,300,19870301,BDI,"10 KM NO MASANGANZIRA, MUKUNGUGU - GITEGA - GITEGA",-3.39,29.96,1660.0,19870301.0,40.0
10.18730/JW5W7,G22560,FULL,Phaseolus,vulgaris,Phaseolus vulgaris,300,19870301,BDI,"2.4 KM NE RUTEGAMA, MUGUTU - GITEGA - GITEGA",-3.41,29.96,1670.0,19870301.0,40.0
10.18730/JW5V6,G22559,FULL,Phaseolus,vulgaris,Phaseolus vulgaris,300,19870301,BDI,8 KM N RUHEHE - KIRUNDO - MUYINGA,-2.44,30.03,1440.0,19870301.0,40.0
10.18730/JW5P1,G22549,FULL,Phaseolus,vulgaris,Phaseolus vulgaris,300,19870301,BDI,"5 KM NE GITOBE, GITOBE, RUNGAZI - KIRUNDO - MUYINGA",-2.6,30.25,1425.0,19870301.0,40.0
10.18730/PF3M=,G22543,FULL,Phaseolus,vulgaris,Phaseolus vulgaris,300,19870301,BDI,"BUSONI, BURARA, 3 KM NE BUSONI ROUTE A GATARE - KIRUNDO - MUYINGA",-2.5,30.24,1370.0,19870301.0,40.0
10.18730/JW59S,G22538,FULL,Phaseolus,vulgaris,Phaseolus vulgaris,300,19870301,BDI,"12.5 KM NE KIRUNDO, KIRUNDO, YARANDA - KIRUNDO - MUYINGA",-2.52,30.1,1380.0,19870301.0,40.0
10.18730/JW53K,G22532,FULL,Phaseolus,vulgaris,Phaseolus vulgaris,300,19870301,BDI,"2 KM NE KIRUNDO, KIRUNDO, MURAMA - KIRUNDO - MUYINGA",-2.57,30.1,1420.0,19870301.0,40.0
10.18730/JW4YE,G22525,FULL,Phaseolus,vulgaris,Phaseolus vulgaris,300,19870301,BDI,"3 KM NE MUSHIHA, MUSHIHA, MUGERA - CANKUZO - RUYIGI",-3.05,30.69,1400.0,19870301.0,40.0
10.18730/PF3GZ,G22521,FULL,Phaseolus,vulgaris,Phaseolus vulgaris,300,19870301,BDI,"20 KM NE KINYINYA, KINYINYA, RUVERI - KINYINYA - RUYIGI",-3.59,30.42,1190.0,19870301.0,40.0
10.18730/JW4VB,G22515,FULL,Phaseolus,vulgaris,Phaseolus vulgaris,300,19870301,BDI,"29 KM NE GIHOFI, GIHARO, KIBIMBA - RUTANA - RUYIGI",-3.82,30.29,1210.0,19870301.0,40.0
10.18730/JW4N5,G22514,FULL,Phaseolus,vulgaris,Phaseolus vulgaris,300,19870301,BDI,"13.2 KM N MURAGO, RUMONGE, RUTUMO - RUMONGE - BURURI",-3.77,29.43,860.0,19870301.0,40.0
10.18730/JW4J2,G22511,FULL,Phaseolus,vulgaris,Phaseolus vulgaris,300,19870301,BDI,"0.8 KM NE MUGARA, RUMONGE, BUSEBWA - RUMONGE - BURURI",-4.07,29.53,880.0,19870301.0,40.0
10.18730/JW4E=,G22507,FULL,Phaseolus,vulgaris,Phaseolus vulgaris,300,19870301,BDI,"MAKAMBA, NYANZA-LAC, KAZIRABAGENI - NYANZA - BURURI",-4.27,29.62,870.0,19870301.0,40.0
10.18730/JW49Y,G22502,FULL,Phaseolus,vulgaris,Phaseolus vulgaris,300,19870301,BDI,"3.5 KM NE RUGOMBO, CIBITOKE, RUGOMBO - RUGOMBO - BUBANZA",-2.81,29.08,1020.0,19870301.0,40.0
10.18730/JW4B*,G22504,FULL,Phaseolus,vulgaris,Phaseolus vulgaris,300,19870301,BDI,"6.7 KM NE RANDA, KATURA - BUBANZA - BUBANZA",-3.12,29.41,910.0,19870301.0,40.0
10.18730/JW44S,G22497,FULL,Phaseolus,vulgaris,Phaseolus vulgaris,300,19870301,BDI,"13 KM E MUSHIHA, MUSHIHA, MWIRUZI - CANKUZO - RUYIGI",-3.07,30.77,1410.0,19870301.0,40.0
10.18730/JW3YK,G22490,FULL,Phaseolus,vulgaris,Phaseolus vulgaris,300,19870301,BDI,"10 KM NW RUGOMBO, CIBITOKE, RUGOMBO - RUGOMBO - BUBANZA",-2.81,29.05,950.0,19870301.0,40.0
10.18730/JW40N,G22492,FULL,Phaseolus,vulgaris,Phaseolus vulgaris,300,19870301,BDI,"11.2 KM S NYANZA-LAC, MAKAMBA, NYANZA-LAC, KABONGA - NYANZA - BURURI",-4.41,29.68,820.0,19870301.0,40.0
10.18730/JW48X,G22493,FULL,Phaseolus,vulgaris,Phaseolus vulgaris,300,19870301,BDI,"MAKAMBA, NYANZA-LAC, KAZIRABAGENI - NYANZA - BURURI",-4.25,29.62,880.0,19870301.0,40.0
10.18730/JW41P,G22494,FULL,Phaseolus,vulgaris,Phaseolus vulgaris,300,19870301,BDI,"3 KM NE MUSHIHA, MUSHIHA, MUGERA - CANKUZO - RUYIGI",-3.03,30.69,1400.0,19870301.0,40.0
10.18730/JW3WH,G22488,FULL,Phaseolus,vulgaris,Phaseolus vulgaris,300,19870301,BDI,"1.7 KM NE NDAVA, BUGANDA, KAYANGE - CIBITOKE - BUBANZA",-3.02,29.28,890.0,19870301.0,40.0
10.18730/JW3XJ,G22489,FULL,Phaseolus,vulgaris,Phaseolus vulgaris,300,19870301,BDI,"0.3 KM W BUGANDA, CIBITOKE, BUGANDA, GASENYI - BUGANDA - BUBANZA",-2.98,29.2,880.0,19870301.0,40.0
10.18730/JVKGB,G22264,FULL,Phaseolus,vulgaris,Phaseolus vulgaris,300,19861101,BDI,FROM ISABU - KIRUNDO - MUYINGA,-2.59,30.1,,19861101.0,40.0
10.18730/JWR83,G50042,FULL,Phaseolus,vulgaris,Phaseolus vulgaris,300,19871001,MWI,"MISUKU HILLS, KASAMBRA - KASAMBRA - MISUKU HILLS",-9.67,33.52,1494.0,19871001.0,40.0
10.18730/JWZZW,G23210,FULL,Phaseolus,vulgaris,Phaseolus vulgaris,300,19871001,MWI,"MABULABO T.A., JENGOLIMA - JENGOLIMA - MABULABO T.A.",-12.61,33.57,1207.0,19871001.0,40.0
10.18730/JWZEB,G23185,FULL,Phaseolus,vulgaris,Phaseolus vulgaris,300,19871001,MWI,"MABULABO T.A., MAFUNDEYA - MAFUNDEYA - MABULABO T.A.",-12.57,33.62,1219.0,19871001.0,40.0
10.18730/JWYAC,G23160,FULL,Phaseolus,vulgaris,Phaseolus vulgaris,300,19871001,MWI,"MABULABO T.A., CHIRWA - CHIRWA - MABULABO T.A.",-12.65,33.52,1402.0,19871001.0,40.0
10.18730/JWXQY,G23135,FULL,Phaseolus,vulgaris,Phaseolus vulgaris,300,19871001,MWI,"S RUKURU P., KUMWENDA - KUMWENDA - SOUTH RUKURU",-11.87,33.39,1210.0,19871001.0,40.0
10.18730/JWX8F,G23110,FULL,Phaseolus,vulgaris,Phaseolus vulgaris,300,19871001,MWI,"S RUKURU P., ZEBEDEA - ZEBEDEA - SOUTH RUKURU",-11.94,33.46,1292.0,19871001.0,40.0
10.18730/JWWM*,G23085,FULL,Phaseolus,vulgaris,Phaseolus vulgaris,300,19871001,MWI,"S RUKURU P., CHISUSU - CHISUSU - SOUTH RUKURU",-11.98,33.62,1396.0,19871001.0,40.0
10.18730/JWWBQ,G23061,FULL,Phaseolus,vulgaris,Phaseolus vulgaris,300,19871001,MWI,"LIVINGSTONIA, CHAMINONO - CHAMINONO - LIVINGSTONIA",-10.77,34.03,1188.0,19871001.0,40.0
10.18730/JWVBW,G23036,FULL,Phaseolus,vulgaris,Phaseolus vulgaris,300,19871001,MWI,"LIVINGSTONIA, SALAWE - SALAWE - LIVINGSTONIA",-10.67,34.07,1139.0,19871001.0,40.0
10.18730/JWV1J,G23010,FULL,Phaseolus,vulgaris,Phaseolus vulgaris,300,19871001,MWI,"LIVINGSTONIA, MSUKA - MSUKA - LIVINGSTONIA",-10.58,34.12,1152.0,19871001.0,40.0
10.18730/JWT8Y,G22985,FULL,Phaseolus,vulgaris,Phaseolus vulgaris,300,19871001,MWI,"MISUKU HILLS, KAWOTOLA - KAWOTOLA - MISUKU HILLS",-9.74,33.53,1578.0,19871001.0,40.0
10.18730/JWS2X,G22963,FULL,Phaseolus,vulgaris,Phaseolus vulgaris,300,19871001,MWI,"MISUKU HILLS, KASUMBI - KASUMBI - MISUKU HILLS",-9.71,33.57,1609.0,19871001.0,40.0
10.18730/S5QKC,G22914A,FULL,Phaseolus,vulgaris,Phaseolus vulgaris,300,19871001,MWI,"CHITIPA NORTH, IPENZA - IPENZA - CHITIPA NORTH",-9.47,33.1,1292.0,19871001.0,40.0
10.18730/JWQHH,G22890,FULL,Phaseolus,vulgaris,Phaseolus vulgaris,300,19871001,MWI,"CHITIPA NORTH, SYUMBI - SYUMBI - CHITIPA NORTH",-9.54,33.12,1292.0,19871001.0,40.0
10.18730/JWPTZ,G22865,FULL,Phaseolus,vulgaris,Phaseolus vulgaris,300,19871001,MWI,"CHITIPA NORTH, MWENELOZA - MWENELOZA - CHITIPA NORTH",-9.61,33.06,1280.0,19871001.0,40.0
10.18730/JW3H6,G22474,FULL,Phaseolus,vulgaris,Phaseolus vulgaris,300,19870301,MWI,MZUZU - MZUZU - MZIMBA DISTRICT,-11.45,33.92,,19870301.0,40.0
10.18730/JW2WP,G22451,FULL,Phaseolus,vulgaris,Phaseolus vulgaris,300,19870301,MWI,BUNDA - BUNDA - LILONGWE DISTRICT,-14.19,33.81,,19870301.0,40.0
10.18730/JW2D7,G22434,FULL,Phaseolus,vulgaris,Phaseolus vulgaris,300,19870301,MWI,CHITIPA - CHITIPA - CHITIPA DISTRICT,-9.73,33.28,,19870301.0,40.0
10.18730/JFBWP,G4276,FULL,Phaseolus,vulgaris,Phaseolus vulgaris,300,19700901,USA,GALLUP - NEW MEXICO,35.54,-108.72,,19700901.0,40.0
10.18730/PQ4QB,G26,FULL,Phaseolus,vulgaris,Phaseolus vulgaris,300,19700901,USA,MINNEAPOLIS - MINNESOTA,44.99,-93.22,,19700901.0,40.0
10.18730/K12AJ,G2417,FULL,Phaseolus,vulgaris,Phaseolus vulgaris,300,19700901,USA,SAN ILDEFONSO - NEW MEXICO,35.89,-106.12,,19700901.0,40.0
10.18730/K11R0,G2415,FULL,Phaseolus,vulgaris,Phaseolus vulgaris,300,19700901,USA,CHINLE - ARIZONA,36.16,-109.55,,19700901.0,40.0
10.18730/K11N$,G2412,FULL,Phaseolus,vulgaris,Phaseolus vulgaris,300,19700901,USA,ZIA - NEW MEXICO,35.51,-106.72,,19700901.0,40.0
10.18730/JMTMV,G20001,FULL,Phaseolus,vulgaris,Phaseolus vulgaris,300,19781001,USA,ACOMO PUEBLO - NEW MEXICO,34.9,-107.58,,19781001.0,40.0
10.18730/JZ32X,G20,FULL,Phaseolus,vulgaris,Phaseolus vulgaris,300,19700901,USA,"FROM THE ROUND VALLEY RESERVATION, NEAR COVELO, AT 1,400 FEET ALTITUDE - COVELO - CALIFORNIA",39.8,-123.25,,19700901.0,40.0
10.18730/JMTBJ,G19992,FULL,Phaseolus,vulgaris,Phaseolus vulgaris,300,19781001,USA,SHIP ROCK - NEW MEXICO,36.79,-108.68,,19781001.0,40.0
10.18730/JMTDM,G19986,FULL,Phaseolus,vulgaris,Phaseolus vulgaris,300,19781001,USA,BLACK MOUNTAIN - ARIZONA,33.82,-111.94,,19781001.0,40.0
10.18730/JMSZ6,G19976,FULL,Phaseolus,vulgaris,Phaseolus vulgaris,300,19781001,USA,COSTILLO - NEW MEXICO,36.98,-105.53,,19781001.0,40.0
10.18730/S39EV,G19968A,FULL,Phaseolus,vulgaris,Phaseolus vulgaris,300,19781001,USA,GALLUP - NEW MEXICO,35.55,-108.74,2160.0,19781001.0,40.0
10.18730/S67P9,G19960A,FULL,Phaseolus,vulgaris,Phaseolus vulgaris,300,19781001,USA,TAOS - NEW MEXICO,36.41,-105.56,,19781001.0,40.0
10.18730/JMED6,G19004,FULL,Phaseolus,vulgaris,Phaseolus vulgaris,300,19781001,USA,SANTA CLARA - NEW MEXICO,32.78,-108.14,,19781001.0,40.0
10.18730/JHB6D,G16392,FULL,Phaseolus,vulgaris,Phaseolus vulgaris,300,19700901,USA,"NEWFIELD PAPAGO INDIAN RESERV., CHUKUT KUK DISTRICT - PIMA - ARIZONA",32.88,-109.83,,19700901.0,40.0
10.18730/JH8J3,G16329,FULL,Phaseolus,vulgaris,Phaseolus vulgaris,300,19700901,USA,ZUNI PUEBLO - NEW MEXICO,35.08,-108.84,,19700901.0,40.0
10.18730/JZDAR,G411,FULL,Phaseolus,vulgaris,Phaseolus vulgaris,300,19700901,ZAF,PRETORIA - TRANSVAAL,-25.64,28.24,,19700901.0,40.0
10.18730/JY29G,G24134,FULL,Phaseolus,vulgaris,Phaseolus vulgaris,300,19910101,PAN,"SOUTHERN SLOPE TALAMANCA MTS., FROM BOQUETE TO SOLOY - BOQUETE - CHIRIQUI",8.78,-82.45,,19910101.0,40.0
10.18730/JN7ZA,G22751,FULL,Phaseolus,vulgaris,Phaseolus vulgaris,300,19781001,BIH,CELOPEK - ZVORNIK,44.45,19.12,500.0,19781001.0,40.0
10.18730/K3K2C,G20329,FULL,Phaseolus,vulgaris,Phaseolus vulgaris,300,19781001,BIH,TRGOVISTE - BANJA LUKA,45.0,16.59,600.0,19781001.0,40.0
10.18730/JNARS,G20316,FULL,Phaseolus,vulgaris,Phaseolus vulgaris,300,19781001,BIH,BLACE - KONJIC,43.84,17.66,430.0,19781001.0,40.0
10.18730/S3GFY,G22746B,FULL,Phaseolus,vulgaris,Phaseolus vulgaris,300,19870401,PRT,EIRINHA-SERRA AGUA - RIBEIRA BRAVA - MADEIRA ISLAND,32.72,-17.02,500.0,19870401.0,40.0
10.18730/S4ZDF,G22741A,FULL,Phaseolus,vulgaris,Phaseolus vulgaris,300,19870401,PRT,CURRAL DAS FREIRAS - CAMARA DE LOBOS - MADEIRA ISLAND,32.72,-16.96,690.0,19870401.0,40.0
10.18730/PF549,G22742,FULL,Phaseolus,vulgaris,Phaseolus vulgaris,300,19870401,PRT,LOMBO DO MONTE - FUNCHAL - MADEIRA ISLAND,32.67,-16.89,360.0,19870401.0,40.0
10.18730/PF516,G22736,FULL,Phaseolus,vulgaris,Phaseolus vulgaris,300,19870401,PRT,JARDIM DO MAR - CALHETA - MADEIRA ISLAND,32.74,-17.21,60.0,19870401.0,40.0
10.18730/JXXVP,G22737,FULL,Phaseolus,vulgaris,Phaseolus vulgaris,300,19870401,PRT,LOMBO DO DOUTOR - CALHETA - MADEIRA ISLAND,32.73,-17.16,370.0,19870401.0,40.0
10.18730/JXY4Z,G22733,FULL,Phaseolus,vulgaris,Phaseolus vulgaris,300,19870401,PRT,PAUL DO MAR - CALHETA - MADEIRA ISLAND,32.76,-17.23,10.0,19870401.0,40.0
10.18730/S2SAX,G22729A,FULL,Phaseolus,vulgaris,Phaseolus vulgaris,300,19870401,PRT,RIBEIRA DA VACA - CALHETA - MADEIRA ISLAND,32.82,-17.24,530.0,19870401.0,40.0
10.18730/PF4X2,G22726,FULL,Phaseolus,vulgaris,Phaseolus vulgaris,300,19870401,PRT,SANTA - PORTO MONIZ - MADEIRA ISLAND,32.85,-17.19,480.0,19870401.0,40.0
10.18730/JYP1K,G22724,FULL,Phaseolus,vulgaris,Phaseolus vulgaris,300,19870401,PRT,PORTO MONIZ - PORTO MONIZ - MADEIRA ISLAND,32.86,-17.17,60.0,19870401.0,40.0
10.18730/S5PTR,G22720B,FULL,Phaseolus,vulgaris,Phaseolus vulgaris,300,19870401,PRT,RIBEIRO DA CAMISA - SAO VICENTE - MADEIRA ISLAND,32.82,-17.0,40.0,19870401.0,40.0
10.18730/JSY45,G22718,FULL,Phaseolus,vulgaris,Phaseolus vulgaris,300,19870401,PRT,LIMOEIRO - SAO VICENTE - MADEIRA ISLAND,32.8,-17.03,170.0,19870401.0,40.0
10.18730/JXT5F,G22714,FULL,Phaseolus,vulgaris,Phaseolus vulgaris,300,19870401,PRT,FONTE DA PEDRA - SANTANA - MADEIRA ISLAND,32.79,-16.89,510.0,19870401.0,40.0
10.18730/PF4Q~,G22715,FULL,Phaseolus,vulgaris,Phaseolus vulgaris,300,19870401,PRT,ACHADA GRANDE - SANTANA - MADEIRA ISLAND,32.82,-16.88,350.0,19870401.0,40.0
10.18730/JPEHQ,G22708,FULL,Phaseolus,vulgaris,Phaseolus vulgaris,300,19870401,PRT,ATALHO - SANTANA - MADEIRA ISLAND,32.79,-16.85,480.0,19870401.0,40.0
10.18730/PF4HV,G22699,FULL,Phaseolus,vulgaris,Phaseolus vulgaris,300,19870401,PRT,TERRA DO BAPTISTA - MACHICO - MADEIRA ISLAND,32.75,-16.84,280.0,19870401.0,40.0
10.18730/K3RP7,G22689,FULL,Phaseolus,vulgaris,Phaseolus vulgaris,300,19870401,PRT,MACAPEZ - MACHICO - MADEIRA ISLAND,32.77,-16.84,170.0,19870401.0,40.0
10.18730/K3RC$,G22674,FULL,Phaseolus,vulgaris,Phaseolus vulgaris,300,19870401,PRT,CRUZINHAS - SANTANA - MADEIRA ISLAND,32.75,-16.87,410.0,19870401.0,40.0
10.18730/K3R4T,G22660,FULL,Phaseolus,vulgaris,Phaseolus vulgaris,300,19870401,PRT,CANICAL P. AGRARIO - MACHICO - MADEIRA ISLAND,32.73,-16.79,80.0,19870401.0,40.0
10.18730/S3G7P,G22656A,FULL,Phaseolus,vulgaris,Phaseolus vulgaris,300,19870401,PRT,CAMPANARIO - RIBEIRA BRAVA - MADEIRA ISLAND,32.67,-17.05,400.0,19870401.0,40.0
10.18730/K3R2R,G22658,FULL,Phaseolus,vulgaris,Phaseolus vulgaris,300,19870401,PRT,JOAO FERINO - SANTA CRUZ - MADEIRA ISLAND,32.42,-16.49,720.0,19870401.0,40.0
10.18730/K3R0P,G22655,FULL,Phaseolus,vulgaris,Phaseolus vulgaris,300,19870401,PRT,CARVALHAL - PONTA DO SOL - MADEIRA ISLAND,32.69,-17.09,640.0,19870401.0,40.0
10.18730/PF42C,G22652,FULL,Phaseolus,vulgaris,Phaseolus vulgaris,300,19870401,PRT,RIBEIRO SERRAO - SANTA CRUZ - MADEIRA ISLAND,32.69,-16.84,670.0,19870401.0,40.0
10.18730/K3QZN,G22654,FULL,Phaseolus,vulgaris,Phaseolus vulgaris,300,19870401,PRT,COVA DO PICO - PONTA DO SOL - MADEIRA ISLAND,32.69,-17.12,450.0,19870401.0,40.0
10.18730/JJJ30,G10319,FULL,Phaseolus,vulgaris,Phaseolus vulgaris,300,19771201,PRT,TAKEN BETWEEN GERES AND A POINT NEAR VILA REAL - VILAR DA VEIGA - DISTRITO BRAGA,41.7,-8.17,800.0,19771201.0,40.0
10.18730/JJKXN,G14706,FULL,Phaseolus,vulgaris,Phaseolus vulgaris,300,19771201,PRT,LOCATION JUST TO THE S OF VISEU AT THE OLD PEOPLE'S COMMUNITY CENTER,40.75,-7.83,,19771201.0,40.0
10.18730/JJNJ0,G14708,FULL,Phaseolus,vulgaris,Phaseolus vulgaris,300,19771201,PRT,"AROUND CELORICO AND CASTELO BOS, AT VILAR FORMOSO, SPANISH FRONTIER - VILAR FORMOSO - GUARDA",40.62,-6.87,,19771201.0,40.0
10.18730/JVHY=,G22405,FULL,Phaseolus,vulgaris,Phaseolus vulgaris,300,19860501,GEO,"N GEGECKORI, DOBERAZENI - GEGECKORI - MEGRELIA",42.59,42.33,400.0,19860501.0,40.0
10.18730/JVHV*,G22401,FULL,Phaseolus,vulgaris,Phaseolus vulgaris,300,19860501,GEO,"NE ZUGDIDI, TAIA - ZUGDIDI - MEGRELIA",42.61,42.21,290.0,19860501.0,40.0
10.18730/JVHPV,G22396,FULL,Phaseolus,vulgaris,Phaseolus vulgaris,300,19860501,GEO,"S ZUGDIDI, URTA - ZUGDIDI - MEGRELIA",42.43,41.84,80.0,19860501.0,40.0
10.18730/JVHSY,G22399,FULL,Phaseolus,vulgaris,Phaseolus vulgaris,300,19860501,GEO,"N DZVARI, POCCHO - DZVARI - MEGRELIA",42.74,42.03,330.0,19860501.0,40.0
10.18730/JVH9E,G22394,FULL,Phaseolus,vulgaris,Phaseolus vulgaris,300,19860501,GEO,"S ZUGDIDI, NARAZENI - ZUGDIDI - MEGRELIA",42.42,41.95,140.0,19860501.0,40.0
10.18730/JVHHP,G22391,FULL,Phaseolus,vulgaris,Phaseolus vulgaris,300,19860501,GEO,"NE ANAKLIA, KOKI - ANAKLIA - MEGRELIA",42.48,41.71,,19860501.0,40.0
10.18730/JVHGN,G22390,FULL,Phaseolus,vulgaris,Phaseolus vulgaris,300,19860501,GEO,"NE ANAKLIA, DARCELI - ANAKLIA - MEGRELIA",42.44,41.69,5.0,19860501.0,40.0
10.18730/JVHFM,G22389,FULL,Phaseolus,vulgaris,Phaseolus vulgaris,300,19860501,GEO,"SW ZUGDIDI, KVEMO KACHATI - ZUGDIDI - MEGRELIA",42.5,41.77,40.0,19860501.0,40.0
10.18730/JVHAF,G22384,FULL,Phaseolus,vulgaris,Phaseolus vulgaris,300,19860501,GEO,"E SUCHUMI, GUL'RIPS - RAYON GUL'RIPS - ABCHASIA",42.93,41.11,80.0,19860501.0,40.0
10.18730/JVHBG,G22385,FULL,Phaseolus,vulgaris,Phaseolus vulgaris,300,19860501,GEO,"E GUL'RIPS, PSAPI - RAYON GUL'RIPS - ABCHASIA",42.89,41.15,,19860501.0,40.0
10.18730/JVH8D,G22381,FULL,Phaseolus,vulgaris,Phaseolus vulgaris,300,19860501,GEO,"W KUTAISI, SIMONETI - RAYON TERDZOLA - IMERETIA",41.54,41.69,750.0,19860501.0,40.0
10.18730/JVGTU,G22382,FULL,Phaseolus,vulgaris,Phaseolus vulgaris,300,19860501,GEO,ACHALI SOPELI - RAYON GUL'RIPS - ABCHASIA,42.97,41.45,170.0,19860501.0,40.0
10.18730/JVGV0,G22374,FULL,Phaseolus,vulgaris,Phaseolus vulgaris,300,19860501,GEO,"NW ZESTAFONI, TERDZOLA - RAYON TERDZOLA - IMERETIA",42.18,42.97,150.0,19860501.0,40.0
10.18730/JVGJW,G22373,FULL,Phaseolus,vulgaris,Phaseolus vulgaris,300,19860501,GEO,"NE IMERETIA, CIATURA, UPPER COURSE KVIRILA - KVIRILA - IMERETIA",42.29,43.29,,19860501.0,40.0
10.18730/JVH16,G22372,FULL,Phaseolus,vulgaris,Phaseolus vulgaris,300,19860501,GEO,"N IMERETIA, TKIBULI - TKIBULI - IMERETIA",42.34,43.01,,19860501.0,40.0
10.18730/S21H8,G22370A,FULL,Phaseolus,vulgaris,Phaseolus vulgaris,300,19860501,GEO,LENTECHI - LENTECHI - LOWER SVANETIA,42.8,42.72,700.0,19860501.0,40.0
10.18730/JVGKX,G22364,FULL,Phaseolus,vulgaris,Phaseolus vulgaris,300,19860501,GEO,"SE CAGERI, LASURIASI - RAYON CAGERI - LECCHUMI",42.62,42.76,600.0,19860501.0,40.0
10.18730/JVGS=,G22362,FULL,Phaseolus,vulgaris,Phaseolus vulgaris,300,19860501,GEO,"SW CAGERI, SIDE VALLEY CCHENISCKALI, CKUMI - RAYON CAGERI - LECCHUMI",42.61,42.67,650.0,19860501.0,40.0
10.18730/JVG7H,G22363,FULL,Phaseolus,vulgaris,Phaseolus vulgaris,300,19860501,GEO,"SE CAGERI, MACHASI - RAYON CAGERI - LECCHUMI",42.6,42.74,500.0,19860501.0,40.0
10.18730/JVGQ~,G22360,FULL,Phaseolus,vulgaris,Phaseolus vulgaris,300,19860501,GEO,"NW ALPANA, NAKURALESI - RAYON CAGERI - LECCHUMI",42.55,42.75,1000.0,19860501.0,40.0
10.18730/JVGR$,G22361,FULL,Phaseolus,vulgaris,Phaseolus vulgaris,300,19860501,GEO,"SW CAGERI, SIDE VALLEY CCHENISCKALI, KULBAKI - RAYON CAGERI - LECCHUMI",42.63,42.64,800.0,19860501.0,40.0
10.18730/K3XEB,G22358,FULL,Phaseolus,vulgaris,Phaseolus vulgaris,300,19860501,GEO,"NW ALPANA, CCHUKUSERI - RAYON CAGERI - LECCHUMI",42.57,42.79,850.0,19860501.0,40.0
10.18730/JVFZ9,G22353,FULL,Phaseolus,vulgaris,Phaseolus vulgaris,300,19860501,GEO,"N MEKVENA, ORCHVI, VALLEY RIONI - RAYON CAGERI - LECCHUMI",42.5,42.8,800.0,19860501.0,40.0
10.18730/JVGMY,G22355,FULL,Phaseolus,vulgaris,Phaseolus vulgaris,300,19860501,GEO,"ALPANA, VALLEY RIONI - RAYON CAGERI - LECCHUMI",42.57,42.84,,19860501.0,40.0
10.18730/JVGDQ,G22348,FULL,Phaseolus,vulgaris,Phaseolus vulgaris,300,19860501,GEO,"E CAGERI, CCHUTELI - RAYON CAGERI - LECCHUMI",42.65,42.79,500.0,19860501.0,40.0
10.18730/JVG3D,G22337,FULL,Phaseolus,vulgaris,Phaseolus vulgaris,300,19860501,GEO,"SW ONI, NIGVZNARA - RAYON ONI - UPPER RACA",42.57,43.38,,19860501.0,40.0
10.18730/JVG4E,G22338,FULL,Phaseolus,vulgaris,Phaseolus vulgaris,300,19860501,GEO,"SW ONI, SARDOMETI - RAYON ONI - UPPER RACA",42.56,43.33,,19860501.0,40.0
10.18730/JVFP0,G22334,FULL,Phaseolus,vulgaris,Phaseolus vulgaris,300,19860501,GEO,"SE ONI, ONCEVI - RAYON ONI - UPPER RACA",42.56,43.5,,19860501.0,40.0
10.18730/JVG1B,G22335,FULL,Phaseolus,vulgaris,Phaseolus vulgaris,300,19860501,GEO,ONI - RAYON ONI - UPPER RACA,42.58,43.43,,19860501.0,40.0
10.18730/JVG2C,G22336,FULL,Phaseolus,vulgaris,Phaseolus vulgaris,300,19860501,GEO,"NE ONI, GLOLA - RAYON ONI - UPPER RACA",42.7,43.64,1400.0,19860501.0,40.0
10.18730/JVFY8,G22332,FULL,Phaseolus,vulgaris,Phaseolus vulgaris,300,19860501,GEO,"2 KM NE MESTIA, LAGAMI - RAYON MESTIA - UPPER SVANETIA",43.05,42.73,,19860501.0,40.0
10.18730/JN8AN,G20238,FULL,Phaseolus,vulgaris,Phaseolus vulgaris,300,19781001,HRV,LOKVICA - OTOCAC,44.72,15.15,920.0,19781001.0,40.0
10.18730/PF0F8,G20198,FULL,Phaseolus,vulgaris,Phaseolus vulgaris,300,19781001,HRV,JELOVEC - KRAPINSKO-ZAGORSKA,46.06,16.19,340.0,19781001.0,40.0
10.18730/PPZM~,G1448,FULL,Phaseolus,vulgaris,Phaseolus vulgaris,300,19700901,HRV,KARLOVAC - ZAGREB,45.8,15.97,100.0,19700901.0,40.0
10.18730/JMWVR,G20077,FULL,Phaseolus,vulgaris,Phaseolus vulgaris,300,19781001,SVN,VOJNIC - KARLOVACA,45.32,15.69,310.0,19781001.0,40.0
10.18730/JMB4C,G18847,FULL,Phaseolus,vulgaris,Phaseolus vulgaris,300,19781001,SVN,SELO - IDRIJA,46.07,14.1,1000.0,19781001.0,40.0
10.18730/JMB3B,G18846,FULL,Phaseolus,vulgaris,Phaseolus vulgaris,300,19781001,SVN,"LJUBLJANA, SLOVENIA - LJUBLJANA - LJUBLJANA",46.05,14.64,305.0,19781001.0,40.0
10.18730/JZ6HX,G189,FULL,Phaseolus,vulgaris,Phaseolus vulgaris,300,19700901,NPL,KATHMANDU - KATHMANDU,27.81,85.32,,19700901.0,40.0
10.18730/JTAR2,G18220,FULL,Phaseolus,vulgaris,Phaseolus vulgaris,300,19830801,ESP,"SAN JUAN DEL RÍO, AGENCIA SEA DE PBL. TRIVES - MEDOS - ORENSE",42.37,-7.3,700.0,19830801.0,40.0
10.18730/PER62,G18219,FULL,Phaseolus,vulgaris,Phaseolus vulgaris,300,19830801,ESP,"PARADA DE ACHAS, VILARIÑO, AGENCIA SEA DE LA CAÑIZA - LA CAÑIZA - PONTEVEDRA",42.21,-8.29,600.0,19830801.0,40.0
10.18730/JTABT,G18210,FULL,Phaseolus,vulgaris,Phaseolus vulgaris,300,19830801,ESP,AGENCIA SEA DE CERDEDO - QUINA - PONTEVEDRA,42.6,-8.43,415.0,19830801.0,40.0
10.18730/JTAAS,G18209,FULL,Phaseolus,vulgaris,Phaseolus vulgaris,300,19830801,ESP,AGENCIA SEA DE CERDEDO - POTES - CANTABRIA,43.12,-4.63,400.0,19830801.0,40.0
10.18730/JTA9R,G18208,FULL,Phaseolus,vulgaris,Phaseolus vulgaris,300,19830801,ESP,AGENCIA SEA DE POTES - POTES - CANTABRIA,43.13,-4.6,410.0,19830801.0,40.0
10.18730/JTAK$,G18204,FULL,Phaseolus,vulgaris,Phaseolus vulgaris,300,19830801,ESP,AGENCIA SEA DE CAÑETE - CAÑETE - CUENCA,40.05,-1.65,1000.0,19830801.0,40.0
10.18730/S5KS1,G18203A,FULL,Phaseolus,vulgaris,Phaseolus vulgaris,300,19830801,ESP,AGENCIA SEA DE BALAZOTE - BALAZOTE - ALBACETE,38.89,-2.14,780.0,19830801.0,40.0
10.18730/JTA2H,G18201,FULL,Phaseolus,vulgaris,Phaseolus vulgaris,300,19830801,ESP,AGENCIA SEA DE LA LINEA DE LA CONCEPCIÓN - LA LINEA DE LA CONCEPCION - CADIZ,36.15,-5.35,5.0,19830801.0,40.0
10.18730/S2PTQ,G18200A,FULL,Phaseolus,vulgaris,Phaseolus vulgaris,300,19830801,ESP,AGENCIA SEA DE BEJAR - BEJAR - SALAMANCA,40.4,-5.77,900.0,19830801.0,40.0
10.18730/JTADW,G18198,FULL,Phaseolus,vulgaris,Phaseolus vulgaris,300,19830801,ESP,AGENCIA SEA DE ONDA - ONDA - CASTELLON,39.96,-0.26,130.0,19830801.0,40.0
10.18730/JTACV,G18197,FULL,Phaseolus,vulgaris,Phaseolus vulgaris,300,19830801,ESP,AGENCIA SEA DE NAVA DEL REY - NAVA DEL REY - VALLADOLID,41.34,-5.09,750.0,19830801.0,40.0
10.18730/S1Z9A,G18196C,FULL,Phaseolus,vulgaris,Phaseolus vulgaris,300,19830801,ESP,AGENCIA SEA DE HIGUERUELA - HIGUERUELA - ALBACETE,38.96,-1.46,1020.0,19830801.0,40.0
10.18730/JT9T9,G18194,FULL,Phaseolus,vulgaris,Phaseolus vulgaris,300,19830801,ESP,AGENCIA SEA DE SALDAÑA - SALDANA - PALENCIA,42.54,-4.74,960.0,19830801.0,40.0
10.18730/JTA4K,G18190,FULL,Phaseolus,vulgaris,Phaseolus vulgaris,300,19830801,ESP,AGENCIA SEA DE FABERO - FABERO - LEON,42.77,-6.61,650.0,19830801.0,40.0
10.18730/JTA5M,G18191,FULL,Phaseolus,vulgaris,Phaseolus vulgaris,300,19830801,ESP,AGENCIA SEA DE VALL D'ALBA - VALL D'ALBA - CASTELLON,40.17,-0.03,310.0,19830801.0,40.0
10.18730/JT9S8,G18193,FULL,Phaseolus,vulgaris,Phaseolus vulgaris,300,19830801,ESP,AGENCIA SEA DE MONTEHERMOSO - MONTEHERMOSO - CACERES,40.09,-6.36,390.0,19830801.0,40.0
10.18730/JTA6N,G18192,FULL,Phaseolus,vulgaris,Phaseolus vulgaris,300,19830801,ESP,AGENCIA SEA DE SOLSONA - SOLSONA - LERIDA,42.0,1.53,700.0,19830801.0,40.0
10.18730/JT9R7,G18188,FULL,Phaseolus,vulgaris,Phaseolus vulgaris,300,19830801,ESP,AGENCIA SEA DE ALMAGRO - ALMAGRO - CIUDAD REAL,38.88,-3.71,780.0,19830801.0,40.0
10.18730/JT9WB,G18189,FULL,Phaseolus,vulgaris,Phaseolus vulgaris,300,19830801,ESP,AGENCIA SEA DE PUENTEDEUME - PUENTEDEUME - LA CORUNA,43.41,-8.18,80.0,19830801.0,40.0
10.18730/JRYM~,G15817,FULL,Phaseolus,vulgaris,Phaseolus vulgaris,300,19801001,ESP,NEAR BUBION - BUBION - GRANADA,36.95,-3.35,1390.0,19801001.0,20.0
10.18730/JRY7M,G15816,FULL,Phaseolus,vulgaris,Phaseolus vulgaris,300,19801001,ESP,"BERCHULES, ON FARM FRANCISCO BARNET TORO, ABOVE VILLAGE - BERCHULES - GRANADA",36.99,-3.19,1500.0,19801001.0,20.0
10.18730/JRXR5,G15815,FULL,Phaseolus,vulgaris,Phaseolus vulgaris,300,19801001,ESP,"10-20 KM NW OF GRANADA, FARM OF JOSÉ LA TORRE - GRANADA - GRANADA",37.3,-3.81,575.0,19801001.0,20.0
10.18730/JS10=,G15800,FULL,Phaseolus,vulgaris,Phaseolus vulgaris,300,19801001,ESP,"N OF RIO ARGANZAS, NEAR SAN FACUNDO - SAN FACUNDO - ASTURIAS",43.29,-6.54,500.0,19801001.0,20.0
10.18730/JS0X*,G15796,FULL,Phaseolus,vulgaris,Phaseolus vulgaris,300,19801001,ESP,SW OF FONSAGRADA - FONSAGRADA - LUGO,43.12,-7.08,950.0,19801001.0,20.0
10.18730/JS0VY,G15798,FULL,Phaseolus,vulgaris,Phaseolus vulgaris,300,19801001,ESP,CASTRO - CASTRO - LUGO,42.53,-7.78,800.0,19801001.0,20.0
10.18730/JS0AD,G15795,FULL,Phaseolus,vulgaris,Phaseolus vulgaris,300,19801001,ESP,"W OF LARACHA, ON C552 ROAD, CABOVILANO - CABOVILANO - LA CORUNA",43.25,-8.62,100.0,19801001.0,20.0
10.18730/JS058,G15791,FULL,Phaseolus,vulgaris,Phaseolus vulgaris,300,19801001,ESP,"24 KM S OF SANTIAGO DE COMPOSTELA, LA ESTRADA - LA ESTRADA - PONTEVEDRA",42.69,-8.5,,19801001.0,20.0
10.18730/JS069,G15792,FULL,Phaseolus,vulgaris,Phaseolus vulgaris,300,19801001,ESP,"2 KM N OF SANTIAGO DE COMPOSTELA, ON D545 - SANTIAGO DE COMPOSTELA - LA CORUNA",42.89,-8.56,264.0,19801001.0,20.0
10.18730/JS036,G15789,FULL,Phaseolus,vulgaris,Phaseolus vulgaris,300,19801001,ESP,"S OF SANTIAGO, CODESEDA - CODESEDA - PONTEVEDRA",42.62,-8.44,,19801001.0,20.0
10.18730/JRZDN,G15787,FULL,Phaseolus,vulgaris,Phaseolus vulgaris,300,19801001,ESP,MANZANAL DE ARRIBA - MANZANAL DE ARRIBA - ZAMORA,42.0,-6.43,800.0,19801001.0,20.0
10.18730/JRZ19,G15785,FULL,Phaseolus,vulgaris,Phaseolus vulgaris,300,19801001,ESP,"SANTA MARÍA DE VALVERDE, FARMER CID VICENTE - STA MARIA DE VALVERDE - ZAMORA",41.93,-5.94,720.0,19801001.0,20.0
10.18730/JS120,G15295,FULL,Phaseolus,vulgaris,Phaseolus vulgaris,300,19801001,ESP,CORNELLANA - CORNELLANA - ASTURIAS,43.42,-6.16,100.0,19801001.0,20.0
10.18730/JS0Z$,G15292,FULL,Phaseolus,vulgaris,Phaseolus vulgaris,300,19801001,ESP,"CEREIJEIRA, NEAR EMBALSE DE SALIME - CEREIJEIRA - ASTURIAS",43.21,-6.9,600.0,19801001.0,20.0
10.18730/JS0RV,G15291,FULL,Phaseolus,vulgaris,Phaseolus vulgaris,300,19801001,ESP,"GESTOSELO, ON BORDER OF OVIEDO AND GALICIA - GESTOSELO - LUGO",43.18,-6.92,890.0,19801001.0,20.0
10.18730/S6AW0,G15286A,FULL,Phaseolus,vulgaris,Phaseolus vulgaris,300,19801001,ESP,"53 KM SE OF LA CORUÑA, ON N6 ROAD, NEAR GUITIREZ - GUITIREZ - LA CORUNA",43.18,-7.91,300.0,19801001.0,20.0
10.18730/JS0HM,G15287,FULL,Phaseolus,vulgaris,Phaseolus vulgaris,300,19801001,ESP,"AT BADOMAR, NEAR LUGO - BADOMAR - LUGO",43.14,-7.67,,19801001.0,20.0
10.18730/JS0KP,G15288,FULL,Phaseolus,vulgaris,Phaseolus vulgaris,300,19801001,ESP,"BETWEEN VILALLE & BALEIRA, IN HAMLET SOUTO DE TORRES - SOUTO DE TORRES - LUGO",43.02,-7.36,830.0,19801001.0,20.0
10.18730/JS0MQ,G15289,FULL,Phaseolus,vulgaris,Phaseolus vulgaris,300,19801001,ESP,PARADAVELLA - PARADAVELLA - LUGO,43.09,-7.17,800.0,19801001.0,20.0
10.18730/JS0BE,G15284,FULL,Phaseolus,vulgaris,Phaseolus vulgaris,300,19801001,ESP,"23 KM SE OF LA CORUÑA, NEAR BETANZOS - BETANZOS - LA CORUNA",43.28,-8.2,10.0,19801001.0,20.0
10.18730/JRZV=,G15279,FULL,Phaseolus,vulgaris,Phaseolus vulgaris,300,19801001,ESP,"CARBALLINO, NEAR RÍO VINAO - CARBALLINO - ORENSE",42.44,-8.07,,19801001.0,20.0
10.18730/JRZ3B,G15275,FULL,Phaseolus,vulgaris,Phaseolus vulgaris,300,19801001,ESP,"8 KM FROM BENAVENTE, MOZAR - BENAVENTE - ZAMORA",41.95,-5.77,724.0,19801001.0,20.0
10.18730/JRZJT,G15277,FULL,Phaseolus,vulgaris,Phaseolus vulgaris,300,19801001,ESP,"RIBADELAGO, NEAR LAKE, ABOVE PUEBLO DE SANABRIA - RIBADELAGO - ZAMORA",42.12,-6.74,1000.0,19801001.0,20.0
10.18730/JRYX5,G15272,FULL,Phaseolus,vulgaris,Phaseolus vulgaris,300,19801001,ESP,"2 KM S OF BEJAR, BRIDGE ON ROAD TO CANDELARIO - BEJAR - SALAMANCA",40.38,-5.75,900.0,19801001.0,20.0
10.18730/JRYZ7,G15273,FULL,Phaseolus,vulgaris,Phaseolus vulgaris,300,19801001,ESP,"15 KM S OF BENAVENTE, VILHUEZA DEL AGUA - BENAVENTE - ZAMORA",41.92,-5.67,720.0,19801001.0,20.0
10.18730/K091Q,G1475,FULL,Phaseolus,vulgaris,Phaseolus vulgaris,300,19700901,ESP,ALCALA - MADRID,40.47,-3.35,,19700901.0,40.0
10.18730/JJDF0,G14691,FULL,Phaseolus,vulgaris,Phaseolus vulgaris,300,19771201,ESP,N PONFERRADA - PONFERRADA - LEON,42.55,-6.58,,19771201.0,40.0
10.18730/JJCZN,G14690,FULL,Phaseolus,vulgaris,Phaseolus vulgaris,300,19771201,ESP,ESTELLA - ESTELLA - NAVARRA,42.67,-2.03,,19771201.0,40.0
10.18730/JJD2R,G14689,FULL,Phaseolus,vulgaris,Phaseolus vulgaris,300,19771201,ESP,BETWEEN CARRIÓN DE LOS CONDES AND SAHAGUN - CARRION DE LOS CONDES - PALENCIA,42.36,-4.72,,19771201.0,40.0
10.18730/JJCJ8,G14687,FULL,Phaseolus,vulgaris,Phaseolus vulgaris,300,19771201,ESP,SANTO DOMINGO DE LA CALZADA - STO DOMINGO DE LA CALZADA - LA RIOJA,42.45,-2.95,,19771201.0,40.0
10.18730/JJCA0,G14686,FULL,Phaseolus,vulgaris,Phaseolus vulgaris,300,19771201,ESP,N SAN JUAN DE LA PEÑA - SAN JUAN DE LA PENA - HUESCA,42.57,-0.55,,19771201.0,40.0
10.18730/PPZJZ,G1452,FULL,Phaseolus,vulgaris,Phaseolus vulgaris,300,19700901,ESP,LOGROÑO - RIOJA,42.47,-2.45,,19700901.0,40.0
10.18730/JS0NR,G14443,FULL,Phaseolus,vulgaris,Phaseolus vulgaris,300,19801001,ESP,AT FONTANEIRA - FONTANEIRA - LUGO,43.04,-7.2,930.0,19801001.0,20.0
10.18730/JRZQZ,G14432,FULL,Phaseolus,vulgaris,Phaseolus vulgaris,300,19801001,ESP,"10 KM S OF VERIN, N ORENSE, CASAS DOS MONTES - CASAS DOS MONTES - ORENSE",41.88,-7.5,1400.0,19801001.0,20.0
10.18730/JRZGR,G14425,FULL,Phaseolus,vulgaris,Phaseolus vulgaris,300,19801001,ESP,"GALENDE, BETWEEN LAGO AND PUEBLO DE SANABRIA - GALENDE - ZAMORA",42.1,-6.67,900.0,19801001.0,20.0
10.18730/JRZ6E,G14418,FULL,Phaseolus,vulgaris,Phaseolus vulgaris,300,19801001,ESP,VILLARDECIERVOS - VILLARDECIERVOS - ZAMORA,41.94,-6.29,800.0,19801001.0,20.0
10.18730/JRZ4C,G14415,FULL,Phaseolus,vulgaris,Phaseolus vulgaris,300,19801001,ESP,"VILLANUEVA DE VALROJO, 56 KM OF BENAVENTE - VILLANUEVA DE VALROJO - ZAMORA",41.95,-6.22,900.0,19801001.0,20.0
10.18730/JMAS1,G13043,FULL,Phaseolus,vulgaris,Phaseolus vulgaris,300,19781001,ESP,ARANJUEZ - ARANJUEZ - MADRID,40.04,-3.6,,19781001.0,40.0
10.18730/JRHKQ,G10465,FULL,Phaseolus,vulgaris,Phaseolus vulgaris,300,19771201,ESP,"43 KM S OF SANTANDER ROAD TO PALENCIA, CANTABRICA MTS - SANTANDER - CANTABRIA",43.12,-4.08,,19771201.0,40.0
10.18730/PQ1RV,G1036,FULL,Phaseolus,vulgaris,Phaseolus vulgaris,300,19700901,ESP,LEON - LEON,42.6,5.55,,19700901.0,40.0
10.18730/JZYRV,G1029,FULL,Phaseolus,vulgaris,Phaseolus vulgaris,300,19700901,ESP,MURCIA - MURCIA,38.5,-1.75,,19700901.0,40.0
10.18730/JJDM5,G10201,FULL,Phaseolus,vulgaris,Phaseolus vulgaris,300,19771201,ESP,E ORENSE - ORENSE - ORENSE,42.33,-7.85,,19771201.0,40.0
10.18730/JJDWD,G10197,FULL,Phaseolus,vulgaris,Phaseolus vulgaris,300,19771201,ESP,"ESGOS, E ORENSE - ESGOS - ORENSE",42.33,-7.7,,19771201.0,40.0
10.18730/JJE0H,G10195,FULL,Phaseolus,vulgaris,Phaseolus vulgaris,300,19771201,ESP,"W ORENSE, NEAR PONFERRADA - ORENSE - ORENSE",42.47,-7.75,,19771201.0,40.0
10.18730/JJDB~,G10177,FULL,Phaseolus,vulgaris,Phaseolus vulgaris,300,19771201,ESP,OLMILLOS - OLMILLOS - BURGOS,42.39,-4.03,,19771201.0,40.0
10.18730/JJCNB,G10163,FULL,Phaseolus,vulgaris,Phaseolus vulgaris,300,19771201,ESP,ROAD BELORADO-BURGOS - BELORADO - BURGOS,42.43,-3.19,,19771201.0,40.0
10.18730/JT80S,G18047,FULL,Phaseolus,vulgaris,Phaseolus vulgaris,300,19830201,NLD,BREEZAND - BREEZAND - NORTH HOLLAND,52.89,4.8,,19830201.0,40.0
10.18730/JT87*,G18050,FULL,Phaseolus,vulgaris,Phaseolus vulgaris,300,19830201,NLD,UBACHSBERG - UBACHTSBERG - FLANDERS,50.86,5.94,,19830201.0,40.0
10.18730/JT85Y,G18049,FULL,Phaseolus,vulgaris,Phaseolus vulgaris,300,19830201,NLD,AALSMEER - AALSMEER - NORTH HOLLAND,52.27,4.77,,19830201.0,40.0
10.18730/JT7XP,G18044,FULL,Phaseolus,vulgaris,Phaseolus vulgaris,300,19830201,NLD,EYS - EYS - LIMBURG,50.83,5.93,,19830201.0,40.0
10.18730/JT7WN,G18043,FULL,Phaseolus,vulgaris,Phaseolus vulgaris,300,19830201,NLD,NIJKERK - NIJKERK - GELDERLAND,52.23,5.5,,19830201.0,40.0
10.18730/JS94U,G15942,FULL,Phaseolus,vulgaris,Phaseolus vulgaris,300,19810701,NLD,VENRAY - VENRAY - LIMBURG,51.53,5.95,,19810701.0,40.0
10.18730/JS92$,G15940,FULL,Phaseolus,vulgaris,Phaseolus vulgaris,300,19810701,NLD,VEENDAM - VEENDAM - GRONINGEN,53.1,6.91,,19810701.0,40.0
10.18730/JS93=,G15941,FULL,Phaseolus,vulgaris,Phaseolus vulgaris,300,19810701,NLD,DRENTE - DRENTE - DRENTHE,52.83,6.58,,19810701.0,40.0
10.18730/JS8EE,G15936,FULL,Phaseolus,vulgaris,Phaseolus vulgaris,300,19810701,NLD,OOSTWOLD - OOSTWOLD - GRONINGEN,53.2,6.45,,19810701.0,40.0
10.18730/JS91~,G15939,FULL,Phaseolus,vulgaris,Phaseolus vulgaris,300,19810701,NLD,OOSTERHESSELEN - OOSTERHESSELEN - DRENTHE,52.75,6.71,,19810701.0,40.0
10.18730/JS8WW,G15931,FULL,Phaseolus,vulgaris,Phaseolus vulgaris,300,19810701,NLD,BENEDEN-LEEUWEN - BENEDEN-LEEUWEN - GELDERLAND,51.87,5.52,,19810701.0,40.0
10.18730/JS8VV,G15930,FULL,Phaseolus,vulgaris,Phaseolus vulgaris,300,19810701,NLD,BATHMEN - BATHMEN - OVERIJSSEL,52.25,6.27,,19810701.0,40.0
10.18730/JS866,G15927,FULL,Phaseolus,vulgaris,Phaseolus vulgaris,300,19810701,NLD,WASSENAAR - WASSENAAR - SOUTH HOLLAND,52.16,4.4,,19810701.0,40.0
10.18730/JS877,G15918,FULL,Phaseolus,vulgaris,Phaseolus vulgaris,300,19810701,NLD,VOLKEL - VOLKEL - NORTH BRABANT,51.64,5.66,,19810701.0,40.0
10.18730/JS822,G15917,FULL,Phaseolus,vulgaris,Phaseolus vulgaris,300,19810701,NLD,EINDHOVEN - EINDHOVEN - NORTH BRABANT,51.52,5.46,,19810701.0,40.0
10.18730/JS8AA,G15911,FULL,Phaseolus,vulgaris,Phaseolus vulgaris,300,19810701,NLD,VAALS - VAALS - LIMBURG,50.78,6.02,,19810701.0,40.0
10.18730/PPZGX,G1454,FULL,Phaseolus,vulgaris,Phaseolus vulgaris,300,19700901,NLD,WAGENINGEN - WAGENINGEN - GELDERLAND,51.96,5.66,,19700901.0,40.0
10.18730/JQN51,G11886,FULL,Phaseolus,vulgaris,Phaseolus vulgaris,300,19800101,NLD,VEN-ZELDERHEIDE - VEN-ZELDERHEIDE - LIMBURG,51.71,6.01,,19800101.0,40.0
10.18730/K3KY3,G11887,FULL,Phaseolus,vulgaris,Phaseolus vulgaris,300,19800101,NLD,APPELTERN - APPELTERN - GELDERLAND,51.84,5.58,,19800101.0,40.0
10.18730/JQN73,G11888,FULL,Phaseolus,vulgaris,Phaseolus vulgaris,300,19800101,NLD,ROCKANJE - ROCKANJE - SOUTH HOLLAND,51.87,4.08,,19800101.0,40.0
10.18730/JQN40,G11885,FULL,Phaseolus,vulgaris,Phaseolus vulgaris,300,19800101,NLD,HENDRIK-IDO-AMBACH - HENDRIK-IDO-AMBACHT - SOUTH HOLLAND,51.85,4.62,,19800101.0,40.0
10.18730/JQMXY,G11878,FULL,Phaseolus,vulgaris,Phaseolus vulgaris,300,19800101,NLD,DALFSEN - DALFSEN - OVERIJSSEL,52.5,6.25,,19800101.0,40.0
10.18730/JQN0~,G11881,FULL,Phaseolus,vulgaris,Phaseolus vulgaris,300,19800101,NLD,WEST FRIESLAND - WEST FRIESLAND - NORTH HOLLAND,52.67,4.73,,19800101.0,40.0
10.18730/JQMWX,G11877,FULL,Phaseolus,vulgaris,Phaseolus vulgaris,300,19800101,NLD,STEENWIJK - STEENWIJK - OVERIJSSEL,52.78,6.12,,19800101.0,40.0
10.18730/JQMHJ,G11866,FULL,Phaseolus,vulgaris,Phaseolus vulgaris,300,19800101,NLD,WOUDA - WOUDA - SOUTH HOLLAND,52.0,4.71,,19800101.0,40.0
10.18730/JQMMN,G11869,FULL,Phaseolus,vulgaris,Phaseolus vulgaris,300,19800101,NLD,ARNHEM - ARNHEM - GELDERLAND,52.0,5.9,,19800101.0,40.0
10.18730/JQMNP,G11870,FULL,Phaseolus,vulgaris,Phaseolus vulgaris,300,19800101,NLD,DRUTEN - DRUTEN - GELDERLAND,51.89,5.63,,19800101.0,40.0
10.18730/JQMPQ,G11871,FULL,Phaseolus,vulgaris,Phaseolus vulgaris,300,19800101,NLD,BATENBURG - BATENBURG - GELDERLAND,51.83,5.63,,19800101.0,40.0
10.18730/JQMCD,G11861,FULL,Phaseolus,vulgaris,Phaseolus vulgaris,300,19800101,NLD,VLAARDINGEN - VLAARDINGEN - SOUTH HOLLAND,51.92,4.29,,19800101.0,40.0
10.18730/JQM89,G11857,FULL,Phaseolus,vulgaris,Phaseolus vulgaris,300,19800101,NLD,OIRSCHOT - OIRSCHOT - NORTH BRABANT,51.52,5.32,,19800101.0,40.0
10.18730/JQKV~,G11852,FULL,Phaseolus,vulgaris,Phaseolus vulgaris,300,19800101,NLD,BAARLO - BAARLO - LIMBURG,51.33,6.07,,19800101.0,40.0
10.18730/JQM56,G11853,FULL,Phaseolus,vulgaris,Phaseolus vulgaris,300,19800101,NLD,BARNEVELD - BARNEVELD - GELDERLAND,52.15,5.57,,19800101.0,40.0
10.18730/JQM34,G11851,FULL,Phaseolus,vulgaris,Phaseolus vulgaris,300,19800101,NLD,DALEN - DALEN - DRENTHE,52.7,6.74,,19800101.0,40.0
10.18730/JQM23,G11850,FULL,Phaseolus,vulgaris,Phaseolus vulgaris,300,19800101,NLD,RENKUM - RENKUM - GELDERLAND,51.99,5.74,,19800101.0,40.0
10.18730/JP51F,G10142,FULL,Phaseolus,vulgaris,Phaseolus vulgaris,300,19790201,NLD,KRIMPEN AAN DEN IJSSEL - KRIMPEN AAN DEN IJSSEL - SOUTH HOLLAND,51.91,4.63,,19790201.0,40.0
10.18730/JP50E,G10141,FULL,Phaseolus,vulgaris,Phaseolus vulgaris,300,19790201,NLD,DE BILT - DE BILT - UTRECHT,52.1,5.19,,19790201.0,40.0
10.18730/JP4M2,G10140,FULL,Phaseolus,vulgaris,Phaseolus vulgaris,300,19790201,NLD,ROUVEEN - ROUVEEN - OVERIJSSEL,52.62,6.17,,19790201.0,40.0
10.18730/K3E97,G10137,FULL,Phaseolus,vulgaris,Phaseolus vulgaris,300,19790201,NLD,SILVOLDE - SILVOLDE - GELDERLAND,51.92,6.39,,19790201.0,40.0
10.18730/JP48V,G10135,FULL,Phaseolus,vulgaris,Phaseolus vulgaris,300,19790201,NLD,CASTRICUM - CASTRICUM - NORTH HOLLAND,52.54,4.69,,19790201.0,40.0
10.18730/JP4R6,G10133,FULL,Phaseolus,vulgaris,Phaseolus vulgaris,300,19790201,NLD,SCHOONOORD - SCHOONOORD - DRENTHE,52.85,6.76,,19790201.0,40.0
10.18730/JP4P4,G10131,FULL,Phaseolus,vulgaris,Phaseolus vulgaris,300,19790201,NLD,VEENOORD - VEENOORD - DRENTHE,52.71,6.84,,19790201.0,40.0
10.18730/JP4N3,G10130,FULL,Phaseolus,vulgaris,Phaseolus vulgaris,300,19790201,NLD,APELDOORN - APELDOORN - GELDERLAND,52.21,5.92,,19790201.0,40.0
10.18730/JP3ZJ,G10126,FULL,Phaseolus,vulgaris,Phaseolus vulgaris,300,19790201,NLD,ANDIJK - ANDIJK - NORTH HOLLAND,52.75,5.19,,19790201.0,40.0
10.18730/JP3YH,G10125,FULL,Phaseolus,vulgaris,Phaseolus vulgaris,300,19790201,NLD,GRONINGEN - GRONINGEN - GRONINGEN,53.25,6.56,,19790201.0,40.0
10.18730/JP4G=,G10123,FULL,Phaseolus,vulgaris,Phaseolus vulgaris,300,19790201,NLD,WINSCHOTEN - WINSCHOTEN - GRONINGEN,53.13,7.03,,19790201.0,40.0
10.18730/JP4F$,G10122,FULL,Phaseolus,vulgaris,Phaseolus vulgaris,300,19790201,NLD,SIDDEBUREN - SIDDEBUREN - GRONINGEN,53.26,6.86,,19790201.0,40.0
10.18730/JP4E~,G10121,FULL,Phaseolus,vulgaris,Phaseolus vulgaris,300,19790201,NLD,SINTJOHANNESGA - SINTJOHANNESGA - FRIESLAND,52.94,5.86,,19790201.0,40.0
10.18730/JP3A$,G10105,FULL,Phaseolus,vulgaris,Phaseolus vulgaris,300,19790201,NLD,DIEREN - DIEREN - GELDERLAND,52.05,6.13,,19790201.0,40.0
10.18730/JP3CU,G10107,FULL,Phaseolus,vulgaris,Phaseolus vulgaris,300,19790201,NLD,MOLENEND - MOLENEND - FRIESLAND,53.25,5.92,,19790201.0,40.0
10.18730/JP3XG,G10104,FULL,Phaseolus,vulgaris,Phaseolus vulgaris,300,19790201,NLD,VOORTHUIZEN - VOORTHUIZEN - GELDERLAND,52.2,5.6,,19790201.0,40.0
10.18730/JP3VE,G10102,FULL,Phaseolus,vulgaris,Phaseolus vulgaris,300,19790201,NLD,KOOTWIJK - KOOTWIJK - GELDERLAND,52.18,5.77,,19790201.0,40.0
10.18730/JP3K6,G10094,FULL,Phaseolus,vulgaris,Phaseolus vulgaris,300,19790201,NLD,NIEUWE WETERING - NIEUWE WETERING - SOUTH HOLLAND,52.2,4.61,,19790201.0,40.0
10.18730/JP31S,G10096,FULL,Phaseolus,vulgaris,Phaseolus vulgaris,300,19790201,NLD,HOOGMADE - HOOGMADE - SOUTH HOLLAND,52.16,4.58,,19790201.0,40.0
10.18730/JP39~,G10083,FULL,Phaseolus,vulgaris,Phaseolus vulgaris,300,19790201,NLD,TUBBERGEN - TUBBERGEN - OVERIJSSEL,52.42,6.78,,19790201.0,40.0
10.18730/JP36Y,G10080,FULL,Phaseolus,vulgaris,Phaseolus vulgaris,300,19790201,NLD,EMMELOORD - EMMELOORD - OVERIJSSEL,52.73,5.75,,19790201.0,40.0
10.18730/K3E64,G10079,FULL,Phaseolus,vulgaris,Phaseolus vulgaris,300,19790201,NLD,BEILEN - BEILEN - DRENTHE,52.87,6.53,,19790201.0,40.0
10.18730/K3QRE,G10076,FULL,Phaseolus,vulgaris,Phaseolus vulgaris,300,19790201,NLD,WALCHEREN - WALCHEREN - ZEELAND,51.5,3.58,,19790201.0,40.0
10.18730/JP2F7,G10075,FULL,Phaseolus,vulgaris,Phaseolus vulgaris,300,19790201,NLD,BAFLO - BAFLO - GRONINGEN,53.36,6.5,,19790201.0,40.0
10.18730/K3E53,G10072,FULL,Phaseolus,vulgaris,Phaseolus vulgaris,300,19790201,NLD,ABBEKERK - ABBEKERK - NORTH HOLLAND,52.74,5.02,,19790201.0,40.0
10.18730/JP2YP,G10070,FULL,Phaseolus,vulgaris,Phaseolus vulgaris,300,19790201,NLD,BRIELLE - BRIELLE - SOUTH HOLLAND,51.91,4.16,,19790201.0,40.0
10.18730/JP24~,G10063,FULL,Phaseolus,vulgaris,Phaseolus vulgaris,300,19790201,NLD,SLUIS - SLUIS - SOUTH HOLLAND,51.95,4.99,,19790201.0,40.0
10.18730/JP1SP,G10053,FULL,Phaseolus,vulgaris,Phaseolus vulgaris,300,19790201,NLD,DINXPERLO - DINXPERLOO - GELDERLAND,51.87,6.5,,19790201.0,40.0
10.18730/JP1TQ,G10054,FULL,Phaseolus,vulgaris,Phaseolus vulgaris,300,19790201,NLD,DE LIER - DE LIER - SOUTH HOLLAND,51.98,4.26,,19790201.0,40.0
10.18730/JP2B3,G10049,FULL,Phaseolus,vulgaris,Phaseolus vulgaris,300,19790201,NLD,ROGGEL - ROGGEL - LIMBURG,51.27,5.92,,19790201.0,40.0
10.18730/JP1FC,G10041,FULL,Phaseolus,vulgaris,Phaseolus vulgaris,300,19790201,NLD,BEUSICHEM - BEUSICHEM - GELDERLAND,51.95,5.3,,19790201.0,40.0
10.18730/JP1A7,G10030,FULL,Phaseolus,vulgaris,Phaseolus vulgaris,300,19790201,NLD,ZEVENBERGSCHEN HOEK - ZEVENBERGSCHEN HOEK - NORTH BRABANT,51.67,4.69,,19790201.0,40.0
10.18730/JP1NJ,G10026,FULL,Phaseolus,vulgaris,Phaseolus vulgaris,300,19790201,NLD,SCHOONEBEEK - SCHOONEBEEK - DRENTHE,52.66,6.87,,19790201.0,40.0
10.18730/JSN1A,G16159,FULL,Phaseolus,vulgaris,Phaseolus vulgaris,300,19820901,HUN,CEGLED - PEST,47.17,19.83,,19820901.0,40.0
10.18730/PM0W=,G14230,FULL,Phaseolus,vulgaris,Phaseolus vulgaris,300,19781001,HUN,NAGYKALLO - SZALBOCS-SZATMAR-BEREG,47.89,21.85,,19781001.0,40.0
10.18730/PM0T~,G14232,FULL,Phaseolus,vulgaris,Phaseolus vulgaris,300,19781001,HUN,MATESZALKA - SZALBOCS-SZATMAR-BEREG,47.97,22.33,,19781001.0,40.0
10.18730/K4YKU,G52337,FULL,Phaseolus,vulgaris,Phaseolus vulgaris,300,19910910,CHL,RUCALHUE - LOS ANGELES - REGION VIII BIO BIO (REGION DEL BIO BIO),-37.39,-72.36,,19910910.0,40.0
10.18730/K4Y8S,G52326,FULL,Phaseolus,vulgaris,Phaseolus vulgaris,300,19910910,CHL,LOS HUALLES - CONTULMO - REGION VIII ARAUCO (REGION DEL BIO BIO),-37.97,-73.25,,19910910.0,40.0
10.18730/K4Y1J,G52319,FULL,Phaseolus,vulgaris,Phaseolus vulgaris,300,19910910,CHL,POCURO - CAÑETE - REGION VIII ARAUCO (REGION DEL BIO BIO),-37.77,-73.39,,19910910.0,40.0
10.18730/K4YCX,G52330,FULL,Phaseolus,vulgaris,Phaseolus vulgaris,300,19910910,CHL,BARROS ARANA 4041 - QUILLECO - REGION VIII BIO BIO (REGION DEL BIO BIO),-37.42,-71.99,,19910910.0,40.0
10.18730/K4YJ=,G52336,FULL,Phaseolus,vulgaris,Phaseolus vulgaris,300,19910910,CHL,"VILLACURA, ESCUELA SAN ANTONIO 965 - SANTA BARBARA - REGION VIII BIO BIO (REGION DEL BIO BIO)",-37.6,-72.0,,19910910.0,40.0
10.18730/K4Y4N,G52322,FULL,Phaseolus,vulgaris,Phaseolus vulgaris,300,19910910,CHL,VILUCO - PURÉN - REGION IX MALLECO (REGION DE LA ARAUCANIA),-37.99,-73.11,,19910910.0,40.0
10.18730/K4YBW,G52329,FULL,Phaseolus,vulgaris,Phaseolus vulgaris,300,19910910,CHL,MULCHEN - REGION VIII BIO BIO (REGION DEL BIO BIO),-37.7,-72.24,,19910910.0,40.0
10.18730/K50FP,G52399,FULL,Phaseolus,vulgaris,Phaseolus vulgaris,300,19910910,CHL,CURANILAHUE - REGION VIII ARAUCO (REGION DEL BIO BIO),-37.44,-73.35,,19910910.0,40.0
10.18730/K508F,G52392,FULL,Phaseolus,vulgaris,Phaseolus vulgaris,300,19910910,CHL,"CURACO, LADO DE ERCILLA - ERCILLA - REGION IX MALLECO (REGION DE LA ARAUCANIA)",-38.0,-72.34,,19910910.0,40.0
10.18730/K50PX,G52406,FULL,Phaseolus,vulgaris,Phaseolus vulgaris,300,19910910,CHL,PURÉN - REGION IX MALLECO (REGION DE LA ARAUCANIA),-38.02,-73.08,,19910910.0,40.0
10.18730/K50DM,G52397,FULL,Phaseolus,vulgaris,Phaseolus vulgaris,300,19910910,CHL,YUMBEL - REGION VIII BIO BIO (REGION DEL BIO BIO),-37.05,-72.57,,19910910.0,40.0
10.18730/K4ZZ6,G52383,FULL,Phaseolus,vulgaris,Phaseolus vulgaris,300,19910910,CHL,HUALQUI - REGION VIII CONCEPCION (REGION DEL BIO BIO),-36.95,-72.94,,19910910.0,40.0
10.18730/K5146,G52420,FULL,Phaseolus,vulgaris,Phaseolus vulgaris,300,19910910,CHL,CHANCO - REGION VII CAUQUENES (REGION DEL MAULE),-35.72,-72.54,,19910910.0,40.0
10.18730/K505C,G52426,FULL,Phaseolus,vulgaris,Phaseolus vulgaris,300,19910910,CHL,SECTOR CHILLANCITO - TOME - REGION VIII CONCEPCION (REGION DEL BIO BIO),-36.78,-72.44,,19910910.0,40.0
10.18730/PG4QN,G52359,FULL,Phaseolus,vulgaris,Phaseolus vulgaris,300,19910910,CHL,SECTOR RINCO - TOME - REGION VIII CONCEPCION (REGION DEL BIO BIO),-36.63,-72.89,,19910910.0,40.0
10.18730/K4YW8,G52346,FULL,Phaseolus,vulgaris,Phaseolus vulgaris,300,19910910,CHL,"LOS NICHES, PARCELA NIEVE CAMERO - CURICO - REGION VII CURICO (REGION DEL MAULE)",-35.04,-71.17,,19910910.0,40.0
10.18730/K4YZB,G52349,FULL,Phaseolus,vulgaris,Phaseolus vulgaris,300,19910910,CHL,SAN NICOLAS - COLBUN - REGION VII LINARES (REGION DEL MAULE),-35.67,-71.42,,19910910.0,40.0
10.18730/K4ZAP,G52362,FULL,Phaseolus,vulgaris,Phaseolus vulgaris,300,19910910,CHL,COELEMU - REGION VIII ÑUBLE (REGION DEL BIO BIO),-36.51,-72.69,,19910910.0,40.0
10.18730/K4YR4,G52342,FULL,Phaseolus,vulgaris,Phaseolus vulgaris,300,19910910,CHL,"HUEPIL, SAN DIEGO - TUCAPEL - REGION VIII BIO BIO (REGION DEL BIO BIO)",-37.17,-71.97,,19910910.0,40.0
10.18730/K4YYA,G52348,FULL,Phaseolus,vulgaris,Phaseolus vulgaris,300,19910910,CHL,"CUMPEO, PARCELA 53, CASAS VIEJAS - RIO CLARO - REGION VII TALCA (REGION DEL MAULE)",-35.43,-71.26,,19910910.0,40.0
10.18730/K4Z3F,G52353,FULL,Phaseolus,vulgaris,Phaseolus vulgaris,300,19910910,CHL,SECTOR SAN RAFAEL - TOME - REGION VIII CONCEPCION (REGION DEL BIO BIO),-36.63,-72.8,,19910910.0,40.0
10.18730/K4Z2E,G52352,FULL,Phaseolus,vulgaris,Phaseolus vulgaris,300,19910910,CHL,SECTOR LOS MORROS - TOME - REGION VIII CONCEPCION (REGION DEL BIO BIO),-36.53,-72.97,,19910910.0,40.0
10.18730/K4ZDS,G52365,FULL,Phaseolus,vulgaris,Phaseolus vulgaris,300,19910910,CHL,SAN IGNACIO - RANQUIL - REGION VIII ÑUBLE (REGION DEL BIO BIO),-36.65,-72.6,,19910910.0,40.0
10.18730/K4ZET,G52366,FULL,Phaseolus,vulgaris,Phaseolus vulgaris,300,19910910,CHL,FERIA EN CALLE - PENCO - REGION VIII CONCEPCION (REGION DEL BIO BIO),-36.75,-73.03,,19910910.0,40.0
10.18730/K4ZHX,G52369,FULL,Phaseolus,vulgaris,Phaseolus vulgaris,300,19910910,CHL,VEGAS DE ITATAREGION VIII (REGION DEL BIO BIO),-36.4,-72.84,,19910910.0,40.0
10.18730/K4ZRU,G52376,FULL,Phaseolus,vulgaris,Phaseolus vulgaris,300,19910910,CHL,LEONERA - CHIGUAYANTE - REGION VIII CHIGUAYANT (REGION DEL BIO BIO),-36.95,-73.0,,19910910.0,40.0
10.18730/K4ZQ=,G52375,FULL,Phaseolus,vulgaris,Phaseolus vulgaris,300,19910910,CHL,LARAQUETE - REGION VIII LARAQUETE (REGION DEL BIO BIO),-37.18,-73.17,,19910910.0,40.0
10.18730/K4ZW3,G52380,FULL,Phaseolus,vulgaris,Phaseolus vulgaris,300,19910910,CHL,CHACAICO - ERCILLA - REGION IX MALLECO (REGION DE LA ARAUCANIA),-38.03,-72.39,,19910910.0,40.0
10.18730/K51AC,G52430,FULL,Phaseolus,vulgaris,Phaseolus vulgaris,300,19910910,CHL,LANALHUE - CAÑETE - REGION VIII ARAUCO (REGION DEL BIO BIO),-37.9,-73.29,,19910910.0,40.0
10.18730/K51DF,G52429,FULL,Phaseolus,vulgaris,Phaseolus vulgaris,300,19910910,CHL,FERIA EN CALLE - PENCO - REGION VIII CONCEPCION (REGION DEL BIO BIO),-36.73,-72.98,,19910910.0,40.0
10.18730/K4XH2,G52303,FULL,Phaseolus,vulgaris,Phaseolus vulgaris,300,19910910,CHL,15 KM E CAUQUENES - CAUQUENES - REGION VII CAUQUENES (REGION DEL MAULE),-35.92,-72.34,,19910910.0,40.0
10.18730/PH3WK,G52016,FULL,Phaseolus,vulgaris,Phaseolus vulgaris,300,20120315,AZE,VILL. PIRSHAGY - BAKU - BAKI SAHARI REGION,40.55,49.88,,20120315.0,40.0
10.18730/PH3J9,G52026,FULL,Phaseolus,vulgaris,Phaseolus vulgaris,300,20120315,AZE,SABIRABAD - SABIRABAD - SABIRABAD RAYONU REGION,40.02,48.48,,20120315.0,40.0
10.18730/PH3QE,G52021,FULL,Phaseolus,vulgaris,Phaseolus vulgaris,300,20120315,AZE,TARTAR - TARTAR - TARTAR RAYONU REGION,40.34,46.94,,20120315.0,40.0
10.18730/PH3B2,G52033,FULL,Phaseolus,vulgaris,Phaseolus vulgaris,300,20120315,AZE,"R6, AZERBAIJAN - ABSHERON - BAKI SAHARI REGION",40.34,49.56,,20120315.0,40.0
10.18730/PH3NC,G52023,FULL,Phaseolus,vulgaris,Phaseolus vulgaris,300,20120315,AZE,SAATLY - SAATLI RAYONU REGION,39.92,48.37,,20120315.0,40.0
10.18730/PH3H8,G52027,FULL,Phaseolus,vulgaris,Phaseolus vulgaris,300,20120315,AZE,TOVUZ - TOVUZ - TOVUZ RAYONU REGION,41.0,45.58,,20120315.0,40.0
10.18730/PH3F6,G52029,FULL,Phaseolus,vulgaris,Phaseolus vulgaris,300,20120315,AZE,ZAGATALA - ZAGATALA - ZAQATALA RAYONU REGION,41.6,46.63,,20120315.0,40.0
10.18730/PH3KA,G52025,FULL,Phaseolus,vulgaris,Phaseolus vulgaris,300,20120315,AZE,YARDIMLY - YARDIMLI RAYONU REGION,38.9,48.25,,20120315.0,40.0
10.18730/PH3RF,G52020,FULL,Phaseolus,vulgaris,Phaseolus vulgaris,300,20120315,AZE,NAKHCHIVAN - NAXCIVAN MUXTAR RESPUB,39.22,45.43,,20120315.0,40.0
10.18730/PH3SG,G52019,FULL,Phaseolus,vulgaris,Phaseolus vulgaris,300,20120315,AZE,AGHDASH - AGDAS RAYONU REGION,40.64,47.41,,20120315.0,40.0
10.18730/PH3G7,G52028,FULL,Phaseolus,vulgaris,Phaseolus vulgaris,300,20120315,AZE,"R19, AZERBAIJAN - GANJA - GANCA SAHARI REGION",40.38,46.18,483.0,20120315.0,40.0
10.18730/PH3D4,G52031,FULL,Phaseolus,vulgaris,Phaseolus vulgaris,300,20120315,AZE,NEMIN - LANKARAN - LANKARAN SAHARI REGION,38.76,48.82,,20120315.0,40.0
10.18730/PH3E5,G52030,FULL,Phaseolus,vulgaris,Phaseolus vulgaris,300,20120315,AZE,QAZAKH - QAZAKH - QAZAX RAYONU REGION,41.11,45.37,380.0,20120315.0,40.0
10.18730/PH45W,G52007,FULL,Phaseolus,vulgaris,Phaseolus vulgaris,300,20120315,AZE,POMEGRANATE GARDEN - LANKARAN - LANKARAN SAHARI REGION,38.68,48.78,,20120315.0,40.0
10.18730/PH4B$,G52001,FULL,Phaseolus,vulgaris,Phaseolus vulgaris,300,20120315,AZE,BALAKAN - BALAKAN RAYONU REGION,41.62,46.51,,20120315.0,40.0
10.18730/PH4ZH,G51981,FULL,Phaseolus,vulgaris,Phaseolus vulgaris,300,20120315,AZE,"XINALIQ YOLU, AZERBAIJAN - QUSAR - QUSAR RAYONU REGION",41.25,48.27,637.0,20120315.0,40.0
10.18730/PH46X,G52006,FULL,Phaseolus,vulgaris,Phaseolus vulgaris,300,20120315,AZE,MASALLY - MASALLI RAYONU REGION,39.22,48.67,,20120315.0,40.0
10.18730/PH4TC,G51986,FULL,Phaseolus,vulgaris,Phaseolus vulgaris,300,20120315,AZE,"XINALIQ YOLU, AZERBAIJAN - KHACHMAZ - XACMAZ RAYONU REGION",41.28,48.5,42.0,20120315.0,40.0
10.18730/PH4P8,G51990,FULL,Phaseolus,vulgaris,Phaseolus vulgaris,300,20120315,AZE,VILL. IBRAHIMLI - GADABEY - GADABAY RAYONU REGION,40.57,45.83,,20120315.0,40.0
10.18730/PH52M,G51978,FULL,Phaseolus,vulgaris,Phaseolus vulgaris,300,20120315,AZE,"QUBA-SUSAY WAY, AZERBAIJAN - KHUDAT - XACMAZ RAYONU REGION",41.37,48.42,51.0,20120315.0,40.0
10.18730/PH47Y,G52005,FULL,Phaseolus,vulgaris,Phaseolus vulgaris,300,20120315,AZE,VILL. MOLLAKEND - LANKARAN - LANKARAN SAHARI REGION,38.72,48.73,,20120315.0,40.0
10.18730/PH4XF,G51983,FULL,Phaseolus,vulgaris,Phaseolus vulgaris,300,20120315,AZE,"R28, AZERBAIJAN - BARDA - BARDA RAYONU REGION",40.22,47.07,72.0,20120315.0,40.0
10.18730/PH49*,G52003,FULL,Phaseolus,vulgaris,Phaseolus vulgaris,300,20120315,AZE,ORDUBAD - NAKHCHIVAN - NAXCIVAN MUXTAR RESPUB,38.91,46.04,891.0,20120315.0,40.0
10.18730/PH40Q,G52012,FULL,Phaseolus,vulgaris,Phaseolus vulgaris,300,20120315,AZE,VILL. URVA - QUSAR - QUSAR RAYONU REGION,41.4,48.34,663.0,20120315.0,40.0
10.18730/PH6K*,G51882,FULL,Phaseolus,vulgaris,Phaseolus vulgaris,300,20110701,MMR,TAUNGOOYENGAN - KYAUKPADAUNG - MANDALAY,20.93,95.47,,20110701.0,40.0
10.18730/PH6EV,G51887,FULL,Phaseolus,vulgaris,Phaseolus vulgaris,300,20110701,MMR,KHYONE - PINDAYA - SHAN,20.79,96.65,,20110701.0,40.0
10.18730/PH6M~,G51881,FULL,Phaseolus,vulgaris,Phaseolus vulgaris,300,20110701,MMR,SINPUT (SALIN) - MAGWAY - MAGWAY,20.56,94.65,,20110701.0,40.0
10.18730/PH6HY,G51884,FULL,Phaseolus,vulgaris,Phaseolus vulgaris,300,20110701,MMR,TAUNGGYI - TAUNGGYI - SHAN,20.79,97.03,,20110701.0,40.0
10.18730/PH6GX,G51885,FULL,Phaseolus,vulgaris,Phaseolus vulgaris,300,20110701,MMR,NYAUNGSHWE - NYAUNGSHWE - SHAN,20.67,96.95,,20110701.0,40.0
